truth_id	candidate_id	label	reason
8500	4595445:194:SNP:G>A	1	representative_allele_is_somatic_truth
8570	4601644:6:SNP:G>A	1	representative_allele_is_somatic_truth
8577	4609033:149:SNP:C>T	1	representative_allele_is_somatic_truth
8578	4610145:211:SNP:C>T	1	representative_allele_is_somatic_truth
8579	4611599:14:SNP:C>T	1	representative_allele_is_somatic_truth
8580	4611997:396:SNP:A>T	1	representative_allele_is_somatic_truth
8581	4613198:156:SNP:A>T	1	representative_allele_is_somatic_truth
8583	4617904:44:SNP:T>A	1	representative_allele_is_somatic_truth
8585	4618112:112:SNP:G>A	1	representative_allele_is_somatic_truth
8586	4621089:50:SNP:G>A	1	representative_allele_is_somatic_truth
8587	4623365:104:SNP:A>G	1	representative_allele_is_somatic_truth
8591	4634660:158:SNP:C>T	1	representative_allele_is_somatic_truth
8592	4636820:90:SNP:C>A	1	representative_allele_is_somatic_truth
8595	4638904:320:SNP:G>C	1	representative_allele_is_somatic_truth
8596	4640501:16:SNP:G>A	1	representative_allele_is_somatic_truth
8601	4650661:70:SNP:A>C	1	representative_allele_is_somatic_truth
8605	4663209:549:SNP:C>T	1	representative_allele_is_somatic_truth
8608	4674450:213:SNP:C>T	1	representative_allele_is_somatic_truth
8609	4674625:133:SNP:C>T	1	representative_allele_is_somatic_truth
8610	4675340:12:SNP:G>A	1	representative_allele_is_somatic_truth
8612	4687734:181:SNP:G>T	1	representative_allele_is_somatic_truth
8613	4689059:235:SNP:C>G	1	representative_allele_is_somatic_truth
8614	4694044:5:SNP:C>T	1	representative_allele_is_somatic_truth
8615	4696112:166:SNP:C>T	1	representative_allele_is_somatic_truth
8616	4706594:309:SNP:G>A	1	representative_allele_is_somatic_truth
8618	4708609:78:SNP:C>G	1	representative_allele_is_somatic_truth
8622	4717630:9:SNP:C>G	1	representative_allele_is_somatic_truth
8623	4728468:6:SNP:G>T	1	representative_allele_is_somatic_truth
8624	4734546:0:SNP:C>A	1	representative_allele_is_somatic_truth
8629	4744198:143:SNP:T>C	1	representative_allele_is_somatic_truth
8631	4746134:129:SNP:G>A	1	representative_allele_is_somatic_truth
8632	4748028:202:SNP:C>A	1	representative_allele_is_somatic_truth
8633	4750265:103:SNP:G>T	1	representative_allele_is_somatic_truth
8634	4750877:124:SNP:G>A	1	representative_allele_is_somatic_truth
8635	4752000:54:SNP:G>A	1	representative_allele_is_somatic_truth
8636	4752000:55:SNP:G>T	1	representative_allele_is_somatic_truth
8637	4758519:52:SNP:G>T	1	representative_allele_is_somatic_truth
8639	4761524:0:SNP:G>T	1	representative_allele_is_somatic_truth
8640	4761808:320:SNP:G>T	1	representative_allele_is_somatic_truth
8641	4763622:152:SNP:C>T	1	representative_allele_is_somatic_truth
8642	4768503:54:SNP:G>C	1	representative_allele_is_somatic_truth
8643	4772274:12:SNP:C>A	1	representative_allele_is_somatic_truth
8644	4773363:336:SNP:C>T	1	representative_allele_is_somatic_truth
8648	4778242:14:SNP:G>A	1	representative_allele_is_somatic_truth
8650	4779814:85:SNP:G>C	1	representative_allele_is_somatic_truth
8651	4780809:51:SNP:G>A	1	representative_allele_is_somatic_truth
8656	4786639:7:SNP:C>A	1	representative_allele_is_somatic_truth
8661	4797685:17:SNP:C>A	1	representative_allele_is_somatic_truth
8663	4798669:109:SNP:T>A	1	representative_allele_is_somatic_truth
8664	4799196:189:SNP:G>C	1	representative_allele_is_somatic_truth
8666	4799940:60:SNP:C>A	1	representative_allele_is_somatic_truth
8670	4807145:121:SNP:A>G	1	representative_allele_is_somatic_truth
8671	4808103:139:SNP:T>C	1	representative_allele_is_somatic_truth
8672	4817107:97:SNP:A>G	1	representative_allele_is_somatic_truth
8674	4821153:0:SNP:G>A	1	representative_allele_is_somatic_truth
8675	4824643:53:SNP:C>T	1	representative_allele_is_somatic_truth
8680	4836980:202:SNP:T>G	1	representative_allele_is_somatic_truth
8681	4837787:50:SNP:C>A	1	representative_allele_is_somatic_truth
8682	4837947:93:SNP:G>A	1	representative_allele_is_somatic_truth
8685	4840893:121:SNP:C>A	1	representative_allele_is_somatic_truth
8687	4844281:13:SNP:T>C	1	representative_allele_is_somatic_truth
8688	4848935:62:SNP:G>T	1	representative_allele_is_somatic_truth
8690	4850333:272:SNP:G>A	1	representative_allele_is_somatic_truth
8691	4850771:184:SNP:C>A	1	representative_allele_is_somatic_truth
8695	4857815:102:SNP:A>T	1	representative_allele_is_somatic_truth
8697	4860450:30:SNP:G>T	1	representative_allele_is_somatic_truth
8698	4861604:367:SNP:A>G	1	representative_allele_is_somatic_truth
8700	4862951:0:SNP:C>T	1	representative_allele_is_somatic_truth
8706	4882570:157:SNP:T>A	1	representative_allele_is_somatic_truth
8708	4890288:21:SNP:G>A	1	representative_allele_is_somatic_truth
8710	4896161:229:SNP:T>A	1	representative_allele_is_somatic_truth
8711	4903002:26:SNP:C>T	1	representative_allele_is_somatic_truth
8713	4904457:2:SNP:G>T	1	representative_allele_is_somatic_truth
8715	4908388:141:SNP:C>G	1	representative_allele_is_somatic_truth
8720	4919826:131:SNP:C>T	1	representative_allele_is_somatic_truth
8721	4924123:29:SNP:G>A	1	representative_allele_is_somatic_truth
8819	4937715:65:SNP:C>T	1	representative_allele_is_somatic_truth
8818	4944383:44:SNP:G>A	1	representative_allele_is_somatic_truth
8815	4948236:76:SNP:A>C	1	representative_allele_is_somatic_truth
8814	4960331:68:SNP:A>T	1	representative_allele_is_somatic_truth
8813	4977022:262:SNP:G>T	1	representative_allele_is_somatic_truth
8810	4987156:213:SNP:T>G	1	representative_allele_is_somatic_truth
8808	4992315:373:SNP:T>C	1	representative_allele_is_somatic_truth
8806	4995740:187:SNP:G>T	1	representative_allele_is_somatic_truth
8825	5030306:11:SNP:G>A	1	representative_allele_is_somatic_truth
8826	5038179:573:SNP:T>C	1	representative_allele_is_somatic_truth
8827	5039482:84:SNP:A>T	1	representative_allele_is_somatic_truth
8828	5039482:85:SNP:A>T	1	representative_allele_is_somatic_truth
8830	5040265:93:SNP:C>G	1	representative_allele_is_somatic_truth
8831	5041678:230:SNP:C>T	1	representative_allele_is_somatic_truth
8833	5047189:25:SNP:C>T	1	representative_allele_is_somatic_truth
8834	5047895:95:SNP:G>A	1	representative_allele_is_somatic_truth
8837	5053121:17:SNP:A>G	1	representative_allele_is_somatic_truth
8839	5072388:67:SNP:G>A	1	representative_allele_is_somatic_truth
8840	5072633:551:SNP:C>A	1	representative_allele_is_somatic_truth
8841	5093434:20:SNP:C>A	1	representative_allele_is_somatic_truth
8845	5132070:127:SNP:C>T	1	representative_allele_is_somatic_truth
8848	5134912:117:SNP:C>T	1	representative_allele_is_somatic_truth
8852	5155200:203:SNP:T>C	1	representative_allele_is_somatic_truth
8854	5157724:136:SNP:A>G	1	representative_allele_is_somatic_truth
8856	5163497:153:SNP:C>T	1	representative_allele_is_somatic_truth
8857	5164340:39:SNP:C>A	1	representative_allele_is_somatic_truth
8858	5168459:103:SNP:G>C	1	representative_allele_is_somatic_truth
8859	5170426:113:SNP:C>G	1	representative_allele_is_somatic_truth
8861	5173929:42:SNP:G>T	1	representative_allele_is_somatic_truth
8864	5188171:1:SNP:A>T	1	representative_allele_is_somatic_truth
8866	5195570:60:SNP:G>A	1	representative_allele_is_somatic_truth
8867	5200399:81:SNP:C>T	1	representative_allele_is_somatic_truth
8871	5217083:55:SNP:A>T	1	representative_allele_is_somatic_truth
8872	5218406:4:SNP:C>T	1	representative_allele_is_somatic_truth
8874	5223818:11:SNP:G>T	1	representative_allele_is_somatic_truth
8875	5225546:111:SNP:C>A	1	representative_allele_is_somatic_truth
8877	5227079:25:SNP:C>G	1	representative_allele_is_somatic_truth
8878	5231085:7:SNP:G>T	1	representative_allele_is_somatic_truth
8879	5249854:48:SNP:G>C	1	representative_allele_is_somatic_truth
8881	5250580:133:SNP:G>T	1	representative_allele_is_somatic_truth
8883	5258758:4:SNP:C>T	1	representative_allele_is_somatic_truth
8886	5266778:64:SNP:A>C	1	representative_allele_is_somatic_truth
8887	5268078:173:SNP:A>G	1	representative_allele_is_somatic_truth
8890	5270114:165:SNP:G>A	1	representative_allele_is_somatic_truth
8898	5283893:116:SNP:T>A	1	representative_allele_is_somatic_truth
8899	5284675:1:SNP:G>A	1	representative_allele_is_somatic_truth
8900	5286493:71:SNP:C>T	1	representative_allele_is_somatic_truth
8901	5291576:20:SNP:C>A	1	representative_allele_is_somatic_truth
8910	5299439:215:SNP:G>T	1	representative_allele_is_somatic_truth
8911	5302056:84:SNP:C>T	1	representative_allele_is_somatic_truth
8913	5304482:47:SNP:C>T	1	representative_allele_is_somatic_truth
9000	5308243:98:SNP:G>A	1	representative_allele_is_somatic_truth
8999	5308271:57:SNP:T>G	1	representative_allele_is_somatic_truth
8997	5312716:37:SNP:T>A	1	representative_allele_is_somatic_truth
8994	5316118:62:SNP:A>C	1	representative_allele_is_somatic_truth
8993	5318487:41:SNP:C>G	1	representative_allele_is_somatic_truth
8992	5318658:53:SNP:G>A	1	representative_allele_is_somatic_truth
8991	5320749:207:SNP:G>C	1	representative_allele_is_somatic_truth
8989	5324823:65:SNP:A>G	1	representative_allele_is_somatic_truth
8988	5327008:182:SNP:A>T	1	representative_allele_is_somatic_truth
8986	5333346:24:SNP:A>C	1	representative_allele_is_somatic_truth
8985	5334114:216:SNP:G>A	1	representative_allele_is_somatic_truth
8981	5344895:66:SNP:G>A	1	representative_allele_is_somatic_truth
8979	5347959:28:SNP:G>A	1	representative_allele_is_somatic_truth
8977	5348932:396:SNP:C>G	1	representative_allele_is_somatic_truth
8976	5350083:174:SNP:C>T	1	representative_allele_is_somatic_truth
8975	5357833:0:SNP:T>A	1	representative_allele_is_somatic_truth
8974	5358028:229:SNP:A>T	1	representative_allele_is_somatic_truth
8972	5362916:486:SNP:A>T	1	representative_allele_is_somatic_truth
8973	5362916:487:SNP:G>T	1	representative_allele_is_somatic_truth
8971	5365376:2:SNP:C>T	1	representative_allele_is_somatic_truth
8969	5370882:170:SNP:G>A	1	representative_allele_is_somatic_truth
8967	5374080:68:SNP:G>A	1	representative_allele_is_somatic_truth
8962	5388364:333:SNP:C>A	1	representative_allele_is_somatic_truth
8959	5406327:122:SNP:C>G	1	representative_allele_is_somatic_truth
8953	5424216:119:SNP:G>A	1	representative_allele_is_somatic_truth
8950	5433513:101:SNP:G>T	1	representative_allele_is_somatic_truth
8949	5443894:80:SNP:T>G	1	representative_allele_is_somatic_truth
8947	5451555:278:SNP:C>T	1	representative_allele_is_somatic_truth
8944	5455128:111:SNP:C>T	1	representative_allele_is_somatic_truth
8943	5465227:76:SNP:A>T	1	representative_allele_is_somatic_truth
8941	5465578:99:SNP:C>A	1	representative_allele_is_somatic_truth
8940	5467705:133:SNP:C>A	1	representative_allele_is_somatic_truth
8937	5473017:235:SNP:A>C	1	representative_allele_is_somatic_truth
8936	5476487:202:SNP:C>A	1	representative_allele_is_somatic_truth
8934	5477137:53:SNP:C>A	1	representative_allele_is_somatic_truth
8933	5478529:23:SNP:G>A	1	representative_allele_is_somatic_truth
8932	5478725:66:SNP:G>T	1	representative_allele_is_somatic_truth
8931	5478980:23:SNP:T>G	1	representative_allele_is_somatic_truth
8929	5481161:175:SNP:G>T	1	representative_allele_is_somatic_truth
8927	5483296:148:SNP:G>A	1	representative_allele_is_somatic_truth
8926	5484155:232:SNP:C>T	1	representative_allele_is_somatic_truth
8924	5488963:499:SNP:C>T	1	representative_allele_is_somatic_truth
8923	5491122:543:SNP:C>T	1	representative_allele_is_somatic_truth
8922	5491398:25:SNP:G>C	1	representative_allele_is_somatic_truth
8918	5495820:31:SNP:G>T	1	representative_allele_is_somatic_truth
8917	5497542:13:SNP:A>G	1	representative_allele_is_somatic_truth
8915	5498494:92:SNP:C>T	1	representative_allele_is_somatic_truth
8916	5498494:93:SNP:A>T	1	representative_allele_is_somatic_truth
9001	5500982:7:SNP:A>C	1	representative_allele_is_somatic_truth
9002	5501233:0:SNP:G>A	1	representative_allele_is_somatic_truth
9004	5502183:93:SNP:C>G	1	representative_allele_is_somatic_truth
9007	5509662:6:SNP:C>T	1	representative_allele_is_somatic_truth
9010	5514647:0:SNP:A>T	1	representative_allele_is_somatic_truth
9011	5519784:245:SNP:C>A	1	representative_allele_is_somatic_truth
9014	5522298:142:SNP:T>A	1	representative_allele_is_somatic_truth
9017	5528838:0:SNP:G>A	1	representative_allele_is_somatic_truth
9018	5530037:188:SNP:C>A	1	representative_allele_is_somatic_truth
9019	5533538:142:SNP:T>G	1	representative_allele_is_somatic_truth
9020	5535580:56:SNP:T>C	1	representative_allele_is_somatic_truth
9021	5538040:109:SNP:T>C	1	representative_allele_is_somatic_truth
9022	5540411:18:SNP:A>T	1	representative_allele_is_somatic_truth
9025	5550380:244:SNP:G>T	1	representative_allele_is_somatic_truth
9026	5551476:564:SNP:G>A	1	representative_allele_is_somatic_truth
9027	5553166:87:SNP:G>T	1	representative_allele_is_somatic_truth
9028	5553345:6:SNP:T>C	1	representative_allele_is_somatic_truth
9029	5553883:157:SNP:C>A	1	representative_allele_is_somatic_truth
9030	5553972:70:SNP:C>A	1	representative_allele_is_somatic_truth
9031	5554327:236:SNP:C>G	1	representative_allele_is_somatic_truth
9032	5554327:258:SNP:T>G	1	representative_allele_is_somatic_truth
9036	5580007:280:SNP:C>G	1	representative_allele_is_somatic_truth
9038	5581796:211:SNP:G>A	1	representative_allele_is_somatic_truth
9040	5584590:325:SNP:G>A	1	representative_allele_is_somatic_truth
9041	5584709:19:SNP:G>T	1	representative_allele_is_somatic_truth
9042	5591316:121:SNP:C>G	1	representative_allele_is_somatic_truth
9047	5609522:517:SNP:C>T	1	representative_allele_is_somatic_truth
9048	5609522:536:SNP:C>G	1	representative_allele_is_somatic_truth
9049	5612503:168:SNP:T>C	1	representative_allele_is_somatic_truth
9050	5613019:37:SNP:G>A	1	representative_allele_is_somatic_truth
9054	5631390:59:SNP:G>A	1	representative_allele_is_somatic_truth
9056	5639171:31:SNP:C>T	1	representative_allele_is_somatic_truth
9057	5639223:222:SNP:G>A	1	representative_allele_is_somatic_truth
9058	5640802:18:SNP:G>A	1	representative_allele_is_somatic_truth
9059	5640804:0:SNP:G>A	1	representative_allele_is_somatic_truth
9060	5645049:146:SNP:G>C	1	representative_allele_is_somatic_truth
9061	5650069:190:SNP:C>G	1	representative_allele_is_somatic_truth
9062	5650075:87:SNP:C>G	1	representative_allele_is_somatic_truth
9068	5668686:428:SNP:G>A	1	representative_allele_is_somatic_truth
9069	5670563:2:SNP:G>A	1	representative_allele_is_somatic_truth
9070	5676587:111:SNP:T>C	1	representative_allele_is_somatic_truth
9071	5677360:375:SNP:G>C	1	representative_allele_is_somatic_truth
9074	5686246:56:SNP:G>A	1	representative_allele_is_somatic_truth
9078	5695010:87:SNP:A>T	1	representative_allele_is_somatic_truth
9079	5695686:100:SNP:G>A	1	representative_allele_is_somatic_truth
9081	5697238:96:SNP:C>T	1	representative_allele_is_somatic_truth
9083	5706126:270:SNP:A>T	1	representative_allele_is_somatic_truth
9086	5707107:155:SNP:G>T	1	representative_allele_is_somatic_truth
9089	5711642:96:SNP:G>A	1	representative_allele_is_somatic_truth
9091	5722078:61:SNP:T>A	1	representative_allele_is_somatic_truth
9095	5732763:79:SNP:G>A	1	representative_allele_is_somatic_truth
9098	5740956:0:SNP:G>A	1	representative_allele_is_somatic_truth
9100	5744370:147:SNP:G>A	1	representative_allele_is_somatic_truth
9101	5745869:223:SNP:A>T	1	representative_allele_is_somatic_truth
9102	5751419:49:SNP:C>T	1	representative_allele_is_somatic_truth
9103	5752008:24:SNP:C>T	1	representative_allele_is_somatic_truth
9104	5752783:216:SNP:T>C	1	representative_allele_is_somatic_truth
9106	5754838:79:SNP:T>A	1	representative_allele_is_somatic_truth
9107	5766432:501:SNP:G>A	1	representative_allele_is_somatic_truth
9109	5783450:290:SNP:C>A	1	representative_allele_is_somatic_truth
9110	5785450:113:SNP:G>C	1	representative_allele_is_somatic_truth
9111	5785945:208:SNP:G>C	1	representative_allele_is_somatic_truth
9113	5786861:10:SNP:G>T	1	representative_allele_is_somatic_truth
9114	5788562:32:SNP:G>A	1	representative_allele_is_somatic_truth
9251	5794649:87:SNP:C>T	1	representative_allele_is_somatic_truth
9253	5800389:72:SNP:G>T	1	representative_allele_is_somatic_truth
9254	5805529:58:SNP:C>T	1	representative_allele_is_somatic_truth
9256	5809584:142:SNP:A>G	1	representative_allele_is_somatic_truth
9257	5814120:1:SNP:C>T	1	representative_allele_is_somatic_truth
9260	5827978:13:SNP:C>A	1	representative_allele_is_somatic_truth
9261	5828028:222:SNP:G>T	1	representative_allele_is_somatic_truth
9265	5833462:51:SNP:G>T	1	representative_allele_is_somatic_truth
9270	5844714:60:SNP:G>A	1	representative_allele_is_somatic_truth
9276	5859574:660:SNP:C>T	1	representative_allele_is_somatic_truth
9277	5861356:1:SNP:A>T	1	representative_allele_is_somatic_truth
9278	5864137:72:SNP:G>A	1	representative_allele_is_somatic_truth
9279	5864791:262:SNP:C>T	1	representative_allele_is_somatic_truth
9280	5867627:153:SNP:G>A	1	representative_allele_is_somatic_truth
9281	5868488:124:SNP:A>G	1	representative_allele_is_somatic_truth
9285	5884600:15:SNP:G>A	1	representative_allele_is_somatic_truth
9286	5885222:268:SNP:G>C	1	representative_allele_is_somatic_truth
9287	5885234:138:SNP:G>A	1	representative_allele_is_somatic_truth
9288	5886329:354:SNP:T>C	1	representative_allele_is_somatic_truth
9291	5896348:10:SNP:C>A	1	representative_allele_is_somatic_truth
9292	5896480:266:SNP:G>C	1	representative_allele_is_somatic_truth
9293	5905916:44:SNP:T>C	1	representative_allele_is_somatic_truth
9295	5910715:75:SNP:C>T	1	representative_allele_is_somatic_truth
9298	5913945:101:SNP:C>T	1	representative_allele_is_somatic_truth
9301	5915069:382:SNP:C>T	1	representative_allele_is_somatic_truth
9302	5918331:237:SNP:A>T	1	representative_allele_is_somatic_truth
9304	5918711:42:SNP:A>C	1	representative_allele_is_somatic_truth
9305	5922950:1:SNP:A>T	1	representative_allele_is_somatic_truth
9306	5923883:26:SNP:G>A	1	representative_allele_is_somatic_truth
9309	5927135:65:SNP:A>G	1	representative_allele_is_somatic_truth
9310	5927135:66:SNP:G>T	1	representative_allele_is_somatic_truth
9311	5927336:84:SNP:C>T	1	representative_allele_is_somatic_truth
9313	5929647:79:SNP:G>C	1	representative_allele_is_somatic_truth
9314	5929647:80:SNP:G>T	1	representative_allele_is_somatic_truth
9315	5931197:220:SNP:C>T	1	representative_allele_is_somatic_truth
9317	5935757:203:SNP:G>A	1	representative_allele_is_somatic_truth
9318	5938131:32:SNP:G>T	1	representative_allele_is_somatic_truth
9323	5945173:73:SNP:A>G	1	representative_allele_is_somatic_truth
9325	5945733:59:SNP:C>A	1	representative_allele_is_somatic_truth
9326	5946223:367:SNP:C>A	1	representative_allele_is_somatic_truth
9327	5947097:0:SNP:C>T	1	representative_allele_is_somatic_truth
9331	5951239:299:SNP:G>T	1	representative_allele_is_somatic_truth
9332	5954435:2:SNP:T>G	1	representative_allele_is_somatic_truth
9335	5956720:55:SNP:C>G	1	representative_allele_is_somatic_truth
9337	5959275:18:SNP:C>G	1	representative_allele_is_somatic_truth
9339	5960359:194:SNP:C>T	1	representative_allele_is_somatic_truth
9341	5965757:18:SNP:C>T	1	representative_allele_is_somatic_truth
9344	5969460:20:SNP:G>T	1	representative_allele_is_somatic_truth
9345	5970819:52:SNP:C>T	1	representative_allele_is_somatic_truth
9351	5984801:289:SNP:G>C	1	representative_allele_is_somatic_truth
9352	5987887:61:SNP:G>A	1	representative_allele_is_somatic_truth
9355	5996375:182:SNP:A>T	1	representative_allele_is_somatic_truth
9360	6003716:34:SNP:A>T	1	representative_allele_is_somatic_truth
9361	6004007:12:SNP:G>A	1	representative_allele_is_somatic_truth
9367	6024826:186:SNP:T>A	1	representative_allele_is_somatic_truth
9368	6031857:487:SNP:C>G	1	representative_allele_is_somatic_truth
9369	6032288:198:SNP:G>A	1	representative_allele_is_somatic_truth
9371	6035867:0:SNP:C>G	1	representative_allele_is_somatic_truth
9374	6039992:8:SNP:C>T	1	representative_allele_is_somatic_truth
9376	6049884:108:SNP:G>C	1	representative_allele_is_somatic_truth
9377	6053308:288:SNP:C>T	1	representative_allele_is_somatic_truth
9378	6054475:218:SNP:C>A	1	representative_allele_is_somatic_truth
9380	6055877:119:SNP:G>T	1	representative_allele_is_somatic_truth
9382	6061426:249:SNP:A>T	1	representative_allele_is_somatic_truth
9387	6075604:424:SNP:G>A	1	representative_allele_is_somatic_truth
9388	6080317:575:SNP:C>G	1	representative_allele_is_somatic_truth
9390	6084880:159:SNP:A>G	1	representative_allele_is_somatic_truth
9395	6107849:60:SNP:C>G	1	representative_allele_is_somatic_truth
9396	6108331:38:SNP:C>T	1	representative_allele_is_somatic_truth
9397	6110020:198:SNP:C>G	1	representative_allele_is_somatic_truth
9400	6115238:0:SNP:A>C	1	representative_allele_is_somatic_truth
9401	6118162:8:SNP:G>T	1	representative_allele_is_somatic_truth
9402	6120363:0:SNP:G>A	1	representative_allele_is_somatic_truth
9408	6131547:210:SNP:A>G	1	representative_allele_is_somatic_truth
9412	6135214:186:SNP:G>A	1	representative_allele_is_somatic_truth
9413	6136033:127:SNP:G>A	1	representative_allele_is_somatic_truth
9414	6139066:145:SNP:G>T	1	representative_allele_is_somatic_truth
9416	6148059:121:SNP:C>A	1	representative_allele_is_somatic_truth
9418	6153624:12:SNP:A>G	1	representative_allele_is_somatic_truth
9420	6168268:262:SNP:A>T	1	representative_allele_is_somatic_truth
9424	6183388:43:SNP:C>A	1	representative_allele_is_somatic_truth
9427	6202982:146:SNP:G>A	1	representative_allele_is_somatic_truth
9430	6208078:16:SNP:C>A	1	representative_allele_is_somatic_truth
9431	6210329:13:SNP:C>G	1	representative_allele_is_somatic_truth
9434	6224615:84:SNP:A>C	1	representative_allele_is_somatic_truth
9437	6243507:649:SNP:G>C	1	representative_allele_is_somatic_truth
9441	6250435:235:SNP:T>A	1	representative_allele_is_somatic_truth
9442	6250739:114:SNP:C>T	1	representative_allele_is_somatic_truth
9444	6255522:434:SNP:T>A	1	representative_allele_is_somatic_truth
9447	6260123:251:SNP:G>C	1	representative_allele_is_somatic_truth
9448	6260875:14:SNP:A>T	1	representative_allele_is_somatic_truth
9449	6262936:105:SNP:T>G	1	representative_allele_is_somatic_truth
9451	6277326:49:SNP:C>T	1	representative_allele_is_somatic_truth
9453	6277579:83:SNP:A>C	1	representative_allele_is_somatic_truth
9455	6279547:47:SNP:C>T	1	representative_allele_is_somatic_truth
9456	6281551:158:SNP:T>A	1	representative_allele_is_somatic_truth
9457	6282444:71:SNP:G>A	1	representative_allele_is_somatic_truth
9460	6286198:26:SNP:A>T	1	representative_allele_is_somatic_truth
9461	6287350:63:SNP:T>A	1	representative_allele_is_somatic_truth
9462	6288771:4:SNP:G>A	1	representative_allele_is_somatic_truth
9463	6290571:31:SNP:T>A	1	representative_allele_is_somatic_truth
9464	6297661:182:SNP:G>C	1	representative_allele_is_somatic_truth
9465	6320046:177:SNP:A>C	1	representative_allele_is_somatic_truth
9467	6326900:195:SNP:C>G	1	representative_allele_is_somatic_truth
9468	6338388:74:SNP:C>A	1	representative_allele_is_somatic_truth
9469	6340902:28:SNP:G>C	1	representative_allele_is_somatic_truth
9472	6346428:173:SNP:C>T	1	representative_allele_is_somatic_truth
9478	6352148:44:SNP:T>C	1	representative_allele_is_somatic_truth
9481	6369346:114:SNP:G>C	1	representative_allele_is_somatic_truth
9482	6369658:185:SNP:T>A	1	representative_allele_is_somatic_truth
9483	6376092:68:SNP:G>T	1	representative_allele_is_somatic_truth
9484	6380328:254:SNP:G>A	1	representative_allele_is_somatic_truth
9485	6383438:95:SNP:G>C	1	representative_allele_is_somatic_truth
9487	6385139:21:SNP:C>T	1	representative_allele_is_somatic_truth
9488	6385861:20:SNP:C>A	1	representative_allele_is_somatic_truth
9490	6398459:77:SNP:T>C	1	representative_allele_is_somatic_truth
9493	6409315:161:SNP:A>T	1	representative_allele_is_somatic_truth
9495	6414042:49:SNP:G>C	1	representative_allele_is_somatic_truth
9499	6431627:53:SNP:C>T	1	representative_allele_is_somatic_truth
9500	6434504:1:SNP:A>T	1	representative_allele_is_somatic_truth
9502	6435444:199:SNP:G>T	1	representative_allele_is_somatic_truth
9503	6439870:75:SNP:C>G	1	representative_allele_is_somatic_truth
9504	6443562:69:SNP:G>A	1	representative_allele_is_somatic_truth
9505	6443806:36:SNP:T>C	1	representative_allele_is_somatic_truth
9506	6448037:84:SNP:C>T	1	representative_allele_is_somatic_truth
9508	6450852:19:SNP:G>A	1	representative_allele_is_somatic_truth
9509	6458042:122:SNP:G>A	1	representative_allele_is_somatic_truth
9510	6461629:141:SNP:C>T	1	representative_allele_is_somatic_truth
9511	6462826:0:SNP:C>T	1	representative_allele_is_somatic_truth
9512	6464922:164:SNP:A>G	1	representative_allele_is_somatic_truth
9513	6465178:51:SNP:G>A	1	representative_allele_is_somatic_truth
9514	6465450:141:SNP:A>T	1	representative_allele_is_somatic_truth
9515	6466236:16:SNP:G>T	1	representative_allele_is_somatic_truth
9518	6469703:0:SNP:T>C	1	representative_allele_is_somatic_truth
8723	6475509:133:SNP:T>A	1	representative_allele_is_somatic_truth
8724	6476867:146:SNP:C>A	1	representative_allele_is_somatic_truth
8727	6478033:23:SNP:G>T	1	representative_allele_is_somatic_truth
8734	6494701:61:SNP:C>T	1	representative_allele_is_somatic_truth
8740	6513289:80:SNP:A>T	1	representative_allele_is_somatic_truth
8741	6513289:81:SNP:A>C	1	representative_allele_is_somatic_truth
8742	6513289:84:SNP:G>T	1	representative_allele_is_somatic_truth
8747	6527431:56:SNP:C>A	1	representative_allele_is_somatic_truth
8748	6534180:289:SNP:G>A	1	representative_allele_is_somatic_truth
8749	6540892:79:SNP:A>T	1	representative_allele_is_somatic_truth
8751	6544263:295:SNP:G>C	1	representative_allele_is_somatic_truth
8753	6552791:17:SNP:G>A	1	representative_allele_is_somatic_truth
8756	6561242:19:SNP:C>T	1	representative_allele_is_somatic_truth
8759	6573993:8:SNP:C>A	1	representative_allele_is_somatic_truth
8760	6595904:82:SNP:G>A	1	representative_allele_is_somatic_truth
8762	6602143:461:SNP:T>G	1	representative_allele_is_somatic_truth
8763	6602143:463:SNP:G>T	1	representative_allele_is_somatic_truth
8765	6604145:89:SNP:G>C	1	representative_allele_is_somatic_truth
8768	6623194:241:SNP:C>A	1	representative_allele_is_somatic_truth
8770	6642354:30:SNP:C>G	1	representative_allele_is_somatic_truth
8771	6647724:258:SNP:T>C	1	representative_allele_is_somatic_truth
8772	6648169:5:SNP:C>G	1	representative_allele_is_somatic_truth
8777	6665747:0:SNP:T>A	1	representative_allele_is_somatic_truth
8779	6671014:116:SNP:C>T	1	representative_allele_is_somatic_truth
8780	6676730:133:SNP:A>T	1	representative_allele_is_somatic_truth
8783	6685393:15:SNP:C>T	1	representative_allele_is_somatic_truth
8784	6700745:121:SNP:G>C	1	representative_allele_is_somatic_truth
8785	6704686:148:SNP:G>A	1	representative_allele_is_somatic_truth
8788	6713768:75:SNP:A>G	1	representative_allele_is_somatic_truth
8789	6717792:205:SNP:C>G	1	representative_allele_is_somatic_truth
8792	6722207:278:SNP:T>A	1	representative_allele_is_somatic_truth
8793	6723487:207:SNP:T>C	1	representative_allele_is_somatic_truth
8796	6726776:121:SNP:C>A	1	representative_allele_is_somatic_truth
8798	6729784:54:SNP:T>C	1	representative_allele_is_somatic_truth
8803	6734233:66:SNP:C>A	1	representative_allele_is_somatic_truth
8804	6735130:0:SNP:G>A	1	representative_allele_is_somatic_truth
9521	6753717:0:SNP:C>T	1	representative_allele_is_somatic_truth
9534	6782222:48:SNP:G>A	1	representative_allele_is_somatic_truth
8821	6812691:35:SNP:A>C	1	representative_allele_is_somatic_truth
9536	6823387:2:SNP:C>A	1	representative_allele_is_somatic_truth
9182	6837386:83:SNP:G>T	1	representative_allele_is_somatic_truth
9184	6838611:14:SNP:C>T	1	representative_allele_is_somatic_truth
9186	6844992:387:SNP:C>G	1	representative_allele_is_somatic_truth
9187	6851653:89:SNP:C>A	1	representative_allele_is_somatic_truth
9115	6864893:55:SNP:G>A	1	representative_allele_is_somatic_truth
9117	6867908:152:SNP:A>C	1	representative_allele_is_somatic_truth
9122	6874240:97:SNP:A>T	1	representative_allele_is_somatic_truth
9126	6879935:154:SNP:C>A	1	representative_allele_is_somatic_truth
9131	6881851:7:SNP:G>C	1	representative_allele_is_somatic_truth
9135	6884456:10:SNP:G>A	1	representative_allele_is_somatic_truth
9139	6896380:47:SNP:C>T	1	representative_allele_is_somatic_truth
9140	6901364:134:SNP:C>T	1	representative_allele_is_somatic_truth
9142	6908088:359:SNP:G>T	1	representative_allele_is_somatic_truth
9143	6912826:21:SNP:G>T	1	representative_allele_is_somatic_truth
9144	6912901:89:SNP:C>T	1	representative_allele_is_somatic_truth
9145	6915001:0:SNP:C>A	1	representative_allele_is_somatic_truth
9146	6915088:1:SNP:C>T	1	representative_allele_is_somatic_truth
9147	6916502:10:SNP:A>T	1	representative_allele_is_somatic_truth
9148	6919088:68:SNP:A>T	1	representative_allele_is_somatic_truth
9150	6922266:0:SNP:T>A	1	representative_allele_is_somatic_truth
9155	6927205:5:SNP:C>G	1	representative_allele_is_somatic_truth
9157	6928667:271:SNP:T>C	1	representative_allele_is_somatic_truth
9158	6937254:76:SNP:G>C	1	representative_allele_is_somatic_truth
9159	6937396:79:SNP:C>T	1	representative_allele_is_somatic_truth
9160	6939011:327:SNP:G>A	1	representative_allele_is_somatic_truth
9163	6945173:13:SNP:C>G	1	representative_allele_is_somatic_truth
9171	6959460:99:SNP:C>T	1	representative_allele_is_somatic_truth
9174	6961303:201:SNP:G>T	1	representative_allele_is_somatic_truth
9175	6964851:45:SNP:C>T	1	representative_allele_is_somatic_truth
9176	6966892:86:SNP:C>G	1	representative_allele_is_somatic_truth
9179	6976579:318:SNP:G>C	1	representative_allele_is_somatic_truth
8503	7030755:0:SNP:C>T	1	representative_allele_is_somatic_truth
8504	7047991:248:SNP:G>T	1	representative_allele_is_somatic_truth
8505	7056552:178:SNP:C>A	1	representative_allele_is_somatic_truth
8506	7058507:171:SNP:C>T	1	representative_allele_is_somatic_truth
8507	7060565:56:SNP:G>T	1	representative_allele_is_somatic_truth
8508	7062625:0:SNP:G>A	1	representative_allele_is_somatic_truth
8509	7065714:5:SNP:T>G	1	representative_allele_is_somatic_truth
8510	7065714:6:SNP:G>T	1	representative_allele_is_somatic_truth
8511	7067696:9:SNP:C>A	1	representative_allele_is_somatic_truth
8512	7070691:72:SNP:G>A	1	representative_allele_is_somatic_truth
8513	7071898:131:SNP:C>A	1	representative_allele_is_somatic_truth
8515	7094370:172:SNP:C>T	1	representative_allele_is_somatic_truth
8516	7095755:53:SNP:G>A	1	representative_allele_is_somatic_truth
8517	7103425:9:SNP:T>C	1	representative_allele_is_somatic_truth
8518	7107964:177:SNP:C>T	1	representative_allele_is_somatic_truth
8519	7109862:185:SNP:C>T	1	representative_allele_is_somatic_truth
8521	7113876:87:SNP:C>A	1	representative_allele_is_somatic_truth
8522	7117586:0:SNP:C>A	1	representative_allele_is_somatic_truth
8526	7127203:156:SNP:C>T	1	representative_allele_is_somatic_truth
8528	7137001:33:SNP:C>T	1	representative_allele_is_somatic_truth
8529	7138989:113:SNP:T>A	1	representative_allele_is_somatic_truth
8530	7139345:20:SNP:C>T	1	representative_allele_is_somatic_truth
8531	7151759:77:SNP:C>A	1	representative_allele_is_somatic_truth
8533	7155013:493:SNP:C>T	1	representative_allele_is_somatic_truth
8534	7157345:672:SNP:C>A	1	representative_allele_is_somatic_truth
8538	7174667:418:SNP:T>A	1	representative_allele_is_somatic_truth
8544	7180545:32:SNP:G>A	1	representative_allele_is_somatic_truth
8546	7184317:113:SNP:C>T	1	representative_allele_is_somatic_truth
8548	7192489:80:SNP:C>T	1	representative_allele_is_somatic_truth
8553	7201927:226:SNP:G>T	1	representative_allele_is_somatic_truth
8566	7229879:181:SNP:T>G	1	representative_allele_is_somatic_truth
8568	7235821:0:SNP:A>C	1	representative_allele_is_somatic_truth
9248	7247007:202:SNP:G>C	1	representative_allele_is_somatic_truth
9245	7249845:16:SNP:C>T	1	representative_allele_is_somatic_truth
9241	7259006:149:SNP:G>A	1	representative_allele_is_somatic_truth
9239	7262768:61:SNP:C>A	1	representative_allele_is_somatic_truth
9234	7285776:24:SNP:G>T	1	representative_allele_is_somatic_truth
9233	7285887:14:SNP:G>T	1	representative_allele_is_somatic_truth
9232	7290142:0:SNP:A>T	1	representative_allele_is_somatic_truth
9229	7309719:103:SNP:G>A	1	representative_allele_is_somatic_truth
9221	7332389:223:SNP:A>G	1	representative_allele_is_somatic_truth
9220	7333905:304:SNP:T>A	1	representative_allele_is_somatic_truth
9219	7333913:241:SNP:C>A	1	representative_allele_is_somatic_truth
9217	7334703:358:SNP:T>G	1	representative_allele_is_somatic_truth
9218	7334703:360:SNP:G>A	1	representative_allele_is_somatic_truth
9213	7343041:166:SNP:G>C	1	representative_allele_is_somatic_truth
9209	7350881:178:SNP:T>A	1	representative_allele_is_somatic_truth
9208	7352058:42:SNP:G>T	1	representative_allele_is_somatic_truth
9207	7354236:232:SNP:G>T	1	representative_allele_is_somatic_truth
9206	7354845:1:SNP:C>G	1	representative_allele_is_somatic_truth
9205	7355269:320:SNP:C>A	1	representative_allele_is_somatic_truth
9203	7361153:185:SNP:C>T	1	representative_allele_is_somatic_truth
9201	7365950:27:SNP:G>T	1	representative_allele_is_somatic_truth
9198	7368262:18:SNP:T>A	1	representative_allele_is_somatic_truth
9199	7368262:19:SNP:C>T	1	representative_allele_is_somatic_truth
9197	7370669:398:SNP:C>G	1	representative_allele_is_somatic_truth
9196	7378350:124:SNP:G>T	1	representative_allele_is_somatic_truth
9195	7386405:450:SNP:A>G	1	representative_allele_is_somatic_truth
9194	7390185:541:SNP:G>A	1	representative_allele_is_somatic_truth
9192	7395064:134:SNP:C>G	1	representative_allele_is_somatic_truth
9191	7398908:0:SNP:G>A	1	representative_allele_is_somatic_truth
9188	7408671:34:SNP:G>C	1	representative_allele_is_somatic_truth
9033	7432102:21:SNP:G>T	1	representative_allele_is_somatic_truth
9779	7450478:290:SNP:T>C	1	representative_allele_is_somatic_truth
9777	7451294:2:SNP:C>T	1	representative_allele_is_somatic_truth
9776	7453587:72:SNP:G>A	1	representative_allele_is_somatic_truth
9774	7455475:67:SNP:C>A	1	representative_allele_is_somatic_truth
9770	7462828:136:SNP:C>A	1	representative_allele_is_somatic_truth
9771	7462828:137:SNP:T>C	1	representative_allele_is_somatic_truth
9763	7467280:302:SNP:C>T	1	representative_allele_is_somatic_truth
9761	7468922:126:SNP:T>C	1	representative_allele_is_somatic_truth
9760	7470130:32:SNP:C>A	1	representative_allele_is_somatic_truth
9755	7479680:354:SNP:T>A	1	representative_allele_is_somatic_truth
9746	7490169:93:SNP:G>T	1	representative_allele_is_somatic_truth
9745	7491454:95:SNP:G>A	1	representative_allele_is_somatic_truth
9744	7493828:86:SNP:C>G	1	representative_allele_is_somatic_truth
9743	7496014:165:SNP:C>T	1	representative_allele_is_somatic_truth
9742	7497265:279:SNP:G>T	1	representative_allele_is_somatic_truth
9740	7498478:42:SNP:C>A	1	representative_allele_is_somatic_truth
9737	7512815:134:SNP:G>A	1	representative_allele_is_somatic_truth
9736	7513147:218:SNP:G>A	1	representative_allele_is_somatic_truth
9733	7515425:78:SNP:C>A	1	representative_allele_is_somatic_truth
9730	7533176:1:SNP:G>A	1	representative_allele_is_somatic_truth
9729	7543381:4:SNP:C>A	1	representative_allele_is_somatic_truth
9727	7549402:344:SNP:G>C	1	representative_allele_is_somatic_truth
9725	7560762:140:SNP:G>A	1	representative_allele_is_somatic_truth
9723	7567862:171:SNP:T>A	1	representative_allele_is_somatic_truth
9720	7570431:189:SNP:G>C	1	representative_allele_is_somatic_truth
9719	7570448:46:SNP:G>A	1	representative_allele_is_somatic_truth
9712	7598769:83:SNP:G>A	1	representative_allele_is_somatic_truth
9710	7599655:100:SNP:G>A	1	representative_allele_is_somatic_truth
9709	7601839:183:SNP:G>A	1	representative_allele_is_somatic_truth
9707	7605355:9:SNP:G>T	1	representative_allele_is_somatic_truth
9705	7608711:86:SNP:G>A	1	representative_allele_is_somatic_truth
9704	7610603:56:SNP:T>C	1	representative_allele_is_somatic_truth
9703	7614272:121:SNP:G>C	1	representative_allele_is_somatic_truth
9701	7617675:333:SNP:C>T	1	representative_allele_is_somatic_truth
9698	7624528:232:SNP:A>T	1	representative_allele_is_somatic_truth
9697	7636264:62:SNP:T>A	1	representative_allele_is_somatic_truth
9696	7638844:35:SNP:C>T	1	representative_allele_is_somatic_truth
9695	7638986:69:SNP:T>C	1	representative_allele_is_somatic_truth
9693	7641502:97:SNP:C>T	1	representative_allele_is_somatic_truth
9692	7641857:355:SNP:A>G	1	representative_allele_is_somatic_truth
9690	7644867:14:SNP:G>A	1	representative_allele_is_somatic_truth
9689	7645907:291:SNP:G>T	1	representative_allele_is_somatic_truth
9685	7654969:110:SNP:C>T	1	representative_allele_is_somatic_truth
9684	7655768:215:SNP:G>A	1	representative_allele_is_somatic_truth
9683	7656120:61:SNP:G>T	1	representative_allele_is_somatic_truth
9681	7664021:95:SNP:C>T	1	representative_allele_is_somatic_truth
9679	7664117:45:SNP:C>T	1	representative_allele_is_somatic_truth
9678	7666692:123:SNP:C>T	1	representative_allele_is_somatic_truth
9676	7671323:48:SNP:G>A	1	representative_allele_is_somatic_truth
9673	7675254:17:SNP:C>T	1	representative_allele_is_somatic_truth
9669	7685187:185:SNP:G>A	1	representative_allele_is_somatic_truth
9667	7685824:19:SNP:C>T	1	representative_allele_is_somatic_truth
9663	7701134:17:SNP:C>T	1	representative_allele_is_somatic_truth
9662	7705450:45:SNP:C>T	1	representative_allele_is_somatic_truth
9660	7721067:294:SNP:A>G	1	representative_allele_is_somatic_truth
9656	7735023:19:SNP:T>A	1	representative_allele_is_somatic_truth
9652	7748020:299:SNP:C>G	1	representative_allele_is_somatic_truth
9651	7751427:195:SNP:G>A	1	representative_allele_is_somatic_truth
9650	7752629:56:SNP:G>A	1	representative_allele_is_somatic_truth
9649	7753131:289:SNP:C>T	1	representative_allele_is_somatic_truth
9644	7769595:306:SNP:G>C	1	representative_allele_is_somatic_truth
9641	7771733:64:SNP:C>A	1	representative_allele_is_somatic_truth
9642	7771733:65:SNP:A>G	1	representative_allele_is_somatic_truth
9640	7778626:3:SNP:T>A	1	representative_allele_is_somatic_truth
9639	7782189:29:SNP:G>A	1	representative_allele_is_somatic_truth
9634	7795542:99:SNP:G>T	1	representative_allele_is_somatic_truth
9633	7795664:10:SNP:T>G	1	representative_allele_is_somatic_truth
9631	7808172:48:SNP:C>A	1	representative_allele_is_somatic_truth
9630	7808177:240:SNP:G>A	1	representative_allele_is_somatic_truth
9628	7814685:70:SNP:G>A	1	representative_allele_is_somatic_truth
9626	7828801:0:SNP:T>G	1	representative_allele_is_somatic_truth
9623	7848961:25:SNP:G>A	1	representative_allele_is_somatic_truth
9622	7850532:83:SNP:G>A	1	representative_allele_is_somatic_truth
9619	7855031:55:SNP:C>T	1	representative_allele_is_somatic_truth
9620	7855031:117:SNP:G>T	1	representative_allele_is_somatic_truth
9616	7860588:180:SNP:C>A	1	representative_allele_is_somatic_truth
9617	7860588:181:SNP:C>G	1	representative_allele_is_somatic_truth
9614	7870642:157:SNP:G>A	1	representative_allele_is_somatic_truth
9613	7875582:2:SNP:A>T	1	representative_allele_is_somatic_truth
9612	7883386:59:SNP:G>C	1	representative_allele_is_somatic_truth
9610	7894699:263:SNP:C>G	1	representative_allele_is_somatic_truth
9609	7900398:92:SNP:T>A	1	representative_allele_is_somatic_truth
9608	7901844:23:SNP:G>T	1	representative_allele_is_somatic_truth
9607	7903856:56:SNP:G>A	1	representative_allele_is_somatic_truth
9602	7915911:135:SNP:T>C	1	representative_allele_is_somatic_truth
9598	7922306:105:SNP:G>C	1	representative_allele_is_somatic_truth
9597	7931882:63:SNP:C>T	1	representative_allele_is_somatic_truth
9596	7935258:5:SNP:C>T	1	representative_allele_is_somatic_truth
9594	7952759:1:SNP:C>G	1	representative_allele_is_somatic_truth
9592	7953323:40:SNP:T>G	1	representative_allele_is_somatic_truth
9589	7978742:69:SNP:G>C	1	representative_allele_is_somatic_truth
9584	7985701:249:SNP:A>C	1	representative_allele_is_somatic_truth
9583	7985877:51:SNP:A>T	1	representative_allele_is_somatic_truth
9582	7985965:139:SNP:C>T	1	representative_allele_is_somatic_truth
9579	7992579:36:SNP:G>A	1	representative_allele_is_somatic_truth
9578	8000175:14:SNP:C>T	1	representative_allele_is_somatic_truth
9577	8000188:146:SNP:C>T	1	representative_allele_is_somatic_truth
9575	8003015:74:SNP:G>T	1	representative_allele_is_somatic_truth
9570	8010001:106:SNP:C>T	1	representative_allele_is_somatic_truth
9562	8040175:39:SNP:C>G	1	representative_allele_is_somatic_truth
9561	8045459:335:SNP:G>C	1	representative_allele_is_somatic_truth
9559	8051730:207:SNP:C>T	1	representative_allele_is_somatic_truth
9556	8054634:235:SNP:C>G	1	representative_allele_is_somatic_truth
9554	8074254:19:SNP:G>A	1	representative_allele_is_somatic_truth
9553	8080810:250:SNP:G>A	1	representative_allele_is_somatic_truth
9550	8085792:31:SNP:A>G	1	representative_allele_is_somatic_truth
9551	8085792:32:SNP:G>T	1	representative_allele_is_somatic_truth
9549	8086100:197:SNP:C>T	1	representative_allele_is_somatic_truth
9547	8092743:131:SNP:G>A	1	representative_allele_is_somatic_truth
9546	8093564:29:SNP:G>A	1	representative_allele_is_somatic_truth
9545	8095712:41:SNP:C>A	1	representative_allele_is_somatic_truth
9544	8096356:62:SNP:C>T	1	representative_allele_is_somatic_truth
9542	8099559:211:SNP:C>A	1	representative_allele_is_somatic_truth
9543	8099559:218:SNP:C>T	1	representative_allele_is_somatic_truth
9541	8099943:62:SNP:A>T	1	representative_allele_is_somatic_truth
9539	8118952:17:SNP:C>T	1	representative_allele_is_somatic_truth
9538	8128928:341:SNP:T>A	1	representative_allele_is_somatic_truth
9811	8152422:0:SNP:T>A	1	representative_allele_is_somatic_truth
9809	8156329:291:SNP:C>T	1	representative_allele_is_somatic_truth
9807	8162262:10:SNP:C>T	1	representative_allele_is_somatic_truth
9805	8177526:6:SNP:G>T	1	representative_allele_is_somatic_truth
9804	8179387:149:SNP:G>C	1	representative_allele_is_somatic_truth
9803	8185445:321:SNP:C>T	1	representative_allele_is_somatic_truth
9798	8201422:260:SNP:C>T	1	representative_allele_is_somatic_truth
9797	8201882:68:SNP:C>T	1	representative_allele_is_somatic_truth
9794	8221694:63:SNP:G>T	1	representative_allele_is_somatic_truth
9793	8225733:7:SNP:C>T	1	representative_allele_is_somatic_truth
9792	8227709:315:SNP:C>T	1	representative_allele_is_somatic_truth
9791	8229008:950:SNP:G>T	1	representative_allele_is_somatic_truth
9787	8233891:37:SNP:C>G	1	representative_allele_is_somatic_truth
9786	8233903:182:SNP:C>T	1	representative_allele_is_somatic_truth
9784	8238116:0:SNP:T>C	1	representative_allele_is_somatic_truth
9783	8238927:27:SNP:T>G	1	representative_allele_is_somatic_truth
9979	8251581:186:SNP:G>T	1	representative_allele_is_somatic_truth
9978	8256477:103:SNP:G>C	1	representative_allele_is_somatic_truth
9976	8259931:34:SNP:A>G	1	representative_allele_is_somatic_truth
9975	8266825:36:SNP:G>C	1	representative_allele_is_somatic_truth
9972	8270830:22:SNP:A>T	1	representative_allele_is_somatic_truth
9970	8276876:75:SNP:G>T	1	representative_allele_is_somatic_truth
9969	8277354:213:SNP:G>A	1	representative_allele_is_somatic_truth
9968	8278949:189:SNP:T>A	1	representative_allele_is_somatic_truth
9966	8283454:303:SNP:T>G	1	representative_allele_is_somatic_truth
9963	8287055:147:SNP:G>T	1	representative_allele_is_somatic_truth
9962	8287212:15:SNP:T>C	1	representative_allele_is_somatic_truth
9959	8289533:551:SNP:A>T	1	representative_allele_is_somatic_truth
10045	8305074:169:SNP:T>C	1	representative_allele_is_somatic_truth
10043	8308229:29:SNP:G>A	1	representative_allele_is_somatic_truth
10042	8314671:91:SNP:C>A	1	representative_allele_is_somatic_truth
10041	8315964:1:SNP:A>C	1	representative_allele_is_somatic_truth
10040	8318549:12:SNP:G>A	1	representative_allele_is_somatic_truth
10039	8318875:34:SNP:A>C	1	representative_allele_is_somatic_truth
10051	8334045:249:SNP:G>C	1	representative_allele_is_somatic_truth
10052	8334045:416:SNP:G>T	1	representative_allele_is_somatic_truth
10054	8343130:23:SNP:T>A	1	representative_allele_is_somatic_truth
10055	8347937:0:SNP:A>T	1	representative_allele_is_somatic_truth
10058	8375935:58:SNP:G>A	1	representative_allele_is_somatic_truth
10059	8376471:108:SNP:C>T	1	representative_allele_is_somatic_truth
10060	8378380:50:SNP:C>T	1	representative_allele_is_somatic_truth
10065	8401637:83:SNP:C>T	1	representative_allele_is_somatic_truth
10066	8401641:94:SNP:C>A	1	representative_allele_is_somatic_truth
10067	8401643:67:SNP:C>T	1	representative_allele_is_somatic_truth
10068	8401645:86:SNP:C>T	1	representative_allele_is_somatic_truth
10071	8413715:330:SNP:G>A	1	representative_allele_is_somatic_truth
10072	8420650:0:SNP:T>C	1	representative_allele_is_somatic_truth
10073	8426693:14:SNP:C>G	1	representative_allele_is_somatic_truth
10075	8431704:153:SNP:A>T	1	representative_allele_is_somatic_truth
10077	8435262:0:SNP:A>T	1	representative_allele_is_somatic_truth
10078	8435551:36:SNP:A>T	1	representative_allele_is_somatic_truth
10079	8437099:262:SNP:A>C	1	representative_allele_is_somatic_truth
10081	8437648:273:SNP:C>A	1	representative_allele_is_somatic_truth
10082	8437648:274:SNP:T>A	1	representative_allele_is_somatic_truth
10085	8439188:7:SNP:G>T	1	representative_allele_is_somatic_truth
10086	8448113:262:SNP:G>A	1	representative_allele_is_somatic_truth
10087	8449751:30:SNP:C>T	1	representative_allele_is_somatic_truth
10088	8450215:122:SNP:C>T	1	representative_allele_is_somatic_truth
10090	8458504:112:SNP:T>A	1	representative_allele_is_somatic_truth
10092	8462504:315:SNP:T>A	1	representative_allele_is_somatic_truth
10097	8471695:163:SNP:T>A	1	representative_allele_is_somatic_truth
10098	8472379:7:SNP:A>G	1	representative_allele_is_somatic_truth
10101	8478053:126:SNP:G>A	1	representative_allele_is_somatic_truth
10102	8479517:70:SNP:G>A	1	representative_allele_is_somatic_truth
10103	8479913:65:SNP:T>C	1	representative_allele_is_somatic_truth
10106	8484485:17:SNP:G>A	1	representative_allele_is_somatic_truth
10107	8486482:166:SNP:G>T	1	representative_allele_is_somatic_truth
10108	8486915:242:SNP:G>A	1	representative_allele_is_somatic_truth
10110	8494439:42:SNP:T>G	1	representative_allele_is_somatic_truth
10112	8495313:6:SNP:G>A	1	representative_allele_is_somatic_truth
10113	8497676:91:SNP:A>C	1	representative_allele_is_somatic_truth
10114	8497790:41:SNP:G>T	1	representative_allele_is_somatic_truth
10115	8499690:478:SNP:C>A	1	representative_allele_is_somatic_truth
10116	8500676:13:SNP:G>A	1	representative_allele_is_somatic_truth
10118	8506236:145:SNP:G>A	1	representative_allele_is_somatic_truth
10119	8507055:4:SNP:G>A	1	representative_allele_is_somatic_truth
10123	8514880:55:SNP:G>A	1	representative_allele_is_somatic_truth
10124	8515963:471:SNP:G>C	1	representative_allele_is_somatic_truth
10128	8527167:22:SNP:G>A	1	representative_allele_is_somatic_truth
10129	8527447:491:SNP:G>T	1	representative_allele_is_somatic_truth
10130	8528072:212:SNP:G>A	1	representative_allele_is_somatic_truth
10133	8530764:402:SNP:G>A	1	representative_allele_is_somatic_truth
10134	8531482:6:SNP:G>C	1	representative_allele_is_somatic_truth
10138	8536475:388:SNP:C>T	1	representative_allele_is_somatic_truth
10141	8543809:430:SNP:T>A	1	representative_allele_is_somatic_truth
10142	8544303:83:SNP:G>A	1	representative_allele_is_somatic_truth
10143	8546631:199:SNP:G>A	1	representative_allele_is_somatic_truth
10145	8547151:399:SNP:C>T	1	representative_allele_is_somatic_truth
10148	8550567:0:SNP:G>A	1	representative_allele_is_somatic_truth
10152	8558565:67:SNP:G>C	1	representative_allele_is_somatic_truth
10153	8558721:214:SNP:C>T	1	representative_allele_is_somatic_truth
10154	8558812:197:SNP:C>T	1	representative_allele_is_somatic_truth
10155	8564296:103:SNP:G>A	1	representative_allele_is_somatic_truth
10159	8572944:153:SNP:C>T	1	representative_allele_is_somatic_truth
10160	8574756:372:SNP:G>A	1	representative_allele_is_somatic_truth
10161	8575886:163:SNP:T>A	1	representative_allele_is_somatic_truth
10163	8583058:429:SNP:C>A	1	representative_allele_is_somatic_truth
10168	8601294:46:SNP:G>C	1	representative_allele_is_somatic_truth
10169	8609198:35:SNP:C>A	1	representative_allele_is_somatic_truth
10173	8615673:42:SNP:T>A	1	representative_allele_is_somatic_truth
10174	8615673:43:SNP:C>A	1	representative_allele_is_somatic_truth
10177	8618266:45:SNP:T>C	1	representative_allele_is_somatic_truth
10178	8625037:377:SNP:C>T	1	representative_allele_is_somatic_truth
10179	8625627:0:SNP:T>C	-1	below_snv_min_af
10191	8648318:75:SNP:C>T	1	representative_allele_is_somatic_truth
10192	8648322:58:SNP:G>A	1	representative_allele_is_somatic_truth
10193	8650077:178:SNP:T>A	1	representative_allele_is_somatic_truth
10197	8656790:60:SNP:C>G	1	representative_allele_is_somatic_truth
10198	8657198:125:SNP:C>G	1	representative_allele_is_somatic_truth
10199	8657277:11:SNP:A>C	1	representative_allele_is_somatic_truth
10200	8657561:69:SNP:G>C	1	representative_allele_is_somatic_truth
10201	8660839:12:SNP:G>C	1	representative_allele_is_somatic_truth
10205	8668693:295:SNP:C>A	1	representative_allele_is_somatic_truth
10206	8672734:23:SNP:A>C	1	representative_allele_is_somatic_truth
10207	8674085:6:SNP:A>T	1	representative_allele_is_somatic_truth
10208	8674085:7:SNP:G>T	1	representative_allele_is_somatic_truth
10210	8681687:167:SNP:G>C	1	representative_allele_is_somatic_truth
10212	8687735:46:SNP:G>C	1	representative_allele_is_somatic_truth
10214	8688760:117:SNP:G>A	1	representative_allele_is_somatic_truth
10219	8696325:66:SNP:C>A	1	representative_allele_is_somatic_truth
10221	8697577:205:SNP:C>T	1	representative_allele_is_somatic_truth
10227	8711207:368:SNP:A>T	1	representative_allele_is_somatic_truth
10228	8712462:152:SNP:T>G	1	representative_allele_is_somatic_truth
10230	8715548:169:SNP:T>G	1	representative_allele_is_somatic_truth
10236	8728729:563:SNP:C>T	1	representative_allele_is_somatic_truth
10240	8744366:265:SNP:C>T	1	representative_allele_is_somatic_truth
10241	8750647:78:SNP:A>T	1	representative_allele_is_somatic_truth
10243	8750985:353:SNP:T>C	1	representative_allele_is_somatic_truth
10245	8754990:7:SNP:C>G	1	representative_allele_is_somatic_truth
10246	8758256:33:SNP:T>G	1	representative_allele_is_somatic_truth
10247	8762507:2:SNP:T>C	1	representative_allele_is_somatic_truth
10248	8767767:43:SNP:G>A	1	representative_allele_is_somatic_truth
10254	8784496:15:SNP:C>T	1	representative_allele_is_somatic_truth
10258	8787354:289:SNP:T>A	1	representative_allele_is_somatic_truth
10259	8789440:131:SNP:T>A	1	representative_allele_is_somatic_truth
10260	8791675:697:SNP:C>A	1	representative_allele_is_somatic_truth
10264	8803158:140:SNP:C>T	1	representative_allele_is_somatic_truth
10265	8804656:110:SNP:A>G	1	representative_allele_is_somatic_truth
10267	8806822:31:SNP:G>T	1	representative_allele_is_somatic_truth
10268	8807196:0:SNP:T>A	-1	below_snv_min_af
10269	8807200:34:SNP:C>A	1	representative_allele_is_somatic_truth
10271	8810403:98:SNP:C>A	1	representative_allele_is_somatic_truth
10274	8811020:191:SNP:G>A	1	representative_allele_is_somatic_truth
10276	8812991:7:SNP:G>C	1	representative_allele_is_somatic_truth
10277	8813135:69:SNP:C>A	1	representative_allele_is_somatic_truth
10281	8820442:406:SNP:G>C	1	representative_allele_is_somatic_truth
10282	8821005:75:SNP:C>T	1	representative_allele_is_somatic_truth
10285	8823474:445:SNP:T>A	1	representative_allele_is_somatic_truth
10286	8823474:446:SNP:A>C	1	representative_allele_is_somatic_truth
10287	8824019:88:SNP:A>C	1	representative_allele_is_somatic_truth
10288	8824904:231:SNP:C>T	1	representative_allele_is_somatic_truth
10289	8825566:268:SNP:G>A	1	representative_allele_is_somatic_truth
10291	8826171:0:SNP:C>T	1	representative_allele_is_somatic_truth
10292	8827670:70:SNP:T>C	1	representative_allele_is_somatic_truth
10293	8828073:141:SNP:G>C	1	representative_allele_is_somatic_truth
10294	8830128:2:SNP:G>C	1	representative_allele_is_somatic_truth
10297	8833477:48:SNP:C>A	1	representative_allele_is_somatic_truth
10298	8836552:90:SNP:G>C	1	representative_allele_is_somatic_truth
10300	8839582:169:SNP:G>T	1	representative_allele_is_somatic_truth
10306	8851377:149:SNP:G>A	1	representative_allele_is_somatic_truth
10307	8862880:201:SNP:A>C	1	representative_allele_is_somatic_truth
10309	8864335:107:SNP:C>T	1	representative_allele_is_somatic_truth
10310	8865278:30:SNP:C>G	1	representative_allele_is_somatic_truth
10313	8867507:53:SNP:G>A	1	representative_allele_is_somatic_truth
10315	8876455:0:SNP:T>A	1	representative_allele_is_somatic_truth
10316	8877937:657:SNP:A>C	1	representative_allele_is_somatic_truth
10320	8881706:170:SNP:C>A	1	representative_allele_is_somatic_truth
10322	8893344:1:SNP:T>A	1	representative_allele_is_somatic_truth
10323	8895218:291:SNP:G>A	1	representative_allele_is_somatic_truth
10325	8905051:89:SNP:C>A	1	representative_allele_is_somatic_truth
10326	8905351:47:SNP:A>G	1	representative_allele_is_somatic_truth
10327	8909316:38:SNP:A>T	1	representative_allele_is_somatic_truth
10328	8910731:18:SNP:C>T	1	representative_allele_is_somatic_truth
10330	8923841:70:SNP:T>G	1	representative_allele_is_somatic_truth
10334	8937447:177:SNP:G>C	1	representative_allele_is_somatic_truth
10335	8943376:140:SNP:C>T	1	representative_allele_is_somatic_truth
10337	8948555:30:SNP:G>A	1	representative_allele_is_somatic_truth
10340	8954953:227:SNP:T>G	1	representative_allele_is_somatic_truth
10341	8955433:352:SNP:C>T	1	representative_allele_is_somatic_truth
10344	8957626:0:SNP:T>G	1	representative_allele_is_somatic_truth
10345	8959523:48:SNP:G>A	1	representative_allele_is_somatic_truth
10346	8959720:25:SNP:A>G	1	representative_allele_is_somatic_truth
10347	8961222:90:SNP:G>T	1	representative_allele_is_somatic_truth
10348	8962308:106:SNP:C>A	1	representative_allele_is_somatic_truth
10349	8966890:77:SNP:G>A	1	representative_allele_is_somatic_truth
10351	8969996:31:SNP:A>G	1	representative_allele_is_somatic_truth
10354	8977745:355:SNP:G>A	1	representative_allele_is_somatic_truth
10359	8989465:49:SNP:G>C	1	representative_allele_is_somatic_truth
10365	9020553:30:SNP:C>A	1	representative_allele_is_somatic_truth
10370	9048716:62:SNP:G>C	1	representative_allele_is_somatic_truth
10372	9051680:113:SNP:T>C	1	representative_allele_is_somatic_truth
10373	9063597:8:SNP:T>A	1	representative_allele_is_somatic_truth
10374	9069827:18:SNP:C>A	1	representative_allele_is_somatic_truth
10377	9082226:2:SNP:C>T	1	representative_allele_is_somatic_truth
10382	9099602:161:SNP:C>T	1	representative_allele_is_somatic_truth
10383	9099636:15:SNP:C>G	1	representative_allele_is_somatic_truth
10388	9111859:227:SNP:G>A	1	representative_allele_is_somatic_truth
10389	9119954:15:SNP:A>G	1	representative_allele_is_somatic_truth
10390	9120401:29:SNP:G>A	1	representative_allele_is_somatic_truth
10400	9160845:325:SNP:G>A	1	representative_allele_is_somatic_truth
10401	9169601:35:SNP:C>T	1	representative_allele_is_somatic_truth
10404	9178825:162:SNP:C>T	1	representative_allele_is_somatic_truth
10406	9187411:145:SNP:C>T	1	representative_allele_is_somatic_truth
10409	9214345:289:SNP:A>G	1	representative_allele_is_somatic_truth
10410	9221185:173:SNP:C>G	1	representative_allele_is_somatic_truth
10411	9234756:13:SNP:A>T	1	representative_allele_is_somatic_truth
10412	9238942:6:SNP:G>A	1	representative_allele_is_somatic_truth
10413	9241353:55:SNP:T>C	1	representative_allele_is_somatic_truth
10414	9243520:11:SNP:A>T	1	representative_allele_is_somatic_truth
10415	9256222:0:SNP:T>C	1	representative_allele_is_somatic_truth
10417	9268090:722:SNP:C>A	1	representative_allele_is_somatic_truth
10419	9275724:25:SNP:G>A	1	representative_allele_is_somatic_truth
10420	9279032:122:SNP:A>T	1	representative_allele_is_somatic_truth
10424	9291332:30:SNP:C>T	1	representative_allele_is_somatic_truth
10425	9299189:137:SNP:C>A	1	representative_allele_is_somatic_truth
10433	9346247:183:SNP:T>A	1	representative_allele_is_somatic_truth
10435	9363351:21:SNP:G>A	1	representative_allele_is_somatic_truth
10438	9369046:44:SNP:G>A	1	representative_allele_is_somatic_truth
10439	9369380:137:SNP:G>T	1	representative_allele_is_somatic_truth
10443	9375883:230:SNP:T>A	1	representative_allele_is_somatic_truth
10446	9379094:155:SNP:G>A	1	representative_allele_is_somatic_truth
10448	9379757:0:SNP:G>A	1	representative_allele_is_somatic_truth
10451	9381548:60:SNP:G>T	1	representative_allele_is_somatic_truth
10452	9382872:26:SNP:G>A	1	representative_allele_is_somatic_truth
10454	9386635:14:SNP:G>T	1	representative_allele_is_somatic_truth
10457	9395438:108:SNP:C>T	1	representative_allele_is_somatic_truth
9951	9411572:20:SNP:C>A	1	representative_allele_is_somatic_truth
9949	9419133:322:SNP:C>T	1	representative_allele_is_somatic_truth
9947	9423443:277:SNP:C>T	1	representative_allele_is_somatic_truth
9943	9436137:267:SNP:T>C	1	representative_allele_is_somatic_truth
9941	9443693:76:SNP:G>T	1	representative_allele_is_somatic_truth
9940	9450288:39:SNP:A>G	1	representative_allele_is_somatic_truth
9935	9458376:29:SNP:G>T	1	representative_allele_is_somatic_truth
9933	9459458:40:SNP:G>C	1	representative_allele_is_somatic_truth
9931	9466351:402:SNP:G>A	1	representative_allele_is_somatic_truth
9930	9467212:33:SNP:G>A	1	representative_allele_is_somatic_truth
9929	9468006:24:SNP:G>T	1	representative_allele_is_somatic_truth
9928	9471733:76:SNP:C>T	1	representative_allele_is_somatic_truth
9926	9474687:14:SNP:A>G	1	representative_allele_is_somatic_truth
9925	9485318:79:SNP:G>T	1	representative_allele_is_somatic_truth
9924	9493560:60:SNP:T>C	1	representative_allele_is_somatic_truth
9923	9497442:53:SNP:T>A	1	representative_allele_is_somatic_truth
9922	9500649:109:SNP:G>C	1	representative_allele_is_somatic_truth
9920	9502208:2:SNP:G>A	1	representative_allele_is_somatic_truth
9918	9528413:1:SNP:T>C	1	representative_allele_is_somatic_truth
9916	9540347:5:SNP:G>A	1	representative_allele_is_somatic_truth
9911	9555566:14:SNP:A>G	1	representative_allele_is_somatic_truth
9909	9559797:46:SNP:C>T	1	representative_allele_is_somatic_truth
9906	9564392:108:SNP:C>T	1	representative_allele_is_somatic_truth
9905	9567241:78:SNP:T>C	1	representative_allele_is_somatic_truth
9902	9568411:139:SNP:C>T	1	representative_allele_is_somatic_truth
9897	9574654:358:SNP:T>G	1	representative_allele_is_somatic_truth
9537	9589126:140:SNP:A>G	1	representative_allele_is_somatic_truth
10006	9606963:14:SNP:C>T	1	representative_allele_is_somatic_truth
10007	9614853:29:SNP:G>A	1	representative_allele_is_somatic_truth
10010	9621052:287:SNP:C>T	1	representative_allele_is_somatic_truth
10011	9621307:16:SNP:C>T	1	representative_allele_is_somatic_truth
10015	9634758:11:SNP:C>G	1	representative_allele_is_somatic_truth
10016	9635157:101:SNP:G>T	1	representative_allele_is_somatic_truth
10017	9636095:198:SNP:G>A	1	representative_allele_is_somatic_truth
10021	9653139:5:SNP:C>T	1	representative_allele_is_somatic_truth
10023	9659067:135:SNP:G>A	1	representative_allele_is_somatic_truth
10024	9660542:44:SNP:C>A	1	representative_allele_is_somatic_truth
10025	9660542:45:SNP:A>C	1	representative_allele_is_somatic_truth
10026	9662064:3:SNP:C>T	1	representative_allele_is_somatic_truth
10028	9662951:160:SNP:A>C	1	representative_allele_is_somatic_truth
10029	9665280:50:SNP:G>C	1	representative_allele_is_somatic_truth
10031	9672401:282:SNP:G>A	1	representative_allele_is_somatic_truth
10032	9672401:283:SNP:C>T	1	representative_allele_is_somatic_truth
10033	9673157:161:SNP:G>A	1	representative_allele_is_somatic_truth
10034	9679418:53:SNP:G>A	1	representative_allele_is_somatic_truth
10036	9684734:209:SNP:C>T	1	representative_allele_is_somatic_truth
10037	9689167:22:SNP:A>G	1	representative_allele_is_somatic_truth
10038	9690916:48:SNP:T>G	1	representative_allele_is_somatic_truth
10459	9708470:141:SNP:G>T	1	representative_allele_is_somatic_truth
10460	9708589:36:SNP:C>G	1	representative_allele_is_somatic_truth
10461	9712250:102:SNP:C>T	1	representative_allele_is_somatic_truth
10462	9712555:99:SNP:C>T	1	representative_allele_is_somatic_truth
10465	9721253:293:SNP:G>T	1	representative_allele_is_somatic_truth
10467	9723601:136:SNP:C>G	1	representative_allele_is_somatic_truth
10470	9733704:132:SNP:G>A	1	representative_allele_is_somatic_truth
10472	9737136:12:SNP:C>T	1	representative_allele_is_somatic_truth
10475	9741756:0:SNP:G>A	1	representative_allele_is_somatic_truth
10476	9742400:85:SNP:G>T	1	representative_allele_is_somatic_truth
10478	9748380:33:SNP:T>A	1	representative_allele_is_somatic_truth
10482	9761100:139:SNP:G>T	1	representative_allele_is_somatic_truth
10483	9762797:0:SNP:G>A	1	representative_allele_is_somatic_truth
10485	9763221:82:SNP:T>A	1	representative_allele_is_somatic_truth
10486	9764236:62:SNP:C>A	1	representative_allele_is_somatic_truth
10487	9764351:25:SNP:G>A	1	representative_allele_is_somatic_truth
10489	9768578:24:SNP:C>A	1	representative_allele_is_somatic_truth
10490	9772454:126:SNP:T>A	1	representative_allele_is_somatic_truth
10495	9789436:58:SNP:G>A	1	representative_allele_is_somatic_truth
10496	9789436:59:SNP:C>A	1	representative_allele_is_somatic_truth
10500	9795987:17:SNP:G>A	1	representative_allele_is_somatic_truth
10501	9796834:277:SNP:A>G	1	representative_allele_is_somatic_truth
10186	9800801:81:SNP:T>A	1	representative_allele_is_somatic_truth
10187	9800801:82:SNP:C>A	1	representative_allele_is_somatic_truth
10188	9800801:83:SNP:T>A	1	representative_allele_is_somatic_truth
10511	9812776:2:SNP:T>A	1	representative_allele_is_somatic_truth
10510	9814389:51:SNP:G>C	1	representative_allele_is_somatic_truth
10507	9819161:87:SNP:C>T	1	representative_allele_is_somatic_truth
10505	9822725:98:SNP:G>A	1	representative_allele_is_somatic_truth
10503	9828673:0:SNP:C>G	1	representative_allele_is_somatic_truth
10502	9832048:109:SNP:G>A	1	representative_allele_is_somatic_truth
9887	9846283:52:SNP:C>A	1	representative_allele_is_somatic_truth
9886	9847092:81:SNP:T>A	1	representative_allele_is_somatic_truth
9885	9851068:113:SNP:C>A	-1	below_snv_min_af
9881	9862036:498:SNP:G>A	1	representative_allele_is_somatic_truth
9879	9874006:55:SNP:C>T	1	representative_allele_is_somatic_truth
9877	9887538:482:SNP:A>C	1	representative_allele_is_somatic_truth
9867	9905928:92:SNP:T>A	1	representative_allele_is_somatic_truth
9866	9911239:93:SNP:C>T	1	representative_allele_is_somatic_truth
9865	9912559:130:SNP:G>A	1	representative_allele_is_somatic_truth
9862	9918380:57:SNP:C>G	1	representative_allele_is_somatic_truth
9861	9926705:32:SNP:C>A	1	representative_allele_is_somatic_truth
9860	9927140:22:SNP:C>A	1	representative_allele_is_somatic_truth
9854	9931121:127:SNP:C>T	1	representative_allele_is_somatic_truth
9850	9932932:55:SNP:G>A	1	representative_allele_is_somatic_truth
9847	9940815:67:SNP:G>A	1	representative_allele_is_somatic_truth
9846	9940914:89:SNP:G>A	1	representative_allele_is_somatic_truth
9845	9944323:200:SNP:C>A	1	representative_allele_is_somatic_truth
9844	9945627:28:SNP:C>T	1	representative_allele_is_somatic_truth
9842	9950981:53:SNP:G>A	1	representative_allele_is_somatic_truth
9839	9953373:235:SNP:C>T	1	representative_allele_is_somatic_truth
9838	9954645:262:SNP:A>T	1	representative_allele_is_somatic_truth
9836	9956900:25:SNP:G>A	1	representative_allele_is_somatic_truth
9835	9957038:62:SNP:C>T	1	representative_allele_is_somatic_truth
9833	9963095:42:SNP:T>G	1	representative_allele_is_somatic_truth
9831	9965631:346:SNP:G>A	1	representative_allele_is_somatic_truth
9830	9967614:157:SNP:C>T	1	representative_allele_is_somatic_truth
9827	9969360:151:SNP:A>T	1	representative_allele_is_somatic_truth
9824	9979850:93:SNP:G>C	1	representative_allele_is_somatic_truth
9822	9984657:16:SNP:G>A	1	representative_allele_is_somatic_truth
9821	9988821:72:SNP:G>A	1	representative_allele_is_somatic_truth
9819	9993053:261:SNP:A>G	1	representative_allele_is_somatic_truth
9817	9995524:146:SNP:G>A	1	representative_allele_is_somatic_truth
9815	10000518:12:SNP:C>T	1	representative_allele_is_somatic_truth
9814	10003114:46:SNP:A>T	1	representative_allele_is_somatic_truth
9813	10006076:8:SNP:G>A	1	representative_allele_is_somatic_truth
10185	10018881:136:SNP:G>T	1	representative_allele_is_somatic_truth
9889	10020332:304:SNP:G>T	1	representative_allele_is_somatic_truth
9892	10029628:26:SNP:C>T	1	representative_allele_is_somatic_truth
9985	10074884:2:SNP:T>A	1	representative_allele_is_somatic_truth
9986	10074913:135:SNP:A>G	1	representative_allele_is_somatic_truth
9989	10079922:13:SNP:C>T	1	representative_allele_is_somatic_truth
9993	10102832:68:SNP:C>G	1	representative_allele_is_somatic_truth
9994	10107640:54:SNP:C>T	1	representative_allele_is_somatic_truth
9995	10116940:173:SNP:C>T	1	representative_allele_is_somatic_truth
9996	10121274:68:SNP:C>A	1	representative_allele_is_somatic_truth
9998	10123927:47:SNP:C>T	1	representative_allele_is_somatic_truth
9999	10124617:609:SNP:C>G	1	representative_allele_is_somatic_truth
10002	10132262:242:SNP:G>A	1	representative_allele_is_somatic_truth
10514	10138196:208:SNP:T>C	1	representative_allele_is_somatic_truth
10515	10142977:11:SNP:C>T	1	representative_allele_is_somatic_truth
10517	10172830:12:SNP:C>T	1	representative_allele_is_somatic_truth
10520	10179770:332:SNP:C>T	1	representative_allele_is_somatic_truth
10522	10189123:48:SNP:G>T	1	representative_allele_is_somatic_truth
10524	10192770:69:SNP:G>A	1	representative_allele_is_somatic_truth
10525	10196192:560:SNP:G>A	1	representative_allele_is_somatic_truth
10526	10202704:31:SNP:C>T	1	representative_allele_is_somatic_truth
10528	10221036:187:SNP:C>T	1	representative_allele_is_somatic_truth
10529	10221299:83:SNP:C>T	1	representative_allele_is_somatic_truth
10530	10226125:42:SNP:C>T	1	representative_allele_is_somatic_truth
10532	10229002:18:SNP:T>G	1	representative_allele_is_somatic_truth
10533	10231433:3:SNP:C>T	1	representative_allele_is_somatic_truth
10537	10237822:122:SNP:C>T	1	representative_allele_is_somatic_truth
10539	10244077:53:SNP:T>C	1	representative_allele_is_somatic_truth
10541	10249368:309:SNP:C>A	1	representative_allele_is_somatic_truth
10546	10258153:84:SNP:G>A	1	representative_allele_is_somatic_truth
10547	10262833:333:SNP:G>C	1	representative_allele_is_somatic_truth
10548	10267176:18:SNP:C>T	1	representative_allele_is_somatic_truth
10549	10270019:434:SNP:G>T	1	representative_allele_is_somatic_truth
10550	10272221:151:SNP:C>A	1	representative_allele_is_somatic_truth
10553	10273601:278:SNP:C>T	1	representative_allele_is_somatic_truth
10554	10273601:282:SNP:G>T	1	representative_allele_is_somatic_truth
10555	10273601:283:SNP:G>A	1	representative_allele_is_somatic_truth
10558	10290740:59:SNP:C>G	1	representative_allele_is_somatic_truth
10560	10291640:0:SNP:A>T	1	representative_allele_is_somatic_truth
10561	10291735:109:SNP:G>T	1	representative_allele_is_somatic_truth
10564	10305122:382:SNP:C>A	1	representative_allele_is_somatic_truth
10566	10314777:47:SNP:G>A	1	representative_allele_is_somatic_truth
10576	10339535:31:SNP:C>T	1	representative_allele_is_somatic_truth
10577	10339984:166:SNP:G>T	1	representative_allele_is_somatic_truth
10578	10339984:167:SNP:G>A	1	representative_allele_is_somatic_truth
10580	10342068:260:SNP:A>G	1	representative_allele_is_somatic_truth
10581	10342269:236:SNP:G>A	1	representative_allele_is_somatic_truth
10585	10355201:46:SNP:G>A	1	representative_allele_is_somatic_truth
10587	10365261:151:SNP:A>C	1	representative_allele_is_somatic_truth
10588	10377164:1:SNP:A>C	1	representative_allele_is_somatic_truth
10589	10378276:151:SNP:C>T	1	representative_allele_is_somatic_truth
10591	10382519:12:SNP:G>C	1	representative_allele_is_somatic_truth
10595	10395561:97:SNP:C>G	1	representative_allele_is_somatic_truth
10599	10403189:91:SNP:T>A	1	representative_allele_is_somatic_truth
10601	10411716:112:SNP:A>C	1	representative_allele_is_somatic_truth
10602	10411716:113:SNP:G>T	1	representative_allele_is_somatic_truth
10603	10413281:172:SNP:A>G	1	representative_allele_is_somatic_truth
10608	10434603:174:SNP:C>A	1	representative_allele_is_somatic_truth
10609	10438558:14:SNP:C>T	1	representative_allele_is_somatic_truth
10611	10441682:7:SNP:T>G	1	representative_allele_is_somatic_truth
10619	10466636:18:SNP:G>C	1	representative_allele_is_somatic_truth
10620	10471006:29:SNP:C>G	1	representative_allele_is_somatic_truth
10621	10473223:102:SNP:T>C	1	representative_allele_is_somatic_truth
10624	10478514:107:SNP:G>T	1	representative_allele_is_somatic_truth
10628	10483317:106:SNP:T>G	1	representative_allele_is_somatic_truth
10630	10492324:180:SNP:C>T	1	representative_allele_is_somatic_truth
10631	10492623:90:SNP:C>G	1	representative_allele_is_somatic_truth
10635	10509978:123:SNP:G>T	1	representative_allele_is_somatic_truth
10636	10514416:8:SNP:C>A	1	representative_allele_is_somatic_truth
10733	10520020:191:SNP:C>A	1	representative_allele_is_somatic_truth
10731	10524475:173:SNP:C>A	1	representative_allele_is_somatic_truth
10729	10526060:27:SNP:C>A	1	representative_allele_is_somatic_truth
10726	10527041:77:SNP:C>T	1	representative_allele_is_somatic_truth
10723	10529107:281:SNP:G>T	1	representative_allele_is_somatic_truth
10722	10529134:187:SNP:A>T	1	representative_allele_is_somatic_truth
10721	10530265:292:SNP:G>A	1	representative_allele_is_somatic_truth
10719	10532444:141:SNP:G>A	1	representative_allele_is_somatic_truth
10717	10536037:8:SNP:C>T	1	representative_allele_is_somatic_truth
10715	10536467:38:SNP:G>C	1	representative_allele_is_somatic_truth
10716	10536467:39:SNP:G>A	1	representative_allele_is_somatic_truth
10714	10537394:186:SNP:A>T	1	representative_allele_is_somatic_truth
10711	10539670:49:SNP:T>A	1	representative_allele_is_somatic_truth
10709	10540262:583:SNP:C>A	1	representative_allele_is_somatic_truth
10707	10542678:101:SNP:C>T	1	representative_allele_is_somatic_truth
10706	10543894:254:SNP:G>A	1	representative_allele_is_somatic_truth
10703	10549662:78:SNP:G>A	1	representative_allele_is_somatic_truth
10702	10550947:126:SNP:G>A	1	representative_allele_is_somatic_truth
10700	10551416:3:SNP:C>T	1	representative_allele_is_somatic_truth
10695	10559338:44:SNP:C>G	1	representative_allele_is_somatic_truth
10694	10565043:87:SNP:C>G	1	representative_allele_is_somatic_truth
10692	10569237:77:SNP:C>T	1	representative_allele_is_somatic_truth
10818	10581008:90:SNP:G>A	1	representative_allele_is_somatic_truth
10819	10581473:20:SNP:G>A	1	representative_allele_is_somatic_truth
10824	10588322:168:SNP:A>C	1	representative_allele_is_somatic_truth
10828	10592011:83:SNP:T>A	1	representative_allele_is_somatic_truth
10829	10592011:88:SNP:A>G	1	representative_allele_is_somatic_truth
10832	10596468:132:SNP:T>C	1	representative_allele_is_somatic_truth
10834	10621035:25:SNP:A>G	1	representative_allele_is_somatic_truth
10836	10635362:30:SNP:A>T	1	representative_allele_is_somatic_truth
10837	10636927:44:SNP:C>G	1	representative_allele_is_somatic_truth
10838	10641321:56:SNP:C>G	1	representative_allele_is_somatic_truth
10839	10656180:3:SNP:C>G	1	representative_allele_is_somatic_truth
10846	10674073:21:SNP:C>T	1	representative_allele_is_somatic_truth
10850	10703025:56:SNP:T>C	1	representative_allele_is_somatic_truth
10851	10711963:13:SNP:C>A	1	representative_allele_is_somatic_truth
10852	10711963:14:SNP:T>C	1	representative_allele_is_somatic_truth
10859	10766507:217:SNP:G>A	1	representative_allele_is_somatic_truth
10860	10772092:14:SNP:A>G	1	representative_allele_is_somatic_truth
10861	10774313:171:SNP:T>C	1	representative_allele_is_somatic_truth
10862	10797425:9:SNP:C>T	1	representative_allele_is_somatic_truth
10863	10798604:127:SNP:G>T	1	representative_allele_is_somatic_truth
10864	10798604:128:SNP:G>C	1	representative_allele_is_somatic_truth
10865	10802977:84:SNP:G>A	1	representative_allele_is_somatic_truth
10867	10811779:20:SNP:C>G	1	representative_allele_is_somatic_truth
10868	10815576:95:SNP:T>A	1	representative_allele_is_somatic_truth
10873	10834561:118:SNP:G>A	1	representative_allele_is_somatic_truth
10875	10839082:331:SNP:T>A	1	representative_allele_is_somatic_truth
10877	10851450:117:SNP:G>A	1	representative_allele_is_somatic_truth
10882	10865091:280:SNP:G>C	1	representative_allele_is_somatic_truth
10884	10900949:0:SNP:G>A	1	representative_allele_is_somatic_truth
10885	10904081:80:SNP:G>C	1	representative_allele_is_somatic_truth
10887	10912179:119:SNP:G>A	1	representative_allele_is_somatic_truth
10888	10912181:275:SNP:G>A	1	representative_allele_is_somatic_truth
10890	10916100:212:SNP:A>G	1	representative_allele_is_somatic_truth
10893	10919718:428:SNP:A>T	1	representative_allele_is_somatic_truth
10895	10939882:37:SNP:C>A	1	representative_allele_is_somatic_truth
10898	10947105:75:SNP:G>T	1	representative_allele_is_somatic_truth
10899	10947825:16:SNP:T>A	1	representative_allele_is_somatic_truth
10901	10958252:15:SNP:T>A	1	representative_allele_is_somatic_truth
10903	10963893:0:SNP:T>A	1	representative_allele_is_somatic_truth
10904	10965119:272:SNP:G>A	1	representative_allele_is_somatic_truth
10906	10969276:163:SNP:G>T	1	representative_allele_is_somatic_truth
10907	10972283:82:SNP:T>A	1	representative_allele_is_somatic_truth
10908	10979993:57:SNP:G>T	1	representative_allele_is_somatic_truth
10911	10991725:27:SNP:A>T	1	representative_allele_is_somatic_truth
10912	10991779:14:SNP:C>T	1	representative_allele_is_somatic_truth
10917	11017151:273:SNP:C>A	1	representative_allele_is_somatic_truth
10920	11026292:351:SNP:G>A	1	representative_allele_is_somatic_truth
10923	11038687:253:SNP:C>T	1	representative_allele_is_somatic_truth
10926	11062708:181:SNP:G>T	1	representative_allele_is_somatic_truth
10928	11065900:263:SNP:A>C	1	representative_allele_is_somatic_truth
10929	11075620:128:SNP:C>A	1	representative_allele_is_somatic_truth
10930	11076669:58:SNP:A>G	1	representative_allele_is_somatic_truth
10931	11077689:168:SNP:G>T	1	representative_allele_is_somatic_truth
10932	11077742:303:SNP:C>T	1	representative_allele_is_somatic_truth
10934	11081222:338:SNP:G>C	1	representative_allele_is_somatic_truth
10935	11082796:226:SNP:A>C	1	representative_allele_is_somatic_truth
10937	11098292:129:SNP:T>C	1	representative_allele_is_somatic_truth
10939	11122842:31:SNP:C>A	1	representative_allele_is_somatic_truth
10940	11124862:217:SNP:G>C	1	representative_allele_is_somatic_truth
10942	11132351:0:SNP:A>G	1	representative_allele_is_somatic_truth
10943	11133964:257:SNP:C>T	1	representative_allele_is_somatic_truth
10945	11135918:11:SNP:T>C	1	representative_allele_is_somatic_truth
10948	11142929:207:SNP:G>A	1	representative_allele_is_somatic_truth
10949	11143489:154:SNP:A>G	1	representative_allele_is_somatic_truth
10951	11148659:207:SNP:C>T	1	representative_allele_is_somatic_truth
10952	11150936:253:SNP:T>A	1	representative_allele_is_somatic_truth
10953	11151439:431:SNP:C>T	1	representative_allele_is_somatic_truth
10956	11157276:1:SNP:T>A	1	representative_allele_is_somatic_truth
10958	11166230:28:SNP:C>T	1	representative_allele_is_somatic_truth
10960	11172861:0:SNP:C>A	1	representative_allele_is_somatic_truth
10961	11179022:16:SNP:G>C	1	representative_allele_is_somatic_truth
10962	11181534:135:SNP:C>T	1	representative_allele_is_somatic_truth
10966	11190863:164:SNP:C>T	1	representative_allele_is_somatic_truth
10967	11196112:189:SNP:C>A	1	representative_allele_is_somatic_truth
10968	11198600:191:SNP:G>A	1	representative_allele_is_somatic_truth
10969	11200919:79:SNP:G>T	1	representative_allele_is_somatic_truth
10971	11203646:16:SNP:C>G	1	representative_allele_is_somatic_truth
10973	11214953:28:SNP:G>A	1	representative_allele_is_somatic_truth
10978	11265461:27:SNP:G>A	1	representative_allele_is_somatic_truth
10982	11267608:2:SNP:A>C	1	representative_allele_is_somatic_truth
10983	11267837:343:SNP:C>T	1	representative_allele_is_somatic_truth
10986	11276397:559:SNP:C>A	1	representative_allele_is_somatic_truth
10987	11276430:130:SNP:G>A	1	representative_allele_is_somatic_truth
10991	11278546:43:SNP:G>A	1	representative_allele_is_somatic_truth
10993	11281284:179:SNP:G>A	1	representative_allele_is_somatic_truth
10995	11297158:87:SNP:C>T	1	representative_allele_is_somatic_truth
10996	11297959:506:SNP:C>T	1	representative_allele_is_somatic_truth
10997	11301872:18:SNP:G>A	1	representative_allele_is_somatic_truth
10998	11305842:16:SNP:A>G	1	representative_allele_is_somatic_truth
10999	11309874:6:SNP:T>A	1	representative_allele_is_somatic_truth
11000	11310815:693:SNP:G>C	1	representative_allele_is_somatic_truth
11001	11311145:138:SNP:A>C	1	representative_allele_is_somatic_truth
11005	11323030:71:SNP:A>C	1	representative_allele_is_somatic_truth
11008	11327987:37:SNP:T>A	1	representative_allele_is_somatic_truth
11009	11337965:438:SNP:G>A	1	representative_allele_is_somatic_truth
11012	11349882:20:SNP:T>A	1	representative_allele_is_somatic_truth
11013	11353703:7:SNP:C>T	1	representative_allele_is_somatic_truth
11015	11363792:246:SNP:G>T	1	representative_allele_is_somatic_truth
11018	11372554:0:SNP:G>C	1	representative_allele_is_somatic_truth
11019	11372843:51:SNP:G>A	1	representative_allele_is_somatic_truth
11020	11380709:562:SNP:G>A	1	representative_allele_is_somatic_truth
11027	11395884:410:SNP:C>A	1	representative_allele_is_somatic_truth
11029	11404250:26:SNP:T>C	1	representative_allele_is_somatic_truth
11032	11417911:141:SNP:G>A	1	representative_allele_is_somatic_truth
11033	11418636:216:SNP:T>A	1	representative_allele_is_somatic_truth
11036	11430528:124:SNP:G>C	1	representative_allele_is_somatic_truth
11037	11432977:158:SNP:T>A	1	representative_allele_is_somatic_truth
11039	11444343:51:SNP:T>A	1	representative_allele_is_somatic_truth
11040	11446141:232:SNP:G>C	1	representative_allele_is_somatic_truth
11042	11459779:107:SNP:G>A	1	representative_allele_is_somatic_truth
11044	11464648:14:SNP:G>A	1	representative_allele_is_somatic_truth
11049	11480826:129:SNP:G>C	1	representative_allele_is_somatic_truth
11050	11481213:252:SNP:G>T	1	representative_allele_is_somatic_truth
11056	11523561:16:SNP:G>A	1	representative_allele_is_somatic_truth
11057	11525684:327:SNP:G>T	1	representative_allele_is_somatic_truth
11059	11537950:154:SNP:C>T	1	representative_allele_is_somatic_truth
11060	11539939:270:SNP:T>G	1	representative_allele_is_somatic_truth
11063	11583813:34:SNP:T>C	1	representative_allele_is_somatic_truth
11066	11599424:359:SNP:C>G	1	representative_allele_is_somatic_truth
11067	11600895:94:SNP:G>T	1	representative_allele_is_somatic_truth
11070	11609755:71:SNP:G>T	1	representative_allele_is_somatic_truth
11071	11613400:406:SNP:G>C	1	representative_allele_is_somatic_truth
11074	11626964:204:SNP:A>T	1	representative_allele_is_somatic_truth
11075	11626964:205:SNP:G>T	1	representative_allele_is_somatic_truth
11076	11627864:118:SNP:C>G	1	representative_allele_is_somatic_truth
11077	11630034:324:SNP:G>A	1	representative_allele_is_somatic_truth
11084	11642192:64:SNP:G>C	1	representative_allele_is_somatic_truth
11088	11653213:68:SNP:C>G	1	representative_allele_is_somatic_truth
11089	11654690:41:SNP:T>C	1	representative_allele_is_somatic_truth
11092	11670251:76:SNP:G>C	1	representative_allele_is_somatic_truth
11093	11672204:22:SNP:G>A	1	representative_allele_is_somatic_truth
11097	11689336:263:SNP:T>C	1	representative_allele_is_somatic_truth
11098	11689566:68:SNP:A>G	1	representative_allele_is_somatic_truth
11099	11694724:10:SNP:T>C	1	representative_allele_is_somatic_truth
11100	11700159:3:SNP:G>A	1	representative_allele_is_somatic_truth
11102	11715793:0:SNP:G>A	1	representative_allele_is_somatic_truth
11103	11715820:10:SNP:G>A	1	representative_allele_is_somatic_truth
11105	11722066:109:SNP:C>T	1	representative_allele_is_somatic_truth
11107	11734198:119:SNP:G>T	1	representative_allele_is_somatic_truth
11112	11742487:60:SNP:A>T	1	representative_allele_is_somatic_truth
11116	11773674:348:SNP:G>C	1	representative_allele_is_somatic_truth
11119	11788456:12:SNP:G>A	1	representative_allele_is_somatic_truth
11120	11788456:13:SNP:G>A	1	representative_allele_is_somatic_truth
11121	11800539:166:SNP:G>A	1	representative_allele_is_somatic_truth
11122	11801749:0:SNP:A>T	1	representative_allele_is_somatic_truth
11124	11806722:57:SNP:C>T	1	representative_allele_is_somatic_truth
11125	11807200:12:SNP:G>A	1	representative_allele_is_somatic_truth
11130	11833450:270:SNP:C>T	1	representative_allele_is_somatic_truth
11133	11837029:24:SNP:C>G	1	representative_allele_is_somatic_truth
11135	11839327:147:SNP:T>C	1	representative_allele_is_somatic_truth
11141	11854544:201:SNP:A>T	1	representative_allele_is_somatic_truth
11142	11855337:984:SNP:G>C	1	representative_allele_is_somatic_truth
11144	11866957:301:SNP:C>T	1	representative_allele_is_somatic_truth
11149	11878337:22:SNP:C>G	1	representative_allele_is_somatic_truth
11151	11882258:247:SNP:G>A	1	representative_allele_is_somatic_truth
11153	11890559:168:SNP:C>G	1	representative_allele_is_somatic_truth
11154	11894590:75:SNP:A>T	1	representative_allele_is_somatic_truth
11155	11895060:47:SNP:G>T	1	representative_allele_is_somatic_truth
11156	11899037:34:SNP:A>G	1	representative_allele_is_somatic_truth
11160	11913080:43:SNP:C>T	1	representative_allele_is_somatic_truth
11163	11932159:8:SNP:G>C	1	representative_allele_is_somatic_truth
11164	11932981:46:SNP:A>C	1	representative_allele_is_somatic_truth
11165	11935573:101:SNP:C>T	1	representative_allele_is_somatic_truth
11171	11954767:1:SNP:C>T	1	representative_allele_is_somatic_truth
11172	11957027:93:SNP:C>T	1	representative_allele_is_somatic_truth
11178	11964619:260:SNP:C>A	1	representative_allele_is_somatic_truth
11179	11967475:43:SNP:G>A	1	representative_allele_is_somatic_truth
11180	11967475:82:SNP:G>C	1	representative_allele_is_somatic_truth
11182	11977223:133:SNP:T>A	1	representative_allele_is_somatic_truth
11185	11981025:153:SNP:C>T	1	representative_allele_is_somatic_truth
11188	11992442:40:SNP:C>T	1	representative_allele_is_somatic_truth
11194	12003346:23:SNP:G>A	1	representative_allele_is_somatic_truth
11195	12013378:104:SNP:C>T	1	representative_allele_is_somatic_truth
11196	12021181:10:SNP:G>C	1	representative_allele_is_somatic_truth
11197	12021196:35:SNP:G>C	1	representative_allele_is_somatic_truth
10691	12040877:162:SNP:A>T	1	representative_allele_is_somatic_truth
10689	12041608:257:SNP:G>A	1	representative_allele_is_somatic_truth
10688	12042714:640:SNP:C>T	1	representative_allele_is_somatic_truth
10684	12048092:38:SNP:G>C	1	representative_allele_is_somatic_truth
10683	12049680:171:SNP:A>G	1	representative_allele_is_somatic_truth
10682	12049720:541:SNP:T>A	1	representative_allele_is_somatic_truth
10677	12056617:97:SNP:C>T	1	representative_allele_is_somatic_truth
10676	12058331:46:SNP:G>A	1	representative_allele_is_somatic_truth
10674	12063287:289:SNP:G>T	1	representative_allele_is_somatic_truth
10672	12065408:367:SNP:G>A	1	representative_allele_is_somatic_truth
10671	12066431:77:SNP:T>G	1	representative_allele_is_somatic_truth
10669	12067864:52:SNP:C>T	1	representative_allele_is_somatic_truth
10666	12076915:8:SNP:C>T	1	representative_allele_is_somatic_truth
10665	12076952:146:SNP:C>G	1	representative_allele_is_somatic_truth
10664	12079746:22:SNP:T>A	1	representative_allele_is_somatic_truth
10663	12081512:70:SNP:C>T	1	representative_allele_is_somatic_truth
10655	12088005:188:SNP:C>G	1	representative_allele_is_somatic_truth
10651	12100043:14:SNP:C>T	1	representative_allele_is_somatic_truth
10650	12103677:26:SNP:G>C	1	representative_allele_is_somatic_truth
10649	12104807:71:SNP:G>C	1	representative_allele_is_somatic_truth
10647	12107112:13:SNP:G>A	1	representative_allele_is_somatic_truth
10642	12126274:0:SNP:A>T	1	representative_allele_is_somatic_truth
11198	12137087:72:SNP:G>A	1	representative_allele_is_somatic_truth
11201	12157789:205:SNP:C>T	1	representative_allele_is_somatic_truth
11203	12158630:175:SNP:G>C	1	representative_allele_is_somatic_truth
11205	12182336:37:SNP:G>A	1	representative_allele_is_somatic_truth
11206	12186138:76:SNP:G>A	1	representative_allele_is_somatic_truth
11208	12225088:31:SNP:G>A	1	representative_allele_is_somatic_truth
11209	12234879:16:SNP:C>T	1	representative_allele_is_somatic_truth
11210	12235020:12:SNP:C>T	1	representative_allele_is_somatic_truth
11211	12259402:129:SNP:G>T	1	representative_allele_is_somatic_truth
11214	12263231:108:SNP:C>T	1	representative_allele_is_somatic_truth
11218	12276138:2:SNP:G>T	1	representative_allele_is_somatic_truth
11219	12281002:52:SNP:G>A	1	representative_allele_is_somatic_truth
11220	12285265:110:SNP:G>A	1	representative_allele_is_somatic_truth
11221	12285265:111:SNP:G>T	1	representative_allele_is_somatic_truth
11222	12286889:227:SNP:G>T	1	representative_allele_is_somatic_truth
11226	12292219:10:SNP:G>T	1	representative_allele_is_somatic_truth
11228	12297098:25:SNP:G>A	1	representative_allele_is_somatic_truth
11233	12304749:357:SNP:C>G	1	representative_allele_is_somatic_truth
11234	12305852:133:SNP:T>G	1	representative_allele_is_somatic_truth
11239	12308372:114:SNP:C>T	1	representative_allele_is_somatic_truth
11243	12311762:96:SNP:G>A	1	representative_allele_is_somatic_truth
11244	12315018:180:SNP:T>C	1	representative_allele_is_somatic_truth
11245	12315023:2:SNP:T>C	1	representative_allele_is_somatic_truth
11247	12316369:2:SNP:G>A	1	representative_allele_is_somatic_truth
11250	12343622:169:SNP:G>A	1	representative_allele_is_somatic_truth
11251	12346121:111:SNP:G>A	1	representative_allele_is_somatic_truth
11252	12347630:3:SNP:C>A	1	representative_allele_is_somatic_truth
11253	12354143:59:SNP:C>G	1	representative_allele_is_somatic_truth
11254	12356647:0:SNP:G>A	1	representative_allele_is_somatic_truth
11257	12360151:32:SNP:G>A	1	representative_allele_is_somatic_truth
11260	12370092:44:SNP:C>T	1	representative_allele_is_somatic_truth
11261	12370092:45:SNP:C>T	1	representative_allele_is_somatic_truth
11262	12372465:52:SNP:A>T	1	representative_allele_is_somatic_truth
11265	12400412:162:SNP:C>T	1	representative_allele_is_somatic_truth
10804	12473564:7:SNP:C>A	1	representative_allele_is_somatic_truth
10806	12478968:123:SNP:C>A	1	representative_allele_is_somatic_truth
10807	12480967:13:SNP:A>C	1	representative_allele_is_somatic_truth
10810	12507994:5:SNP:G>T	1	representative_allele_is_somatic_truth
10811	12520755:99:SNP:G>C	1	representative_allele_is_somatic_truth
10813	12523067:211:SNP:C>T	1	representative_allele_is_somatic_truth
10802	12561793:175:SNP:T>C	1	representative_allele_is_somatic_truth
10800	12562626:0:SNP:A>T	1	representative_allele_is_somatic_truth
10796	12566483:122:SNP:A>C	1	representative_allele_is_somatic_truth
10795	12573491:199:SNP:C>T	1	representative_allele_is_somatic_truth
10794	12574615:139:SNP:G>A	1	representative_allele_is_somatic_truth
10786	12614619:127:SNP:C>T	1	representative_allele_is_somatic_truth
10781	12630202:20:SNP:C>G	1	representative_allele_is_somatic_truth
10779	12632015:195:SNP:G>A	1	representative_allele_is_somatic_truth
10774	12647166:72:SNP:C>T	1	representative_allele_is_somatic_truth
10773	12647826:16:SNP:G>A	1	representative_allele_is_somatic_truth
10770	12651989:122:SNP:G>C	1	representative_allele_is_somatic_truth
10769	12655299:0:SNP:T>A	1	representative_allele_is_somatic_truth
10764	12664365:110:SNP:G>A	1	representative_allele_is_somatic_truth
10763	12666154:37:SNP:C>T	1	representative_allele_is_somatic_truth
10762	12682242:406:SNP:T>A	1	representative_allele_is_somatic_truth
10761	12682793:54:SNP:C>A	1	representative_allele_is_somatic_truth
10760	12683348:416:SNP:C>T	1	representative_allele_is_somatic_truth
10759	12683997:78:SNP:G>A	1	representative_allele_is_somatic_truth
10757	12684001:71:SNP:A>T	1	representative_allele_is_somatic_truth
10758	12684001:72:SNP:C>T	1	representative_allele_is_somatic_truth
10754	12689218:214:SNP:C>A	1	representative_allele_is_somatic_truth
10753	12689256:38:SNP:C>A	1	representative_allele_is_somatic_truth
10752	12694595:38:SNP:G>A	1	representative_allele_is_somatic_truth
10751	12695506:111:SNP:G>T	1	representative_allele_is_somatic_truth
10748	12698607:682:SNP:C>G	1	representative_allele_is_somatic_truth
10749	12698607:706:SNP:C>G	1	representative_allele_is_somatic_truth
10746	12698611:331:SNP:C>G	1	representative_allele_is_somatic_truth
10747	12698611:577:SNP:C>T	1	representative_allele_is_somatic_truth
10744	12706923:150:SNP:G>C	1	representative_allele_is_somatic_truth
10743	12707733:205:SNP:C>T	1	representative_allele_is_somatic_truth
10738	12732466:190:SNP:G>C	1	representative_allele_is_somatic_truth
10736	12736667:305:SNP:G>A	1	representative_allele_is_somatic_truth
10735	12739629:142:SNP:C>A	1	representative_allele_is_somatic_truth
10734	12740920:16:SNP:G>A	1	representative_allele_is_somatic_truth
11316	12767791:59:SNP:G>A	1	representative_allele_is_somatic_truth
11315	12769449:62:SNP:C>A	1	representative_allele_is_somatic_truth
11311	12774666:235:SNP:C>T	1	representative_allele_is_somatic_truth
11310	12774729:4:SNP:G>A	1	representative_allele_is_somatic_truth
11309	12776400:61:SNP:C>A	1	representative_allele_is_somatic_truth
11308	12781293:336:SNP:G>A	1	representative_allele_is_somatic_truth
11306	12784806:88:SNP:C>T	1	representative_allele_is_somatic_truth
11299	12812356:21:SNP:C>A	1	representative_allele_is_somatic_truth
11291	12837395:18:SNP:C>T	1	representative_allele_is_somatic_truth
11292	12837395:20:SNP:C>T	1	representative_allele_is_somatic_truth
11293	12837395:27:SNP:C>T	1	representative_allele_is_somatic_truth
11290	12837412:406:SNP:C>G	1	representative_allele_is_somatic_truth
11289	12837669:248:SNP:G>A	1	representative_allele_is_somatic_truth
11288	12842119:0:SNP:T>A	1	representative_allele_is_somatic_truth
11287	12846819:22:SNP:G>T	1	representative_allele_is_somatic_truth
11286	12846978:82:SNP:G>T	1	representative_allele_is_somatic_truth
11283	12859670:5:SNP:C>T	1	representative_allele_is_somatic_truth
11282	12861030:64:SNP:C>T	1	representative_allele_is_somatic_truth
11279	12864655:0:SNP:G>A	1	representative_allele_is_somatic_truth
11277	12868410:33:SNP:A>T	1	representative_allele_is_somatic_truth
11273	12877801:55:SNP:G>A	1	representative_allele_is_somatic_truth
11270	12879921:1:SNP:A>G	1	representative_allele_is_somatic_truth
11271	12879921:2:SNP:G>T	1	representative_allele_is_somatic_truth
11318	12909448:117:SNP:T>C	1	representative_allele_is_somatic_truth
11320	12916105:31:SNP:A>T	1	representative_allele_is_somatic_truth
11321	12919640:115:SNP:A>C	1	representative_allele_is_somatic_truth
11323	12921701:187:SNP:C>T	1	representative_allele_is_somatic_truth
11324	12921793:140:SNP:T>C	1	representative_allele_is_somatic_truth
11326	12941986:34:SNP:C>T	1	representative_allele_is_somatic_truth
11329	12949292:118:SNP:C>G	1	representative_allele_is_somatic_truth
11331	12958221:55:SNP:C>T	1	representative_allele_is_somatic_truth
11336	12976048:37:SNP:G>C	1	representative_allele_is_somatic_truth
11337	12980101:0:SNP:C>T	1	representative_allele_is_somatic_truth
11343	12988542:41:SNP:C>G	1	representative_allele_is_somatic_truth
11344	12989020:216:SNP:G>C	1	representative_allele_is_somatic_truth
11351	13023434:442:SNP:C>T	1	representative_allele_is_somatic_truth
11352	13026902:23:SNP:G>A	1	representative_allele_is_somatic_truth
11357	13043417:0:SNP:A>T	1	representative_allele_is_somatic_truth
11358	13044787:7:SNP:C>T	1	representative_allele_is_somatic_truth
11359	13045374:44:SNP:G>A	1	representative_allele_is_somatic_truth
11360	13045748:618:SNP:C>T	1	representative_allele_is_somatic_truth
11362	13055613:267:SNP:G>T	1	representative_allele_is_somatic_truth
11366	13066152:159:SNP:C>T	1	representative_allele_is_somatic_truth
11367	13066152:168:SNP:A>T	1	representative_allele_is_somatic_truth
11374	13075533:25:SNP:G>T	1	representative_allele_is_somatic_truth
11376	13082202:130:SNP:C>A	1	representative_allele_is_somatic_truth
11378	13084483:40:SNP:A>T	1	representative_allele_is_somatic_truth
11379	13085277:78:SNP:G>A	1	representative_allele_is_somatic_truth
11380	13089420:33:SNP:A>G	1	representative_allele_is_somatic_truth
11381	13089420:35:SNP:A>G	1	representative_allele_is_somatic_truth
11382	13089952:357:SNP:T>A	1	representative_allele_is_somatic_truth
11383	13089952:358:SNP:G>T	1	representative_allele_is_somatic_truth
11385	13095679:64:SNP:T>A	1	representative_allele_is_somatic_truth
11392	13106301:320:SNP:G>A	1	representative_allele_is_somatic_truth
11395	13107881:227:SNP:G>A	1	representative_allele_is_somatic_truth
11398	13120152:68:SNP:C>T	1	representative_allele_is_somatic_truth
11401	13135513:32:SNP:C>T	1	representative_allele_is_somatic_truth
11402	13138692:0:SNP:C>T	1	representative_allele_is_somatic_truth
11403	13139184:19:SNP:G>C	1	representative_allele_is_somatic_truth
11404	13142260:55:SNP:A>T	1	representative_allele_is_somatic_truth
11406	13145558:89:SNP:T>C	1	representative_allele_is_somatic_truth
11408	13146583:74:SNP:C>A	1	representative_allele_is_somatic_truth
11409	13151770:171:SNP:C>G	1	representative_allele_is_somatic_truth
11414	13163614:5:SNP:T>G	1	representative_allele_is_somatic_truth
11418	13171872:5:SNP:C>T	1	representative_allele_is_somatic_truth
11423	13178203:40:SNP:G>A	1	representative_allele_is_somatic_truth
11424	13178996:0:SNP:A>T	1	representative_allele_is_somatic_truth
11425	13181321:178:SNP:G>A	1	representative_allele_is_somatic_truth
11427	13182550:0:SNP:T>A	1	representative_allele_is_somatic_truth
11428	13182966:5:SNP:A>T	1	representative_allele_is_somatic_truth
11430	13189621:18:SNP:G>A	1	representative_allele_is_somatic_truth
11435	13198633:420:SNP:C>T	1	representative_allele_is_somatic_truth
11436	13199777:107:SNP:C>A	1	representative_allele_is_somatic_truth
11438	13205158:185:SNP:C>G	1	representative_allele_is_somatic_truth
11476	13208232:8:SNP:A>T	1	representative_allele_is_somatic_truth
11482	13219000:485:SNP:C>A	1	representative_allele_is_somatic_truth
11481	13219590:1:SNP:T>G	1	representative_allele_is_somatic_truth
11479	13220964:339:SNP:G>T	1	representative_allele_is_somatic_truth
11478	13222809:648:SNP:G>A	1	representative_allele_is_somatic_truth
11612	13232007:67:SNP:G>A	1	representative_allele_is_somatic_truth
11613	13232631:196:SNP:C>T	1	representative_allele_is_somatic_truth
11614	13233337:176:SNP:G>A	1	representative_allele_is_somatic_truth
11615	13233518:110:SNP:C>G	1	representative_allele_is_somatic_truth
11616	13233609:242:SNP:A>G	1	representative_allele_is_somatic_truth
11617	13234187:713:SNP:A>T	1	representative_allele_is_somatic_truth
11619	13236888:82:SNP:C>T	1	representative_allele_is_somatic_truth
11621	13239614:11:SNP:A>T	1	representative_allele_is_somatic_truth
11622	13239614:12:SNP:G>T	1	representative_allele_is_somatic_truth
11623	13242616:183:SNP:C>A	1	representative_allele_is_somatic_truth
11624	13247822:65:SNP:T>C	1	representative_allele_is_somatic_truth
11625	13249375:31:SNP:G>C	1	representative_allele_is_somatic_truth
11626	13249393:216:SNP:C>T	1	representative_allele_is_somatic_truth
11627	13251635:324:SNP:C>T	1	representative_allele_is_somatic_truth
11628	13252315:530:SNP:A>T	1	representative_allele_is_somatic_truth
11631	13260465:348:SNP:G>A	1	representative_allele_is_somatic_truth
11636	13267160:205:SNP:A>G	1	representative_allele_is_somatic_truth
11637	13275323:0:SNP:C>T	1	representative_allele_is_somatic_truth
11638	13278503:384:SNP:G>A	1	representative_allele_is_somatic_truth
11640	13285193:16:SNP:A>C	1	representative_allele_is_somatic_truth
11643	13286503:93:SNP:A>T	1	representative_allele_is_somatic_truth
11644	13289272:134:SNP:C>T	1	representative_allele_is_somatic_truth
11645	13289964:17:SNP:C>A	1	representative_allele_is_somatic_truth
11647	13292873:111:SNP:C>T	1	representative_allele_is_somatic_truth
11648	13292933:320:SNP:C>T	1	representative_allele_is_somatic_truth
11651	13298796:37:SNP:G>A	1	representative_allele_is_somatic_truth
11654	13304424:60:SNP:T>C	1	representative_allele_is_somatic_truth
11657	13308810:26:SNP:G>A	1	representative_allele_is_somatic_truth
11659	13310158:14:SNP:C>A	1	representative_allele_is_somatic_truth
11661	13311136:4:SNP:T>C	1	representative_allele_is_somatic_truth
11664	13318106:256:SNP:T>C	1	representative_allele_is_somatic_truth
11665	13318331:28:SNP:T>G	1	representative_allele_is_somatic_truth
11666	13323051:402:SNP:G>A	1	representative_allele_is_somatic_truth
11667	13324270:347:SNP:C>T	1	representative_allele_is_somatic_truth
11668	13326186:25:SNP:G>T	1	representative_allele_is_somatic_truth
11669	13328414:13:SNP:G>A	1	representative_allele_is_somatic_truth
11670	13329306:5:SNP:A>T	1	representative_allele_is_somatic_truth
11673	13331244:42:SNP:T>C	1	representative_allele_is_somatic_truth
11674	13333897:24:SNP:C>A	1	representative_allele_is_somatic_truth
11677	13335841:9:SNP:G>T	1	representative_allele_is_somatic_truth
11678	13336064:384:SNP:G>T	1	representative_allele_is_somatic_truth
11679	13337544:136:SNP:G>A	1	representative_allele_is_somatic_truth
11680	13338338:90:SNP:G>A	1	representative_allele_is_somatic_truth
11681	13340202:39:SNP:A>T	1	representative_allele_is_somatic_truth
11731	13356080:74:SNP:C>A	1	representative_allele_is_somatic_truth
11733	13357400:32:SNP:G>T	1	representative_allele_is_somatic_truth
11734	13357978:36:SNP:G>A	1	representative_allele_is_somatic_truth
11735	13360623:69:SNP:T>A	1	representative_allele_is_somatic_truth
11738	13370897:183:SNP:C>A	1	representative_allele_is_somatic_truth
11741	13394450:63:SNP:C>G	1	representative_allele_is_somatic_truth
11744	13400779:281:SNP:T>A	1	representative_allele_is_somatic_truth
11746	13402440:153:SNP:A>T	1	representative_allele_is_somatic_truth
11747	13407069:117:SNP:G>T	1	representative_allele_is_somatic_truth
11750	13411866:43:SNP:T>A	1	representative_allele_is_somatic_truth
11751	13415357:161:SNP:C>A	1	representative_allele_is_somatic_truth
11754	13424238:245:SNP:C>T	1	representative_allele_is_somatic_truth
11927	13431781:209:SNP:A>G	1	representative_allele_is_somatic_truth
11926	13432909:167:SNP:A>C	1	representative_allele_is_somatic_truth
11925	13434774:237:SNP:G>T	1	representative_allele_is_somatic_truth
11924	13435486:224:SNP:T>A	1	representative_allele_is_somatic_truth
11922	13440726:256:SNP:A>T	1	representative_allele_is_somatic_truth
11918	13449998:37:SNP:G>A	1	representative_allele_is_somatic_truth
11917	13452442:569:SNP:C>A	1	representative_allele_is_somatic_truth
11916	13454717:42:SNP:G>A	1	representative_allele_is_somatic_truth
11911	13457748:496:SNP:T>A	1	representative_allele_is_somatic_truth
11906	13477589:64:SNP:T>C	1	representative_allele_is_somatic_truth
11902	13482918:0:SNP:T>C	1	representative_allele_is_somatic_truth
11901	13483519:167:SNP:G>A	1	representative_allele_is_somatic_truth
11898	13486362:35:SNP:C>T	1	representative_allele_is_somatic_truth
11896	13486551:362:SNP:C>A	1	representative_allele_is_somatic_truth
11895	13486609:193:SNP:C>A	1	representative_allele_is_somatic_truth
11885	13489071:59:SNP:G>A	1	representative_allele_is_somatic_truth
11879	13494616:50:SNP:C>G	1	representative_allele_is_somatic_truth
11878	13494661:36:SNP:C>T	1	representative_allele_is_somatic_truth
11876	13495560:117:SNP:C>T	1	representative_allele_is_somatic_truth
11875	13495729:75:SNP:T>C	1	representative_allele_is_somatic_truth
11874	13497607:159:SNP:C>T	1	representative_allele_is_somatic_truth
11873	13497654:93:SNP:G>T	1	representative_allele_is_somatic_truth
11871	13497867:166:SNP:G>A	1	representative_allele_is_somatic_truth
11869	13498314:38:SNP:G>A	1	representative_allele_is_somatic_truth
11867	13501031:136:SNP:T>G	1	representative_allele_is_somatic_truth
11863	13507820:39:SNP:T>A	1	representative_allele_is_somatic_truth
11862	13511629:291:SNP:G>A	1	representative_allele_is_somatic_truth
11858	13516178:151:SNP:C>T	1	representative_allele_is_somatic_truth
11854	13519259:117:SNP:G>T	1	representative_allele_is_somatic_truth
11853	13519796:180:SNP:G>A	1	representative_allele_is_somatic_truth
11848	13526166:336:SNP:C>T	1	representative_allele_is_somatic_truth
11847	13526854:6:SNP:T>A	1	representative_allele_is_somatic_truth
11845	13527379:119:SNP:A>C	1	representative_allele_is_somatic_truth
11844	13527664:36:SNP:C>T	1	representative_allele_is_somatic_truth
11842	13529130:611:SNP:G>A	1	representative_allele_is_somatic_truth
11840	13532055:87:SNP:C>T	1	representative_allele_is_somatic_truth
11838	13541721:578:SNP:C>T	1	representative_allele_is_somatic_truth
11837	13544107:65:SNP:G>A	1	representative_allele_is_somatic_truth
11835	13546620:509:SNP:C>T	1	representative_allele_is_somatic_truth
11833	13547278:15:SNP:G>A	1	representative_allele_is_somatic_truth
11830	13553251:216:SNP:C>T	1	representative_allele_is_somatic_truth
11827	13564172:32:SNP:G>T	1	representative_allele_is_somatic_truth
11828	13564172:33:SNP:A>T	1	representative_allele_is_somatic_truth
12154	13579643:762:SNP:C>A	1	representative_allele_is_somatic_truth
12152	13586611:7:SNP:G>A	1	representative_allele_is_somatic_truth
12150	13589710:54:SNP:G>A	1	representative_allele_is_somatic_truth
12149	13589817:101:SNP:G>C	1	representative_allele_is_somatic_truth
12147	13596761:126:SNP:G>A	1	representative_allele_is_somatic_truth
12145	13605355:70:SNP:C>T	1	representative_allele_is_somatic_truth
12144	13605943:283:SNP:G>A	1	representative_allele_is_somatic_truth
12137	13621649:159:SNP:C>T	1	representative_allele_is_somatic_truth
12135	13622757:3:SNP:A>G	1	representative_allele_is_somatic_truth
12134	13626337:70:SNP:A>G	1	representative_allele_is_somatic_truth
12133	13627471:268:SNP:C>A	1	representative_allele_is_somatic_truth
12132	13631262:434:SNP:A>G	1	representative_allele_is_somatic_truth
12129	13633381:0:SNP:T>C	1	representative_allele_is_somatic_truth
12128	13633386:0:SNP:C>T	1	representative_allele_is_somatic_truth
12127	13636310:4:SNP:A>G	1	representative_allele_is_somatic_truth
12123	13640745:146:SNP:T>A	1	representative_allele_is_somatic_truth
12121	13647128:25:SNP:T>A	1	representative_allele_is_somatic_truth
12120	13648518:320:SNP:C>A	1	representative_allele_is_somatic_truth
12116	13658347:22:SNP:C>T	1	representative_allele_is_somatic_truth
12115	13660352:30:SNP:C>T	1	representative_allele_is_somatic_truth
12114	13663055:39:SNP:T>A	1	representative_allele_is_somatic_truth
12113	13665011:220:SNP:C>T	1	representative_allele_is_somatic_truth
12112	13667012:21:SNP:G>T	1	representative_allele_is_somatic_truth
12110	13670725:54:SNP:C>T	1	representative_allele_is_somatic_truth
12104	13685417:44:SNP:G>A	1	representative_allele_is_somatic_truth
12103	13686248:33:SNP:T>G	1	representative_allele_is_somatic_truth
12102	13693182:143:SNP:G>A	1	representative_allele_is_somatic_truth
12101	13697439:118:SNP:C>A	1	representative_allele_is_somatic_truth
12100	13699340:129:SNP:C>G	1	representative_allele_is_somatic_truth
12096	13704873:31:SNP:T>A	1	representative_allele_is_somatic_truth
12094	13707855:103:SNP:G>T	1	representative_allele_is_somatic_truth
12095	13707855:104:SNP:G>T	1	representative_allele_is_somatic_truth
12092	13713340:22:SNP:C>A	1	representative_allele_is_somatic_truth
12091	13719505:0:SNP:A>T	1	representative_allele_is_somatic_truth
12087	13725809:512:SNP:G>T	1	representative_allele_is_somatic_truth
12088	13725809:513:SNP:G>A	1	representative_allele_is_somatic_truth
12086	13726594:4:SNP:C>T	1	representative_allele_is_somatic_truth
12085	13732675:4:SNP:A>C	1	representative_allele_is_somatic_truth
12084	13733308:185:SNP:C>A	1	representative_allele_is_somatic_truth
12082	13735351:46:SNP:C>A	1	representative_allele_is_somatic_truth
12081	13736399:1:SNP:A>T	1	representative_allele_is_somatic_truth
12079	13740687:22:SNP:A>G	1	representative_allele_is_somatic_truth
12077	13743025:298:SNP:C>T	1	representative_allele_is_somatic_truth
12075	13750953:28:SNP:C>G	1	representative_allele_is_somatic_truth
12074	13751308:13:SNP:C>T	1	representative_allele_is_somatic_truth
12072	13757069:401:SNP:G>T	1	representative_allele_is_somatic_truth
12182	13771022:3:SNP:C>T	1	representative_allele_is_somatic_truth
12181	13815571:386:SNP:C>T	1	representative_allele_is_somatic_truth
12178	13833411:375:SNP:C>G	1	representative_allele_is_somatic_truth
12177	13833890:38:SNP:C>A	1	representative_allele_is_somatic_truth
12176	13836748:150:SNP:C>G	1	representative_allele_is_somatic_truth
12174	13838404:0:SNP:G>A	1	representative_allele_is_somatic_truth
12172	13855040:90:SNP:G>C	1	representative_allele_is_somatic_truth
12170	13865176:39:SNP:A>G	1	representative_allele_is_somatic_truth
12167	13870088:85:SNP:C>A	1	representative_allele_is_somatic_truth
12165	13886683:61:SNP:G>A	1	representative_allele_is_somatic_truth
12164	13894695:55:SNP:G>A	1	representative_allele_is_somatic_truth
12163	13895565:49:SNP:G>T	1	representative_allele_is_somatic_truth
12162	13900664:173:SNP:G>T	1	representative_allele_is_somatic_truth
12156	13905105:3:SNP:T>C	1	representative_allele_is_somatic_truth
12186	13923495:38:SNP:G>A	1	representative_allele_is_somatic_truth
11777	13931605:755:SNP:C>G	1	representative_allele_is_somatic_truth
11776	13931758:7:SNP:C>T	1	representative_allele_is_somatic_truth
11772	13941359:191:SNP:T>A	1	representative_allele_is_somatic_truth
11771	13941967:147:SNP:T>C	1	representative_allele_is_somatic_truth
11769	13943829:54:SNP:G>A	1	representative_allele_is_somatic_truth
11766	13952665:440:SNP:T>A	1	representative_allele_is_somatic_truth
11761	13975647:121:SNP:C>T	1	representative_allele_is_somatic_truth
11756	13986402:47:SNP:C>A	1	representative_allele_is_somatic_truth
11473	14004496:115:SNP:G>T	1	representative_allele_is_somatic_truth
11471	14010066:119:SNP:G>A	1	representative_allele_is_somatic_truth
11470	14013073:161:SNP:G>T	1	representative_allele_is_somatic_truth
11469	14013142:193:SNP:G>A	1	representative_allele_is_somatic_truth
11468	14013153:454:SNP:G>A	1	representative_allele_is_somatic_truth
11467	14013177:22:SNP:G>T	1	representative_allele_is_somatic_truth
11466	14013183:86:SNP:G>A	1	representative_allele_is_somatic_truth
11465	14013191:204:SNP:G>A	1	representative_allele_is_somatic_truth
11463	14013197:171:SNP:G>C	1	representative_allele_is_somatic_truth
11464	14013197:209:SNP:G>A	1	representative_allele_is_somatic_truth
11462	14013257:70:SNP:C>T	1	representative_allele_is_somatic_truth
11461	14013265:7:SNP:C>G	1	representative_allele_is_somatic_truth
11460	14013268:131:SNP:C>T	1	representative_allele_is_somatic_truth
11459	14013283:29:SNP:C>T	1	representative_allele_is_somatic_truth
11457	14013289:397:SNP:C>T	1	representative_allele_is_somatic_truth
11458	14013289:424:SNP:C>T	1	representative_allele_is_somatic_truth
11455	14014829:38:SNP:G>A	1	representative_allele_is_somatic_truth
11454	14019597:4:SNP:C>A	1	representative_allele_is_somatic_truth
11451	14021842:79:SNP:C>A	1	representative_allele_is_somatic_truth
11449	14023437:291:SNP:G>A	1	representative_allele_is_somatic_truth
11448	14023669:173:SNP:C>T	1	representative_allele_is_somatic_truth
11443	14048702:0:SNP:G>A	1	representative_allele_is_somatic_truth
11442	14049146:1:SNP:C>T	1	representative_allele_is_somatic_truth
11441	14049410:37:SNP:A>C	1	representative_allele_is_somatic_truth
11440	14052482:142:SNP:G>A	1	representative_allele_is_somatic_truth
11439	14053593:634:SNP:C>T	1	representative_allele_is_somatic_truth
11784	14079534:15:SNP:T>A	1	representative_allele_is_somatic_truth
11786	14086457:208:SNP:G>A	1	representative_allele_is_somatic_truth
11788	14092884:182:SNP:C>G	1	representative_allele_is_somatic_truth
11794	14105759:2:SNP:A>G	1	representative_allele_is_somatic_truth
11796	14112118:8:SNP:G>A	1	representative_allele_is_somatic_truth
11799	14129671:37:SNP:G>A	1	representative_allele_is_somatic_truth
11801	14131109:105:SNP:C>G	1	representative_allele_is_somatic_truth
11804	14133840:146:SNP:C>T	1	representative_allele_is_somatic_truth
11805	14133873:148:SNP:G>A	1	representative_allele_is_somatic_truth
11806	14134137:143:SNP:T>C	1	representative_allele_is_somatic_truth
11808	14139736:196:SNP:C>T	1	representative_allele_is_somatic_truth
11810	14141738:33:SNP:C>G	1	representative_allele_is_somatic_truth
11814	14145734:16:SNP:G>A	1	representative_allele_is_somatic_truth
11816	14147881:295:SNP:G>A	1	representative_allele_is_somatic_truth
11818	14150959:222:SNP:C>T	1	representative_allele_is_somatic_truth
11821	14153672:28:SNP:T>A	1	representative_allele_is_somatic_truth
11823	14159607:248:SNP:G>T	1	representative_allele_is_somatic_truth
11824	14159615:2:SNP:G>A	1	representative_allele_is_somatic_truth
11484	14169996:229:SNP:C>T	1	representative_allele_is_somatic_truth
11485	14173238:247:SNP:T>A	1	representative_allele_is_somatic_truth
11486	14176761:154:SNP:G>A	1	representative_allele_is_somatic_truth
11487	14177395:564:SNP:A>C	1	representative_allele_is_somatic_truth
11492	14189805:69:SNP:A>T	1	representative_allele_is_somatic_truth
11496	14202914:44:SNP:C>T	1	representative_allele_is_somatic_truth
11498	14203924:60:SNP:T>A	1	representative_allele_is_somatic_truth
11501	14210228:327:SNP:C>T	1	representative_allele_is_somatic_truth
11503	14215461:5:SNP:T>A	1	representative_allele_is_somatic_truth
11505	14230368:43:SNP:G>A	1	representative_allele_is_somatic_truth
11506	14230368:44:SNP:G>A	1	representative_allele_is_somatic_truth
11509	14243498:84:SNP:G>A	1	representative_allele_is_somatic_truth
11511	14247581:97:SNP:G>A	1	representative_allele_is_somatic_truth
11513	14249334:12:SNP:C>T	1	representative_allele_is_somatic_truth
11515	14255797:245:SNP:G>A	1	representative_allele_is_somatic_truth
11516	14265750:223:SNP:C>T	1	representative_allele_is_somatic_truth
11518	14276343:224:SNP:G>A	1	representative_allele_is_somatic_truth
11519	14280823:30:SNP:A>T	1	representative_allele_is_somatic_truth
11521	14294016:31:SNP:T>A	1	representative_allele_is_somatic_truth
11522	14294016:32:SNP:G>T	1	representative_allele_is_somatic_truth
11524	14296103:9:SNP:T>A	1	representative_allele_is_somatic_truth
11525	14299273:72:SNP:C>G	1	representative_allele_is_somatic_truth
11526	14300360:24:SNP:G>T	1	representative_allele_is_somatic_truth
11527	14301332:7:SNP:G>A	1	representative_allele_is_somatic_truth
11534	14326138:131:SNP:C>G	1	representative_allele_is_somatic_truth
11541	14345410:6:SNP:C>G	1	representative_allele_is_somatic_truth
11542	14351097:400:SNP:C>T	1	representative_allele_is_somatic_truth
11543	14352501:209:SNP:G>A	1	representative_allele_is_somatic_truth
11545	14362697:81:SNP:G>T	1	representative_allele_is_somatic_truth
11549	14377406:328:SNP:C>G	1	representative_allele_is_somatic_truth
11550	14379359:47:SNP:C>T	1	representative_allele_is_somatic_truth
11551	14379781:89:SNP:C>G	1	representative_allele_is_somatic_truth
11552	14381424:2:SNP:A>G	1	representative_allele_is_somatic_truth
11553	14385467:32:SNP:C>G	1	representative_allele_is_somatic_truth
11556	14388845:187:SNP:G>A	1	representative_allele_is_somatic_truth
11559	14392714:730:SNP:C>A	1	representative_allele_is_somatic_truth
11560	14392714:731:SNP:T>A	1	representative_allele_is_somatic_truth
11561	14392846:451:SNP:T>C	1	representative_allele_is_somatic_truth
11564	14395653:127:SNP:G>A	1	representative_allele_is_somatic_truth
11566	14399642:87:SNP:C>T	1	representative_allele_is_somatic_truth
11567	14399676:1:SNP:T>C	1	representative_allele_is_somatic_truth
11568	14399941:85:SNP:C>T	1	representative_allele_is_somatic_truth
11569	14402533:61:SNP:C>T	1	representative_allele_is_somatic_truth
11572	14404007:17:SNP:C>T	1	representative_allele_is_somatic_truth
11573	14405664:246:SNP:C>G	1	representative_allele_is_somatic_truth
11574	14406461:20:SNP:G>A	1	representative_allele_is_somatic_truth
11575	14409495:123:SNP:C>T	1	representative_allele_is_somatic_truth
11576	14409589:302:SNP:T>A	1	representative_allele_is_somatic_truth
11578	14413565:66:SNP:C>A	1	representative_allele_is_somatic_truth
11582	14416642:1:SNP:G>T	1	representative_allele_is_somatic_truth
11583	14416956:35:SNP:T>A	1	representative_allele_is_somatic_truth
11584	14417269:437:SNP:G>A	1	representative_allele_is_somatic_truth
11588	14418402:75:SNP:C>A	1	representative_allele_is_somatic_truth
11590	14422281:289:SNP:A>G	1	representative_allele_is_somatic_truth
11591	14422426:31:SNP:G>A	1	representative_allele_is_somatic_truth
11595	14423919:199:SNP:A>T	1	representative_allele_is_somatic_truth
11596	14425642:10:SNP:T>G	1	representative_allele_is_somatic_truth
11597	14426898:19:SNP:T>C	1	representative_allele_is_somatic_truth
11598	14427313:27:SNP:C>A	1	representative_allele_is_somatic_truth
11601	14428001:116:SNP:G>A	1	representative_allele_is_somatic_truth
11602	14428967:132:SNP:G>A	1	representative_allele_is_somatic_truth
11607	14432938:118:SNP:G>A	1	representative_allele_is_somatic_truth
11608	14433259:69:SNP:C>A	1	representative_allele_is_somatic_truth
11610	14437498:101:SNP:G>C	1	representative_allele_is_somatic_truth
11611	14437988:166:SNP:T>A	1	representative_allele_is_somatic_truth
11729	14445115:113:SNP:C>T	1	representative_allele_is_somatic_truth
11726	14449894:117:SNP:T>C	1	representative_allele_is_somatic_truth
11722	14456557:84:SNP:T>A	1	representative_allele_is_somatic_truth
11723	14456557:85:SNP:G>T	1	representative_allele_is_somatic_truth
11717	14469809:149:SNP:A>T	1	representative_allele_is_somatic_truth
11715	14472539:138:SNP:G>A	1	representative_allele_is_somatic_truth
11714	14473454:111:SNP:G>A	1	representative_allele_is_somatic_truth
11709	14479701:38:SNP:T>C	1	representative_allele_is_somatic_truth
11701	14488306:54:SNP:T>C	1	representative_allele_is_somatic_truth
11699	14489783:35:SNP:C>A	1	representative_allele_is_somatic_truth
11700	14489783:36:SNP:A>C	1	representative_allele_is_somatic_truth
11698	14490940:3:SNP:G>C	1	representative_allele_is_somatic_truth
11697	14490943:86:SNP:A>G	1	representative_allele_is_somatic_truth
11696	14491281:23:SNP:G>A	1	representative_allele_is_somatic_truth
11695	14492978:65:SNP:G>A	1	representative_allele_is_somatic_truth
11694	14496126:20:SNP:T>A	1	representative_allele_is_somatic_truth
11693	14497936:304:SNP:A>C	1	representative_allele_is_somatic_truth
11692	14498419:87:SNP:C>T	1	representative_allele_is_somatic_truth
11690	14499913:80:SNP:C>T	1	representative_allele_is_somatic_truth
11689	14501172:23:SNP:C>T	1	representative_allele_is_somatic_truth
11688	14502625:90:SNP:C>T	1	representative_allele_is_somatic_truth
12060	14519883:22:SNP:G>T	1	representative_allele_is_somatic_truth
12059	14522390:138:SNP:A>C	1	representative_allele_is_somatic_truth
12051	14536291:30:SNP:G>A	1	representative_allele_is_somatic_truth
12048	14541900:106:SNP:G>A	1	representative_allele_is_somatic_truth
12046	14542972:0:SNP:C>A	1	representative_allele_is_somatic_truth
12044	14545458:6:SNP:C>G	1	representative_allele_is_somatic_truth
12038	14569973:80:SNP:C>T	1	representative_allele_is_somatic_truth
12037	14571037:34:SNP:C>A	1	representative_allele_is_somatic_truth
12036	14572143:34:SNP:C>G	1	representative_allele_is_somatic_truth
12034	14572151:49:SNP:C>T	1	representative_allele_is_somatic_truth
12035	14572151:226:SNP:C>G	1	representative_allele_is_somatic_truth
12033	14572187:52:SNP:C>G	1	representative_allele_is_somatic_truth
12031	14585041:151:SNP:A>G	1	representative_allele_is_somatic_truth
12027	14591391:39:SNP:G>A	1	representative_allele_is_somatic_truth
12024	14592643:11:SNP:T>A	1	representative_allele_is_somatic_truth
12022	14593782:351:SNP:G>A	1	representative_allele_is_somatic_truth
12021	14596018:2:SNP:C>G	1	representative_allele_is_somatic_truth
12014	14610211:22:SNP:A>G	1	representative_allele_is_somatic_truth
12013	14612691:215:SNP:A>T	1	representative_allele_is_somatic_truth
12011	14615607:220:SNP:G>T	1	representative_allele_is_somatic_truth
12010	14615730:79:SNP:C>A	1	representative_allele_is_somatic_truth
12009	14616461:127:SNP:G>C	1	representative_allele_is_somatic_truth
12008	14617448:269:SNP:C>T	1	representative_allele_is_somatic_truth
12004	14620621:62:SNP:T>G	1	representative_allele_is_somatic_truth
12002	14624589:11:SNP:A>G	1	representative_allele_is_somatic_truth
12001	14625779:16:SNP:C>T	1	representative_allele_is_somatic_truth
12000	14625916:178:SNP:C>G	1	representative_allele_is_somatic_truth
11999	14628187:25:SNP:G>A	1	representative_allele_is_somatic_truth
11998	14628325:47:SNP:G>A	1	representative_allele_is_somatic_truth
11996	14632078:841:SNP:G>A	1	representative_allele_is_somatic_truth
11992	14637083:539:SNP:G>A	1	representative_allele_is_somatic_truth
11988	14644101:21:SNP:T>A	1	representative_allele_is_somatic_truth
11987	14645378:10:SNP:G>A	1	representative_allele_is_somatic_truth
11983	14653915:26:SNP:T>C	1	representative_allele_is_somatic_truth
11982	14654220:264:SNP:T>A	1	representative_allele_is_somatic_truth
11981	14654280:0:SNP:C>A	1	representative_allele_is_somatic_truth
11980	14656479:153:SNP:T>A	1	representative_allele_is_somatic_truth
11979	14657648:253:SNP:A>C	1	representative_allele_is_somatic_truth
11978	14658503:50:SNP:G>C	1	representative_allele_is_somatic_truth
11977	14659627:104:SNP:A>C	1	representative_allele_is_somatic_truth
11974	14663761:165:SNP:T>C	1	representative_allele_is_somatic_truth
11971	14664906:45:SNP:G>C	1	representative_allele_is_somatic_truth
11970	14667229:26:SNP:C>T	1	representative_allele_is_somatic_truth
11968	14673998:261:SNP:G>A	1	representative_allele_is_somatic_truth
11967	14676668:38:SNP:C>G	1	representative_allele_is_somatic_truth
11966	14681392:147:SNP:G>A	1	representative_allele_is_somatic_truth
11964	14684333:57:SNP:T>C	1	representative_allele_is_somatic_truth
11961	14687250:89:SNP:G>T	1	representative_allele_is_somatic_truth
11960	14689347:27:SNP:G>A	1	representative_allele_is_somatic_truth
11959	14689942:30:SNP:C>T	1	representative_allele_is_somatic_truth
11958	14690463:125:SNP:G>A	1	representative_allele_is_somatic_truth
11954	14693530:30:SNP:T>A	1	representative_allele_is_somatic_truth
11956	14693530:35:SNP:T>C	1	representative_allele_is_somatic_truth
11952	14696354:25:SNP:T>C	1	representative_allele_is_somatic_truth
11951	14697059:3:SNP:C>T	1	representative_allele_is_somatic_truth
11948	14705791:137:SNP:T>C	1	representative_allele_is_somatic_truth
11944	14707916:21:SNP:C>T	1	representative_allele_is_somatic_truth
11939	14715006:81:SNP:G>A	1	representative_allele_is_somatic_truth
11938	14715097:55:SNP:C>A	1	representative_allele_is_somatic_truth
11935	14720251:18:SNP:T>A	1	representative_allele_is_somatic_truth
11934	14721437:17:SNP:A>T	1	representative_allele_is_somatic_truth
11931	14722849:414:SNP:G>T	1	representative_allele_is_somatic_truth
11928	14730718:182:SNP:G>T	1	representative_allele_is_somatic_truth
12067	14738176:73:SNP:G>T	1	representative_allele_is_somatic_truth
12066	14738781:19:SNP:C>G	1	representative_allele_is_somatic_truth
12065	14740998:145:SNP:G>A	1	representative_allele_is_somatic_truth
12064	14748319:169:SNP:G>A	1	representative_allele_is_somatic_truth
12063	14751547:298:SNP:C>G	1	representative_allele_is_somatic_truth
12062	14758501:0:SNP:G>A	1	representative_allele_is_somatic_truth
11684	14764224:17:SNP:C>T	1	representative_allele_is_somatic_truth
12190	14853883:144:SNP:G>C	1	representative_allele_is_somatic_truth
12196	14881530:223:SNP:C>T	1	representative_allele_is_somatic_truth
12198	14884030:182:SNP:G>A	1	representative_allele_is_somatic_truth
12199	14885247:3:SNP:C>T	1	representative_allele_is_somatic_truth
12201	14887874:36:SNP:G>A	1	representative_allele_is_somatic_truth
12202	14891709:263:SNP:T>C	1	representative_allele_is_somatic_truth
12203	14893637:0:SNP:A>T	1	representative_allele_is_somatic_truth
12204	14895563:43:SNP:G>A	1	representative_allele_is_somatic_truth
12205	14898918:560:SNP:C>T	1	representative_allele_is_somatic_truth
12337	14910418:304:SNP:C>T	1	representative_allele_is_somatic_truth
12333	14913361:14:SNP:A>C	1	representative_allele_is_somatic_truth
12331	14924677:402:SNP:C>G	1	representative_allele_is_somatic_truth
12330	14926176:118:SNP:C>A	1	representative_allele_is_somatic_truth
12329	14928937:159:SNP:C>T	1	representative_allele_is_somatic_truth
12327	14932724:193:SNP:G>A	1	representative_allele_is_somatic_truth
12324	14934581:191:SNP:C>G	1	representative_allele_is_somatic_truth
12325	14934581:204:SNP:C>T	1	representative_allele_is_somatic_truth
12323	14935835:125:SNP:G>A	1	representative_allele_is_somatic_truth
12319	14948703:44:SNP:G>C	1	representative_allele_is_somatic_truth
12314	14971732:97:SNP:A>G	1	representative_allele_is_somatic_truth
12312	14979829:2:SNP:G>T	1	representative_allele_is_somatic_truth
12310	14980228:71:SNP:C>T	1	representative_allele_is_somatic_truth
12308	14982181:108:SNP:T>C	1	representative_allele_is_somatic_truth
12307	14982868:42:SNP:G>A	1	representative_allele_is_somatic_truth
12306	14983297:176:SNP:T>G	1	representative_allele_is_somatic_truth
12301	15000483:77:SNP:A>T	1	representative_allele_is_somatic_truth
12298	15006327:346:SNP:G>A	1	representative_allele_is_somatic_truth
12295	15014803:107:SNP:G>C	1	representative_allele_is_somatic_truth
12294	15016243:99:SNP:T>A	1	representative_allele_is_somatic_truth
12287	15036724:100:SNP:A>C	1	representative_allele_is_somatic_truth
12286	15040322:41:SNP:G>A	1	representative_allele_is_somatic_truth
12284	15041774:103:SNP:G>T	1	representative_allele_is_somatic_truth
12283	15043658:42:SNP:T>A	1	representative_allele_is_somatic_truth
12280	15043997:3:SNP:C>A	1	representative_allele_is_somatic_truth
12279	15046623:195:SNP:A>G	1	representative_allele_is_somatic_truth
12278	15047268:39:SNP:C>A	1	representative_allele_is_somatic_truth
12276	15049875:320:SNP:G>A	1	representative_allele_is_somatic_truth
12275	15050707:38:SNP:A>G	1	representative_allele_is_somatic_truth
12274	15052229:14:SNP:A>C	1	representative_allele_is_somatic_truth
12273	15055327:433:SNP:C>A	1	representative_allele_is_somatic_truth
12272	15056344:568:SNP:T>A	1	representative_allele_is_somatic_truth
12271	15056474:9:SNP:C>G	1	representative_allele_is_somatic_truth
12264	15064683:26:SNP:A>C	1	representative_allele_is_somatic_truth
12263	15065165:408:SNP:C>A	1	representative_allele_is_somatic_truth
12262	15065273:152:SNP:G>A	1	representative_allele_is_somatic_truth
12261	15066022:25:SNP:G>A	1	representative_allele_is_somatic_truth
12260	15066758:200:SNP:C>A	1	representative_allele_is_somatic_truth
12257	15069562:5:SNP:T>G	1	representative_allele_is_somatic_truth
12258	15069562:6:SNP:G>T	1	representative_allele_is_somatic_truth
12256	15069952:20:SNP:C>T	1	representative_allele_is_somatic_truth
12255	15071521:334:SNP:G>A	1	representative_allele_is_somatic_truth
12254	15073450:213:SNP:G>A	1	representative_allele_is_somatic_truth
12249	15078979:23:SNP:T>G	1	representative_allele_is_somatic_truth
12248	15079499:76:SNP:C>T	1	representative_allele_is_somatic_truth
12247	15080843:118:SNP:A>G	1	representative_allele_is_somatic_truth
12244	15086223:117:SNP:A>T	1	representative_allele_is_somatic_truth
12242	15093844:28:SNP:T>G	1	representative_allele_is_somatic_truth
12234	15101327:78:SNP:G>A	1	representative_allele_is_somatic_truth
12229	15109429:58:SNP:G>A	1	representative_allele_is_somatic_truth
12227	15111133:114:SNP:C>T	1	representative_allele_is_somatic_truth
12224	15117282:59:SNP:G>A	1	representative_allele_is_somatic_truth
12222	15121592:16:SNP:C>T	1	representative_allele_is_somatic_truth
12220	15126000:5:SNP:A>C	1	representative_allele_is_somatic_truth
12219	15126418:239:SNP:T>C	1	representative_allele_is_somatic_truth
12214	15134256:56:SNP:A>T	1	representative_allele_is_somatic_truth
12208	15163890:67:SNP:G>A	1	representative_allele_is_somatic_truth
12207	15164621:126:SNP:C>G	1	representative_allele_is_somatic_truth
12206	15168362:63:SNP:C>A	1	representative_allele_is_somatic_truth
12486	15173541:68:SNP:C>A	1	representative_allele_is_somatic_truth
12483	15182361:156:SNP:G>A	1	representative_allele_is_somatic_truth
12482	15184715:201:SNP:G>A	1	representative_allele_is_somatic_truth
12480	15186763:350:SNP:C>T	1	representative_allele_is_somatic_truth
12479	15191282:36:SNP:C>T	1	representative_allele_is_somatic_truth
12478	15193705:31:SNP:G>C	1	representative_allele_is_somatic_truth
12477	15195488:41:SNP:C>T	1	representative_allele_is_somatic_truth
12475	15198970:412:SNP:C>A	1	representative_allele_is_somatic_truth
12473	15200859:136:SNP:C>T	1	representative_allele_is_somatic_truth
12470	15204243:17:SNP:C>A	1	representative_allele_is_somatic_truth
12467	15214371:46:SNP:T>C	1	representative_allele_is_somatic_truth
12465	15219032:105:SNP:C>T	1	representative_allele_is_somatic_truth
12463	15227063:298:SNP:G>C	1	representative_allele_is_somatic_truth
12459	15242598:32:SNP:G>C	1	representative_allele_is_somatic_truth
12458	15242609:101:SNP:G>A	1	representative_allele_is_somatic_truth
12454	15244814:109:SNP:C>T	1	representative_allele_is_somatic_truth
12452	15247321:163:SNP:C>T	1	representative_allele_is_somatic_truth
12451	15248697:185:SNP:C>A	1	representative_allele_is_somatic_truth
12448	15254153:261:SNP:G>T	1	representative_allele_is_somatic_truth
12447	15260245:134:SNP:G>C	1	representative_allele_is_somatic_truth
12444	15266191:75:SNP:A>C	1	representative_allele_is_somatic_truth
12443	15267110:114:SNP:T>A	1	representative_allele_is_somatic_truth
12440	15269898:7:SNP:G>A	1	representative_allele_is_somatic_truth
12437	15275888:212:SNP:G>A	1	representative_allele_is_somatic_truth
12436	15276511:220:SNP:G>A	1	representative_allele_is_somatic_truth
12429	15284540:5:SNP:A>C	1	representative_allele_is_somatic_truth
12428	15284544:17:SNP:T>G	1	representative_allele_is_somatic_truth
12427	15284773:92:SNP:T>A	1	representative_allele_is_somatic_truth
12426	15286021:169:SNP:A>T	1	representative_allele_is_somatic_truth
12424	15296351:117:SNP:A>C	1	representative_allele_is_somatic_truth
12422	15310787:77:SNP:C>T	1	representative_allele_is_somatic_truth
12420	15313788:117:SNP:C>A	1	representative_allele_is_somatic_truth
12411	15329140:59:SNP:G>C	1	representative_allele_is_somatic_truth
12410	15329736:166:SNP:G>C	1	representative_allele_is_somatic_truth
12408	15337026:167:SNP:G>A	1	representative_allele_is_somatic_truth
12405	15340152:34:SNP:G>C	1	representative_allele_is_somatic_truth
12404	15340822:203:SNP:G>A	1	representative_allele_is_somatic_truth
12402	15342837:334:SNP:G>A	1	representative_allele_is_somatic_truth
12401	15347440:44:SNP:A>C	1	representative_allele_is_somatic_truth
12400	15347646:97:SNP:C>G	1	representative_allele_is_somatic_truth
12399	15347703:109:SNP:C>G	1	representative_allele_is_somatic_truth
12398	15348851:0:SNP:T>A	1	representative_allele_is_somatic_truth
12397	15350721:218:SNP:T>C	1	representative_allele_is_somatic_truth
12395	15356607:55:SNP:A>T	1	representative_allele_is_somatic_truth
12393	15359109:171:SNP:C>T	1	representative_allele_is_somatic_truth
12392	15360721:230:SNP:A>T	1	representative_allele_is_somatic_truth
12389	15364772:22:SNP:G>A	1	representative_allele_is_somatic_truth
12388	15364945:127:SNP:T>A	1	representative_allele_is_somatic_truth
12382	15378369:73:SNP:G>A	1	representative_allele_is_somatic_truth
12381	15380243:16:SNP:G>C	1	representative_allele_is_somatic_truth
12380	15380695:316:SNP:T>A	1	representative_allele_is_somatic_truth
12379	15381484:379:SNP:A>T	1	representative_allele_is_somatic_truth
12536	15383351:2:SNP:T>A	1	representative_allele_is_somatic_truth
12535	15383704:83:SNP:G>C	1	representative_allele_is_somatic_truth
12534	15385838:190:SNP:G>A	1	representative_allele_is_somatic_truth
12533	15388501:23:SNP:A>G	1	representative_allele_is_somatic_truth
12531	15392270:90:SNP:T>C	1	representative_allele_is_somatic_truth
12530	15398392:368:SNP:C>T	1	representative_allele_is_somatic_truth
12528	15403573:310:SNP:G>A	1	representative_allele_is_somatic_truth
12527	15407024:21:SNP:T>A	1	representative_allele_is_somatic_truth
12524	15410420:0:SNP:G>A	1	representative_allele_is_somatic_truth
12523	15412457:43:SNP:G>T	1	representative_allele_is_somatic_truth
12522	15412830:16:SNP:C>T	1	representative_allele_is_somatic_truth
12517	15426202:110:SNP:T>G	1	representative_allele_is_somatic_truth
12516	15426937:23:SNP:C>T	1	representative_allele_is_somatic_truth
12512	15431831:377:SNP:T>A	1	representative_allele_is_somatic_truth
12509	15441833:112:SNP:A>G	1	representative_allele_is_somatic_truth
12508	15442416:75:SNP:G>A	1	representative_allele_is_somatic_truth
12507	15442940:163:SNP:G>A	1	representative_allele_is_somatic_truth
12504	15451257:30:SNP:G>A	1	representative_allele_is_somatic_truth
12502	15463946:162:SNP:C>T	1	representative_allele_is_somatic_truth
12500	15468034:0:SNP:A>C	1	representative_allele_is_somatic_truth
12499	15471756:23:SNP:G>A	1	representative_allele_is_somatic_truth
12498	15475127:550:SNP:C>G	1	representative_allele_is_somatic_truth
12497	15476236:320:SNP:C>T	1	representative_allele_is_somatic_truth
12495	15481722:407:SNP:G>T	1	representative_allele_is_somatic_truth
12494	15484370:81:SNP:G>A	1	representative_allele_is_somatic_truth
12492	15491534:185:SNP:T>C	1	representative_allele_is_somatic_truth
12491	15495176:4:SNP:T>G	1	representative_allele_is_somatic_truth
12489	15501061:12:SNP:G>A	1	representative_allele_is_somatic_truth
12660	15524618:85:SNP:A>T	1	representative_allele_is_somatic_truth
12661	15544391:0:SNP:G>A	1	representative_allele_is_somatic_truth
12663	15550858:175:SNP:C>T	1	representative_allele_is_somatic_truth
12664	15561474:157:SNP:G>A	1	representative_allele_is_somatic_truth
12666	15567956:0:SNP:C>A	1	representative_allele_is_somatic_truth
12667	15573147:191:SNP:T>A	1	representative_allele_is_somatic_truth
12670	15577594:43:SNP:G>A	1	representative_allele_is_somatic_truth
12672	15585241:221:SNP:C>G	1	representative_allele_is_somatic_truth
12674	15586529:18:SNP:C>A	1	representative_allele_is_somatic_truth
12675	15588173:243:SNP:G>C	1	representative_allele_is_somatic_truth
12685	15595810:0:SNP:T>A	1	representative_allele_is_somatic_truth
12689	15599642:250:SNP:C>G	1	representative_allele_is_somatic_truth
12694	15603727:593:SNP:A>T	1	representative_allele_is_somatic_truth
12696	15605251:63:SNP:C>T	1	representative_allele_is_somatic_truth
12697	15606311:380:SNP:C>T	1	representative_allele_is_somatic_truth
12698	15606562:28:SNP:G>A	1	representative_allele_is_somatic_truth
12699	15606992:171:SNP:A>T	1	representative_allele_is_somatic_truth
12701	15611626:30:SNP:G>T	1	representative_allele_is_somatic_truth
12702	15612036:114:SNP:G>A	1	representative_allele_is_somatic_truth
12706	15617235:427:SNP:A>T	1	representative_allele_is_somatic_truth
12711	15633785:66:SNP:G>A	1	representative_allele_is_somatic_truth
12712	15634929:0:SNP:G>A	1	representative_allele_is_somatic_truth
12714	15644899:448:SNP:G>T	1	representative_allele_is_somatic_truth
12718	15653502:15:SNP:C>A	1	representative_allele_is_somatic_truth
12719	15655939:131:SNP:G>A	1	representative_allele_is_somatic_truth
12722	15658903:131:SNP:C>T	1	representative_allele_is_somatic_truth
12723	15660063:160:SNP:G>A	1	representative_allele_is_somatic_truth
12724	15660641:38:SNP:G>A	1	representative_allele_is_somatic_truth
12725	15662409:29:SNP:C>T	1	representative_allele_is_somatic_truth
12729	15665689:2:SNP:T>G	1	representative_allele_is_somatic_truth
12731	15670709:103:SNP:C>G	1	representative_allele_is_somatic_truth
12732	15670888:124:SNP:C>T	1	representative_allele_is_somatic_truth
12733	15673312:109:SNP:A>T	1	representative_allele_is_somatic_truth
12734	15673473:584:SNP:G>A	1	representative_allele_is_somatic_truth
12735	15673919:35:SNP:C>A	1	representative_allele_is_somatic_truth
12736	15673919:36:SNP:T>A	1	representative_allele_is_somatic_truth
12737	15674132:137:SNP:C>T	1	representative_allele_is_somatic_truth
12738	15675762:402:SNP:G>A	1	representative_allele_is_somatic_truth
12739	15676179:160:SNP:C>T	1	representative_allele_is_somatic_truth
12742	15679221:25:SNP:A>G	1	representative_allele_is_somatic_truth
12743	15680177:168:SNP:G>T	1	representative_allele_is_somatic_truth
12745	15682645:112:SNP:G>A	1	representative_allele_is_somatic_truth
12747	15683364:48:SNP:G>C	1	representative_allele_is_somatic_truth
12749	15684646:140:SNP:G>A	1	representative_allele_is_somatic_truth
12750	15684924:211:SNP:G>T	1	representative_allele_is_somatic_truth
12753	15687120:456:SNP:T>A	1	representative_allele_is_somatic_truth
12754	15688365:106:SNP:G>T	1	representative_allele_is_somatic_truth
12755	15689632:940:SNP:C>T	1	representative_allele_is_somatic_truth
12757	15692133:9:SNP:G>C	1	representative_allele_is_somatic_truth
12760	15700331:123:SNP:T>G	1	representative_allele_is_somatic_truth
12761	15702544:29:SNP:C>A	1	representative_allele_is_somatic_truth
12762	15703436:69:SNP:G>A	1	representative_allele_is_somatic_truth
12765	15705610:84:SNP:T>C	1	representative_allele_is_somatic_truth
12769	15708655:121:SNP:C>T	1	representative_allele_is_somatic_truth
12770	15711236:74:SNP:C>T	1	representative_allele_is_somatic_truth
12773	15713509:42:SNP:C>A	1	representative_allele_is_somatic_truth
12775	15716174:338:SNP:G>A	1	representative_allele_is_somatic_truth
12776	15720898:291:SNP:G>A	1	representative_allele_is_somatic_truth
12777	15721491:83:SNP:T>A	1	representative_allele_is_somatic_truth
12778	15721491:84:SNP:G>T	1	representative_allele_is_somatic_truth
12779	15722551:128:SNP:G>T	1	representative_allele_is_somatic_truth
12784	15725695:5:SNP:G>A	1	representative_allele_is_somatic_truth
12786	15728251:83:SNP:T>C	1	representative_allele_is_somatic_truth
12791	15737674:381:SNP:G>T	1	representative_allele_is_somatic_truth
12792	15740725:29:SNP:G>T	1	representative_allele_is_somatic_truth
12793	15745811:2:SNP:A>G	1	representative_allele_is_somatic_truth
12795	15750755:25:SNP:C>G	1	representative_allele_is_somatic_truth
12796	15750986:79:SNP:C>T	1	representative_allele_is_somatic_truth
12799	15752525:127:SNP:G>A	1	representative_allele_is_somatic_truth
12802	15754397:335:SNP:G>C	1	representative_allele_is_somatic_truth
12804	15760005:201:SNP:C>A	1	representative_allele_is_somatic_truth
12805	15760005:202:SNP:C>A	1	representative_allele_is_somatic_truth
12806	15760184:170:SNP:G>T	1	representative_allele_is_somatic_truth
12807	15760900:241:SNP:G>T	1	representative_allele_is_somatic_truth
12808	15764077:8:SNP:G>A	1	representative_allele_is_somatic_truth
12809	15764630:44:SNP:G>A	1	representative_allele_is_somatic_truth
12812	15781585:62:SNP:T>A	1	representative_allele_is_somatic_truth
12814	15784250:136:SNP:G>A	1	representative_allele_is_somatic_truth
12818	15788819:326:SNP:G>A	1	representative_allele_is_somatic_truth
12819	15790764:17:SNP:G>C	1	representative_allele_is_somatic_truth
12821	15798321:138:SNP:G>C	1	representative_allele_is_somatic_truth
12822	15802225:178:SNP:G>C	1	representative_allele_is_somatic_truth
12823	15809251:35:SNP:A>T	1	representative_allele_is_somatic_truth
12825	15812658:146:SNP:G>A	1	representative_allele_is_somatic_truth
12828	15818044:186:SNP:G>C	1	representative_allele_is_somatic_truth
12829	15820916:9:SNP:C>G	1	representative_allele_is_somatic_truth
12830	15822665:99:SNP:C>G	1	representative_allele_is_somatic_truth
12833	15838108:11:SNP:G>T	1	representative_allele_is_somatic_truth
12834	15839643:11:SNP:C>G	1	representative_allele_is_somatic_truth
12837	15844949:9:SNP:G>T	1	representative_allele_is_somatic_truth
12839	15851118:187:SNP:C>T	1	representative_allele_is_somatic_truth
12843	15865325:60:SNP:T>C	1	representative_allele_is_somatic_truth
12844	15870038:183:SNP:T>C	1	representative_allele_is_somatic_truth
12845	15871811:522:SNP:G>T	1	representative_allele_is_somatic_truth
12846	15871813:26:SNP:C>T	1	representative_allele_is_somatic_truth
12378	15877420:73:SNP:G>A	1	representative_allele_is_somatic_truth
12377	15877749:0:SNP:G>A	1	representative_allele_is_somatic_truth
12376	15880653:7:SNP:T>C	1	representative_allele_is_somatic_truth
12373	15882346:33:SNP:G>A	1	representative_allele_is_somatic_truth
12371	15886850:118:SNP:A>C	1	representative_allele_is_somatic_truth
12369	15901113:320:SNP:C>G	1	representative_allele_is_somatic_truth
12360	15929431:85:SNP:G>T	1	representative_allele_is_somatic_truth
12361	15929431:86:SNP:G>T	1	representative_allele_is_somatic_truth
12359	15938733:310:SNP:T>A	1	representative_allele_is_somatic_truth
12357	15941931:149:SNP:G>T	1	representative_allele_is_somatic_truth
12355	15945419:406:SNP:T>A	1	representative_allele_is_somatic_truth
12351	15949749:3:SNP:G>A	1	representative_allele_is_somatic_truth
12349	15954609:158:SNP:C>A	1	representative_allele_is_somatic_truth
12347	15955629:314:SNP:T>C	1	representative_allele_is_somatic_truth
12346	15957315:136:SNP:C>A	1	representative_allele_is_somatic_truth
12344	15957652:120:SNP:A>G	1	representative_allele_is_somatic_truth
12345	15957652:121:SNP:G>T	1	representative_allele_is_somatic_truth
12342	15960789:343:SNP:C>T	1	representative_allele_is_somatic_truth
12339	15977730:416:SNP:C>A	1	representative_allele_is_somatic_truth
12849	15981728:58:SNP:G>C	1	representative_allele_is_somatic_truth
12850	15984047:145:SNP:G>T	1	representative_allele_is_somatic_truth
12851	15985006:234:SNP:G>C	1	representative_allele_is_somatic_truth
12852	15987045:200:SNP:C>G	1	representative_allele_is_somatic_truth
12854	15989772:160:SNP:C>A	1	representative_allele_is_somatic_truth
12855	15989772:161:SNP:C>A	1	representative_allele_is_somatic_truth
12856	15994739:16:SNP:G>A	1	representative_allele_is_somatic_truth
12857	16001997:269:SNP:C>T	1	representative_allele_is_somatic_truth
12858	16007099:1:SNP:A>C	1	representative_allele_is_somatic_truth
12862	16016239:147:SNP:G>T	1	representative_allele_is_somatic_truth
12863	16019348:0:SNP:A>T	1	representative_allele_is_somatic_truth
12864	16019655:355:SNP:A>G	1	representative_allele_is_somatic_truth
12867	16026173:152:SNP:A>G	1	representative_allele_is_somatic_truth
12869	16030136:126:SNP:G>A	1	representative_allele_is_somatic_truth
12874	16037623:341:SNP:C>T	1	representative_allele_is_somatic_truth
12875	16037782:85:SNP:G>T	1	representative_allele_is_somatic_truth
12877	16050473:398:SNP:C>T	1	representative_allele_is_somatic_truth
12878	16050767:292:SNP:C>G	1	representative_allele_is_somatic_truth
12879	16051602:39:SNP:G>A	1	representative_allele_is_somatic_truth
12882	16058536:174:SNP:C>T	1	representative_allele_is_somatic_truth
12883	16059323:129:SNP:A>T	1	representative_allele_is_somatic_truth
12885	16060289:94:SNP:G>A	1	representative_allele_is_somatic_truth
12887	16065454:17:SNP:C>A	1	representative_allele_is_somatic_truth
12892	16071843:45:SNP:G>T	1	representative_allele_is_somatic_truth
12896	16081584:136:SNP:T>C	1	representative_allele_is_somatic_truth
12901	16089098:227:SNP:C>T	1	representative_allele_is_somatic_truth
12902	16089996:16:SNP:A>G	1	representative_allele_is_somatic_truth
12903	16090011:257:SNP:C>T	1	representative_allele_is_somatic_truth
12906	16090857:117:SNP:G>A	1	representative_allele_is_somatic_truth
12907	16091797:280:SNP:G>C	1	representative_allele_is_somatic_truth
12909	16102857:288:SNP:T>A	1	representative_allele_is_somatic_truth
12910	16103658:337:SNP:C>A	1	representative_allele_is_somatic_truth
12916	16130438:88:SNP:C>A	1	representative_allele_is_somatic_truth
12918	16134993:288:SNP:C>T	1	representative_allele_is_somatic_truth
12924	16144213:30:SNP:G>A	1	representative_allele_is_somatic_truth
12925	16146989:396:SNP:G>A	1	representative_allele_is_somatic_truth
12926	16148803:62:SNP:G>A	1	representative_allele_is_somatic_truth
12927	16149163:44:SNP:C>G	1	representative_allele_is_somatic_truth
12931	16164204:99:SNP:C>G	1	representative_allele_is_somatic_truth
12932	16174477:10:SNP:A>C	1	representative_allele_is_somatic_truth
12934	16175802:75:SNP:C>T	1	representative_allele_is_somatic_truth
12937	16186387:220:SNP:G>T	1	representative_allele_is_somatic_truth
12938	16190874:2:SNP:G>T	1	representative_allele_is_somatic_truth
12942	16215619:443:SNP:G>A	1	representative_allele_is_somatic_truth
12943	16238110:159:SNP:G>A	1	representative_allele_is_somatic_truth
12945	16260323:32:SNP:C>T	1	representative_allele_is_somatic_truth
12946	16265211:27:SNP:G>T	1	representative_allele_is_somatic_truth
12947	16294012:26:SNP:C>T	1	representative_allele_is_somatic_truth
12948	16294059:44:SNP:C>A	1	representative_allele_is_somatic_truth
12950	16323397:159:SNP:G>C	1	representative_allele_is_somatic_truth
12544	16337470:4:SNP:G>C	1	representative_allele_is_somatic_truth
12547	16343963:0:SNP:T>A	1	representative_allele_is_somatic_truth
12550	16351251:489:SNP:A>G	1	representative_allele_is_somatic_truth
12552	16354935:3:SNP:G>C	1	representative_allele_is_somatic_truth
12553	16355753:44:SNP:C>T	1	representative_allele_is_somatic_truth
12554	16356350:525:SNP:C>G	1	representative_allele_is_somatic_truth
12555	16361455:96:SNP:C>T	1	representative_allele_is_somatic_truth
12559	16377930:27:SNP:C>G	1	representative_allele_is_somatic_truth
12560	16378205:224:SNP:G>C	1	representative_allele_is_somatic_truth
12563	16385942:94:SNP:G>T	1	representative_allele_is_somatic_truth
12564	16386013:0:SNP:G>A	1	representative_allele_is_somatic_truth
12567	16396011:300:SNP:A>G	1	representative_allele_is_somatic_truth
12568	16396164:56:SNP:G>A	1	representative_allele_is_somatic_truth
12569	16396164:57:SNP:T>A	1	representative_allele_is_somatic_truth
12570	16398559:95:SNP:G>T	1	representative_allele_is_somatic_truth
12571	16409094:211:SNP:A>G	1	representative_allele_is_somatic_truth
12573	16416917:58:SNP:G>A	1	representative_allele_is_somatic_truth
12575	16422176:23:SNP:G>C	1	representative_allele_is_somatic_truth
12576	16424118:265:SNP:T>A	1	representative_allele_is_somatic_truth
12579	16437667:137:SNP:G>T	1	representative_allele_is_somatic_truth
12581	16438642:225:SNP:G>T	1	representative_allele_is_somatic_truth
12582	16439908:272:SNP:G>A	1	representative_allele_is_somatic_truth
12584	16441667:156:SNP:C>T	1	representative_allele_is_somatic_truth
12587	16443635:24:SNP:G>A	1	representative_allele_is_somatic_truth
12588	16444702:11:SNP:C>T	1	representative_allele_is_somatic_truth
12589	16448238:300:SNP:G>A	1	representative_allele_is_somatic_truth
12590	16448261:232:SNP:G>C	1	representative_allele_is_somatic_truth
12591	16448268:29:SNP:G>C	1	representative_allele_is_somatic_truth
12592	16448273:296:SNP:G>C	1	representative_allele_is_somatic_truth
12593	16448275:1:SNP:G>A	1	representative_allele_is_somatic_truth
12594	16448281:282:SNP:G>T	1	representative_allele_is_somatic_truth
12595	16448298:94:SNP:G>A	1	representative_allele_is_somatic_truth
12596	16448304:101:SNP:G>C	1	representative_allele_is_somatic_truth
12597	16448310:94:SNP:G>A	1	representative_allele_is_somatic_truth
12598	16449386:37:SNP:A>T	1	representative_allele_is_somatic_truth
12599	16453790:59:SNP:C>T	1	representative_allele_is_somatic_truth
12601	16457308:29:SNP:C>T	1	representative_allele_is_somatic_truth
12603	16466610:124:SNP:A>G	1	representative_allele_is_somatic_truth
12605	16471097:125:SNP:T>C	1	representative_allele_is_somatic_truth
12606	16473074:100:SNP:A>T	1	representative_allele_is_somatic_truth
12608	16479725:52:SNP:C>G	1	representative_allele_is_somatic_truth
12609	16482437:105:SNP:C>T	1	representative_allele_is_somatic_truth
12611	16489974:53:SNP:C>T	1	representative_allele_is_somatic_truth
12612	16491193:118:SNP:A>T	1	representative_allele_is_somatic_truth
12613	16491994:118:SNP:A>T	1	representative_allele_is_somatic_truth
12615	16496780:135:SNP:G>C	1	representative_allele_is_somatic_truth
12618	16505095:0:SNP:C>T	1	representative_allele_is_somatic_truth
12619	16505096:2:SNP:G>A	1	representative_allele_is_somatic_truth
12623	16513712:38:SNP:C>T	1	representative_allele_is_somatic_truth
12626	16520202:158:SNP:C>T	1	representative_allele_is_somatic_truth
12630	16525993:681:SNP:C>T	1	representative_allele_is_somatic_truth
12636	16537591:4:SNP:G>A	1	representative_allele_is_somatic_truth
12637	16538113:96:SNP:G>A	1	representative_allele_is_somatic_truth
12641	16542975:388:SNP:G>A	1	representative_allele_is_somatic_truth
12642	16543314:130:SNP:T>C	1	representative_allele_is_somatic_truth
12643	16543459:66:SNP:C>A	1	representative_allele_is_somatic_truth
12646	16556608:213:SNP:G>A	1	representative_allele_is_somatic_truth
12647	16559702:138:SNP:C>G	1	representative_allele_is_somatic_truth
12650	16568353:91:SNP:C>A	1	representative_allele_is_somatic_truth
12651	16572552:257:SNP:C>T	1	representative_allele_is_somatic_truth
12652	16574924:378:SNP:G>T	1	representative_allele_is_somatic_truth
12655	16586919:19:SNP:G>A	1	representative_allele_is_somatic_truth
12656	16586922:90:SNP:G>A	1	representative_allele_is_somatic_truth
12657	16587305:23:SNP:G>C	1	representative_allele_is_somatic_truth
12538	16591253:133:SNP:T>G	1	representative_allele_is_somatic_truth
12539	16591920:487:SNP:G>A	1	representative_allele_is_somatic_truth
12542	16596004:23:SNP:G>T	1	representative_allele_is_somatic_truth
12543	16597883:97:SNP:A>T	1	representative_allele_is_somatic_truth
12951	16616175:988:SNP:G>T	1	representative_allele_is_somatic_truth
13359	16632274:206:SNP:G>T	1	representative_allele_is_somatic_truth
13360	16635054:190:SNP:C>T	1	representative_allele_is_somatic_truth
13361	16642113:351:SNP:T>A	1	representative_allele_is_somatic_truth
13362	16643190:42:SNP:G>A	1	representative_allele_is_somatic_truth
13363	16644129:216:SNP:C>A	1	representative_allele_is_somatic_truth
13364	16644716:245:SNP:C>T	1	representative_allele_is_somatic_truth
13365	16652333:11:SNP:G>A	1	representative_allele_is_somatic_truth
13367	16653818:406:SNP:G>A	1	representative_allele_is_somatic_truth
13368	16656325:158:SNP:G>A	1	representative_allele_is_somatic_truth
13370	16663800:28:SNP:C>T	1	representative_allele_is_somatic_truth
13371	16673981:214:SNP:G>C	1	representative_allele_is_somatic_truth
13374	16680753:80:SNP:C>A	1	representative_allele_is_somatic_truth
13376	16685397:38:SNP:G>A	1	representative_allele_is_somatic_truth
13377	16688311:61:SNP:G>A	1	representative_allele_is_somatic_truth
13378	16695259:18:SNP:C>G	1	representative_allele_is_somatic_truth
13379	16698190:33:SNP:G>A	1	representative_allele_is_somatic_truth
13383	16714827:66:SNP:C>T	1	representative_allele_is_somatic_truth
13386	16720626:42:SNP:A>G	1	representative_allele_is_somatic_truth
13389	16722453:168:SNP:G>C	1	representative_allele_is_somatic_truth
13390	16722453:179:SNP:T>C	1	representative_allele_is_somatic_truth
13391	16723955:68:SNP:G>A	1	representative_allele_is_somatic_truth
13394	16732259:6:SNP:C>T	1	representative_allele_is_somatic_truth
13413	16737926:15:SNP:C>T	1	representative_allele_is_somatic_truth
13406	16747554:88:SNP:C>T	1	representative_allele_is_somatic_truth
13402	16749203:33:SNP:G>T	1	representative_allele_is_somatic_truth
13400	16749303:86:SNP:C>T	1	representative_allele_is_somatic_truth
13399	16749706:255:SNP:A>T	1	representative_allele_is_somatic_truth
13397	16754439:23:SNP:T>A	1	representative_allele_is_somatic_truth
13396	16754627:41:SNP:C>T	1	representative_allele_is_somatic_truth
12954	16768564:124:SNP:T>G	1	representative_allele_is_somatic_truth
12955	16768564:139:SNP:G>T	1	representative_allele_is_somatic_truth
12966	16875490:306:SNP:C>T	1	representative_allele_is_somatic_truth
12967	16877673:128:SNP:G>T	1	representative_allele_is_somatic_truth
12968	16878738:32:SNP:T>G	1	representative_allele_is_somatic_truth
12970	16879996:30:SNP:C>T	1	representative_allele_is_somatic_truth
12974	16900342:31:SNP:G>A	1	representative_allele_is_somatic_truth
12976	16904274:0:SNP:C>A	1	representative_allele_is_somatic_truth
12977	16907390:11:SNP:G>T	1	representative_allele_is_somatic_truth
12980	16919783:454:SNP:C>T	1	representative_allele_is_somatic_truth
12981	16923324:406:SNP:C>A	1	representative_allele_is_somatic_truth
12982	16923692:105:SNP:G>A	1	representative_allele_is_somatic_truth
12986	16936206:47:SNP:C>A	1	representative_allele_is_somatic_truth
12987	16936206:51:SNP:T>A	1	representative_allele_is_somatic_truth
12989	16936297:44:SNP:G>C	1	representative_allele_is_somatic_truth
12990	16937713:42:SNP:C>A	1	representative_allele_is_somatic_truth
12991	16941608:49:SNP:G>A	1	representative_allele_is_somatic_truth
12994	16946492:23:SNP:A>T	1	representative_allele_is_somatic_truth
12995	16947169:35:SNP:T>G	1	representative_allele_is_somatic_truth
12996	16948855:243:SNP:G>T	1	representative_allele_is_somatic_truth
12997	16952317:60:SNP:G>T	1	representative_allele_is_somatic_truth
12998	16953981:22:SNP:C>A	1	representative_allele_is_somatic_truth
13003	16968769:115:SNP:A>G	1	representative_allele_is_somatic_truth
13005	16974177:0:SNP:C>T	1	representative_allele_is_somatic_truth
13006	16975592:156:SNP:G>T	1	representative_allele_is_somatic_truth
13007	16976163:189:SNP:G>A	1	representative_allele_is_somatic_truth
13008	16976778:54:SNP:G>A	1	representative_allele_is_somatic_truth
13009	16977527:113:SNP:C>T	1	representative_allele_is_somatic_truth
13011	16982233:447:SNP:A>T	1	representative_allele_is_somatic_truth
13013	16982394:222:SNP:C>T	1	representative_allele_is_somatic_truth
13014	16982729:40:SNP:G>A	1	representative_allele_is_somatic_truth
13015	16983578:47:SNP:A>T	1	representative_allele_is_somatic_truth
13017	16985085:83:SNP:A>T	1	representative_allele_is_somatic_truth
13018	16986763:36:SNP:C>T	1	representative_allele_is_somatic_truth
13019	16986763:38:SNP:G>T	1	representative_allele_is_somatic_truth
13021	16987193:252:SNP:G>A	1	representative_allele_is_somatic_truth
13022	16988063:15:SNP:C>A	1	representative_allele_is_somatic_truth
13024	16991897:342:SNP:G>A	1	representative_allele_is_somatic_truth
13068	17017442:4:SNP:C>T	1	representative_allele_is_somatic_truth
13075	17025165:126:SNP:C>T	1	representative_allele_is_somatic_truth
13082	17059922:148:SNP:C>T	1	representative_allele_is_somatic_truth
13086	17072978:165:SNP:T>G	1	representative_allele_is_somatic_truth
13087	17073346:32:SNP:G>A	1	representative_allele_is_somatic_truth
13088	17077048:206:SNP:T>G	1	representative_allele_is_somatic_truth
13090	17079171:72:SNP:G>C	1	representative_allele_is_somatic_truth
13091	17083274:0:SNP:A>T	1	representative_allele_is_somatic_truth
13093	17084252:12:SNP:G>A	1	representative_allele_is_somatic_truth
13094	17091413:74:SNP:C>T	1	representative_allele_is_somatic_truth
13096	17096002:53:SNP:C>G	1	representative_allele_is_somatic_truth
13100	17102567:19:SNP:G>C	1	representative_allele_is_somatic_truth
13101	17103367:813:SNP:C>G	1	representative_allele_is_somatic_truth
13103	17104609:7:SNP:T>C	1	representative_allele_is_somatic_truth
13105	17107523:21:SNP:G>A	1	representative_allele_is_somatic_truth
13108	17120475:22:SNP:G>T	1	representative_allele_is_somatic_truth
13111	17123748:29:SNP:G>A	1	representative_allele_is_somatic_truth
13112	17129220:42:SNP:C>A	1	representative_allele_is_somatic_truth
13114	17130135:83:SNP:G>C	1	representative_allele_is_somatic_truth
13115	17131547:245:SNP:C>G	1	representative_allele_is_somatic_truth
13117	17157314:36:SNP:C>G	1	representative_allele_is_somatic_truth
13119	17162494:121:SNP:G>A	1	representative_allele_is_somatic_truth
13120	17166882:631:SNP:G>A	1	representative_allele_is_somatic_truth
13125	17178121:80:SNP:G>A	1	representative_allele_is_somatic_truth
13128	17188113:40:SNP:A>G	1	representative_allele_is_somatic_truth
13129	17195095:98:SNP:T>A	1	representative_allele_is_somatic_truth
13130	17196146:180:SNP:A>G	1	representative_allele_is_somatic_truth
13560	17218963:43:SNP:C>T	1	representative_allele_is_somatic_truth
13562	17229420:244:SNP:G>A	1	representative_allele_is_somatic_truth
13563	17235970:116:SNP:T>A	1	representative_allele_is_somatic_truth
13564	17239835:268:SNP:A>T	1	representative_allele_is_somatic_truth
13565	17250852:47:SNP:G>C	1	representative_allele_is_somatic_truth
13566	17256243:6:SNP:G>A	1	representative_allele_is_somatic_truth
13307	17277693:122:SNP:C>T	1	representative_allele_is_somatic_truth
13308	17279913:165:SNP:C>T	1	representative_allele_is_somatic_truth
13309	17283241:9:SNP:C>G	1	representative_allele_is_somatic_truth
13314	17294262:210:SNP:C>T	1	representative_allele_is_somatic_truth
13316	17303784:0:SNP:T>A	1	representative_allele_is_somatic_truth
13317	17306349:10:SNP:G>A	1	representative_allele_is_somatic_truth
13318	17318296:64:SNP:T>A	1	representative_allele_is_somatic_truth
13321	17323441:227:SNP:G>A	1	representative_allele_is_somatic_truth
13324	17342005:925:SNP:C>G	1	representative_allele_is_somatic_truth
13328	17346358:17:SNP:C>A	1	representative_allele_is_somatic_truth
13329	17352129:177:SNP:C>A	1	representative_allele_is_somatic_truth
13336	17362179:111:SNP:G>C	1	representative_allele_is_somatic_truth
13337	17363760:4:SNP:G>T	1	representative_allele_is_somatic_truth
13338	17364773:142:SNP:G>A	1	representative_allele_is_somatic_truth
13341	17372904:163:SNP:C>A	1	representative_allele_is_somatic_truth
13342	17372951:158:SNP:G>T	1	representative_allele_is_somatic_truth
13349	17395600:260:SNP:G>C	1	representative_allele_is_somatic_truth
13350	17396333:120:SNP:G>A	1	representative_allele_is_somatic_truth
13351	17397557:85:SNP:A>T	1	representative_allele_is_somatic_truth
13420	17431090:138:SNP:T>A	1	representative_allele_is_somatic_truth
13416	17456096:361:SNP:G>A	1	representative_allele_is_somatic_truth
13305	17462710:55:SNP:G>T	1	representative_allele_is_somatic_truth
13304	17466580:66:SNP:A>T	1	representative_allele_is_somatic_truth
13303	17468034:566:SNP:C>G	1	representative_allele_is_somatic_truth
13302	17468439:121:SNP:C>T	1	representative_allele_is_somatic_truth
13301	17468627:17:SNP:A>T	1	representative_allele_is_somatic_truth
13299	17481732:80:SNP:C>G	1	representative_allele_is_somatic_truth
13298	17485868:45:SNP:G>C	1	representative_allele_is_somatic_truth
13297	17490067:36:SNP:C>A	1	representative_allele_is_somatic_truth
13296	17510916:211:SNP:G>T	1	representative_allele_is_somatic_truth
13294	17523337:147:SNP:G>A	1	representative_allele_is_somatic_truth
13293	17524277:129:SNP:G>A	1	representative_allele_is_somatic_truth
13289	17545007:36:SNP:G>C	1	representative_allele_is_somatic_truth
13287	17551372:261:SNP:C>T	1	representative_allele_is_somatic_truth
13286	17551375:226:SNP:C>T	1	representative_allele_is_somatic_truth
13285	17562717:20:SNP:G>C	1	representative_allele_is_somatic_truth
13283	17569798:0:SNP:C>T	1	representative_allele_is_somatic_truth
13282	17572129:11:SNP:C>A	1	representative_allele_is_somatic_truth
13281	17577101:138:SNP:A>T	1	representative_allele_is_somatic_truth
13280	17578002:182:SNP:C>T	1	representative_allele_is_somatic_truth
13278	17579599:282:SNP:G>A	1	representative_allele_is_somatic_truth
13276	17585085:556:SNP:C>T	1	representative_allele_is_somatic_truth
13271	17597640:116:SNP:C>G	1	representative_allele_is_somatic_truth
13267	17612296:81:SNP:T>C	1	representative_allele_is_somatic_truth
13264	17625414:173:SNP:G>A	1	representative_allele_is_somatic_truth
13261	17639137:372:SNP:A>C	1	representative_allele_is_somatic_truth
13258	17640849:473:SNP:C>T	1	representative_allele_is_somatic_truth
13257	17641364:140:SNP:T>A	1	representative_allele_is_somatic_truth
13249	17677947:116:SNP:C>T	1	representative_allele_is_somatic_truth
13245	17688334:31:SNP:C>T	1	representative_allele_is_somatic_truth
13244	17688338:10:SNP:C>T	1	representative_allele_is_somatic_truth
13243	17691046:212:SNP:T>C	1	representative_allele_is_somatic_truth
13239	17706866:475:SNP:A>C	1	representative_allele_is_somatic_truth
13238	17709553:74:SNP:C>A	1	representative_allele_is_somatic_truth
13237	17709934:38:SNP:C>A	1	representative_allele_is_somatic_truth
13234	17731729:173:SNP:T>C	1	representative_allele_is_somatic_truth
13230	17736188:45:SNP:T>A	1	representative_allele_is_somatic_truth
13228	17738515:22:SNP:G>T	1	representative_allele_is_somatic_truth
13222	17748526:5:SNP:C>T	1	representative_allele_is_somatic_truth
13221	17749454:201:SNP:C>A	1	representative_allele_is_somatic_truth
13216	17765960:292:SNP:G>A	1	representative_allele_is_somatic_truth
13212	17776812:136:SNP:C>A	1	representative_allele_is_somatic_truth
13210	17784880:396:SNP:G>A	1	representative_allele_is_somatic_truth
13208	17789350:0:SNP:A>T	-1	below_snv_min_af
13204	17805539:38:SNP:A>G	1	representative_allele_is_somatic_truth
13203	17819240:17:SNP:A>G	1	representative_allele_is_somatic_truth
13200	17822187:49:SNP:C>T	1	representative_allele_is_somatic_truth
13197	17824243:37:SNP:A>G	1	representative_allele_is_somatic_truth
13191	17837640:323:SNP:G>A	1	representative_allele_is_somatic_truth
13190	17838164:96:SNP:C>A	1	representative_allele_is_somatic_truth
13186	17842089:190:SNP:C>T	1	representative_allele_is_somatic_truth
13185	17842584:152:SNP:G>C	1	representative_allele_is_somatic_truth
13182	17848090:102:SNP:A>T	1	representative_allele_is_somatic_truth
13180	17850443:18:SNP:A>C	1	representative_allele_is_somatic_truth
13177	17851332:77:SNP:G>A	1	representative_allele_is_somatic_truth
13175	17852194:47:SNP:G>A	1	representative_allele_is_somatic_truth
13174	17854400:120:SNP:C>G	1	representative_allele_is_somatic_truth
13171	17859547:345:SNP:T>A	1	representative_allele_is_somatic_truth
13169	17861569:14:SNP:G>A	1	representative_allele_is_somatic_truth
13168	17862731:81:SNP:G>T	1	representative_allele_is_somatic_truth
13167	17863205:135:SNP:A>G	1	representative_allele_is_somatic_truth
13164	17864264:51:SNP:T>C	1	representative_allele_is_somatic_truth
13165	17864264:52:SNP:A>T	1	representative_allele_is_somatic_truth
13161	17866432:149:SNP:G>A	1	representative_allele_is_somatic_truth
13159	17866714:95:SNP:A>T	1	representative_allele_is_somatic_truth
13160	17866714:117:SNP:T>G	1	representative_allele_is_somatic_truth
13157	17867585:105:SNP:C>A	1	representative_allele_is_somatic_truth
13154	17872762:16:SNP:G>T	1	representative_allele_is_somatic_truth
13151	17876224:164:SNP:A>T	1	representative_allele_is_somatic_truth
13149	17882680:240:SNP:C>T	1	representative_allele_is_somatic_truth
13148	17884064:96:SNP:T>C	1	representative_allele_is_somatic_truth
13145	17888613:114:SNP:G>A	1	representative_allele_is_somatic_truth
13144	17889620:104:SNP:T>G	1	representative_allele_is_somatic_truth
13142	17890333:132:SNP:G>T	1	representative_allele_is_somatic_truth
13140	17891027:276:SNP:T>C	1	representative_allele_is_somatic_truth
13139	17900882:56:SNP:G>A	1	representative_allele_is_somatic_truth
13138	17904548:115:SNP:C>G	1	representative_allele_is_somatic_truth
13134	17926013:144:SNP:C>T	1	representative_allele_is_somatic_truth
13133	17927949:98:SNP:C>G	1	representative_allele_is_somatic_truth
13132	17928772:63:SNP:G>A	1	representative_allele_is_somatic_truth
13131	17929438:475:SNP:C>A	1	representative_allele_is_somatic_truth
13458	17933013:177:SNP:C>T	1	representative_allele_is_somatic_truth
13456	17944442:272:SNP:G>C	1	representative_allele_is_somatic_truth
13454	17952534:134:SNP:G>A	1	representative_allele_is_somatic_truth
13449	17963217:531:SNP:T>A	1	representative_allele_is_somatic_truth
13447	17963982:178:SNP:G>A	1	representative_allele_is_somatic_truth
13439	17981895:96:SNP:T>G	1	representative_allele_is_somatic_truth
13434	17987211:81:SNP:G>T	1	representative_allele_is_somatic_truth
13425	17995527:83:SNP:G>T	1	representative_allele_is_somatic_truth
13422	18006257:37:SNP:C>T	1	representative_allele_is_somatic_truth
13480	18011973:39:SNP:C>G	1	representative_allele_is_somatic_truth
13478	18016196:174:SNP:T>A	1	representative_allele_is_somatic_truth
13477	18017411:2:SNP:T>G	1	representative_allele_is_somatic_truth
13476	18021758:163:SNP:C>A	1	representative_allele_is_somatic_truth
13475	18026282:258:SNP:T>A	1	representative_allele_is_somatic_truth
13472	18035208:102:SNP:C>T	1	representative_allele_is_somatic_truth
13469	18037822:31:SNP:C>A	1	representative_allele_is_somatic_truth
13468	18039028:34:SNP:G>A	1	representative_allele_is_somatic_truth
13467	18039628:27:SNP:A>T	1	representative_allele_is_somatic_truth
13465	18054079:10:SNP:A>G	1	representative_allele_is_somatic_truth
13464	18057158:32:SNP:G>A	1	representative_allele_is_somatic_truth
13463	18057539:162:SNP:G>A	1	representative_allele_is_somatic_truth
13461	18063697:11:SNP:G>A	1	representative_allele_is_somatic_truth
13052	18071359:44:SNP:A>T	1	representative_allele_is_somatic_truth
13053	18073716:15:SNP:C>A	1	representative_allele_is_somatic_truth
13055	18074370:83:SNP:G>C	1	representative_allele_is_somatic_truth
13057	18084244:36:SNP:T>A	1	representative_allele_is_somatic_truth
13058	18084244:37:SNP:C>T	1	representative_allele_is_somatic_truth
13059	18084450:249:SNP:G>C	1	representative_allele_is_somatic_truth
13061	18086797:161:SNP:C>T	1	representative_allele_is_somatic_truth
13065	18089957:80:SNP:C>T	1	representative_allele_is_somatic_truth
13066	18089959:239:SNP:G>A	1	representative_allele_is_somatic_truth
13042	18097689:203:SNP:C>T	1	representative_allele_is_somatic_truth
13041	18098245:150:SNP:A>C	1	representative_allele_is_somatic_truth
13039	18103243:125:SNP:G>T	1	representative_allele_is_somatic_truth
13038	18107966:105:SNP:T>A	1	representative_allele_is_somatic_truth
13037	18109137:16:SNP:G>C	1	representative_allele_is_somatic_truth
13035	18113157:26:SNP:C>T	1	representative_allele_is_somatic_truth
13032	18117019:191:SNP:G>A	1	representative_allele_is_somatic_truth
13030	18119579:40:SNP:A>T	1	representative_allele_is_somatic_truth
13029	18119672:44:SNP:G>A	1	representative_allele_is_somatic_truth
13028	18119993:0:SNP:T>A	1	representative_allele_is_somatic_truth
13026	18130314:65:SNP:T>C	1	representative_allele_is_somatic_truth
13025	18136683:38:SNP:G>T	1	representative_allele_is_somatic_truth
13043	18161568:38:SNP:G>T	1	representative_allele_is_somatic_truth
13044	18163188:90:SNP:G>C	1	representative_allele_is_somatic_truth
13047	18171318:1:SNP:G>A	1	representative_allele_is_somatic_truth
13048	18171318:2:SNP:G>T	1	representative_allele_is_somatic_truth
13049	18174207:582:SNP:G>A	1	representative_allele_is_somatic_truth
13482	18193299:158:SNP:G>A	1	representative_allele_is_somatic_truth
13487	18210719:127:SNP:G>C	1	representative_allele_is_somatic_truth
13490	18224319:707:SNP:G>A	1	representative_allele_is_somatic_truth
13496	18244442:127:SNP:T>C	1	representative_allele_is_somatic_truth
13499	18253430:409:SNP:A>G	1	representative_allele_is_somatic_truth
13505	18260398:62:SNP:C>T	1	representative_allele_is_somatic_truth
13506	18260520:209:SNP:C>A	1	representative_allele_is_somatic_truth
13507	18260832:103:SNP:A>T	1	representative_allele_is_somatic_truth
13508	18260832:104:SNP:G>T	1	representative_allele_is_somatic_truth
13510	18267011:195:SNP:C>A	1	representative_allele_is_somatic_truth
13511	18267026:101:SNP:C>A	1	representative_allele_is_somatic_truth
13514	18269446:258:SNP:A>T	1	representative_allele_is_somatic_truth
13515	18269446:259:SNP:G>T	1	representative_allele_is_somatic_truth
13516	18269961:366:SNP:G>T	1	representative_allele_is_somatic_truth
13520	18273699:377:SNP:C>T	1	representative_allele_is_somatic_truth
13521	18275388:11:SNP:C>A	1	representative_allele_is_somatic_truth
13523	18284641:168:SNP:T>G	1	representative_allele_is_somatic_truth
13525	18289354:339:SNP:G>T	1	representative_allele_is_somatic_truth
13528	18291821:12:SNP:C>T	1	representative_allele_is_somatic_truth
13529	18292006:40:SNP:A>T	1	representative_allele_is_somatic_truth
13533	18296712:66:SNP:G>C	1	representative_allele_is_somatic_truth
13539	18304914:25:SNP:A>T	1	representative_allele_is_somatic_truth
13540	18305618:14:SNP:C>T	1	representative_allele_is_somatic_truth
13543	18312287:0:SNP:C>T	1	representative_allele_is_somatic_truth
13544	18312339:35:SNP:A>G	1	representative_allele_is_somatic_truth
13546	18314517:30:SNP:G>T	1	representative_allele_is_somatic_truth
13548	18324125:9:SNP:C>T	1	representative_allele_is_somatic_truth
13549	18324165:43:SNP:G>A	1	representative_allele_is_somatic_truth
13551	18332556:105:SNP:C>T	1	representative_allele_is_somatic_truth
13552	18332881:114:SNP:G>T	1	representative_allele_is_somatic_truth
13553	18334263:47:SNP:G>A	1	representative_allele_is_somatic_truth
13554	18335660:57:SNP:G>A	1	representative_allele_is_somatic_truth
13556	18348876:153:SNP:G>T	1	representative_allele_is_somatic_truth
13558	18367875:5:SNP:T>C	1	representative_allele_is_somatic_truth
13567	18376399:19:SNP:G>A	1	representative_allele_is_somatic_truth
13568	18393281:10:SNP:C>T	1	representative_allele_is_somatic_truth
13569	18419621:28:SNP:G>C	1	representative_allele_is_somatic_truth
13570	18421230:197:SNP:C>T	1	representative_allele_is_somatic_truth
13572	18445458:23:SNP:G>A	1	representative_allele_is_somatic_truth
13616	18451992:1:SNP:A>G	1	representative_allele_is_somatic_truth
13611	18494836:26:SNP:G>A	1	representative_allele_is_somatic_truth
13608	18504008:29:SNP:C>T	1	representative_allele_is_somatic_truth
13606	18511279:42:SNP:C>T	1	representative_allele_is_somatic_truth
13596	18538313:93:SNP:A>T	1	representative_allele_is_somatic_truth
13595	18540089:15:SNP:G>A	1	representative_allele_is_somatic_truth
13594	18545840:54:SNP:G>T	1	representative_allele_is_somatic_truth
13593	18547368:27:SNP:G>A	1	representative_allele_is_somatic_truth
13590	18549554:135:SNP:C>A	1	representative_allele_is_somatic_truth
13589	18551976:3:SNP:C>T	1	representative_allele_is_somatic_truth
13587	18554882:117:SNP:G>A	1	representative_allele_is_somatic_truth
13583	18569507:132:SNP:A>T	1	representative_allele_is_somatic_truth
13579	18593446:14:SNP:G>T	1	representative_allele_is_somatic_truth
13577	18625258:45:SNP:G>A	1	representative_allele_is_somatic_truth
13620	18644932:2:SNP:T>A	1	representative_allele_is_somatic_truth
13619	18647204:135:SNP:T>A	1	representative_allele_is_somatic_truth
13622	18665355:38:SNP:G>A	1	representative_allele_is_somatic_truth
13627	18725080:172:SNP:C>T	1	representative_allele_is_somatic_truth
13634	18743877:307:SNP:C>T	1	representative_allele_is_somatic_truth
13636	18752290:208:SNP:G>A	1	representative_allele_is_somatic_truth
13638	18759339:207:SNP:G>A	1	representative_allele_is_somatic_truth
13639	18761343:112:SNP:G>T	1	representative_allele_is_somatic_truth
13640	18762606:320:SNP:C>T	1	representative_allele_is_somatic_truth
13641	18773322:5:SNP:C>G	1	representative_allele_is_somatic_truth
13659	18784401:42:SNP:C>A	1	representative_allele_is_somatic_truth
13658	18786348:68:SNP:A>T	1	representative_allele_is_somatic_truth
13657	18793414:29:SNP:A>G	1	representative_allele_is_somatic_truth
13655	18801934:32:SNP:G>A	1	representative_allele_is_somatic_truth
13653	18803719:0:SNP:G>A	1	representative_allele_is_somatic_truth
13652	18809383:101:SNP:C>A	1	representative_allele_is_somatic_truth
13651	18814761:36:SNP:C>T	1	representative_allele_is_somatic_truth
13664	18867891:569:SNP:G>T	1	representative_allele_is_somatic_truth
13666	18870129:341:SNP:A>T	1	representative_allele_is_somatic_truth
13668	18870514:6:SNP:C>T	1	representative_allele_is_somatic_truth
13670	18874289:67:SNP:G>C	1	representative_allele_is_somatic_truth
13672	18877331:58:SNP:T>C	1	representative_allele_is_somatic_truth
13673	18887463:63:SNP:G>A	1	representative_allele_is_somatic_truth
13713	18936927:85:SNP:G>A	1	representative_allele_is_somatic_truth
13715	18945999:516:SNP:A>T	1	representative_allele_is_somatic_truth
13716	18947642:85:SNP:G>T	1	representative_allele_is_somatic_truth
13717	18949211:243:SNP:T>C	1	representative_allele_is_somatic_truth
13743	19138182:294:SNP:T>G	1	representative_allele_is_somatic_truth
13744	19138182:296:SNP:A>T	1	representative_allele_is_somatic_truth
13747	19140889:233:SNP:C>T	1	representative_allele_is_somatic_truth
13748	19141915:636:SNP:T>A	1	representative_allele_is_somatic_truth
13750	19143091:30:SNP:A>T	1	representative_allele_is_somatic_truth
13751	19143214:25:SNP:G>C	1	representative_allele_is_somatic_truth
13752	19143214:26:SNP:C>T	1	representative_allele_is_somatic_truth
13754	19145975:28:SNP:G>C	1	representative_allele_is_somatic_truth
13758	19153448:669:SNP:C>T	1	representative_allele_is_somatic_truth
13759	19153822:388:SNP:G>C	1	representative_allele_is_somatic_truth
13760	19167464:224:SNP:C>G	1	representative_allele_is_somatic_truth
13763	19169897:53:SNP:A>G	1	representative_allele_is_somatic_truth
13764	19173429:302:SNP:C>T	1	representative_allele_is_somatic_truth
13768	19179203:7:SNP:T>C	1	representative_allele_is_somatic_truth
13769	19183222:22:SNP:G>A	1	representative_allele_is_somatic_truth
13770	19186206:205:SNP:G>T	1	representative_allele_is_somatic_truth
13771	19190272:30:SNP:G>T	1	representative_allele_is_somatic_truth
13774	19194350:12:SNP:G>A	1	representative_allele_is_somatic_truth
13775	19202942:0:SNP:G>A	1	representative_allele_is_somatic_truth
13778	19204023:205:SNP:G>A	1	representative_allele_is_somatic_truth
13779	19205581:83:SNP:A>T	1	representative_allele_is_somatic_truth
13780	19207133:224:SNP:G>A	1	representative_allele_is_somatic_truth
13783	19215099:257:SNP:G>A	1	representative_allele_is_somatic_truth
13789	19232213:243:SNP:C>A	1	representative_allele_is_somatic_truth
13791	19236169:44:SNP:G>C	1	representative_allele_is_somatic_truth
13794	19243834:106:SNP:G>T	1	representative_allele_is_somatic_truth
13795	19243834:107:SNP:T>A	1	representative_allele_is_somatic_truth
13797	19244405:40:SNP:A>T	1	representative_allele_is_somatic_truth
13798	19250093:482:SNP:G>T	1	representative_allele_is_somatic_truth
13799	19250117:319:SNP:T>A	1	representative_allele_is_somatic_truth
13804	19261137:72:SNP:G>A	1	representative_allele_is_somatic_truth
13805	19262374:139:SNP:G>A	1	representative_allele_is_somatic_truth
13806	19263036:8:SNP:G>T	1	representative_allele_is_somatic_truth
13808	19266069:0:SNP:T>C	1	representative_allele_is_somatic_truth
13810	19269416:11:SNP:C>T	1	representative_allele_is_somatic_truth
13811	19271589:242:SNP:G>T	1	representative_allele_is_somatic_truth
13812	19274153:457:SNP:G>A	1	representative_allele_is_somatic_truth
13813	19276508:88:SNP:G>T	1	representative_allele_is_somatic_truth
13814	19284171:9:SNP:T>A	1	representative_allele_is_somatic_truth
13816	19287333:266:SNP:T>A	1	representative_allele_is_somatic_truth
13817	19307584:26:SNP:T>A	-1	below_snv_min_af
13818	19308265:331:SNP:C>T	1	representative_allele_is_somatic_truth
13819	19308919:48:SNP:G>A	1	representative_allele_is_somatic_truth
13820	19309308:81:SNP:C>T	1	representative_allele_is_somatic_truth
13821	19309590:80:SNP:C>G	1	representative_allele_is_somatic_truth
13824	19311224:525:SNP:C>T	1	representative_allele_is_somatic_truth
13826	19316993:267:SNP:G>T	1	representative_allele_is_somatic_truth
13829	19324481:155:SNP:C>T	1	representative_allele_is_somatic_truth
13830	19325026:86:SNP:C>G	1	representative_allele_is_somatic_truth
13831	19328422:31:SNP:G>A	1	representative_allele_is_somatic_truth
13832	19328441:182:SNP:A>G	1	representative_allele_is_somatic_truth
13841	19369465:17:SNP:C>A	1	representative_allele_is_somatic_truth
13843	19370698:61:SNP:G>A	1	representative_allele_is_somatic_truth
13844	19370884:139:SNP:A>T	1	representative_allele_is_somatic_truth
13845	19372062:33:SNP:C>T	1	representative_allele_is_somatic_truth
13847	19375280:246:SNP:C>T	1	representative_allele_is_somatic_truth
13848	19375509:145:SNP:C>T	1	representative_allele_is_somatic_truth
13854	19390974:164:SNP:A>T	1	representative_allele_is_somatic_truth
13858	19393959:206:SNP:G>T	1	representative_allele_is_somatic_truth
13861	19398238:17:SNP:C>G	1	representative_allele_is_somatic_truth
13862	19398708:391:SNP:T>A	1	representative_allele_is_somatic_truth
13863	19398708:399:SNP:G>C	1	representative_allele_is_somatic_truth
13864	19399773:22:SNP:G>A	1	representative_allele_is_somatic_truth
13867	19401365:140:SNP:A>T	1	representative_allele_is_somatic_truth
13868	19401415:46:SNP:A>G	1	representative_allele_is_somatic_truth
13870	19405180:324:SNP:C>T	1	representative_allele_is_somatic_truth
13871	19405331:121:SNP:C>T	1	representative_allele_is_somatic_truth
13872	19406509:60:SNP:C>A	1	representative_allele_is_somatic_truth
13873	19406509:61:SNP:C>T	1	representative_allele_is_somatic_truth
13874	19408247:452:SNP:C>A	1	representative_allele_is_somatic_truth
13876	19415381:69:SNP:G>A	1	representative_allele_is_somatic_truth
13881	19419204:11:SNP:A>G	1	representative_allele_is_somatic_truth
13882	19419406:102:SNP:T>A	1	representative_allele_is_somatic_truth
13883	19419453:705:SNP:T>G	1	representative_allele_is_somatic_truth
13891	19427322:25:SNP:A>T	1	representative_allele_is_somatic_truth
13893	19428676:61:SNP:G>A	1	representative_allele_is_somatic_truth
13896	19431140:550:SNP:C>G	1	representative_allele_is_somatic_truth
13900	19432475:90:SNP:C>A	1	representative_allele_is_somatic_truth
13904	19439980:171:SNP:C>A	1	representative_allele_is_somatic_truth
13905	19440906:842:SNP:C>T	1	representative_allele_is_somatic_truth
13910	19446957:43:SNP:A>G	1	representative_allele_is_somatic_truth
13914	19455793:57:SNP:C>G	1	representative_allele_is_somatic_truth
13915	19455895:52:SNP:C>T	1	representative_allele_is_somatic_truth
13916	19456373:6:SNP:G>T	1	representative_allele_is_somatic_truth
13918	19464906:144:SNP:G>A	1	representative_allele_is_somatic_truth
13920	19465335:21:SNP:C>T	1	representative_allele_is_somatic_truth
13922	19465966:71:SNP:G>C	1	representative_allele_is_somatic_truth
13924	19472322:59:SNP:T>G	1	representative_allele_is_somatic_truth
13925	19475930:0:SNP:T>C	1	representative_allele_is_somatic_truth
13926	19475947:80:SNP:G>C	1	representative_allele_is_somatic_truth
13928	19483587:236:SNP:A>T	1	representative_allele_is_somatic_truth
13932	19487745:159:SNP:C>A	1	representative_allele_is_somatic_truth
13933	19489841:99:SNP:G>T	1	representative_allele_is_somatic_truth
13937	19500722:143:SNP:G>A	1	representative_allele_is_somatic_truth
13938	19505358:128:SNP:C>G	1	representative_allele_is_somatic_truth
13941	19510379:429:SNP:G>T	1	representative_allele_is_somatic_truth
13942	19515808:134:SNP:T>C	1	representative_allele_is_somatic_truth
13944	19521814:483:SNP:C>G	1	representative_allele_is_somatic_truth
13945	19522843:70:SNP:C>T	1	representative_allele_is_somatic_truth
13947	19523898:37:SNP:C>T	1	representative_allele_is_somatic_truth
13949	19525672:125:SNP:C>T	1	representative_allele_is_somatic_truth
13950	19531279:29:SNP:T>G	1	representative_allele_is_somatic_truth
13951	19536029:56:SNP:A>T	1	representative_allele_is_somatic_truth
13953	19536935:422:SNP:C>T	1	representative_allele_is_somatic_truth
13954	19540984:0:SNP:A>G	1	representative_allele_is_somatic_truth
13961	19558045:3:SNP:G>C	1	representative_allele_is_somatic_truth
13965	19574812:583:SNP:C>A	1	representative_allele_is_somatic_truth
13966	19575847:69:SNP:G>A	1	representative_allele_is_somatic_truth
13968	19579484:82:SNP:C>A	1	representative_allele_is_somatic_truth
13575	19605922:19:SNP:G>A	1	representative_allele_is_somatic_truth
13574	19609663:0:SNP:A>T	1	representative_allele_is_somatic_truth
13573	19614435:146:SNP:G>T	1	representative_allele_is_somatic_truth
13978	19636215:104:SNP:A>C	1	representative_allele_is_somatic_truth
13985	19649577:81:SNP:A>C	1	representative_allele_is_somatic_truth
13989	19655195:214:SNP:A>T	1	representative_allele_is_somatic_truth
13990	19655732:159:SNP:G>A	1	representative_allele_is_somatic_truth
13993	19657052:0:SNP:G>T	1	representative_allele_is_somatic_truth
13994	19657561:43:SNP:G>A	1	representative_allele_is_somatic_truth
13995	19657572:157:SNP:C>T	1	representative_allele_is_somatic_truth
13998	19664400:30:SNP:G>A	1	representative_allele_is_somatic_truth
13999	19664427:217:SNP:G>A	1	representative_allele_is_somatic_truth
14009	19685080:85:SNP:G>A	1	representative_allele_is_somatic_truth
14012	19691026:133:SNP:A>G	1	representative_allele_is_somatic_truth
14081	19724376:159:SNP:G>A	1	representative_allele_is_somatic_truth
14080	19724888:138:SNP:G>A	1	representative_allele_is_somatic_truth
14076	19747317:219:SNP:C>G	1	representative_allele_is_somatic_truth
14072	19765766:0:SNP:C>G	1	representative_allele_is_somatic_truth
14067	19799189:87:SNP:G>A	1	representative_allele_is_somatic_truth
14062	19839168:107:SNP:G>A	1	representative_allele_is_somatic_truth
14060	19845309:101:SNP:G>A	1	representative_allele_is_somatic_truth
14056	19855843:72:SNP:G>A	1	representative_allele_is_somatic_truth
14055	19871167:89:SNP:C>T	1	representative_allele_is_somatic_truth
14054	19875913:26:SNP:G>T	1	representative_allele_is_somatic_truth
14052	19878744:41:SNP:G>A	1	representative_allele_is_somatic_truth
14050	19884744:78:SNP:G>A	1	representative_allele_is_somatic_truth
14049	19887137:52:SNP:C>G	1	representative_allele_is_somatic_truth
14048	19890770:238:SNP:G>A	1	representative_allele_is_somatic_truth
14044	19898300:254:SNP:G>C	1	representative_allele_is_somatic_truth
14040	19911908:46:SNP:C>T	1	representative_allele_is_somatic_truth
14039	19917024:134:SNP:G>C	1	representative_allele_is_somatic_truth
14035	19930982:62:SNP:C>T	1	representative_allele_is_somatic_truth
14033	19947012:1:SNP:C>T	1	representative_allele_is_somatic_truth
14030	19962484:58:SNP:C>T	1	representative_allele_is_somatic_truth
14026	19967754:48:SNP:G>T	1	representative_allele_is_somatic_truth
14025	19973760:29:SNP:T>G	1	representative_allele_is_somatic_truth
14024	19974943:33:SNP:T>A	1	representative_allele_is_somatic_truth
14021	19975970:166:SNP:A>T	1	representative_allele_is_somatic_truth
14020	19981060:34:SNP:G>A	1	representative_allele_is_somatic_truth
14019	19982461:0:SNP:A>C	1	representative_allele_is_somatic_truth
14015	19992914:11:SNP:C>A	1	representative_allele_is_somatic_truth
14104	20018690:141:SNP:G>T	1	representative_allele_is_somatic_truth
14102	20031018:75:SNP:G>A	1	representative_allele_is_somatic_truth
14101	20034938:103:SNP:A>T	1	representative_allele_is_somatic_truth
14099	20040249:49:SNP:C>T	1	representative_allele_is_somatic_truth
14098	20045166:6:SNP:G>A	1	representative_allele_is_somatic_truth
14095	20060038:7:SNP:G>A	1	representative_allele_is_somatic_truth
14092	20069855:23:SNP:C>T	1	representative_allele_is_somatic_truth
14091	20071912:20:SNP:T>G	1	representative_allele_is_somatic_truth
14090	20078784:1:SNP:C>T	1	representative_allele_is_somatic_truth
14089	20079312:216:SNP:C>T	1	representative_allele_is_somatic_truth
14087	20093762:7:SNP:C>T	1	representative_allele_is_somatic_truth
13704	20151395:108:SNP:T>A	1	representative_allele_is_somatic_truth
13700	20163337:112:SNP:C>T	1	representative_allele_is_somatic_truth
13699	20164953:88:SNP:T>A	1	representative_allele_is_somatic_truth
13697	20172462:21:SNP:C>T	1	representative_allele_is_somatic_truth
13696	20173762:5:SNP:G>A	1	representative_allele_is_somatic_truth
13695	20173843:74:SNP:C>T	1	representative_allele_is_somatic_truth
13694	20176690:361:SNP:C>T	1	representative_allele_is_somatic_truth
13693	20177930:16:SNP:C>A	1	representative_allele_is_somatic_truth
13690	20180361:56:SNP:G>T	1	representative_allele_is_somatic_truth
13685	20197841:16:SNP:G>C	1	representative_allele_is_somatic_truth
13680	20207815:120:SNP:G>T	1	representative_allele_is_somatic_truth
13681	20207815:121:SNP:G>A	1	representative_allele_is_somatic_truth
13674	20233295:72:SNP:G>A	1	representative_allele_is_somatic_truth
13728	20281450:0:SNP:C>T	1	representative_allele_is_somatic_truth
13727	20285565:0:SNP:A>T	1	representative_allele_is_somatic_truth
13726	20286138:362:SNP:C>T	1	representative_allele_is_somatic_truth
13725	20287341:63:SNP:G>A	1	representative_allele_is_somatic_truth
13722	20292908:48:SNP:G>C	1	representative_allele_is_somatic_truth
13720	20296793:168:SNP:C>T	1	representative_allele_is_somatic_truth
13732	20298327:120:SNP:G>A	1	representative_allele_is_somatic_truth
13736	20300462:107:SNP:C>T	1	representative_allele_is_somatic_truth
13737	20300580:684:SNP:G>T	1	representative_allele_is_somatic_truth
13742	20303580:111:SNP:A>C	1	representative_allele_is_somatic_truth
14108	20376871:109:SNP:C>T	1	representative_allele_is_somatic_truth
14107	20380742:88:SNP:T>A	1	representative_allele_is_somatic_truth
14106	20387061:27:SNP:G>T	1	representative_allele_is_somatic_truth
14105	20388623:20:SNP:C>T	1	representative_allele_is_somatic_truth
13705	20427293:301:SNP:G>C	1	representative_allele_is_somatic_truth
14111	20519095:326:SNP:A>G	1	representative_allele_is_somatic_truth
14113	20539369:25:SNP:G>A	1	representative_allele_is_somatic_truth
14114	20551635:4:SNP:C>T	1	representative_allele_is_somatic_truth
14118	20566112:186:SNP:C>T	1	representative_allele_is_somatic_truth
14123	20653741:64:SNP:C>T	1	representative_allele_is_somatic_truth
14126	20664753:432:SNP:A>T	1	representative_allele_is_somatic_truth
14127	20665661:419:SNP:T>G	1	representative_allele_is_somatic_truth
14129	20677605:383:SNP:G>A	1	representative_allele_is_somatic_truth
14137	20707146:194:SNP:A>T	1	representative_allele_is_somatic_truth
14138	20711734:62:SNP:G>A	1	representative_allele_is_somatic_truth
14140	20717862:0:SNP:T>A	1	representative_allele_is_somatic_truth
14142	20724931:29:SNP:C>A	1	representative_allele_is_somatic_truth
14143	20724988:497:SNP:A>G	1	representative_allele_is_somatic_truth
14152	20743322:65:SNP:G>T	1	representative_allele_is_somatic_truth
14153	20744992:199:SNP:G>T	1	representative_allele_is_somatic_truth
14154	20747990:102:SNP:T>A	1	representative_allele_is_somatic_truth
14155	20748597:27:SNP:G>A	1	representative_allele_is_somatic_truth
14158	20761673:93:SNP:G>A	1	representative_allele_is_somatic_truth
14162	20779705:51:SNP:T>A	1	representative_allele_is_somatic_truth
14163	20785609:562:SNP:T>C	1	representative_allele_is_somatic_truth
14165	20788660:0:SNP:G>A	1	representative_allele_is_somatic_truth
14166	20789980:39:SNP:C>T	1	representative_allele_is_somatic_truth
14169	20796313:9:SNP:A>T	1	representative_allele_is_somatic_truth
14171	20797345:170:SNP:T>A	1	representative_allele_is_somatic_truth
14175	20807747:7:SNP:G>A	1	representative_allele_is_somatic_truth
14176	20814061:94:SNP:G>C	1	representative_allele_is_somatic_truth
14183	20849837:113:SNP:C>G	1	representative_allele_is_somatic_truth
14185	20853830:84:SNP:A>C	1	representative_allele_is_somatic_truth
14188	20888595:1:SNP:G>C	1	representative_allele_is_somatic_truth
14190	20890988:60:SNP:A>T	1	representative_allele_is_somatic_truth
14191	20892397:399:SNP:C>T	1	representative_allele_is_somatic_truth
14192	20894959:28:SNP:C>G	1	representative_allele_is_somatic_truth
14200	20930704:306:SNP:C>T	1	representative_allele_is_somatic_truth
14264	20953296:268:SNP:G>A	1	representative_allele_is_somatic_truth
14265	20971754:55:SNP:T>A	1	representative_allele_is_somatic_truth
14266	20972057:308:SNP:G>A	1	representative_allele_is_somatic_truth
14268	20990759:53:SNP:G>T	1	representative_allele_is_somatic_truth
14271	21027906:154:SNP:G>T	1	representative_allele_is_somatic_truth
14272	21039948:306:SNP:T>C	1	representative_allele_is_somatic_truth
14273	21043209:51:SNP:C>G	1	representative_allele_is_somatic_truth
14275	21045540:0:SNP:G>A	1	representative_allele_is_somatic_truth
14276	21050160:146:SNP:G>A	1	representative_allele_is_somatic_truth
14324	21146067:11:SNP:G>A	1	representative_allele_is_somatic_truth
14325	21148080:0:SNP:G>A	1	representative_allele_is_somatic_truth
14327	21194713:20:SNP:C>A	1	representative_allele_is_somatic_truth
14328	21194713:21:SNP:C>G	1	representative_allele_is_somatic_truth
14330	21204579:24:SNP:C>G	1	representative_allele_is_somatic_truth
14331	21214016:99:SNP:C>T	1	representative_allele_is_somatic_truth
14332	21214865:8:SNP:G>A	1	representative_allele_is_somatic_truth
14334	21267803:91:SNP:G>T	1	representative_allele_is_somatic_truth
14335	21272226:153:SNP:G>T	1	representative_allele_is_somatic_truth
14339	21312545:14:SNP:C>T	1	representative_allele_is_somatic_truth
14342	21322007:160:SNP:G>A	1	representative_allele_is_somatic_truth
14344	21327630:230:SNP:A>T	1	representative_allele_is_somatic_truth
14345	21331617:105:SNP:A>T	1	representative_allele_is_somatic_truth
14346	21337404:139:SNP:C>G	1	representative_allele_is_somatic_truth
14347	21337899:118:SNP:G>A	1	representative_allele_is_somatic_truth
14348	21339478:6:SNP:C>T	1	representative_allele_is_somatic_truth
14352	21364394:149:SNP:G>C	1	representative_allele_is_somatic_truth
14355	21383314:40:SNP:G>A	1	representative_allele_is_somatic_truth
14356	21386860:60:SNP:C>A	1	representative_allele_is_somatic_truth
14357	21400715:66:SNP:T>A	1	representative_allele_is_somatic_truth
14358	21415535:30:SNP:G>A	1	representative_allele_is_somatic_truth
14360	21425875:103:SNP:C>T	1	representative_allele_is_somatic_truth
14362	21432486:213:SNP:C>G	1	representative_allele_is_somatic_truth
14364	21443990:17:SNP:C>A	1	representative_allele_is_somatic_truth
14366	21467603:437:SNP:A>T	1	representative_allele_is_somatic_truth
14367	21469856:139:SNP:G>T	1	representative_allele_is_somatic_truth
14368	21486842:135:SNP:G>A	1	representative_allele_is_somatic_truth
14369	21510138:60:SNP:C>A	1	representative_allele_is_somatic_truth
14370	21512339:25:SNP:G>A	1	representative_allele_is_somatic_truth
14371	21528001:55:SNP:G>A	1	representative_allele_is_somatic_truth
14381	21542268:131:SNP:C>T	1	representative_allele_is_somatic_truth
14382	21548604:126:SNP:C>G	1	representative_allele_is_somatic_truth
14376	21567650:131:SNP:G>C	1	representative_allele_is_somatic_truth
14375	21567822:88:SNP:C>A	1	representative_allele_is_somatic_truth
14374	21578427:230:SNP:C>G	1	representative_allele_is_somatic_truth
14373	21579704:24:SNP:G>A	1	representative_allele_is_somatic_truth
14372	21594126:132:SNP:C>T	1	representative_allele_is_somatic_truth
14384	21609981:30:SNP:C>T	1	representative_allele_is_somatic_truth
14204	21684607:13:SNP:C>A	1	representative_allele_is_somatic_truth
14205	21684623:719:SNP:G>A	1	representative_allele_is_somatic_truth
14207	21686336:68:SNP:C>T	1	representative_allele_is_somatic_truth
14208	21695069:127:SNP:C>A	1	representative_allele_is_somatic_truth
14210	21718698:12:SNP:C>G	1	representative_allele_is_somatic_truth
14256	21748749:576:SNP:G>C	1	representative_allele_is_somatic_truth
14257	21750343:33:SNP:T>C	1	representative_allele_is_somatic_truth
14258	21752751:5:SNP:T>C	1	representative_allele_is_somatic_truth
14260	21773630:0:SNP:G>A	1	representative_allele_is_somatic_truth
14261	21774014:276:SNP:C>G	1	representative_allele_is_somatic_truth
14262	21774016:147:SNP:C>G	1	representative_allele_is_somatic_truth
14287	21786680:228:SNP:A>T	1	representative_allele_is_somatic_truth
14290	21794929:157:SNP:C>T	1	representative_allele_is_somatic_truth
14301	21852256:19:SNP:T>A	1	representative_allele_is_somatic_truth
14307	21869105:124:SNP:G>A	1	representative_allele_is_somatic_truth
14308	21869500:144:SNP:G>T	1	representative_allele_is_somatic_truth
14309	21870465:144:SNP:T>C	1	representative_allele_is_somatic_truth
14310	21871042:328:SNP:G>A	1	representative_allele_is_somatic_truth
14312	21879749:486:SNP:C>A	1	representative_allele_is_somatic_truth
14313	21881262:182:SNP:G>A	1	representative_allele_is_somatic_truth
14314	21881914:13:SNP:C>T	1	representative_allele_is_somatic_truth
14316	21888949:135:SNP:G>T	1	representative_allele_is_somatic_truth
14250	21907622:113:SNP:G>A	1	representative_allele_is_somatic_truth
14251	21912218:116:SNP:C>T	1	representative_allele_is_somatic_truth
14252	21912293:143:SNP:C>G	1	representative_allele_is_somatic_truth
14253	21916032:291:SNP:A>T	1	representative_allele_is_somatic_truth
14246	21956346:55:SNP:G>A	1	representative_allele_is_somatic_truth
14242	21968646:96:SNP:C>T	1	representative_allele_is_somatic_truth
14241	21972116:62:SNP:A>C	1	representative_allele_is_somatic_truth
14240	21975313:30:SNP:T>G	1	representative_allele_is_somatic_truth
14239	21977248:130:SNP:C>G	1	representative_allele_is_somatic_truth
14238	21989493:7:SNP:G>A	1	representative_allele_is_somatic_truth
14236	21995775:324:SNP:A>G	1	representative_allele_is_somatic_truth
14235	21995840:194:SNP:C>G	1	representative_allele_is_somatic_truth
14234	21997472:208:SNP:G>A	1	representative_allele_is_somatic_truth
14233	21998297:105:SNP:C>T	1	representative_allele_is_somatic_truth
14231	22018566:311:SNP:A>C	1	representative_allele_is_somatic_truth
14229	22021695:182:SNP:T>A	1	representative_allele_is_somatic_truth
14221	22094434:198:SNP:T>G	1	representative_allele_is_somatic_truth
14220	22098277:118:SNP:G>T	1	representative_allele_is_somatic_truth
14219	22108514:388:SNP:T>G	1	representative_allele_is_somatic_truth
14218	22109196:493:SNP:A>T	1	representative_allele_is_somatic_truth
14217	22113179:85:SNP:C>A	1	representative_allele_is_somatic_truth
14216	22114527:597:SNP:C>G	1	representative_allele_is_somatic_truth
14225	22121266:279:SNP:G>A	1	representative_allele_is_somatic_truth
14226	22124489:268:SNP:G>A	1	representative_allele_is_somatic_truth
14280	22141375:70:SNP:C>T	1	representative_allele_is_somatic_truth
14449	22162704:89:SNP:G>T	1	representative_allele_is_somatic_truth
14450	22162925:22:SNP:C>G	1	representative_allele_is_somatic_truth
14453	22171018:47:SNP:C>T	1	representative_allele_is_somatic_truth
14454	22174173:44:SNP:C>T	1	representative_allele_is_somatic_truth
14455	22174717:3:SNP:G>A	1	representative_allele_is_somatic_truth
14458	22178632:85:SNP:G>T	1	representative_allele_is_somatic_truth
14460	22181791:134:SNP:A>G	1	representative_allele_is_somatic_truth
14462	22190000:189:SNP:G>T	1	representative_allele_is_somatic_truth
14467	22224695:81:SNP:G>A	1	representative_allele_is_somatic_truth
14468	22224959:52:SNP:C>T	1	representative_allele_is_somatic_truth
14469	22231445:228:SNP:T>C	1	representative_allele_is_somatic_truth
14470	22233390:48:SNP:G>A	1	representative_allele_is_somatic_truth
14472	22239057:315:SNP:G>C	1	representative_allele_is_somatic_truth
14480	22259449:8:SNP:C>A	1	representative_allele_is_somatic_truth
14481	22260735:104:SNP:C>T	1	representative_allele_is_somatic_truth
14482	22264401:258:SNP:G>A	1	representative_allele_is_somatic_truth
14483	22264542:23:SNP:C>T	1	representative_allele_is_somatic_truth
14485	22269998:82:SNP:A>T	1	representative_allele_is_somatic_truth
14486	22285116:39:SNP:C>T	1	representative_allele_is_somatic_truth
14487	22288701:29:SNP:C>T	1	representative_allele_is_somatic_truth
14488	22293261:68:SNP:T>A	1	representative_allele_is_somatic_truth
14491	22296447:241:SNP:C>G	1	representative_allele_is_somatic_truth
14492	22304688:224:SNP:C>T	1	representative_allele_is_somatic_truth
14494	22306672:100:SNP:T>C	1	representative_allele_is_somatic_truth
14495	22307668:8:SNP:T>C	1	representative_allele_is_somatic_truth
14498	22312420:356:SNP:C>A	1	representative_allele_is_somatic_truth
14501	22318291:15:SNP:C>T	1	representative_allele_is_somatic_truth
14504	22323086:82:SNP:G>T	1	representative_allele_is_somatic_truth
14507	22334091:9:SNP:G>A	1	representative_allele_is_somatic_truth
14509	22336282:10:SNP:C>G	1	representative_allele_is_somatic_truth
14510	22336985:19:SNP:T>A	1	representative_allele_is_somatic_truth
14512	22341250:44:SNP:G>A	1	representative_allele_is_somatic_truth
14514	22344267:52:SNP:C>T	1	representative_allele_is_somatic_truth
14515	22346481:470:SNP:A>C	1	representative_allele_is_somatic_truth
14516	22348575:186:SNP:T>G	1	representative_allele_is_somatic_truth
14517	22350888:246:SNP:C>T	1	representative_allele_is_somatic_truth
14518	22351162:68:SNP:G>C	1	representative_allele_is_somatic_truth
14522	22354527:98:SNP:C>T	1	representative_allele_is_somatic_truth
14529	22364870:953:SNP:T>G	1	representative_allele_is_somatic_truth
14530	22364870:975:SNP:T>C	1	representative_allele_is_somatic_truth
14533	22365657:117:SNP:A>G	1	representative_allele_is_somatic_truth
14536	22365661:255:SNP:T>C	1	representative_allele_is_somatic_truth
14571	22379173:0:SNP:A>T	-1	below_snv_min_af
14572	22380706:129:SNP:C>T	1	representative_allele_is_somatic_truth
14574	22383682:0:SNP:G>A	1	representative_allele_is_somatic_truth
14575	22383972:190:SNP:C>T	1	representative_allele_is_somatic_truth
14579	22387840:53:SNP:C>T	1	representative_allele_is_somatic_truth
14580	22388896:239:SNP:T>G	1	representative_allele_is_somatic_truth
14581	22389373:142:SNP:G>A	1	representative_allele_is_somatic_truth
14582	22389619:20:SNP:G>A	1	representative_allele_is_somatic_truth
14583	22390243:490:SNP:T>G	1	representative_allele_is_somatic_truth
14588	22395025:74:SNP:G>A	1	representative_allele_is_somatic_truth
14589	22396335:26:SNP:T>A	1	representative_allele_is_somatic_truth
14590	22397700:128:SNP:G>A	1	representative_allele_is_somatic_truth
14595	22414903:614:SNP:C>G	1	representative_allele_is_somatic_truth
14597	22422630:16:SNP:C>T	1	representative_allele_is_somatic_truth
14598	22424654:21:SNP:C>T	1	representative_allele_is_somatic_truth
14659	22430709:157:SNP:C>T	1	representative_allele_is_somatic_truth
14658	22434648:274:SNP:C>T	1	representative_allele_is_somatic_truth
14657	22447259:2:SNP:T>G	1	representative_allele_is_somatic_truth
14653	22454247:8:SNP:C>T	1	representative_allele_is_somatic_truth
14649	22472576:5:SNP:T>A	1	representative_allele_is_somatic_truth
14648	22474871:26:SNP:C>G	1	representative_allele_is_somatic_truth
14646	22490731:18:SNP:C>T	1	representative_allele_is_somatic_truth
14645	22495115:430:SNP:T>A	1	representative_allele_is_somatic_truth
14643	22495549:2:SNP:T>G	1	representative_allele_is_somatic_truth
14699	22503976:139:SNP:G>C	1	representative_allele_is_somatic_truth
14700	22507921:104:SNP:G>A	1	representative_allele_is_somatic_truth
14705	22528504:37:SNP:C>A	1	representative_allele_is_somatic_truth
14706	22528504:38:SNP:A>C	1	representative_allele_is_somatic_truth
14707	22528940:145:SNP:C>T	1	representative_allele_is_somatic_truth
14709	22535033:40:SNP:C>A	1	representative_allele_is_somatic_truth
14711	22560027:509:SNP:C>T	1	representative_allele_is_somatic_truth
14714	22583544:103:SNP:G>C	1	representative_allele_is_somatic_truth
14715	22583546:107:SNP:G>C	1	representative_allele_is_somatic_truth
14716	22583546:193:SNP:G>C	1	representative_allele_is_somatic_truth
14717	22594529:139:SNP:A>T	1	representative_allele_is_somatic_truth
14718	22606468:369:SNP:G>C	1	representative_allele_is_somatic_truth
14725	22642972:134:SNP:C>G	1	representative_allele_is_somatic_truth
14726	22646064:36:SNP:G>T	1	representative_allele_is_somatic_truth
14729	22652431:233:SNP:T>G	1	representative_allele_is_somatic_truth
14730	22654338:287:SNP:T>A	1	representative_allele_is_somatic_truth
14731	22654338:288:SNP:C>A	1	representative_allele_is_somatic_truth
14736	22671911:125:SNP:G>A	1	representative_allele_is_somatic_truth
14738	22677901:16:SNP:A>G	1	representative_allele_is_somatic_truth
14739	22677934:103:SNP:G>C	1	representative_allele_is_somatic_truth
14744	22706634:449:SNP:C>A	1	representative_allele_is_somatic_truth
14745	22706634:450:SNP:T>C	1	representative_allele_is_somatic_truth
14746	22706869:422:SNP:G>A	1	representative_allele_is_somatic_truth
14747	22708850:342:SNP:A>G	1	representative_allele_is_somatic_truth
14748	22713270:122:SNP:C>A	1	representative_allele_is_somatic_truth
14749	22723223:196:SNP:C>T	1	representative_allele_is_somatic_truth
14752	22751987:88:SNP:C>A	1	representative_allele_is_somatic_truth
14755	22773574:85:SNP:G>A	1	representative_allele_is_somatic_truth
14757	22785155:0:SNP:G>A	1	representative_allele_is_somatic_truth
14759	22793473:54:SNP:T>C	1	representative_allele_is_somatic_truth
14766	22807529:0:SNP:A>T	1	representative_allele_is_somatic_truth
14767	22816134:29:SNP:G>A	1	representative_allele_is_somatic_truth
14769	22817448:42:SNP:G>T	1	representative_allele_is_somatic_truth
14775	22842855:9:SNP:G>A	1	representative_allele_is_somatic_truth
14781	22855132:543:SNP:T>A	1	representative_allele_is_somatic_truth
14782	22860440:36:SNP:C>T	1	representative_allele_is_somatic_truth
14783	22866751:101:SNP:C>G	1	representative_allele_is_somatic_truth
14788	22897291:8:SNP:C>A	1	representative_allele_is_somatic_truth
14791	22900056:52:SNP:C>G	1	representative_allele_is_somatic_truth
14792	22900876:194:SNP:C>T	1	representative_allele_is_somatic_truth
14794	22909731:62:SNP:G>A	1	representative_allele_is_somatic_truth
14795	22910486:45:SNP:C>A	1	representative_allele_is_somatic_truth
14799	22917372:223:SNP:C>G	1	representative_allele_is_somatic_truth
14803	22931485:693:SNP:C>T	1	representative_allele_is_somatic_truth
14804	22931545:82:SNP:C>A	1	representative_allele_is_somatic_truth
14808	22938484:7:SNP:C>T	1	representative_allele_is_somatic_truth
14809	22949088:16:SNP:G>C	1	representative_allele_is_somatic_truth
14811	22965547:59:SNP:G>A	1	representative_allele_is_somatic_truth
14815	22976254:127:SNP:G>C	1	representative_allele_is_somatic_truth
14816	22977447:64:SNP:G>T	1	representative_allele_is_somatic_truth
14820	22987649:4:SNP:G>T	1	representative_allele_is_somatic_truth
14822	22989460:208:SNP:C>A	1	representative_allele_is_somatic_truth
14823	22989460:209:SNP:T>C	1	representative_allele_is_somatic_truth
14827	23037947:52:SNP:G>A	1	representative_allele_is_somatic_truth
14828	23039202:28:SNP:C>T	1	representative_allele_is_somatic_truth
14829	23039671:392:SNP:C>A	1	representative_allele_is_somatic_truth
14830	23040330:33:SNP:C>G	1	representative_allele_is_somatic_truth
14836	23066346:291:SNP:T>A	1	representative_allele_is_somatic_truth
14837	23067018:216:SNP:T>A	1	representative_allele_is_somatic_truth
14838	23067202:37:SNP:G>A	1	representative_allele_is_somatic_truth
14842	23081638:69:SNP:C>A	1	representative_allele_is_somatic_truth
14843	23085549:65:SNP:C>G	1	representative_allele_is_somatic_truth
14844	23085705:9:SNP:C>A	1	representative_allele_is_somatic_truth
14845	23087229:84:SNP:C>A	1	representative_allele_is_somatic_truth
14846	23113526:0:SNP:A>C	1	representative_allele_is_somatic_truth
14848	23128482:80:SNP:G>A	1	representative_allele_is_somatic_truth
14850	23129852:16:SNP:C>G	1	representative_allele_is_somatic_truth
14852	23131472:46:SNP:C>A	1	representative_allele_is_somatic_truth
14853	23132892:41:SNP:C>A	1	representative_allele_is_somatic_truth
14855	23138635:31:SNP:G>A	1	representative_allele_is_somatic_truth
14856	23146466:291:SNP:C>T	1	representative_allele_is_somatic_truth
14857	23147517:298:SNP:A>G	1	representative_allele_is_somatic_truth
14858	23159442:9:SNP:A>C	1	representative_allele_is_somatic_truth
14859	23161213:30:SNP:T>C	1	representative_allele_is_somatic_truth
14860	23164583:65:SNP:C>T	1	representative_allele_is_somatic_truth
14861	23167070:35:SNP:C>T	1	representative_allele_is_somatic_truth
14862	23175579:106:SNP:C>G	1	representative_allele_is_somatic_truth
14863	23178654:23:SNP:T>C	1	representative_allele_is_somatic_truth
14864	23185325:152:SNP:C>G	1	representative_allele_is_somatic_truth
14865	23188538:66:SNP:G>A	1	representative_allele_is_somatic_truth
14867	23191193:73:SNP:G>A	1	representative_allele_is_somatic_truth
14870	23193224:36:SNP:T>A	1	representative_allele_is_somatic_truth
14871	23193224:37:SNP:C>G	1	representative_allele_is_somatic_truth
14872	23203909:0:SNP:G>A	1	representative_allele_is_somatic_truth
14873	23206648:84:SNP:C>T	1	representative_allele_is_somatic_truth
14874	23216948:18:SNP:C>T	1	representative_allele_is_somatic_truth
14878	23259804:46:SNP:C>A	1	representative_allele_is_somatic_truth
14879	23268525:69:SNP:T>C	1	representative_allele_is_somatic_truth
14880	23270216:366:SNP:T>C	1	representative_allele_is_somatic_truth
14613	23294237:46:SNP:G>A	1	representative_allele_is_somatic_truth
14540	23334728:57:SNP:G>C	1	representative_allele_is_somatic_truth
14546	23350140:370:SNP:C>T	1	representative_allele_is_somatic_truth
14548	23351947:125:SNP:C>T	1	representative_allele_is_somatic_truth
14549	23352308:69:SNP:C>T	1	representative_allele_is_somatic_truth
14550	23354181:169:SNP:A>G	1	representative_allele_is_somatic_truth
14551	23354395:47:SNP:C>A	1	representative_allele_is_somatic_truth
14552	23357387:4:SNP:C>T	1	representative_allele_is_somatic_truth
14553	23361995:196:SNP:G>A	1	representative_allele_is_somatic_truth
14555	23370528:90:SNP:C>A	1	representative_allele_is_somatic_truth
14556	23374217:798:SNP:A>C	1	representative_allele_is_somatic_truth
14560	23385632:114:SNP:C>G	1	representative_allele_is_somatic_truth
14564	23394025:375:SNP:A>T	1	representative_allele_is_somatic_truth
14565	23395341:0:SNP:T>C	1	representative_allele_is_somatic_truth
14601	23407501:52:SNP:C>T	1	representative_allele_is_somatic_truth
14603	23408595:429:SNP:T>A	1	representative_allele_is_somatic_truth
14604	23408796:130:SNP:T>C	1	representative_allele_is_somatic_truth
14605	23408796:131:SNP:G>T	1	representative_allele_is_somatic_truth
14606	23410339:18:SNP:C>T	1	representative_allele_is_somatic_truth
14607	23415982:248:SNP:A>G	1	representative_allele_is_somatic_truth
14609	23417815:278:SNP:C>A	1	representative_allele_is_somatic_truth
14611	23421793:0:SNP:A>T	1	representative_allele_is_somatic_truth
14612	23427162:19:SNP:T>A	1	representative_allele_is_somatic_truth
14385	23436544:240:SNP:C>T	1	representative_allele_is_somatic_truth
14387	23445310:0:SNP:G>A	1	representative_allele_is_somatic_truth
14391	23460748:67:SNP:T>C	1	representative_allele_is_somatic_truth
14396	23464152:128:SNP:T>C	1	representative_allele_is_somatic_truth
14397	23465794:230:SNP:A>T	1	representative_allele_is_somatic_truth
14399	23468066:12:SNP:G>A	1	representative_allele_is_somatic_truth
14400	23470519:3:SNP:G>A	1	representative_allele_is_somatic_truth
14403	23476186:182:SNP:G>T	1	representative_allele_is_somatic_truth
14404	23477293:300:SNP:G>A	1	representative_allele_is_somatic_truth
14408	23493356:175:SNP:C>T	1	representative_allele_is_somatic_truth
14412	23510872:114:SNP:G>A	1	representative_allele_is_somatic_truth
14416	23531439:16:SNP:G>A	1	representative_allele_is_somatic_truth
14422	23544207:32:SNP:C>T	1	representative_allele_is_somatic_truth
14423	23544774:27:SNP:G>A	1	representative_allele_is_somatic_truth
14424	23550028:137:SNP:C>G	1	representative_allele_is_somatic_truth
14425	23550423:76:SNP:C>G	1	representative_allele_is_somatic_truth
14426	23550562:58:SNP:C>G	1	representative_allele_is_somatic_truth
14427	23552318:11:SNP:G>T	1	representative_allele_is_somatic_truth
14429	23557808:85:SNP:T>C	1	representative_allele_is_somatic_truth
14432	23563158:15:SNP:A>C	1	representative_allele_is_somatic_truth
14433	23565492:0:SNP:T>A	1	representative_allele_is_somatic_truth
14434	23567595:51:SNP:G>A	1	representative_allele_is_somatic_truth
14441	23577676:38:SNP:A>T	1	representative_allele_is_somatic_truth
14442	23580015:145:SNP:G>T	1	representative_allele_is_somatic_truth
14443	23580598:36:SNP:T>A	1	representative_allele_is_somatic_truth
14444	23583227:126:SNP:G>T	1	representative_allele_is_somatic_truth
14445	23586673:137:SNP:C>A	1	representative_allele_is_somatic_truth
14640	23591336:1:SNP:A>G	1	representative_allele_is_somatic_truth
14639	23594745:4:SNP:T>C	1	representative_allele_is_somatic_truth
14636	23600790:131:SNP:A>T	1	representative_allele_is_somatic_truth
14633	23603498:874:SNP:G>C	1	representative_allele_is_somatic_truth
14631	23621432:27:SNP:C>A	1	representative_allele_is_somatic_truth
14630	23621720:224:SNP:A>G	1	representative_allele_is_somatic_truth
14629	23628421:94:SNP:C>T	1	representative_allele_is_somatic_truth
14624	23647361:303:SNP:A>G	1	representative_allele_is_somatic_truth
14623	23652156:37:SNP:G>A	1	representative_allele_is_somatic_truth
14619	23660989:189:SNP:G>A	1	representative_allele_is_somatic_truth
14618	23661763:52:SNP:G>C	1	representative_allele_is_somatic_truth
14665	23684658:41:SNP:C>T	1	representative_allele_is_somatic_truth
14667	23688389:127:SNP:C>T	1	representative_allele_is_somatic_truth
14668	23689305:34:SNP:C>T	1	representative_allele_is_somatic_truth
14671	23693883:456:SNP:G>A	1	representative_allele_is_somatic_truth
14674	23705781:342:SNP:C>T	1	representative_allele_is_somatic_truth
14675	23709650:84:SNP:C>T	1	representative_allele_is_somatic_truth
14676	23710214:106:SNP:T>A	1	representative_allele_is_somatic_truth
14677	23710214:108:SNP:A>T	1	representative_allele_is_somatic_truth
14679	23715029:7:SNP:C>T	1	representative_allele_is_somatic_truth
14681	23719273:97:SNP:C>T	1	representative_allele_is_somatic_truth
14687	23739048:20:SNP:C>A	1	representative_allele_is_somatic_truth
14690	23746043:489:SNP:A>G	1	representative_allele_is_somatic_truth
14693	23759020:18:SNP:C>T	1	representative_allele_is_somatic_truth
14695	23759871:220:SNP:G>T	1	representative_allele_is_somatic_truth
14886	23802824:87:SNP:C>G	1	representative_allele_is_somatic_truth
14890	23831955:39:SNP:C>T	1	representative_allele_is_somatic_truth
14891	23833775:51:SNP:C>T	1	representative_allele_is_somatic_truth
14892	23846823:34:SNP:G>A	1	representative_allele_is_somatic_truth
14893	23858382:67:SNP:C>G	1	representative_allele_is_somatic_truth
14894	23861792:41:SNP:T>G	1	representative_allele_is_somatic_truth
14895	23880592:56:SNP:C>T	1	representative_allele_is_somatic_truth
14896	23894586:57:SNP:G>A	1	representative_allele_is_somatic_truth
14899	23914333:174:SNP:C>T	1	representative_allele_is_somatic_truth
14901	23928248:39:SNP:C>T	1	representative_allele_is_somatic_truth
14904	23943382:15:SNP:G>A	1	representative_allele_is_somatic_truth
14909	23984427:51:SNP:A>G	1	representative_allele_is_somatic_truth
14918	24036135:160:SNP:C>T	1	representative_allele_is_somatic_truth
14922	24047543:6:SNP:G>C	1	representative_allele_is_somatic_truth
14924	24051404:11:SNP:G>A	1	representative_allele_is_somatic_truth
14925	24055759:34:SNP:C>T	1	representative_allele_is_somatic_truth
14930	24086792:17:SNP:A>T	1	representative_allele_is_somatic_truth
14931	24087027:69:SNP:C>G	1	representative_allele_is_somatic_truth
14933	24092424:53:SNP:A>C	1	representative_allele_is_somatic_truth
14945	24153210:125:SNP:C>A	1	representative_allele_is_somatic_truth
14946	24153633:132:SNP:A>T	1	representative_allele_is_somatic_truth
14950	24157316:82:SNP:G>T	1	representative_allele_is_somatic_truth
14953	24171388:19:SNP:G>C	1	representative_allele_is_somatic_truth
14956	24197685:178:SNP:G>T	1	representative_allele_is_somatic_truth
14957	24197685:179:SNP:A>T	1	representative_allele_is_somatic_truth
14958	24200171:0:SNP:T>G	1	representative_allele_is_somatic_truth
14959	24207915:51:SNP:C>T	1	representative_allele_is_somatic_truth
14961	24220346:2:SNP:C>T	1	representative_allele_is_somatic_truth
14964	24253544:121:SNP:G>A	1	representative_allele_is_somatic_truth
14967	24269261:320:SNP:C>T	1	representative_allele_is_somatic_truth
14971	24282186:1:SNP:C>T	1	representative_allele_is_somatic_truth
14972	24284047:68:SNP:C>G	1	representative_allele_is_somatic_truth
14973	24286993:0:SNP:G>A	1	representative_allele_is_somatic_truth
14974	24289506:136:SNP:C>A	1	representative_allele_is_somatic_truth
14977	24294337:100:SNP:C>T	1	representative_allele_is_somatic_truth
14978	24298052:192:SNP:A>G	1	representative_allele_is_somatic_truth
14985	24325666:482:SNP:A>T	1	representative_allele_is_somatic_truth
14990	24331165:259:SNP:A>G	1	representative_allele_is_somatic_truth
14994	24347612:149:SNP:G>T	1	representative_allele_is_somatic_truth
15086	24416930:141:SNP:C>G	1	representative_allele_is_somatic_truth
15087	24421006:206:SNP:G>A	1	representative_allele_is_somatic_truth
15088	24421006:207:SNP:G>C	1	representative_allele_is_somatic_truth
15089	24428775:75:SNP:C>T	1	representative_allele_is_somatic_truth
15090	24438110:137:SNP:G>A	1	representative_allele_is_somatic_truth
15093	24452015:118:SNP:C>T	1	representative_allele_is_somatic_truth
15094	24471469:236:SNP:G>A	1	representative_allele_is_somatic_truth
15095	24472428:45:SNP:C>T	1	representative_allele_is_somatic_truth
15096	24473915:38:SNP:A>T	1	representative_allele_is_somatic_truth
15097	24494923:100:SNP:A>T	1	representative_allele_is_somatic_truth
15100	24522408:97:SNP:C>T	1	representative_allele_is_somatic_truth
15102	24526174:169:SNP:G>A	1	representative_allele_is_somatic_truth
15104	24544015:42:SNP:G>T	1	representative_allele_is_somatic_truth
15105	24544155:16:SNP:G>A	1	representative_allele_is_somatic_truth
15106	24575010:68:SNP:G>C	1	representative_allele_is_somatic_truth
15107	24575012:59:SNP:G>C	1	representative_allele_is_somatic_truth
15108	24579675:68:SNP:C>A	1	representative_allele_is_somatic_truth
15109	24587777:30:SNP:C>G	1	representative_allele_is_somatic_truth
15110	24600578:107:SNP:G>A	1	representative_allele_is_somatic_truth
15111	24602631:176:SNP:C>T	1	representative_allele_is_somatic_truth
15113	24633847:18:SNP:G>A	1	representative_allele_is_somatic_truth
15115	24659632:0:SNP:G>A	1	representative_allele_is_somatic_truth
15116	24671727:109:SNP:T>A	1	representative_allele_is_somatic_truth
15117	24674632:48:SNP:C>T	1	representative_allele_is_somatic_truth
15121	24711441:45:SNP:A>G	1	representative_allele_is_somatic_truth
15122	24713165:67:SNP:C>T	1	representative_allele_is_somatic_truth
15123	24714849:131:SNP:C>T	1	representative_allele_is_somatic_truth
15124	24718632:165:SNP:G>A	1	representative_allele_is_somatic_truth
14882	24738462:16:SNP:T>C	1	representative_allele_is_somatic_truth
14883	24738678:5:SNP:T>A	1	representative_allele_is_somatic_truth
15127	24766697:159:SNP:C>G	1	representative_allele_is_somatic_truth
15129	24778231:175:SNP:G>A	1	representative_allele_is_somatic_truth
15131	24784999:0:SNP:T>A	1	representative_allele_is_somatic_truth
15132	24785199:55:SNP:C>T	1	representative_allele_is_somatic_truth
15134	24808909:97:SNP:C>G	1	representative_allele_is_somatic_truth
15135	24809097:18:SNP:A>G	1	representative_allele_is_somatic_truth
15136	24819347:155:SNP:T>G	1	representative_allele_is_somatic_truth
14999	24870100:209:SNP:A>T	1	representative_allele_is_somatic_truth
15000	24870731:59:SNP:A>C	1	representative_allele_is_somatic_truth
15001	24874871:128:SNP:C>A	1	representative_allele_is_somatic_truth
15002	24874871:129:SNP:T>A	1	representative_allele_is_somatic_truth
15003	24891876:67:SNP:T>C	1	representative_allele_is_somatic_truth
15005	24893273:69:SNP:T>C	1	representative_allele_is_somatic_truth
15006	24895724:43:SNP:G>A	1	representative_allele_is_somatic_truth
15009	24916760:110:SNP:C>A	1	representative_allele_is_somatic_truth
15011	24927050:236:SNP:C>T	1	representative_allele_is_somatic_truth
15013	24953058:198:SNP:A>G	1	representative_allele_is_somatic_truth
15015	24955083:428:SNP:C>T	1	representative_allele_is_somatic_truth
15016	24957705:204:SNP:G>T	1	representative_allele_is_somatic_truth
15020	24963821:17:SNP:C>A	1	representative_allele_is_somatic_truth
15021	24964814:363:SNP:C>T	1	representative_allele_is_somatic_truth
15022	24965315:198:SNP:C>T	1	representative_allele_is_somatic_truth
15023	24965771:1:SNP:C>T	1	representative_allele_is_somatic_truth
15025	24972320:2:SNP:T>C	1	representative_allele_is_somatic_truth
15027	24979901:98:SNP:G>A	1	representative_allele_is_somatic_truth
15039	25048814:503:SNP:C>T	1	representative_allele_is_somatic_truth
15041	25053442:6:SNP:C>T	1	representative_allele_is_somatic_truth
15042	25055009:4:SNP:T>C	1	representative_allele_is_somatic_truth
15044	25068895:200:SNP:G>A	1	representative_allele_is_somatic_truth
15045	25071739:1:SNP:G>A	1	representative_allele_is_somatic_truth
15048	25086985:96:SNP:G>A	1	representative_allele_is_somatic_truth
15053	25099575:97:SNP:C>T	1	representative_allele_is_somatic_truth
15056	25109617:414:SNP:G>A	1	representative_allele_is_somatic_truth
15059	25113501:715:SNP:G>T	1	representative_allele_is_somatic_truth
15071	25130008:20:SNP:A>G	1	representative_allele_is_somatic_truth
15072	25133720:435:SNP:G>A	1	representative_allele_is_somatic_truth
15073	25152257:98:SNP:C>T	1	representative_allele_is_somatic_truth
15074	25161419:133:SNP:G>A	1	representative_allele_is_somatic_truth
15075	25162165:339:SNP:G>A	1	representative_allele_is_somatic_truth
15078	25171976:80:SNP:A>T	1	representative_allele_is_somatic_truth
15080	25209181:154:SNP:A>T	1	representative_allele_is_somatic_truth
14881	25221623:227:SNP:C>T	1	representative_allele_is_somatic_truth
15060	25240470:351:SNP:C>T	1	representative_allele_is_somatic_truth
15061	25241733:85:SNP:C>G	1	representative_allele_is_somatic_truth
15062	25247546:62:SNP:G>A	1	representative_allele_is_somatic_truth
15064	25252621:0:SNP:A>C	1	representative_allele_is_somatic_truth
15065	25255983:177:SNP:G>A	1	representative_allele_is_somatic_truth
15068	25259501:52:SNP:C>A	1	representative_allele_is_somatic_truth
1	38457:362:SNP:G>A	1	representative_allele_is_somatic_truth
9	60462:203:SNP:C>T	1	representative_allele_is_somatic_truth
10	67949:33:SNP:A>T	1	representative_allele_is_somatic_truth
11	71377:51:SNP:G>A	1	representative_allele_is_somatic_truth
15	90034:131:SNP:C>T	1	representative_allele_is_somatic_truth
14	111843:131:SNP:C>T	1	representative_allele_is_somatic_truth
13	113529:6:SNP:G>A	1	representative_allele_is_somatic_truth
12	120508:16:SNP:C>T	1	representative_allele_is_somatic_truth
16	147980:53:SNP:C>T	1	representative_allele_is_somatic_truth
17	153608:13:SNP:T>A	1	representative_allele_is_somatic_truth
18	153828:46:SNP:C>T	1	representative_allele_is_somatic_truth
20	154816:66:SNP:G>C	1	representative_allele_is_somatic_truth
21	161175:72:SNP:C>G	1	representative_allele_is_somatic_truth
23	166515:444:SNP:C>A	1	representative_allele_is_somatic_truth
24	166515:445:SNP:C>A	1	representative_allele_is_somatic_truth
27	176602:18:SNP:T>G	1	representative_allele_is_somatic_truth
28	177774:314:SNP:G>A	1	representative_allele_is_somatic_truth
29	185269:177:SNP:G>A	1	representative_allele_is_somatic_truth
31	196279:31:SNP:G>C	1	representative_allele_is_somatic_truth
32	196279:34:SNP:A>C	1	representative_allele_is_somatic_truth
33	197453:305:SNP:G>T	1	representative_allele_is_somatic_truth
34	197709:26:SNP:G>A	1	representative_allele_is_somatic_truth
35	197716:81:SNP:G>C	1	representative_allele_is_somatic_truth
36	208191:30:SNP:G>A	1	representative_allele_is_somatic_truth
40	237856:27:SNP:C>G	1	representative_allele_is_somatic_truth
44	249801:55:SNP:C>A	1	representative_allele_is_somatic_truth
47	257465:83:SNP:C>A	1	representative_allele_is_somatic_truth
49	271948:13:SNP:G>A	1	representative_allele_is_somatic_truth
50	279354:502:SNP:G>T	1	representative_allele_is_somatic_truth
51	285044:266:SNP:G>A	1	representative_allele_is_somatic_truth
52	290892:184:SNP:A>G	1	representative_allele_is_somatic_truth
53	294577:143:SNP:G>A	1	representative_allele_is_somatic_truth
54	304950:357:SNP:G>T	1	representative_allele_is_somatic_truth
55	310424:185:SNP:C>G	1	representative_allele_is_somatic_truth
56	312242:12:SNP:C>T	1	representative_allele_is_somatic_truth
58	317156:107:SNP:A>T	1	representative_allele_is_somatic_truth
61	325947:336:SNP:C>G	1	representative_allele_is_somatic_truth
62	333631:23:SNP:G>A	1	representative_allele_is_somatic_truth
64	353080:224:SNP:C>T	1	representative_allele_is_somatic_truth
65	353275:296:SNP:C>T	1	representative_allele_is_somatic_truth
122	362329:25:SNP:C>T	1	representative_allele_is_somatic_truth
124	368190:67:SNP:A>T	1	representative_allele_is_somatic_truth
125	372268:142:SNP:G>T	1	representative_allele_is_somatic_truth
130	408149:172:SNP:A>C	1	representative_allele_is_somatic_truth
133	418753:388:SNP:G>A	1	representative_allele_is_somatic_truth
135	441097:116:SNP:G>T	1	representative_allele_is_somatic_truth
137	455136:388:SNP:G>C	1	representative_allele_is_somatic_truth
139	469861:67:SNP:T>C	1	representative_allele_is_somatic_truth
141	476367:166:SNP:G>A	1	representative_allele_is_somatic_truth
143	494818:3:SNP:C>A	1	representative_allele_is_somatic_truth
145	514763:227:SNP:G>A	1	representative_allele_is_somatic_truth
152	595288:33:SNP:G>A	1	representative_allele_is_somatic_truth
154	606538:62:SNP:G>C	1	representative_allele_is_somatic_truth
155	611613:20:SNP:C>A	1	representative_allele_is_somatic_truth
157	636215:194:SNP:A>T	1	representative_allele_is_somatic_truth
158	637859:636:SNP:G>C	1	representative_allele_is_somatic_truth
159	644478:281:SNP:C>T	1	representative_allele_is_somatic_truth
160	646240:62:SNP:T>G	1	representative_allele_is_somatic_truth
161	647799:294:SNP:T>A	1	representative_allele_is_somatic_truth
164	653107:4:SNP:G>A	1	representative_allele_is_somatic_truth
165	653234:128:SNP:G>C	1	representative_allele_is_somatic_truth
166	654853:6:SNP:C>G	1	representative_allele_is_somatic_truth
169	657164:302:SNP:C>T	1	representative_allele_is_somatic_truth
173	669712:39:SNP:G>A	1	representative_allele_is_somatic_truth
174	669712:40:SNP:A>T	1	representative_allele_is_somatic_truth
177	686828:2:SNP:A>T	1	representative_allele_is_somatic_truth
178	686828:3:SNP:G>T	1	representative_allele_is_somatic_truth
179	695174:98:SNP:C>T	1	representative_allele_is_somatic_truth
181	722941:22:SNP:G>T	1	representative_allele_is_somatic_truth
182	738942:620:SNP:G>A	1	representative_allele_is_somatic_truth
185	745712:332:SNP:C>G	1	representative_allele_is_somatic_truth
186	746927:192:SNP:A>T	1	representative_allele_is_somatic_truth
188	760812:0:SNP:G>C	1	representative_allele_is_somatic_truth
189	769710:177:SNP:T>A	1	representative_allele_is_somatic_truth
192	770189:0:SNP:C>T	1	representative_allele_is_somatic_truth
193	770317:39:SNP:C>A	1	representative_allele_is_somatic_truth
194	776704:1:SNP:A>C	1	representative_allele_is_somatic_truth
196	778602:39:SNP:C>T	1	representative_allele_is_somatic_truth
197	781079:13:SNP:C>T	1	representative_allele_is_somatic_truth
198	783979:41:SNP:G>A	1	representative_allele_is_somatic_truth
200	809291:438:SNP:A>C	1	representative_allele_is_somatic_truth
201	813393:106:SNP:C>A	1	representative_allele_is_somatic_truth
202	825403:42:SNP:G>A	1	representative_allele_is_somatic_truth
203	827719:80:SNP:C>T	1	representative_allele_is_somatic_truth
204	827719:99:SNP:T>G	1	representative_allele_is_somatic_truth
212	854165:518:SNP:C>T	1	representative_allele_is_somatic_truth
213	866778:0:SNP:A>C	1	representative_allele_is_somatic_truth
214	868933:81:SNP:C>T	1	representative_allele_is_somatic_truth
215	876990:87:SNP:T>A	1	representative_allele_is_somatic_truth
219	894268:614:SNP:A>T	1	representative_allele_is_somatic_truth
220	898633:531:SNP:G>T	1	representative_allele_is_somatic_truth
222	907172:96:SNP:G>T	1	representative_allele_is_somatic_truth
223	907348:43:SNP:C>T	1	representative_allele_is_somatic_truth
228	941166:263:SNP:G>A	1	representative_allele_is_somatic_truth
229	945477:93:SNP:A>T	1	representative_allele_is_somatic_truth
230	948564:50:SNP:T>A	1	representative_allele_is_somatic_truth
233	960006:121:SNP:G>A	1	representative_allele_is_somatic_truth
235	962304:281:SNP:G>A	1	representative_allele_is_somatic_truth
237	982121:41:SNP:C>A	1	representative_allele_is_somatic_truth
238	985547:340:SNP:G>A	1	representative_allele_is_somatic_truth
239	990309:237:SNP:A>T	1	representative_allele_is_somatic_truth
241	993652:0:SNP:G>T	1	representative_allele_is_somatic_truth
244	999264:28:SNP:G>T	1	representative_allele_is_somatic_truth
250	1017703:244:SNP:G>A	1	representative_allele_is_somatic_truth
252	1018229:4:SNP:T>A	1	representative_allele_is_somatic_truth
253	1018229:5:SNP:G>T	1	representative_allele_is_somatic_truth
254	1021828:43:SNP:C>A	1	representative_allele_is_somatic_truth
257	1024570:39:SNP:T>G	1	representative_allele_is_somatic_truth
259	1030021:174:SNP:A>T	1	representative_allele_is_somatic_truth
261	1035726:55:SNP:T>G	1	representative_allele_is_somatic_truth
263	1038590:22:SNP:C>T	1	representative_allele_is_somatic_truth
266	1042081:137:SNP:G>T	1	representative_allele_is_somatic_truth
268	1042651:123:SNP:G>C	1	representative_allele_is_somatic_truth
271	1050940:147:SNP:C>A	1	representative_allele_is_somatic_truth
272	1055003:63:SNP:G>C	1	representative_allele_is_somatic_truth
276	1064282:177:SNP:G>T	1	representative_allele_is_somatic_truth
277	1065942:85:SNP:C>A	1	representative_allele_is_somatic_truth
278	1069750:16:SNP:G>T	1	representative_allele_is_somatic_truth
284	1085244:47:SNP:T>C	1	representative_allele_is_somatic_truth
286	1085868:56:SNP:G>C	1	representative_allele_is_somatic_truth
288	1092528:598:SNP:C>A	1	representative_allele_is_somatic_truth
291	1103594:0:SNP:A>G	1	representative_allele_is_somatic_truth
358	1105867:17:SNP:G>A	1	representative_allele_is_somatic_truth
357	1108516:32:SNP:C>T	1	representative_allele_is_somatic_truth
353	1138877:19:SNP:G>A	1	representative_allele_is_somatic_truth
352	1157202:347:SNP:G>A	1	representative_allele_is_somatic_truth
350	1165010:99:SNP:C>T	1	representative_allele_is_somatic_truth
349	1166629:25:SNP:C>A	1	representative_allele_is_somatic_truth
347	1169587:87:SNP:C>T	1	representative_allele_is_somatic_truth
346	1172661:312:SNP:G>T	1	representative_allele_is_somatic_truth
344	1178635:157:SNP:A>G	1	representative_allele_is_somatic_truth
342	1182252:193:SNP:A>G	1	representative_allele_is_somatic_truth
340	1182434:89:SNP:C>T	1	representative_allele_is_somatic_truth
341	1182434:90:SNP:C>A	1	representative_allele_is_somatic_truth
339	1187003:23:SNP:C>T	1	representative_allele_is_somatic_truth
331	1215907:199:SNP:A>G	1	representative_allele_is_somatic_truth
330	1218147:110:SNP:C>A	1	representative_allele_is_somatic_truth
326	1221153:47:SNP:C>A	1	representative_allele_is_somatic_truth
324	1223435:651:SNP:A>C	1	representative_allele_is_somatic_truth
321	1230182:74:SNP:C>A	1	representative_allele_is_somatic_truth
318	1233179:50:SNP:C>A	1	representative_allele_is_somatic_truth
314	1244756:350:SNP:T>G	1	representative_allele_is_somatic_truth
312	1253021:159:SNP:C>T	1	representative_allele_is_somatic_truth
311	1253938:0:SNP:A>T	1	representative_allele_is_somatic_truth
301	1283894:6:SNP:C>A	1	representative_allele_is_somatic_truth
302	1283894:26:SNP:C>A	1	representative_allele_is_somatic_truth
297	1286899:134:SNP:G>A	1	representative_allele_is_somatic_truth
298	1286899:135:SNP:G>A	1	representative_allele_is_somatic_truth
299	1286899:140:SNP:G>A	1	representative_allele_is_somatic_truth
294	1294437:132:SNP:T>A	1	representative_allele_is_somatic_truth
292	1297052:161:SNP:C>A	1	representative_allele_is_somatic_truth
359	1306985:295:SNP:G>C	1	representative_allele_is_somatic_truth
360	1307075:35:SNP:G>A	1	representative_allele_is_somatic_truth
361	1307100:18:SNP:C>A	1	representative_allele_is_somatic_truth
362	1319738:8:SNP:C>T	1	representative_allele_is_somatic_truth
365	1339934:11:SNP:T>C	1	representative_allele_is_somatic_truth
366	1343307:81:SNP:C>G	1	representative_allele_is_somatic_truth
367	1365681:69:SNP:G>T	1	representative_allele_is_somatic_truth
368	1367050:8:SNP:C>G	1	representative_allele_is_somatic_truth
369	1367050:9:SNP:C>T	1	representative_allele_is_somatic_truth
373	1385074:29:SNP:G>C	1	representative_allele_is_somatic_truth
374	1396707:89:SNP:A>T	1	representative_allele_is_somatic_truth
377	1400002:42:SNP:G>A	1	representative_allele_is_somatic_truth
379	1408195:11:SNP:C>A	1	representative_allele_is_somatic_truth
380	1408233:59:SNP:C>T	1	representative_allele_is_somatic_truth
384	1415639:129:SNP:C>G	1	representative_allele_is_somatic_truth
385	1446099:328:SNP:C>A	1	representative_allele_is_somatic_truth
388	1473698:290:SNP:C>G	1	representative_allele_is_somatic_truth
394	1517794:174:SNP:A>C	1	representative_allele_is_somatic_truth
396	1538170:182:SNP:G>A	1	representative_allele_is_somatic_truth
399	1553696:15:SNP:C>T	1	representative_allele_is_somatic_truth
400	1559066:155:SNP:G>A	1	representative_allele_is_somatic_truth
404	1572515:13:SNP:T>C	1	representative_allele_is_somatic_truth
405	1574731:112:SNP:C>T	1	representative_allele_is_somatic_truth
406	1574741:28:SNP:C>T	1	representative_allele_is_somatic_truth
408	1575075:31:SNP:G>A	1	representative_allele_is_somatic_truth
409	1577139:216:SNP:C>A	1	representative_allele_is_somatic_truth
410	1580553:335:SNP:T>A	1	representative_allele_is_somatic_truth
411	1580553:336:SNP:C>T	1	representative_allele_is_somatic_truth
412	1584188:47:SNP:G>T	1	representative_allele_is_somatic_truth
413	1585845:145:SNP:G>C	1	representative_allele_is_somatic_truth
415	1589567:37:SNP:A>G	1	representative_allele_is_somatic_truth
416	1591037:31:SNP:G>A	1	representative_allele_is_somatic_truth
419	1607386:70:SNP:A>C	1	representative_allele_is_somatic_truth
421	1614368:102:SNP:A>G	1	representative_allele_is_somatic_truth
422	1622362:70:SNP:C>T	1	representative_allele_is_somatic_truth
423	1628103:178:SNP:T>A	1	representative_allele_is_somatic_truth
424	1629718:39:SNP:G>C	1	representative_allele_is_somatic_truth
425	1643237:187:SNP:T>A	1	representative_allele_is_somatic_truth
428	1657499:26:SNP:A>T	1	representative_allele_is_somatic_truth
429	1657800:165:SNP:A>T	1	representative_allele_is_somatic_truth
430	1662453:6:SNP:T>A	1	representative_allele_is_somatic_truth
431	1663096:190:SNP:C>T	1	representative_allele_is_somatic_truth
433	1671670:32:SNP:C>A	1	representative_allele_is_somatic_truth
434	1674082:104:SNP:C>A	1	representative_allele_is_somatic_truth
435	1675137:7:SNP:C>A	1	representative_allele_is_somatic_truth
437	1675908:48:SNP:A>G	1	representative_allele_is_somatic_truth
438	1681601:98:SNP:G>A	1	representative_allele_is_somatic_truth
485	1716499:121:SNP:G>C	1	representative_allele_is_somatic_truth
483	1719507:278:SNP:G>T	1	representative_allele_is_somatic_truth
519	1726097:0:SNP:A>G	1	representative_allele_is_somatic_truth
549	1742388:765:SNP:T>C	1	representative_allele_is_somatic_truth
544	1754328:91:SNP:C>T	1	representative_allele_is_somatic_truth
543	1754443:305:SNP:C>T	1	representative_allele_is_somatic_truth
542	1755543:151:SNP:G>A	1	representative_allele_is_somatic_truth
539	1765614:24:SNP:G>T	1	representative_allele_is_somatic_truth
538	1776141:145:SNP:C>T	1	representative_allele_is_somatic_truth
537	1783266:69:SNP:G>A	1	representative_allele_is_somatic_truth
536	1783269:13:SNP:G>C	1	representative_allele_is_somatic_truth
535	1783770:71:SNP:C>G	1	representative_allele_is_somatic_truth
527	1795740:372:SNP:G>A	1	representative_allele_is_somatic_truth
597	1804635:15:SNP:C>G	1	representative_allele_is_somatic_truth
601	1810720:14:SNP:C>G	1	representative_allele_is_somatic_truth
603	1826372:3:SNP:A>G	1	representative_allele_is_somatic_truth
605	1831690:146:SNP:C>T	1	representative_allele_is_somatic_truth
608	1834564:332:SNP:T>A	1	representative_allele_is_somatic_truth
610	1841305:204:SNP:G>A	1	representative_allele_is_somatic_truth
611	1841307:196:SNP:T>A	1	representative_allele_is_somatic_truth
615	1866655:20:SNP:C>T	1	representative_allele_is_somatic_truth
617	1870009:23:SNP:G>T	1	representative_allele_is_somatic_truth
618	1871392:146:SNP:A>T	1	representative_allele_is_somatic_truth
619	1875599:38:SNP:A>G	1	representative_allele_is_somatic_truth
620	1875851:257:SNP:G>A	1	representative_allele_is_somatic_truth
623	1881359:97:SNP:G>C	1	representative_allele_is_somatic_truth
626	1883197:10:SNP:G>T	1	representative_allele_is_somatic_truth
634	1891916:113:SNP:A>G	1	representative_allele_is_somatic_truth
640	1912272:0:SNP:C>G	1	representative_allele_is_somatic_truth
641	1912952:47:SNP:G>A	1	representative_allele_is_somatic_truth
645	1942172:169:SNP:T>A	1	representative_allele_is_somatic_truth
646	1942172:170:SNP:G>C	1	representative_allele_is_somatic_truth
648	1949716:21:SNP:C>G	1	representative_allele_is_somatic_truth
649	1950392:28:SNP:G>C	1	representative_allele_is_somatic_truth
651	1958403:210:SNP:C>G	1	representative_allele_is_somatic_truth
656	1967284:67:SNP:A>T	1	representative_allele_is_somatic_truth
659	1973916:43:SNP:T>G	1	representative_allele_is_somatic_truth
661	1981640:175:SNP:C>T	1	representative_allele_is_somatic_truth
664	2001759:184:SNP:A>T	1	representative_allele_is_somatic_truth
665	2001759:185:SNP:G>T	1	representative_allele_is_somatic_truth
668	2004430:65:SNP:C>G	1	representative_allele_is_somatic_truth
669	2004612:234:SNP:A>G	1	representative_allele_is_somatic_truth
671	2006564:1:SNP:G>C	1	representative_allele_is_somatic_truth
672	2007042:309:SNP:T>A	1	representative_allele_is_somatic_truth
675	2009103:132:SNP:C>A	1	representative_allele_is_somatic_truth
679	2025371:18:SNP:C>T	1	representative_allele_is_somatic_truth
680	2027463:442:SNP:T>A	1	representative_allele_is_somatic_truth
682	2030449:62:SNP:C>T	1	representative_allele_is_somatic_truth
685	2033655:104:SNP:G>T	1	representative_allele_is_somatic_truth
686	2033747:103:SNP:T>C	1	representative_allele_is_somatic_truth
687	2033874:78:SNP:G>C	1	representative_allele_is_somatic_truth
688	2034102:123:SNP:G>T	1	representative_allele_is_somatic_truth
689	2034189:28:SNP:C>A	1	representative_allele_is_somatic_truth
690	2034279:348:SNP:C>A	1	representative_allele_is_somatic_truth
691	2035663:617:SNP:G>A	1	representative_allele_is_somatic_truth
692	2037126:86:SNP:C>T	1	representative_allele_is_somatic_truth
693	2037355:9:SNP:T>A	1	representative_allele_is_somatic_truth
694	2039940:240:SNP:G>A	1	representative_allele_is_somatic_truth
695	2040235:71:SNP:C>A	1	representative_allele_is_somatic_truth
697	2044313:315:SNP:G>T	1	representative_allele_is_somatic_truth
701	2045769:192:SNP:G>T	1	representative_allele_is_somatic_truth
702	2050129:46:SNP:G>C	1	representative_allele_is_somatic_truth
703	2050414:246:SNP:C>T	1	representative_allele_is_somatic_truth
704	2050419:95:SNP:C>G	1	representative_allele_is_somatic_truth
705	2050419:299:SNP:C>T	1	representative_allele_is_somatic_truth
706	2053673:6:SNP:C>T	1	representative_allele_is_somatic_truth
710	2057174:49:SNP:G>A	1	representative_allele_is_somatic_truth
711	2057803:140:SNP:C>T	1	representative_allele_is_somatic_truth
713	2058349:308:SNP:C>A	1	representative_allele_is_somatic_truth
714	2058410:60:SNP:G>T	1	representative_allele_is_somatic_truth
717	2061986:6:SNP:G>A	1	representative_allele_is_somatic_truth
719	2062933:60:SNP:T>A	1	representative_allele_is_somatic_truth
720	2063032:655:SNP:C>T	1	representative_allele_is_somatic_truth
721	2063103:498:SNP:G>T	1	representative_allele_is_somatic_truth
722	2063861:4:SNP:G>C	1	representative_allele_is_somatic_truth
724	2064573:342:SNP:A>G	1	representative_allele_is_somatic_truth
727	2070978:1:SNP:T>A	1	representative_allele_is_somatic_truth
732	2083000:68:SNP:C>G	1	representative_allele_is_somatic_truth
733	2085739:143:SNP:G>T	1	representative_allele_is_somatic_truth
734	2087239:21:SNP:A>T	1	representative_allele_is_somatic_truth
736	2089455:29:SNP:A>T	1	representative_allele_is_somatic_truth
737	2094186:67:SNP:G>T	1	representative_allele_is_somatic_truth
740	2106400:63:SNP:G>A	1	representative_allele_is_somatic_truth
743	2123728:9:SNP:G>A	1	representative_allele_is_somatic_truth
744	2132795:72:SNP:C>T	1	representative_allele_is_somatic_truth
745	2140986:15:SNP:T>A	1	representative_allele_is_somatic_truth
749	2144712:60:SNP:T>G	1	representative_allele_is_somatic_truth
750	2144888:87:SNP:A>G	1	representative_allele_is_somatic_truth
751	2145716:562:SNP:C>A	1	representative_allele_is_somatic_truth
753	2148375:1:SNP:C>A	1	representative_allele_is_somatic_truth
754	2148375:2:SNP:T>C	1	representative_allele_is_somatic_truth
755	2149131:51:SNP:G>T	1	representative_allele_is_somatic_truth
756	2150089:64:SNP:T>C	1	representative_allele_is_somatic_truth
757	2152380:138:SNP:A>C	1	representative_allele_is_somatic_truth
758	2152405:5:SNP:C>T	1	representative_allele_is_somatic_truth
761	2161739:166:SNP:C>A	1	representative_allele_is_somatic_truth
762	2162972:239:SNP:G>T	1	representative_allele_is_somatic_truth
763	2163775:281:SNP:G>C	1	representative_allele_is_somatic_truth
764	2168850:135:SNP:G>A	1	representative_allele_is_somatic_truth
765	2169432:504:SNP:G>T	1	representative_allele_is_somatic_truth
766	2169432:505:SNP:G>T	1	representative_allele_is_somatic_truth
767	2173079:14:SNP:C>T	1	representative_allele_is_somatic_truth
768	2175811:13:SNP:A>T	1	representative_allele_is_somatic_truth
769	2178902:0:SNP:T>A	1	representative_allele_is_somatic_truth
773	2188117:55:SNP:C>A	1	representative_allele_is_somatic_truth
774	2191175:27:SNP:T>A	1	representative_allele_is_somatic_truth
775	2193916:511:SNP:C>G	1	representative_allele_is_somatic_truth
777	2199055:17:SNP:G>T	1	representative_allele_is_somatic_truth
778	2199721:37:SNP:T>A	1	representative_allele_is_somatic_truth
779	2202846:4:SNP:T>A	1	representative_allele_is_somatic_truth
781	2217219:264:SNP:A>C	1	representative_allele_is_somatic_truth
782	2217479:64:SNP:G>T	1	representative_allele_is_somatic_truth
783	2217981:193:SNP:C>A	1	representative_allele_is_somatic_truth
785	2224865:157:SNP:G>A	1	representative_allele_is_somatic_truth
786	2224865:158:SNP:G>T	1	representative_allele_is_somatic_truth
787	2228118:74:SNP:C>G	1	representative_allele_is_somatic_truth
789	2233837:187:SNP:C>G	1	representative_allele_is_somatic_truth
791	2234450:53:SNP:C>G	1	representative_allele_is_somatic_truth
792	2238211:15:SNP:C>T	1	representative_allele_is_somatic_truth
795	2242272:322:SNP:G>A	1	representative_allele_is_somatic_truth
797	2242805:199:SNP:T>A	1	representative_allele_is_somatic_truth
798	2243527:18:SNP:G>A	1	representative_allele_is_somatic_truth
799	2244182:55:SNP:T>A	1	representative_allele_is_somatic_truth
801	2249990:27:SNP:C>T	1	representative_allele_is_somatic_truth
803	2252500:117:SNP:C>T	1	representative_allele_is_somatic_truth
807	2255497:109:SNP:G>A	1	representative_allele_is_somatic_truth
808	2258243:147:SNP:C>T	1	representative_allele_is_somatic_truth
809	2260539:208:SNP:G>A	1	representative_allele_is_somatic_truth
811	2264323:54:SNP:C>A	1	representative_allele_is_somatic_truth
813	2266655:60:SNP:G>A	1	representative_allele_is_somatic_truth
814	2267140:176:SNP:G>A	1	representative_allele_is_somatic_truth
816	2270628:54:SNP:C>A	1	representative_allele_is_somatic_truth
817	2271761:187:SNP:G>A	1	representative_allele_is_somatic_truth
819	2275764:468:SNP:T>G	1	representative_allele_is_somatic_truth
821	2277532:133:SNP:A>T	1	representative_allele_is_somatic_truth
823	2280574:126:SNP:C>T	1	representative_allele_is_somatic_truth
824	2281263:67:SNP:T>A	1	representative_allele_is_somatic_truth
825	2281527:418:SNP:A>T	1	representative_allele_is_somatic_truth
826	2282640:13:SNP:T>A	1	representative_allele_is_somatic_truth
827	2283151:373:SNP:C>G	1	representative_allele_is_somatic_truth
828	2283157:186:SNP:C>T	1	representative_allele_is_somatic_truth
829	2284026:97:SNP:C>T	1	representative_allele_is_somatic_truth
832	2285577:69:SNP:G>A	1	representative_allele_is_somatic_truth
834	2287879:117:SNP:C>T	1	representative_allele_is_somatic_truth
835	2289414:47:SNP:G>A	1	representative_allele_is_somatic_truth
836	2289521:111:SNP:G>T	1	representative_allele_is_somatic_truth
839	2295300:15:SNP:C>A	1	representative_allele_is_somatic_truth
841	2296857:48:SNP:C>T	1	representative_allele_is_somatic_truth
844	2301644:57:SNP:C>T	1	representative_allele_is_somatic_truth
847	2306191:168:SNP:C>T	1	representative_allele_is_somatic_truth
848	2306415:54:SNP:G>A	1	representative_allele_is_somatic_truth
849	2307320:254:SNP:G>T	1	representative_allele_is_somatic_truth
850	2310775:96:SNP:G>T	1	representative_allele_is_somatic_truth
851	2310785:406:SNP:G>A	1	representative_allele_is_somatic_truth
852	2312271:122:SNP:T>A	1	representative_allele_is_somatic_truth
853	2312471:66:SNP:A>G	1	representative_allele_is_somatic_truth
854	2313260:63:SNP:C>T	1	representative_allele_is_somatic_truth
856	2314982:0:SNP:A>T	1	representative_allele_is_somatic_truth
857	2315335:14:SNP:C>T	1	representative_allele_is_somatic_truth
861	2321624:131:SNP:T>A	1	representative_allele_is_somatic_truth
866	2326320:71:SNP:G>A	1	representative_allele_is_somatic_truth
868	2327235:84:SNP:G>A	1	representative_allele_is_somatic_truth
869	2328705:271:SNP:G>T	1	representative_allele_is_somatic_truth
871	2330346:85:SNP:G>C	1	representative_allele_is_somatic_truth
875	2333720:85:SNP:G>C	1	representative_allele_is_somatic_truth
876	2334977:753:SNP:G>A	1	representative_allele_is_somatic_truth
877	2335756:1:SNP:G>A	1	representative_allele_is_somatic_truth
879	2343603:13:SNP:C>G	1	representative_allele_is_somatic_truth
881	2344796:35:SNP:A>T	1	representative_allele_is_somatic_truth
885	2352532:176:SNP:C>T	1	representative_allele_is_somatic_truth
890	2371595:68:SNP:G>C	1	representative_allele_is_somatic_truth
891	2373289:781:SNP:C>A	1	representative_allele_is_somatic_truth
893	2373680:16:SNP:T>C	1	representative_allele_is_somatic_truth
894	2378975:198:SNP:A>G	1	representative_allele_is_somatic_truth
895	2382830:65:SNP:G>C	1	representative_allele_is_somatic_truth
898	2391901:83:SNP:T>A	1	representative_allele_is_somatic_truth
900	2397412:187:SNP:G>A	1	representative_allele_is_somatic_truth
901	2400019:77:SNP:C>T	1	representative_allele_is_somatic_truth
906	2408786:15:SNP:G>A	1	representative_allele_is_somatic_truth
907	2410988:32:SNP:G>T	1	representative_allele_is_somatic_truth
910	2415609:233:SNP:A>T	1	representative_allele_is_somatic_truth
911	2416090:124:SNP:C>T	1	representative_allele_is_somatic_truth
913	2416986:36:SNP:A>T	1	representative_allele_is_somatic_truth
916	2430963:293:SNP:G>C	1	representative_allele_is_somatic_truth
917	2433389:0:SNP:G>T	1	representative_allele_is_somatic_truth
919	2434210:161:SNP:T>A	1	representative_allele_is_somatic_truth
920	2437929:66:SNP:G>T	1	representative_allele_is_somatic_truth
922	2441390:205:SNP:T>A	1	representative_allele_is_somatic_truth
927	2451846:1:SNP:C>A	1	representative_allele_is_somatic_truth
928	2455871:67:SNP:T>G	1	representative_allele_is_somatic_truth
929	2457969:29:SNP:C>T	1	representative_allele_is_somatic_truth
931	2461368:319:SNP:T>C	1	representative_allele_is_somatic_truth
932	2461393:4:SNP:T>G	1	representative_allele_is_somatic_truth
937	2477329:145:SNP:C>A	1	representative_allele_is_somatic_truth
938	2477329:146:SNP:C>T	1	representative_allele_is_somatic_truth
939	2479946:80:SNP:C>G	1	representative_allele_is_somatic_truth
940	2480675:6:SNP:G>A	1	representative_allele_is_somatic_truth
943	2494930:0:SNP:C>A	1	representative_allele_is_somatic_truth
944	2504325:63:SNP:G>T	1	representative_allele_is_somatic_truth
1027	2534639:54:SNP:C>T	1	representative_allele_is_somatic_truth
1030	2541286:391:SNP:A>G	1	representative_allele_is_somatic_truth
1031	2543040:76:SNP:G>A	1	representative_allele_is_somatic_truth
1033	2546564:207:SNP:C>T	1	representative_allele_is_somatic_truth
1036	2552984:14:SNP:C>T	1	representative_allele_is_somatic_truth
1037	2552993:375:SNP:C>T	1	representative_allele_is_somatic_truth
1038	2553638:233:SNP:G>C	1	representative_allele_is_somatic_truth
1044	2570866:23:SNP:C>G	1	representative_allele_is_somatic_truth
1045	2573206:438:SNP:T>A	1	representative_allele_is_somatic_truth
1047	2575780:22:SNP:C>T	1	representative_allele_is_somatic_truth
71	2730366:126:SNP:G>A	1	representative_allele_is_somatic_truth
72	2737301:82:SNP:G>A	1	representative_allele_is_somatic_truth
76	2754606:28:SNP:G>A	1	representative_allele_is_somatic_truth
78	2762630:20:SNP:G>A	1	representative_allele_is_somatic_truth
79	2793869:255:SNP:G>A	1	representative_allele_is_somatic_truth
80	2796724:413:SNP:C>A	1	representative_allele_is_somatic_truth
81	2796724:414:SNP:C>A	1	representative_allele_is_somatic_truth
82	2800418:10:SNP:A>C	1	representative_allele_is_somatic_truth
83	2800749:23:SNP:C>T	1	representative_allele_is_somatic_truth
85	2817023:39:SNP:G>A	1	representative_allele_is_somatic_truth
86	2817322:155:SNP:G>A	1	representative_allele_is_somatic_truth
88	2821538:386:SNP:T>C	1	representative_allele_is_somatic_truth
90	2834470:12:SNP:G>T	1	representative_allele_is_somatic_truth
93	2840915:370:SNP:A>G	1	representative_allele_is_somatic_truth
94	2844246:288:SNP:G>C	1	representative_allele_is_somatic_truth
96	2863971:8:SNP:G>C	1	representative_allele_is_somatic_truth
97	2864943:302:SNP:G>A	1	representative_allele_is_somatic_truth
98	2864945:252:SNP:G>C	1	representative_allele_is_somatic_truth
100	2875180:185:SNP:A>G	1	representative_allele_is_somatic_truth
103	2883049:0:SNP:C>A	1	representative_allele_is_somatic_truth
1169	2901930:274:SNP:T>C	1	representative_allele_is_somatic_truth
1168	2903447:6:SNP:A>T	1	representative_allele_is_somatic_truth
1163	2934970:139:SNP:A>G	1	representative_allele_is_somatic_truth
1162	2938382:32:SNP:G>A	1	representative_allele_is_somatic_truth
1161	2942308:60:SNP:G>C	1	representative_allele_is_somatic_truth
1156	2958456:30:SNP:T>C	1	representative_allele_is_somatic_truth
1155	2960145:338:SNP:C>T	1	representative_allele_is_somatic_truth
1154	2967361:17:SNP:C>A	1	representative_allele_is_somatic_truth
1152	2979596:9:SNP:C>A	1	representative_allele_is_somatic_truth
1151	2980347:480:SNP:T>C	1	representative_allele_is_somatic_truth
1191	2994761:23:SNP:T>G	1	representative_allele_is_somatic_truth
1187	3001043:92:SNP:T>A	1	representative_allele_is_somatic_truth
1185	3010370:339:SNP:C>G	1	representative_allele_is_somatic_truth
1183	3012537:30:SNP:G>C	1	representative_allele_is_somatic_truth
1182	3015147:74:SNP:A>T	1	representative_allele_is_somatic_truth
1180	3020539:136:SNP:G>A	1	representative_allele_is_somatic_truth
1179	3022085:152:SNP:C>A	1	representative_allele_is_somatic_truth
1178	3022298:4:SNP:T>A	1	representative_allele_is_somatic_truth
1177	3029884:15:SNP:G>C	1	representative_allele_is_somatic_truth
1176	3030269:84:SNP:C>A	1	representative_allele_is_somatic_truth
1175	3033905:24:SNP:G>T	1	representative_allele_is_somatic_truth
1174	3035203:478:SNP:C>A	1	representative_allele_is_somatic_truth
1173	3035229:48:SNP:C>T	1	representative_allele_is_somatic_truth
1192	3052844:260:SNP:C>T	1	representative_allele_is_somatic_truth
1244	3070926:1:SNP:C>G	1	representative_allele_is_somatic_truth
1245	3072663:48:SNP:T>A	1	representative_allele_is_somatic_truth
1248	3079159:31:SNP:C>T	1	representative_allele_is_somatic_truth
1250	3080719:15:SNP:C>A	1	representative_allele_is_somatic_truth
1255	3091865:15:SNP:C>T	1	representative_allele_is_somatic_truth
1256	3094928:25:SNP:T>C	1	representative_allele_is_somatic_truth
1261	3109935:318:SNP:G>A	1	representative_allele_is_somatic_truth
1264	3119082:222:SNP:C>T	1	representative_allele_is_somatic_truth
1267	3124530:18:SNP:T>A	1	representative_allele_is_somatic_truth
1269	3130144:273:SNP:C>T	1	representative_allele_is_somatic_truth
1270	3130225:126:SNP:G>C	1	representative_allele_is_somatic_truth
1271	3130238:65:SNP:G>T	1	representative_allele_is_somatic_truth
1272	3130240:147:SNP:G>A	1	representative_allele_is_somatic_truth
1273	3130246:82:SNP:G>A	1	representative_allele_is_somatic_truth
1274	3130246:126:SNP:G>A	1	representative_allele_is_somatic_truth
1275	3130248:12:SNP:G>T	1	representative_allele_is_somatic_truth
1276	3130299:88:SNP:G>A	1	representative_allele_is_somatic_truth
1277	3130309:45:SNP:G>C	1	representative_allele_is_somatic_truth
1278	3130323:198:SNP:G>A	1	representative_allele_is_somatic_truth
1279	3130323:217:SNP:G>T	1	representative_allele_is_somatic_truth
1280	3132782:284:SNP:G>T	1	representative_allele_is_somatic_truth
1288	3143829:4:SNP:C>T	1	representative_allele_is_somatic_truth
1289	3146250:62:SNP:C>T	1	representative_allele_is_somatic_truth
1290	3146250:63:SNP:C>T	1	representative_allele_is_somatic_truth
1294	3152343:113:SNP:G>A	1	representative_allele_is_somatic_truth
1295	3152343:114:SNP:G>T	1	representative_allele_is_somatic_truth
1296	3154197:21:SNP:G>C	1	representative_allele_is_somatic_truth
1299	3158891:116:SNP:C>T	1	representative_allele_is_somatic_truth
1300	3161546:17:SNP:C>T	1	representative_allele_is_somatic_truth
1303	3164844:16:SNP:A>T	1	representative_allele_is_somatic_truth
1304	3173306:70:SNP:A>G	1	representative_allele_is_somatic_truth
1305	3173306:87:SNP:A>T	1	representative_allele_is_somatic_truth
1307	3176916:753:SNP:G>A	1	representative_allele_is_somatic_truth
1308	3177068:25:SNP:C>T	1	representative_allele_is_somatic_truth
1314	3232978:25:SNP:G>A	1	representative_allele_is_somatic_truth
1315	3235927:0:SNP:C>G	1	representative_allele_is_somatic_truth
1316	3236137:17:SNP:C>A	1	representative_allele_is_somatic_truth
1317	3237160:78:SNP:C>A	1	representative_allele_is_somatic_truth
1319	3238866:29:SNP:A>T	1	representative_allele_is_somatic_truth
1322	3246800:39:SNP:G>A	1	representative_allele_is_somatic_truth
1323	3248955:27:SNP:G>A	1	representative_allele_is_somatic_truth
1325	3255085:0:SNP:G>A	1	representative_allele_is_somatic_truth
1326	3257639:273:SNP:G>T	1	representative_allele_is_somatic_truth
1327	3257877:42:SNP:C>T	1	representative_allele_is_somatic_truth
1328	3257888:23:SNP:G>A	1	representative_allele_is_somatic_truth
1330	3267411:14:SNP:A>G	1	representative_allele_is_somatic_truth
1333	3272954:0:SNP:G>T	1	representative_allele_is_somatic_truth
1334	3275368:89:SNP:G>T	1	representative_allele_is_somatic_truth
1335	3284434:13:SNP:T>C	1	representative_allele_is_somatic_truth
1336	3296725:17:SNP:A>G	1	representative_allele_is_somatic_truth
501	3333634:197:SNP:C>G	1	representative_allele_is_somatic_truth
499	3337129:59:SNP:C>G	1	representative_allele_is_somatic_truth
498	3337660:58:SNP:G>A	1	representative_allele_is_somatic_truth
593	3363201:409:SNP:C>T	1	representative_allele_is_somatic_truth
594	3363201:879:SNP:C>T	1	representative_allele_is_somatic_truth
595	3365607:0:SNP:G>A	1	representative_allele_is_somatic_truth
1150	3385430:119:SNP:C>G	1	representative_allele_is_somatic_truth
441	3401105:5:SNP:G>A	1	representative_allele_is_somatic_truth
442	3402435:332:SNP:C>A	1	representative_allele_is_somatic_truth
446	3409673:154:SNP:T>G	1	representative_allele_is_somatic_truth
448	3428815:52:SNP:G>C	1	representative_allele_is_somatic_truth
450	3437566:178:SNP:G>A	1	representative_allele_is_somatic_truth
452	3455174:129:SNP:G>A	1	representative_allele_is_somatic_truth
454	3461915:94:SNP:G>A	1	representative_allele_is_somatic_truth
456	3463809:158:SNP:T>C	1	representative_allele_is_somatic_truth
458	3470910:287:SNP:G>A	1	representative_allele_is_somatic_truth
472	3579316:36:SNP:G>T	1	representative_allele_is_somatic_truth
473	3588319:0:SNP:C>T	1	representative_allele_is_somatic_truth
475	3614394:24:SNP:C>T	1	representative_allele_is_somatic_truth
476	3614653:60:SNP:G>A	1	representative_allele_is_somatic_truth
1049	3640666:361:SNP:T>C	1	representative_allele_is_somatic_truth
1051	3642703:332:SNP:T>C	1	representative_allele_is_somatic_truth
1053	3645006:57:SNP:C>T	1	representative_allele_is_somatic_truth
1054	3650593:6:SNP:C>G	1	representative_allele_is_somatic_truth
1058	3654123:67:SNP:C>T	1	representative_allele_is_somatic_truth
1062	3661245:400:SNP:C>A	1	representative_allele_is_somatic_truth
1073	3678898:7:SNP:C>T	1	representative_allele_is_somatic_truth
1076	3681894:103:SNP:T>C	1	representative_allele_is_somatic_truth
1077	3684654:104:SNP:C>A	1	representative_allele_is_somatic_truth
1088	3705948:126:SNP:C>G	1	representative_allele_is_somatic_truth
1090	3712078:43:SNP:C>A	1	representative_allele_is_somatic_truth
1091	3715473:107:SNP:G>C	1	representative_allele_is_somatic_truth
1094	3719786:451:SNP:G>C	1	representative_allele_is_somatic_truth
1096	3720940:506:SNP:G>C	1	representative_allele_is_somatic_truth
1099	3723325:385:SNP:C>T	1	representative_allele_is_somatic_truth
1100	3724775:331:SNP:C>A	1	representative_allele_is_somatic_truth
1101	3724775:334:SNP:T>G	1	representative_allele_is_somatic_truth
1103	3725896:179:SNP:A>T	1	representative_allele_is_somatic_truth
1106	3731118:120:SNP:C>G	1	representative_allele_is_somatic_truth
1109	3737443:15:SNP:C>G	1	representative_allele_is_somatic_truth
1110	3741145:356:SNP:C>T	1	representative_allele_is_somatic_truth
1111	3742478:53:SNP:C>T	1	representative_allele_is_somatic_truth
1113	3745522:53:SNP:C>T	1	representative_allele_is_somatic_truth
1117	3767465:15:SNP:C>G	1	representative_allele_is_somatic_truth
1118	3768858:81:SNP:T>A	1	representative_allele_is_somatic_truth
1120	3771357:246:SNP:C>A	1	representative_allele_is_somatic_truth
1121	3773096:61:SNP:G>A	1	representative_allele_is_somatic_truth
1122	3773220:10:SNP:C>T	1	representative_allele_is_somatic_truth
1125	3777545:285:SNP:G>C	1	representative_allele_is_somatic_truth
1126	3779597:175:SNP:G>A	1	representative_allele_is_somatic_truth
1127	3789063:6:SNP:C>G	1	representative_allele_is_somatic_truth
1128	3792723:11:SNP:T>A	1	representative_allele_is_somatic_truth
1129	3802603:19:SNP:G>C	1	representative_allele_is_somatic_truth
1130	3802617:103:SNP:G>C	1	representative_allele_is_somatic_truth
1131	3807080:53:SNP:A>G	1	representative_allele_is_somatic_truth
1132	3807572:99:SNP:C>G	1	representative_allele_is_somatic_truth
1133	3807933:1:SNP:G>C	1	representative_allele_is_somatic_truth
1134	3807933:6:SNP:G>T	1	representative_allele_is_somatic_truth
1135	3810426:125:SNP:A>T	1	representative_allele_is_somatic_truth
1140	3839402:107:SNP:C>G	1	representative_allele_is_somatic_truth
1141	3842441:120:SNP:G>T	1	representative_allele_is_somatic_truth
1142	3844089:322:SNP:C>A	1	representative_allele_is_somatic_truth
1144	3849710:296:SNP:G>T	1	representative_allele_is_somatic_truth
1145	3850316:58:SNP:C>T	1	representative_allele_is_somatic_truth
587	3888806:48:SNP:A>G	1	representative_allele_is_somatic_truth
585	3895892:53:SNP:C>T	1	representative_allele_is_somatic_truth
584	3906493:17:SNP:C>T	1	representative_allele_is_somatic_truth
581	3919405:111:SNP:C>T	1	representative_allele_is_somatic_truth
576	3937155:13:SNP:T>A	1	representative_allele_is_somatic_truth
574	3939904:34:SNP:G>A	1	representative_allele_is_somatic_truth
570	3947559:313:SNP:G>A	1	representative_allele_is_somatic_truth
569	3949830:0:SNP:A>T	1	representative_allele_is_somatic_truth
567	3957617:221:SNP:C>A	1	representative_allele_is_somatic_truth
566	3967126:191:SNP:C>T	1	representative_allele_is_somatic_truth
565	3967165:74:SNP:T>A	1	representative_allele_is_somatic_truth
564	3970269:110:SNP:G>T	1	representative_allele_is_somatic_truth
562	3974214:539:SNP:G>A	1	representative_allele_is_somatic_truth
561	3977071:91:SNP:G>A	1	representative_allele_is_somatic_truth
560	3978715:141:SNP:C>A	1	representative_allele_is_somatic_truth
556	3979861:3:SNP:A>T	1	representative_allele_is_somatic_truth
554	3995403:196:SNP:A>C	1	representative_allele_is_somatic_truth
480	3998941:269:SNP:C>T	1	representative_allele_is_somatic_truth
479	3999122:107:SNP:C>T	1	representative_allele_is_somatic_truth
492	4001163:300:SNP:C>T	1	representative_allele_is_somatic_truth
493	4016384:0:SNP:T>C	1	representative_allele_is_somatic_truth
496	4028668:49:SNP:G>C	1	representative_allele_is_somatic_truth
503	4044488:125:SNP:C>T	1	representative_allele_is_somatic_truth
504	4059698:29:SNP:C>A	1	representative_allele_is_somatic_truth
505	4062164:220:SNP:G>A	1	representative_allele_is_somatic_truth
506	4066872:26:SNP:G>A	1	representative_allele_is_somatic_truth
507	4067657:34:SNP:G>A	1	representative_allele_is_somatic_truth
512	4078109:0:SNP:C>T	1	representative_allele_is_somatic_truth
525	4091718:137:SNP:G>A	1	representative_allele_is_somatic_truth
524	4094106:33:SNP:C>T	1	representative_allele_is_somatic_truth
523	4102588:433:SNP:C>G	1	representative_allele_is_somatic_truth
521	4107085:91:SNP:C>T	1	representative_allele_is_somatic_truth
518	4110413:14:SNP:T>C	1	representative_allele_is_somatic_truth
502	4123914:85:SNP:C>G	1	representative_allele_is_somatic_truth
949	4135985:28:SNP:C>T	1	representative_allele_is_somatic_truth
951	4138481:35:SNP:C>T	1	representative_allele_is_somatic_truth
952	4139146:82:SNP:T>A	1	representative_allele_is_somatic_truth
956	4154242:211:SNP:G>T	1	representative_allele_is_somatic_truth
957	4157123:369:SNP:G>C	1	representative_allele_is_somatic_truth
960	4172495:298:SNP:C>T	1	representative_allele_is_somatic_truth
961	4174845:192:SNP:G>A	1	representative_allele_is_somatic_truth
963	4178530:1:SNP:G>A	1	representative_allele_is_somatic_truth
964	4188674:9:SNP:C>A	1	representative_allele_is_somatic_truth
965	4193416:279:SNP:A>T	1	representative_allele_is_somatic_truth
967	4195476:228:SNP:G>A	1	representative_allele_is_somatic_truth
970	4204290:196:SNP:T>A	1	representative_allele_is_somatic_truth
972	4205515:132:SNP:G>A	1	representative_allele_is_somatic_truth
973	4206877:308:SNP:C>T	1	representative_allele_is_somatic_truth
974	4208582:565:SNP:T>C	1	representative_allele_is_somatic_truth
978	4219807:219:SNP:C>T	1	representative_allele_is_somatic_truth
982	4233225:247:SNP:T>C	1	representative_allele_is_somatic_truth
983	4236915:324:SNP:G>A	1	representative_allele_is_somatic_truth
987	4239749:106:SNP:G>A	1	representative_allele_is_somatic_truth
988	4239828:125:SNP:T>G	1	representative_allele_is_somatic_truth
989	4240504:89:SNP:A>G	1	representative_allele_is_somatic_truth
990	4240504:324:SNP:C>A	1	representative_allele_is_somatic_truth
992	4244978:40:SNP:G>C	1	representative_allele_is_somatic_truth
995	4247794:58:SNP:T>A	1	representative_allele_is_somatic_truth
996	4248641:209:SNP:C>T	1	representative_allele_is_somatic_truth
1000	4257251:61:SNP:C>A	1	representative_allele_is_somatic_truth
1001	4258333:270:SNP:G>C	1	representative_allele_is_somatic_truth
1002	4258485:44:SNP:T>G	1	representative_allele_is_somatic_truth
1003	4262043:303:SNP:C>G	1	representative_allele_is_somatic_truth
1005	4265060:116:SNP:A>G	1	representative_allele_is_somatic_truth
1008	4272195:9:SNP:C>G	1	representative_allele_is_somatic_truth
1009	4274599:170:SNP:A>G	1	representative_allele_is_somatic_truth
1013	4278535:163:SNP:C>T	1	representative_allele_is_somatic_truth
1017	4281593:799:SNP:C>T	1	representative_allele_is_somatic_truth
1019	4291668:44:SNP:T>G	1	representative_allele_is_somatic_truth
1022	4293858:50:SNP:C>T	1	representative_allele_is_somatic_truth
1023	4294328:161:SNP:C>G	1	representative_allele_is_somatic_truth
1025	4303398:115:SNP:C>G	1	representative_allele_is_somatic_truth
513	4323256:73:SNP:G>A	1	representative_allele_is_somatic_truth
1196	4333774:89:SNP:C>T	1	representative_allele_is_somatic_truth
1197	4333774:204:SNP:C>G	1	representative_allele_is_somatic_truth
1198	4333780:188:SNP:C>G	1	representative_allele_is_somatic_truth
1199	4333783:153:SNP:C>T	1	representative_allele_is_somatic_truth
1200	4333785:152:SNP:C>T	1	representative_allele_is_somatic_truth
1201	4333803:19:SNP:C>T	1	representative_allele_is_somatic_truth
1204	4350446:1:SNP:G>A	1	representative_allele_is_somatic_truth
1206	4358752:61:SNP:C>T	1	representative_allele_is_somatic_truth
1207	4358894:149:SNP:C>T	1	representative_allele_is_somatic_truth
1209	4369298:62:SNP:G>A	1	representative_allele_is_somatic_truth
1210	4372203:59:SNP:C>T	1	representative_allele_is_somatic_truth
1213	4375172:114:SNP:G>A	1	representative_allele_is_somatic_truth
1214	4375688:132:SNP:C>A	1	representative_allele_is_somatic_truth
1222	4382923:369:SNP:G>A	1	representative_allele_is_somatic_truth
1223	4383986:0:SNP:A>G	1	representative_allele_is_somatic_truth
1224	4385859:116:SNP:G>T	1	representative_allele_is_somatic_truth
1225	4390688:76:SNP:G>T	1	representative_allele_is_somatic_truth
1228	4394594:62:SNP:A>T	1	representative_allele_is_somatic_truth
1232	4403281:117:SNP:C>T	1	representative_allele_is_somatic_truth
1233	4404958:72:SNP:G>A	1	representative_allele_is_somatic_truth
1235	4409001:119:SNP:C>A	1	representative_allele_is_somatic_truth
1236	4409001:120:SNP:C>A	1	representative_allele_is_somatic_truth
1237	4413161:21:SNP:G>A	1	representative_allele_is_somatic_truth
1238	4413188:59:SNP:A>T	1	representative_allele_is_somatic_truth
1241	4422613:88:SNP:T>G	1	representative_allele_is_somatic_truth
106	4480248:25:SNP:C>G	1	representative_allele_is_somatic_truth
107	4487602:466:SNP:G>T	1	representative_allele_is_somatic_truth
109	4505275:214:SNP:G>C	1	representative_allele_is_somatic_truth
111	4513691:40:SNP:G>C	1	representative_allele_is_somatic_truth
118	4552491:2:SNP:T>A	1	representative_allele_is_somatic_truth
15139	30217844:21:SNP:G>A	1	representative_allele_is_somatic_truth
15140	30219966:221:SNP:C>G	1	representative_allele_is_somatic_truth
15144	30270816:307:SNP:C>T	1	representative_allele_is_somatic_truth
15148	30292959:25:SNP:C>T	1	representative_allele_is_somatic_truth
15150	30298058:262:SNP:C>T	1	representative_allele_is_somatic_truth
15153	30326747:10:SNP:G>T	1	representative_allele_is_somatic_truth
15160	30380311:19:SNP:G>A	1	representative_allele_is_somatic_truth
15161	30382444:229:SNP:G>A	1	representative_allele_is_somatic_truth
15163	30392053:13:SNP:A>T	1	representative_allele_is_somatic_truth
15164	30395192:111:SNP:G>A	1	representative_allele_is_somatic_truth
15165	30396693:95:SNP:G>C	1	representative_allele_is_somatic_truth
15169	30419351:0:SNP:A>T	1	representative_allele_is_somatic_truth
15171	30436079:21:SNP:T>C	1	representative_allele_is_somatic_truth
15173	30450377:6:SNP:T>A	1	representative_allele_is_somatic_truth
15174	30450994:131:SNP:C>T	1	representative_allele_is_somatic_truth
15176	30469329:105:SNP:G>A	1	representative_allele_is_somatic_truth
15179	30485892:118:SNP:A>G	1	representative_allele_is_somatic_truth
15181	30492099:2:SNP:T>C	1	representative_allele_is_somatic_truth
15182	30492112:60:SNP:T>C	1	representative_allele_is_somatic_truth
15184	30495625:91:SNP:A>C	1	representative_allele_is_somatic_truth
15190	30551159:267:SNP:C>G	1	representative_allele_is_somatic_truth
15191	30551509:88:SNP:T>C	1	representative_allele_is_somatic_truth
15197	30586113:101:SNP:T>A	1	representative_allele_is_somatic_truth
15200	30601411:226:SNP:C>G	1	representative_allele_is_somatic_truth
15202	30603599:108:SNP:G>A	1	representative_allele_is_somatic_truth
15204	30616841:701:SNP:C>T	1	representative_allele_is_somatic_truth
15206	30635824:0:SNP:G>A	1	representative_allele_is_somatic_truth
15207	30636367:204:SNP:T>A	1	representative_allele_is_somatic_truth
15211	30643829:192:SNP:C>T	1	representative_allele_is_somatic_truth
15213	30643842:344:SNP:C>A	1	representative_allele_is_somatic_truth
15214	30643842:459:SNP:C>A	1	representative_allele_is_somatic_truth
15215	30643842:476:SNP:C>A	1	representative_allele_is_somatic_truth
15216	30643846:85:SNP:C>A	1	representative_allele_is_somatic_truth
15217	30643860:44:SNP:C>T	1	representative_allele_is_somatic_truth
15218	30643860:240:SNP:C>T	1	representative_allele_is_somatic_truth
15219	30643864:315:SNP:C>T	1	representative_allele_is_somatic_truth
15220	30643864:493:SNP:C>T	1	representative_allele_is_somatic_truth
15221	30643864:538:SNP:C>T	1	representative_allele_is_somatic_truth
15222	30643866:54:SNP:G>A	1	representative_allele_is_somatic_truth
15223	30643866:62:SNP:C>T	1	representative_allele_is_somatic_truth
15224	30643866:135:SNP:C>G	1	representative_allele_is_somatic_truth
15225	30643868:78:SNP:C>A	1	representative_allele_is_somatic_truth
15226	30643870:79:SNP:C>A	1	representative_allele_is_somatic_truth
15227	30644668:147:SNP:G>A	1	representative_allele_is_somatic_truth
15228	30644681:163:SNP:G>A	1	representative_allele_is_somatic_truth
15229	30644695:119:SNP:G>A	1	representative_allele_is_somatic_truth
15230	30644695:176:SNP:G>A	1	representative_allele_is_somatic_truth
15232	30654536:34:SNP:C>A	1	representative_allele_is_somatic_truth
15233	30669038:24:SNP:G>T	1	representative_allele_is_somatic_truth
15234	30672832:34:SNP:C>T	1	representative_allele_is_somatic_truth
15235	30684155:64:SNP:A>G	1	representative_allele_is_somatic_truth
15239	30700211:177:SNP:C>T	1	representative_allele_is_somatic_truth
15240	30714195:245:SNP:T>G	1	representative_allele_is_somatic_truth
15241	30721406:235:SNP:C>G	1	representative_allele_is_somatic_truth
15243	30742492:79:SNP:G>A	1	representative_allele_is_somatic_truth
15271	30752692:627:SNP:G>A	1	representative_allele_is_somatic_truth
15269	30761707:14:SNP:C>T	1	representative_allele_is_somatic_truth
15267	30764273:323:SNP:C>T	1	representative_allele_is_somatic_truth
15264	30768492:98:SNP:G>C	1	representative_allele_is_somatic_truth
15263	30772475:3:SNP:T>C	1	representative_allele_is_somatic_truth
15259	30777095:217:SNP:C>T	1	representative_allele_is_somatic_truth
15258	30777165:935:SNP:G>A	1	representative_allele_is_somatic_truth
15272	30788460:30:SNP:C>A	1	representative_allele_is_somatic_truth
15275	30797325:863:SNP:T>A	1	representative_allele_is_somatic_truth
15287	30828407:54:SNP:C>T	1	representative_allele_is_somatic_truth
15288	30829684:31:SNP:G>A	1	representative_allele_is_somatic_truth
15289	30829684:281:SNP:G>A	1	representative_allele_is_somatic_truth
15290	30837288:61:SNP:G>A	1	representative_allele_is_somatic_truth
15291	30840534:198:SNP:G>A	1	representative_allele_is_somatic_truth
15294	30850199:244:SNP:C>T	1	representative_allele_is_somatic_truth
15296	30854885:257:SNP:C>G	1	representative_allele_is_somatic_truth
15297	30863702:105:SNP:G>T	1	representative_allele_is_somatic_truth
15298	30869359:235:SNP:A>T	1	representative_allele_is_somatic_truth
15301	30873141:116:SNP:C>T	1	representative_allele_is_somatic_truth
15302	30873254:271:SNP:C>T	1	representative_allele_is_somatic_truth
15303	30879002:83:SNP:T>G	1	representative_allele_is_somatic_truth
15304	30882882:5:SNP:C>G	1	representative_allele_is_somatic_truth
15305	30885271:119:SNP:G>C	1	representative_allele_is_somatic_truth
15306	30885286:357:SNP:G>A	1	representative_allele_is_somatic_truth
15307	30885286:363:SNP:G>A	1	representative_allele_is_somatic_truth
15313	30894004:36:SNP:C>A	1	representative_allele_is_somatic_truth
15315	30896264:326:SNP:A>T	1	representative_allele_is_somatic_truth
15316	30897606:525:SNP:G>A	1	representative_allele_is_somatic_truth
15319	30901982:206:SNP:C>A	1	representative_allele_is_somatic_truth
15320	30903638:674:SNP:C>T	1	representative_allele_is_somatic_truth
15321	30903825:50:SNP:C>A	1	representative_allele_is_somatic_truth
15322	30907205:75:SNP:C>T	1	representative_allele_is_somatic_truth
15323	30909009:0:SNP:G>A	1	representative_allele_is_somatic_truth
15324	30909057:142:SNP:G>A	1	representative_allele_is_somatic_truth
15325	30910639:292:SNP:G>A	1	representative_allele_is_somatic_truth
15326	30913286:66:SNP:C>A	1	representative_allele_is_somatic_truth
15327	30915898:11:SNP:C>T	1	representative_allele_is_somatic_truth
15329	30921978:88:SNP:T>A	1	representative_allele_is_somatic_truth
15330	30923718:187:SNP:C>A	1	representative_allele_is_somatic_truth
15333	30929340:122:SNP:C>G	1	representative_allele_is_somatic_truth
15334	30930756:8:SNP:C>A	1	representative_allele_is_somatic_truth
15335	30931183:29:SNP:G>C	1	representative_allele_is_somatic_truth
15336	30931569:59:SNP:C>G	1	representative_allele_is_somatic_truth
15337	30933297:123:SNP:G>T	1	representative_allele_is_somatic_truth
15338	30935722:38:SNP:C>G	1	representative_allele_is_somatic_truth
15339	30937691:15:SNP:C>T	1	representative_allele_is_somatic_truth
15342	30941307:159:SNP:C>G	1	representative_allele_is_somatic_truth
15346	30945339:119:SNP:A>T	1	representative_allele_is_somatic_truth
15348	30949661:310:SNP:C>T	1	representative_allele_is_somatic_truth
15349	30949748:153:SNP:C>G	1	representative_allele_is_somatic_truth
15350	30950085:101:SNP:C>T	1	representative_allele_is_somatic_truth
15351	30950535:64:SNP:T>G	1	representative_allele_is_somatic_truth
15352	30955369:31:SNP:C>A	1	representative_allele_is_somatic_truth
15353	30955919:71:SNP:C>A	1	representative_allele_is_somatic_truth
15354	30957488:399:SNP:C>G	1	representative_allele_is_somatic_truth
15355	30966052:20:SNP:C>G	1	representative_allele_is_somatic_truth
15356	30966058:216:SNP:C>T	1	representative_allele_is_somatic_truth
15357	30966068:85:SNP:C>G	1	representative_allele_is_somatic_truth
15359	30969037:108:SNP:C>G	1	representative_allele_is_somatic_truth
15361	30971648:47:SNP:T>A	1	representative_allele_is_somatic_truth
15362	30971727:90:SNP:T>G	1	representative_allele_is_somatic_truth
15363	30971979:375:SNP:T>A	1	representative_allele_is_somatic_truth
15365	30972811:466:SNP:T>A	1	representative_allele_is_somatic_truth
15366	30974825:0:SNP:C>A	1	representative_allele_is_somatic_truth
15367	30975505:62:SNP:T>C	1	representative_allele_is_somatic_truth
15368	30979266:119:SNP:T>A	1	representative_allele_is_somatic_truth
15370	30989600:125:SNP:C>T	1	representative_allele_is_somatic_truth
15372	30997308:36:SNP:G>A	1	representative_allele_is_somatic_truth
15374	31012237:4:SNP:C>A	1	representative_allele_is_somatic_truth
15375	31013068:8:SNP:C>T	1	representative_allele_is_somatic_truth
15376	31013686:850:SNP:G>A	1	representative_allele_is_somatic_truth
15377	31017393:179:SNP:T>G	1	representative_allele_is_somatic_truth
15378	31020375:152:SNP:A>T	1	representative_allele_is_somatic_truth
15379	31020897:67:SNP:C>T	1	representative_allele_is_somatic_truth
15381	31033894:231:SNP:G>A	1	representative_allele_is_somatic_truth
15383	31059728:59:SNP:C>G	1	representative_allele_is_somatic_truth
15384	31060012:47:SNP:T>C	1	representative_allele_is_somatic_truth
15388	31074597:197:SNP:T>C	1	representative_allele_is_somatic_truth
15391	31090349:2:SNP:G>A	1	representative_allele_is_somatic_truth
15394	31102007:350:SNP:A>T	1	representative_allele_is_somatic_truth
15395	31104861:31:SNP:C>T	1	representative_allele_is_somatic_truth
15396	31105993:310:SNP:C>T	1	representative_allele_is_somatic_truth
15397	31106501:204:SNP:G>A	1	representative_allele_is_somatic_truth
15398	31110759:121:SNP:G>T	1	representative_allele_is_somatic_truth
15399	31110760:0:SNP:C>T	1	representative_allele_is_somatic_truth
15400	31117099:58:SNP:C>T	1	representative_allele_is_somatic_truth
15401	31122136:378:SNP:T>A	1	representative_allele_is_somatic_truth
15402	31122515:324:SNP:A>T	1	representative_allele_is_somatic_truth
15404	31126926:24:SNP:A>T	1	representative_allele_is_somatic_truth
15405	31126926:25:SNP:G>T	1	representative_allele_is_somatic_truth
15407	31138946:397:SNP:A>C	1	representative_allele_is_somatic_truth
15409	31148095:0:SNP:T>A	1	representative_allele_is_somatic_truth
15410	31149930:347:SNP:C>A	1	representative_allele_is_somatic_truth
15411	31149930:348:SNP:T>A	1	representative_allele_is_somatic_truth
15412	31151378:122:SNP:T>G	1	representative_allele_is_somatic_truth
15416	31152616:56:SNP:G>A	1	representative_allele_is_somatic_truth
15420	31160254:2:SNP:C>A	1	representative_allele_is_somatic_truth
15422	31168255:199:SNP:G>A	1	representative_allele_is_somatic_truth
15423	31168970:257:SNP:C>T	1	representative_allele_is_somatic_truth
15424	31169479:140:SNP:T>C	1	representative_allele_is_somatic_truth
15426	31172928:0:SNP:A>C	1	representative_allele_is_somatic_truth
15427	31183826:22:SNP:C>T	1	representative_allele_is_somatic_truth
15429	31191849:124:SNP:T>A	1	representative_allele_is_somatic_truth
15432	31193183:45:SNP:C>A	1	representative_allele_is_somatic_truth
15434	31194418:63:SNP:G>A	1	representative_allele_is_somatic_truth
15435	31196253:216:SNP:C>G	1	representative_allele_is_somatic_truth
15436	31196253:366:SNP:C>G	1	representative_allele_is_somatic_truth
15437	31198376:95:SNP:T>A	1	representative_allele_is_somatic_truth
15438	31200293:19:SNP:T>C	1	representative_allele_is_somatic_truth
15439	31205434:0:SNP:G>A	1	representative_allele_is_somatic_truth
15441	31209165:215:SNP:A>C	1	representative_allele_is_somatic_truth
15445	31212969:173:SNP:C>T	1	representative_allele_is_somatic_truth
15448	31215335:21:SNP:G>C	1	representative_allele_is_somatic_truth
15449	31216026:0:SNP:C>G	1	representative_allele_is_somatic_truth
15458	31235035:0:SNP:C>T	1	representative_allele_is_somatic_truth
15459	31241881:494:SNP:G>T	1	representative_allele_is_somatic_truth
15464	31247810:147:SNP:C>T	1	representative_allele_is_somatic_truth
15466	31251935:31:SNP:C>T	1	representative_allele_is_somatic_truth
15467	31252015:348:SNP:C>A	1	representative_allele_is_somatic_truth
15468	31258576:60:SNP:C>T	1	representative_allele_is_somatic_truth
15469	31259231:32:SNP:C>T	1	representative_allele_is_somatic_truth
15470	31267241:54:SNP:C>G	1	representative_allele_is_somatic_truth
15472	31276979:182:SNP:G>T	1	representative_allele_is_somatic_truth
15473	31276979:183:SNP:A>T	1	representative_allele_is_somatic_truth
15474	31277641:78:SNP:C>T	1	representative_allele_is_somatic_truth
15475	31277836:119:SNP:C>A	1	representative_allele_is_somatic_truth
15476	31282898:222:SNP:C>T	1	representative_allele_is_somatic_truth
15477	31284276:201:SNP:T>A	1	representative_allele_is_somatic_truth
15480	31287378:6:SNP:G>A	1	representative_allele_is_somatic_truth
15482	31294941:16:SNP:T>A	1	representative_allele_is_somatic_truth
15483	31300538:51:SNP:G>A	1	representative_allele_is_somatic_truth
15484	31301070:8:SNP:C>G	1	representative_allele_is_somatic_truth
15486	31307344:17:SNP:G>A	1	representative_allele_is_somatic_truth
15487	31309566:39:SNP:C>G	1	representative_allele_is_somatic_truth
15488	31315939:215:SNP:C>G	1	representative_allele_is_somatic_truth
15491	31324153:368:SNP:C>T	1	representative_allele_is_somatic_truth
15493	31327658:34:SNP:C>T	1	representative_allele_is_somatic_truth
15496	31331341:240:SNP:C>T	1	representative_allele_is_somatic_truth
15497	31332200:315:SNP:G>A	1	representative_allele_is_somatic_truth
15500	31338059:59:SNP:G>A	1	representative_allele_is_somatic_truth
15502	31348288:88:SNP:G>A	1	representative_allele_is_somatic_truth
15504	31352560:79:SNP:G>A	1	representative_allele_is_somatic_truth
15505	31357824:0:SNP:G>A	1	representative_allele_is_somatic_truth
15506	31360387:140:SNP:C>T	1	representative_allele_is_somatic_truth
15507	31374885:135:SNP:A>C	1	representative_allele_is_somatic_truth
15515	31377353:177:SNP:C>T	1	representative_allele_is_somatic_truth
15512	31388887:84:SNP:C>A	1	representative_allele_is_somatic_truth
15511	31389115:146:SNP:C>G	1	representative_allele_is_somatic_truth
15510	31389777:69:SNP:C>T	1	representative_allele_is_somatic_truth
15509	31390952:32:SNP:C>T	1	representative_allele_is_somatic_truth
15516	31408120:38:SNP:C>T	1	representative_allele_is_somatic_truth
15517	31416279:205:SNP:G>A	1	representative_allele_is_somatic_truth
15518	31423088:46:SNP:G>A	1	representative_allele_is_somatic_truth
15519	31423984:24:SNP:C>T	1	representative_allele_is_somatic_truth
15520	31440210:157:SNP:C>G	1	representative_allele_is_somatic_truth
15521	31440221:133:SNP:T>G	1	representative_allele_is_somatic_truth
15522	31440794:541:SNP:C>T	1	representative_allele_is_somatic_truth
15523	31454412:823:SNP:C>T	1	representative_allele_is_somatic_truth
15244	31462043:0:SNP:G>A	1	representative_allele_is_somatic_truth
15246	31482177:14:SNP:A>T	1	representative_allele_is_somatic_truth
15249	31496870:60:SNP:A>G	1	representative_allele_is_somatic_truth
15248	31526388:11:SNP:G>A	1	representative_allele_is_somatic_truth
15247	31526979:116:SNP:C>T	1	representative_allele_is_somatic_truth
15251	31546916:163:SNP:T>C	1	representative_allele_is_somatic_truth
15254	31553786:0:SNP:C>T	1	representative_allele_is_somatic_truth
15253	31555995:144:SNP:G>A	1	representative_allele_is_somatic_truth
15252	31556003:94:SNP:G>C	1	representative_allele_is_somatic_truth
15557	31660482:469:SNP:G>A	1	representative_allele_is_somatic_truth
15558	31660702:278:SNP:G>T	1	representative_allele_is_somatic_truth
15562	31676556:6:SNP:C>A	1	representative_allele_is_somatic_truth
15566	31683697:8:SNP:G>A	1	representative_allele_is_somatic_truth
15567	31687434:41:SNP:C>T	1	representative_allele_is_somatic_truth
15568	31687712:186:SNP:C>T	1	representative_allele_is_somatic_truth
15569	31687912:166:SNP:C>A	1	representative_allele_is_somatic_truth
15571	31693038:233:SNP:C>T	1	representative_allele_is_somatic_truth
15572	31695709:349:SNP:G>A	1	representative_allele_is_somatic_truth
15574	31697439:101:SNP:C>T	1	representative_allele_is_somatic_truth
15577	31700857:43:SNP:C>T	1	representative_allele_is_somatic_truth
15580	31704660:38:SNP:G>A	1	representative_allele_is_somatic_truth
15581	31706196:226:SNP:C>T	1	representative_allele_is_somatic_truth
15588	31746559:307:SNP:A>C	1	representative_allele_is_somatic_truth
15594	31760289:39:SNP:C>A	1	representative_allele_is_somatic_truth
15595	31761685:316:SNP:C>T	1	representative_allele_is_somatic_truth
15597	31762922:61:SNP:C>A	1	representative_allele_is_somatic_truth
15599	31767859:16:SNP:G>T	1	representative_allele_is_somatic_truth
15600	31768884:690:SNP:T>C	1	representative_allele_is_somatic_truth
15602	31772020:85:SNP:G>A	1	representative_allele_is_somatic_truth
15603	31772470:16:SNP:C>T	1	representative_allele_is_somatic_truth
15604	31780305:26:SNP:T>G	1	representative_allele_is_somatic_truth
15605	31786999:142:SNP:C>T	1	representative_allele_is_somatic_truth
15607	31792723:465:SNP:C>A	1	representative_allele_is_somatic_truth
15608	31793278:678:SNP:C>T	1	representative_allele_is_somatic_truth
15612	31804289:18:SNP:C>T	1	representative_allele_is_somatic_truth
15614	31812931:96:SNP:A>T	1	representative_allele_is_somatic_truth
15615	31814273:96:SNP:A>G	1	representative_allele_is_somatic_truth
15618	31821551:133:SNP:A>T	1	representative_allele_is_somatic_truth
15621	31843761:0:SNP:T>A	1	representative_allele_is_somatic_truth
15623	31851947:155:SNP:A>G	1	representative_allele_is_somatic_truth
15625	31861533:223:SNP:C>G	1	representative_allele_is_somatic_truth
15628	31866079:3:SNP:C>T	1	representative_allele_is_somatic_truth
15631	31874136:91:SNP:A>G	1	representative_allele_is_somatic_truth
15632	31874197:117:SNP:C>T	1	representative_allele_is_somatic_truth
15633	31875448:309:SNP:C>A	1	representative_allele_is_somatic_truth
15641	31924612:32:SNP:C>T	1	representative_allele_is_somatic_truth
15646	31958152:11:SNP:G>T	1	representative_allele_is_somatic_truth
15647	31961174:129:SNP:G>A	1	representative_allele_is_somatic_truth
15648	31967570:14:SNP:C>T	1	representative_allele_is_somatic_truth
15649	31983944:126:SNP:T>A	1	representative_allele_is_somatic_truth
15650	31993972:120:SNP:G>T	1	representative_allele_is_somatic_truth
15651	32002183:297:SNP:G>A	1	representative_allele_is_somatic_truth
15653	32005835:176:SNP:C>G	1	representative_allele_is_somatic_truth
15661	32022753:248:SNP:G>T	1	representative_allele_is_somatic_truth
15663	32023129:3:SNP:G>A	1	representative_allele_is_somatic_truth
15664	32023923:108:SNP:C>T	1	representative_allele_is_somatic_truth
15666	32033966:220:SNP:A>G	1	representative_allele_is_somatic_truth
15668	32039597:667:SNP:C>T	1	representative_allele_is_somatic_truth
15669	32045843:193:SNP:G>A	1	representative_allele_is_somatic_truth
15670	32054705:134:SNP:C>T	1	representative_allele_is_somatic_truth
15671	32064030:667:SNP:C>T	1	representative_allele_is_somatic_truth
15696	32127742:16:SNP:C>T	1	representative_allele_is_somatic_truth
15695	32137693:20:SNP:C>T	1	representative_allele_is_somatic_truth
15694	32146922:62:SNP:C>T	1	representative_allele_is_somatic_truth
15693	32153196:155:SNP:T>C	1	representative_allele_is_somatic_truth
15690	32158021:101:SNP:G>T	1	representative_allele_is_somatic_truth
15691	32158021:102:SNP:C>T	1	representative_allele_is_somatic_truth
15692	32158021:105:SNP:A>T	1	representative_allele_is_somatic_truth
15689	32164357:69:SNP:C>T	1	representative_allele_is_somatic_truth
15688	32165756:258:SNP:C>A	1	representative_allele_is_somatic_truth
15684	32172225:234:SNP:G>A	1	representative_allele_is_somatic_truth
15682	32174266:420:SNP:C>A	1	representative_allele_is_somatic_truth
15701	32220063:190:SNP:C>T	1	representative_allele_is_somatic_truth
15677	32318228:33:SNP:A>T	1	representative_allele_is_somatic_truth
15676	32320911:42:SNP:G>A	1	representative_allele_is_somatic_truth
15525	32338427:227:SNP:C>T	1	representative_allele_is_somatic_truth
15528	32345391:351:SNP:T>A	1	representative_allele_is_somatic_truth
15529	32345613:210:SNP:C>T	1	representative_allele_is_somatic_truth
15531	32353784:30:SNP:T>A	1	representative_allele_is_somatic_truth
15532	32385387:341:SNP:G>A	1	representative_allele_is_somatic_truth
15534	32403510:183:SNP:G>A	1	representative_allele_is_somatic_truth
15538	32416686:161:SNP:C>G	1	representative_allele_is_somatic_truth
15539	32420470:73:SNP:C>A	1	representative_allele_is_somatic_truth
15543	32427745:10:SNP:C>A	1	representative_allele_is_somatic_truth
15544	32431365:140:SNP:G>T	1	representative_allele_is_somatic_truth
15545	32434344:0:SNP:T>A	1	representative_allele_is_somatic_truth
15546	32440367:183:SNP:T>A	1	representative_allele_is_somatic_truth
15547	32452057:45:SNP:T>A	1	representative_allele_is_somatic_truth
15548	32473420:33:SNP:C>T	1	representative_allele_is_somatic_truth
15549	32482334:332:SNP:G>T	1	representative_allele_is_somatic_truth
15550	32484754:170:SNP:G>A	1	representative_allele_is_somatic_truth
15551	32484779:42:SNP:G>T	1	representative_allele_is_somatic_truth
15552	32489684:3:SNP:T>C	1	representative_allele_is_somatic_truth
15553	32499396:526:SNP:G>T	1	representative_allele_is_somatic_truth
15708	32556162:11:SNP:C>A	1	representative_allele_is_somatic_truth
15711	32580063:99:SNP:A>C	1	representative_allele_is_somatic_truth
15715	32632287:108:SNP:T>C	1	representative_allele_is_somatic_truth
15716	32635345:23:SNP:C>A	1	representative_allele_is_somatic_truth
15717	32645073:15:SNP:G>A	1	representative_allele_is_somatic_truth
15718	32672366:291:SNP:C>T	1	representative_allele_is_somatic_truth
15729	32707226:108:SNP:C>T	1	representative_allele_is_somatic_truth
15726	32735096:4:SNP:C>G	1	representative_allele_is_somatic_truth
15722	32758779:140:SNP:C>T	1	representative_allele_is_somatic_truth
15720	32763768:20:SNP:C>G	1	representative_allele_is_somatic_truth
15721	32763768:68:SNP:C>G	1	representative_allele_is_somatic_truth
15778	32811136:152:SNP:G>T	1	representative_allele_is_somatic_truth
15777	32811375:105:SNP:C>T	1	representative_allele_is_somatic_truth
15772	32845120:47:SNP:G>T	1	representative_allele_is_somatic_truth
15771	32845829:467:SNP:T>C	1	representative_allele_is_somatic_truth
15770	32845971:266:SNP:A>T	1	representative_allele_is_somatic_truth
15764	32852280:0:SNP:G>A	1	representative_allele_is_somatic_truth
15760	32864476:334:SNP:G>A	1	representative_allele_is_somatic_truth
15758	32893399:6:SNP:T>G	1	representative_allele_is_somatic_truth
15756	32900678:236:SNP:C>T	1	representative_allele_is_somatic_truth
15754	32912543:102:SNP:G>T	1	representative_allele_is_somatic_truth
15751	32937392:121:SNP:G>A	1	representative_allele_is_somatic_truth
15749	32941621:85:SNP:T>G	1	representative_allele_is_somatic_truth
15748	32944244:20:SNP:G>A	1	representative_allele_is_somatic_truth
15745	32976460:2:SNP:T>A	1	representative_allele_is_somatic_truth
15744	33007532:75:SNP:G>A	1	representative_allele_is_somatic_truth
15742	33020404:0:SNP:A>C	1	representative_allele_is_somatic_truth
15738	33029700:3:SNP:G>A	1	representative_allele_is_somatic_truth
15734	33051055:363:SNP:C>T	1	representative_allele_is_somatic_truth
15732	33054000:148:SNP:C>T	1	representative_allele_is_somatic_truth
15731	33054798:53:SNP:C>T	1	representative_allele_is_somatic_truth
15783	33063402:107:SNP:C>T	1	representative_allele_is_somatic_truth
15787	33101714:206:SNP:A>G	1	representative_allele_is_somatic_truth
15788	33102744:67:SNP:T>C	1	representative_allele_is_somatic_truth
15790	33110304:1:SNP:G>C	1	representative_allele_is_somatic_truth
15793	33119304:169:SNP:G>A	1	representative_allele_is_somatic_truth
15794	33123324:159:SNP:C>A	1	representative_allele_is_somatic_truth
15795	33148989:4:SNP:C>A	1	representative_allele_is_somatic_truth
15797	33163718:24:SNP:G>A	1	representative_allele_is_somatic_truth
15808	33268516:7:SNP:C>T	1	representative_allele_is_somatic_truth
15809	33274574:302:SNP:C>T	1	representative_allele_is_somatic_truth
15810	33275977:298:SNP:C>G	1	representative_allele_is_somatic_truth
15811	33276063:127:SNP:C>T	1	representative_allele_is_somatic_truth
15812	33282128:15:SNP:C>T	1	representative_allele_is_somatic_truth
15813	33283531:224:SNP:C>G	1	representative_allele_is_somatic_truth
15818	33313232:67:SNP:G>A	1	representative_allele_is_somatic_truth
15819	33313898:158:SNP:T>A	1	representative_allele_is_somatic_truth
15821	33321915:74:SNP:G>A	1	representative_allele_is_somatic_truth
15822	33322125:0:SNP:C>T	1	representative_allele_is_somatic_truth
15823	33322263:8:SNP:C>A	1	representative_allele_is_somatic_truth
15824	33322848:36:SNP:A>T	1	representative_allele_is_somatic_truth
15827	33325937:97:SNP:G>A	1	representative_allele_is_somatic_truth
15830	33340535:96:SNP:C>T	1	representative_allele_is_somatic_truth
15831	33340706:4:SNP:A>C	1	representative_allele_is_somatic_truth
15833	33357929:102:SNP:G>A	1	representative_allele_is_somatic_truth
15706	33447578:514:SNP:C>A	1	representative_allele_is_somatic_truth
1339	25270438:137:SNP:G>C	1	representative_allele_is_somatic_truth
1340	25272285:12:SNP:G>A	1	representative_allele_is_somatic_truth
1341	25286125:0:SNP:G>A	1	representative_allele_is_somatic_truth
1342	25287365:29:SNP:C>T	1	representative_allele_is_somatic_truth
1344	25287568:118:SNP:C>A	1	representative_allele_is_somatic_truth
1345	25290363:10:SNP:C>T	1	representative_allele_is_somatic_truth
1346	25293372:71:SNP:G>T	1	representative_allele_is_somatic_truth
1347	25293372:72:SNP:C>T	1	representative_allele_is_somatic_truth
1348	25293835:37:SNP:C>T	1	representative_allele_is_somatic_truth
1352	25303787:13:SNP:C>T	1	representative_allele_is_somatic_truth
1355	25304880:14:SNP:T>A	1	representative_allele_is_somatic_truth
1357	25321162:52:SNP:G>A	1	representative_allele_is_somatic_truth
1359	25337919:63:SNP:G>A	1	representative_allele_is_somatic_truth
1360	25339765:22:SNP:G>A	1	representative_allele_is_somatic_truth
1361	25344202:143:SNP:C>T	1	representative_allele_is_somatic_truth
1362	25345449:151:SNP:T>C	1	representative_allele_is_somatic_truth
1364	25346940:137:SNP:G>A	1	representative_allele_is_somatic_truth
1365	25348670:86:SNP:T>A	1	representative_allele_is_somatic_truth
1366	25350610:100:SNP:G>T	1	representative_allele_is_somatic_truth
1367	25354373:17:SNP:T>A	1	representative_allele_is_somatic_truth
1368	25354677:16:SNP:G>T	1	representative_allele_is_somatic_truth
1369	25357707:5:SNP:C>T	1	representative_allele_is_somatic_truth
1370	25358102:3:SNP:C>A	1	representative_allele_is_somatic_truth
1372	25360677:193:SNP:T>C	1	representative_allele_is_somatic_truth
1373	25364027:52:SNP:C>T	1	representative_allele_is_somatic_truth
1377	25368650:237:SNP:G>A	1	representative_allele_is_somatic_truth
1379	25373206:75:SNP:G>C	1	representative_allele_is_somatic_truth
1384	25408955:51:SNP:C>T	1	representative_allele_is_somatic_truth
1385	25411651:36:SNP:G>C	1	representative_allele_is_somatic_truth
1387	25414360:88:SNP:C>T	1	representative_allele_is_somatic_truth
1392	25422444:3:SNP:T>A	1	representative_allele_is_somatic_truth
1393	25422840:16:SNP:G>A	1	representative_allele_is_somatic_truth
1394	25424937:548:SNP:C>T	1	representative_allele_is_somatic_truth
1395	25426017:77:SNP:T>A	1	representative_allele_is_somatic_truth
1397	25431493:73:SNP:C>A	1	representative_allele_is_somatic_truth
1398	25431835:16:SNP:C>A	1	representative_allele_is_somatic_truth
1399	25436434:3:SNP:A>T	1	representative_allele_is_somatic_truth
1400	25438030:6:SNP:G>A	1	representative_allele_is_somatic_truth
1401	25439936:87:SNP:C>T	1	representative_allele_is_somatic_truth
1402	25447740:201:SNP:T>G	1	representative_allele_is_somatic_truth
1404	25449764:117:SNP:T>A	1	representative_allele_is_somatic_truth
1405	25449777:3:SNP:T>G	1	representative_allele_is_somatic_truth
1406	25449807:45:SNP:A>G	1	representative_allele_is_somatic_truth
1407	25449807:59:SNP:C>T	1	representative_allele_is_somatic_truth
1414	25459153:133:SNP:G>A	1	representative_allele_is_somatic_truth
1415	25459484:31:SNP:C>A	1	representative_allele_is_somatic_truth
1416	25468428:5:SNP:G>A	1	representative_allele_is_somatic_truth
1418	25469555:126:SNP:G>T	1	representative_allele_is_somatic_truth
1419	25470530:9:SNP:C>T	1	representative_allele_is_somatic_truth
1424	25485660:176:SNP:C>G	1	representative_allele_is_somatic_truth
1425	25485831:40:SNP:T>A	1	representative_allele_is_somatic_truth
1428	25499888:0:SNP:A>C	1	representative_allele_is_somatic_truth
1429	25501233:112:SNP:G>A	1	representative_allele_is_somatic_truth
1435	25518101:192:SNP:G>A	1	representative_allele_is_somatic_truth
1436	25541288:93:SNP:C>A	1	representative_allele_is_somatic_truth
1437	25548244:37:SNP:A>G	1	representative_allele_is_somatic_truth
1438	25551783:38:SNP:C>T	1	representative_allele_is_somatic_truth
1439	25560820:41:SNP:G>A	1	representative_allele_is_somatic_truth
1440	25563599:5:SNP:C>G	1	representative_allele_is_somatic_truth
1441	25563854:192:SNP:C>T	1	representative_allele_is_somatic_truth
1445	25569458:325:SNP:T>G	1	representative_allele_is_somatic_truth
1449	25576177:32:SNP:C>T	1	representative_allele_is_somatic_truth
1450	25576289:19:SNP:G>C	1	representative_allele_is_somatic_truth
1451	25586231:354:SNP:G>T	1	representative_allele_is_somatic_truth
1452	25591672:232:SNP:C>A	1	representative_allele_is_somatic_truth
1453	25592058:168:SNP:G>T	1	representative_allele_is_somatic_truth
1454	25592100:128:SNP:C>G	1	representative_allele_is_somatic_truth
1458	25596141:176:SNP:C>G	1	representative_allele_is_somatic_truth
1460	25598368:552:SNP:T>G	1	representative_allele_is_somatic_truth
1461	25608197:86:SNP:C>A	1	representative_allele_is_somatic_truth
1462	25617127:66:SNP:C>T	1	representative_allele_is_somatic_truth
1463	25618510:115:SNP:G>T	1	representative_allele_is_somatic_truth
1467	25626298:181:SNP:C>T	1	representative_allele_is_somatic_truth
1468	25627191:72:SNP:G>C	1	representative_allele_is_somatic_truth
1470	25631737:247:SNP:T>A	1	representative_allele_is_somatic_truth
1474	25636956:84:SNP:C>A	1	representative_allele_is_somatic_truth
1476	25639326:126:SNP:T>C	1	representative_allele_is_somatic_truth
1477	25639517:288:SNP:C>T	1	representative_allele_is_somatic_truth
1478	25639548:154:SNP:G>A	1	representative_allele_is_somatic_truth
1480	25655396:198:SNP:A>G	1	representative_allele_is_somatic_truth
1481	25657382:31:SNP:C>T	1	representative_allele_is_somatic_truth
1482	25660167:35:SNP:A>C	1	representative_allele_is_somatic_truth
1483	25660754:34:SNP:T>G	1	representative_allele_is_somatic_truth
1488	25675411:70:SNP:T>A	1	representative_allele_is_somatic_truth
1490	25677124:646:SNP:C>T	1	representative_allele_is_somatic_truth
1491	25678137:222:SNP:G>A	1	representative_allele_is_somatic_truth
1496	25682778:329:SNP:T>G	1	representative_allele_is_somatic_truth
1498	25683936:0:SNP:C>T	1	representative_allele_is_somatic_truth
1499	25690626:209:SNP:A>C	1	representative_allele_is_somatic_truth
1501	25696057:156:SNP:C>T	1	representative_allele_is_somatic_truth
1505	25712572:25:SNP:C>G	1	representative_allele_is_somatic_truth
1506	25712849:122:SNP:C>G	1	representative_allele_is_somatic_truth
1508	25714635:16:SNP:C>A	1	representative_allele_is_somatic_truth
1509	25716136:63:SNP:C>T	1	representative_allele_is_somatic_truth
1511	25731332:374:SNP:G>A	1	representative_allele_is_somatic_truth
1512	25736928:13:SNP:G>T	1	representative_allele_is_somatic_truth
1513	25737915:47:SNP:G>A	1	representative_allele_is_somatic_truth
1515	25748789:61:SNP:C>T	1	representative_allele_is_somatic_truth
1516	25751226:83:SNP:C>G	1	representative_allele_is_somatic_truth
1517	25753369:378:SNP:C>T	1	representative_allele_is_somatic_truth
1519	25759515:244:SNP:C>A	1	representative_allele_is_somatic_truth
1520	25761284:14:SNP:G>A	1	representative_allele_is_somatic_truth
1522	25761862:186:SNP:C>G	1	representative_allele_is_somatic_truth
1525	25767857:197:SNP:C>T	1	representative_allele_is_somatic_truth
1526	25767897:234:SNP:C>T	1	representative_allele_is_somatic_truth
1529	25769813:120:SNP:C>A	1	representative_allele_is_somatic_truth
1530	25770425:104:SNP:C>T	1	representative_allele_is_somatic_truth
1534	25773785:429:SNP:G>C	1	representative_allele_is_somatic_truth
1535	25775069:34:SNP:C>A	1	representative_allele_is_somatic_truth
1536	25775801:5:SNP:G>A	1	representative_allele_is_somatic_truth
1538	25780080:118:SNP:C>T	1	representative_allele_is_somatic_truth
1539	25780261:78:SNP:G>C	1	representative_allele_is_somatic_truth
1545	25784013:6:SNP:G>A	1	representative_allele_is_somatic_truth
1546	25784886:705:SNP:T>C	1	representative_allele_is_somatic_truth
1548	25787125:351:SNP:C>T	1	representative_allele_is_somatic_truth
1549	25787125:352:SNP:A>T	1	representative_allele_is_somatic_truth
1551	25800730:268:SNP:G>A	1	representative_allele_is_somatic_truth
1552	25808520:43:SNP:G>A	1	representative_allele_is_somatic_truth
1554	25814334:70:SNP:G>A	1	representative_allele_is_somatic_truth
1556	25823396:823:SNP:C>G	1	representative_allele_is_somatic_truth
1558	25826908:188:SNP:C>T	1	representative_allele_is_somatic_truth
1562	25842870:131:SNP:T>C	1	representative_allele_is_somatic_truth
1563	25842870:134:SNP:C>T	1	representative_allele_is_somatic_truth
1565	25858725:380:SNP:C>G	1	representative_allele_is_somatic_truth
1566	25861525:185:SNP:C>T	1	representative_allele_is_somatic_truth
1567	25863567:319:SNP:C>T	1	representative_allele_is_somatic_truth
1570	25867361:110:SNP:C>G	1	representative_allele_is_somatic_truth
1572	25880424:66:SNP:C>A	1	representative_allele_is_somatic_truth
1574	25883080:76:SNP:C>T	1	representative_allele_is_somatic_truth
1575	25886004:110:SNP:C>A	1	representative_allele_is_somatic_truth
1580	25901661:6:SNP:A>G	1	representative_allele_is_somatic_truth
1582	25911303:34:SNP:C>A	1	representative_allele_is_somatic_truth
1584	25953578:688:SNP:C>T	1	representative_allele_is_somatic_truth
1586	25964194:35:SNP:C>T	1	representative_allele_is_somatic_truth
1587	25977340:15:SNP:G>A	1	representative_allele_is_somatic_truth
1588	25978072:29:SNP:G>A	1	representative_allele_is_somatic_truth
1590	25984938:70:SNP:T>A	1	representative_allele_is_somatic_truth
1597	26000713:16:SNP:C>A	1	representative_allele_is_somatic_truth
1598	26009394:30:SNP:G>T	1	representative_allele_is_somatic_truth
1600	26011126:6:SNP:G>T	1	representative_allele_is_somatic_truth
1601	26015107:21:SNP:G>A	1	representative_allele_is_somatic_truth
1602	26019719:15:SNP:T>A	1	representative_allele_is_somatic_truth
1605	26025549:138:SNP:A>C	1	representative_allele_is_somatic_truth
1606	26027226:16:SNP:T>G	1	representative_allele_is_somatic_truth
1609	26034500:264:SNP:C>A	1	representative_allele_is_somatic_truth
1611	26036123:68:SNP:T>C	1	representative_allele_is_somatic_truth
1614	26040174:29:SNP:T>A	1	representative_allele_is_somatic_truth
1616	26042540:114:SNP:A>G	1	representative_allele_is_somatic_truth
1617	26047559:158:SNP:A>T	1	representative_allele_is_somatic_truth
1621	26054576:66:SNP:G>T	1	representative_allele_is_somatic_truth
1622	26054576:67:SNP:A>T	1	representative_allele_is_somatic_truth
1625	26059797:87:SNP:C>T	1	representative_allele_is_somatic_truth
1626	26066204:77:SNP:C>A	1	representative_allele_is_somatic_truth
1627	26066204:78:SNP:T>C	1	representative_allele_is_somatic_truth
1630	26073228:10:SNP:C>T	1	representative_allele_is_somatic_truth
1631	26073229:0:SNP:T>A	1	representative_allele_is_somatic_truth
1632	26078629:83:SNP:A>T	1	representative_allele_is_somatic_truth
1639	26101227:11:SNP:C>T	1	representative_allele_is_somatic_truth
1641	26112741:7:SNP:C>T	1	representative_allele_is_somatic_truth
1642	26116116:115:SNP:C>G	1	representative_allele_is_somatic_truth
1644	26122023:85:SNP:T>C	1	representative_allele_is_somatic_truth
1649	26141907:136:SNP:G>A	1	representative_allele_is_somatic_truth
1650	26142815:0:SNP:G>T	1	representative_allele_is_somatic_truth
1658	26151345:385:SNP:A>T	1	representative_allele_is_somatic_truth
1663	26166253:113:SNP:C>T	1	representative_allele_is_somatic_truth
1664	26167012:32:SNP:C>T	1	representative_allele_is_somatic_truth
1665	26167876:7:SNP:C>A	1	representative_allele_is_somatic_truth
1668	26179663:76:SNP:G>A	1	representative_allele_is_somatic_truth
1671	26192044:118:SNP:T>C	1	representative_allele_is_somatic_truth
1675	26220462:126:SNP:C>T	1	representative_allele_is_somatic_truth
1676	26226006:111:SNP:G>A	1	representative_allele_is_somatic_truth
1850	26247114:83:SNP:G>C	1	representative_allele_is_somatic_truth
1846	26259759:352:SNP:G>C	1	representative_allele_is_somatic_truth
1844	26270459:125:SNP:G>T	1	representative_allele_is_somatic_truth
1842	26285389:4:SNP:T>C	1	representative_allele_is_somatic_truth
1838	26308987:115:SNP:G>A	1	representative_allele_is_somatic_truth
1837	26312271:33:SNP:G>C	1	representative_allele_is_somatic_truth
1836	26317931:108:SNP:A>T	1	representative_allele_is_somatic_truth
1834	26323084:122:SNP:A>C	1	representative_allele_is_somatic_truth
1831	26335932:81:SNP:G>A	1	representative_allele_is_somatic_truth
1830	26339381:166:SNP:G>A	1	representative_allele_is_somatic_truth
1829	26341183:78:SNP:T>C	1	representative_allele_is_somatic_truth
1828	26342116:99:SNP:G>A	1	representative_allele_is_somatic_truth
1819	26360859:21:SNP:C>T	1	representative_allele_is_somatic_truth
1816	26371489:364:SNP:T>C	1	representative_allele_is_somatic_truth
1811	26389257:90:SNP:G>A	1	representative_allele_is_somatic_truth
1809	26390287:124:SNP:C>G	1	representative_allele_is_somatic_truth
1807	26391127:246:SNP:G>T	1	representative_allele_is_somatic_truth
1806	26391573:167:SNP:G>A	1	representative_allele_is_somatic_truth
1804	26399583:601:SNP:T>C	1	representative_allele_is_somatic_truth
1803	26400812:642:SNP:G>C	1	representative_allele_is_somatic_truth
1802	26402424:244:SNP:T>A	1	representative_allele_is_somatic_truth
1801	26405259:617:SNP:T>A	1	representative_allele_is_somatic_truth
1799	26408285:116:SNP:A>C	1	representative_allele_is_somatic_truth
1797	26412867:125:SNP:G>A	1	representative_allele_is_somatic_truth
1795	26413126:62:SNP:G>A	1	representative_allele_is_somatic_truth
1794	26413139:336:SNP:G>A	1	representative_allele_is_somatic_truth
1791	26421249:39:SNP:C>T	1	representative_allele_is_somatic_truth
1789	26425625:165:SNP:C>T	1	representative_allele_is_somatic_truth
1788	26432015:331:SNP:G>T	1	representative_allele_is_somatic_truth
1787	26436579:130:SNP:C>T	1	representative_allele_is_somatic_truth
1786	26437025:3:SNP:G>C	1	representative_allele_is_somatic_truth
1785	26439084:171:SNP:C>T	1	representative_allele_is_somatic_truth
1783	26443846:28:SNP:G>A	1	representative_allele_is_somatic_truth
1782	26445442:0:SNP:G>A	1	representative_allele_is_somatic_truth
1781	26449099:116:SNP:T>A	1	representative_allele_is_somatic_truth
1780	26453452:22:SNP:G>C	1	representative_allele_is_somatic_truth
1778	26456030:206:SNP:C>A	1	representative_allele_is_somatic_truth
1774	26473878:36:SNP:G>C	1	representative_allele_is_somatic_truth
1773	26483264:252:SNP:C>A	1	representative_allele_is_somatic_truth
1768	26502366:52:SNP:G>A	1	representative_allele_is_somatic_truth
1765	26520340:133:SNP:G>C	1	representative_allele_is_somatic_truth
1761	26535693:43:SNP:G>C	1	representative_allele_is_somatic_truth
1759	26543191:16:SNP:C>A	1	representative_allele_is_somatic_truth
1758	26544513:19:SNP:A>T	1	representative_allele_is_somatic_truth
1757	26548319:12:SNP:G>A	1	representative_allele_is_somatic_truth
1756	26548712:23:SNP:C>T	1	representative_allele_is_somatic_truth
1755	26550955:52:SNP:A>G	1	representative_allele_is_somatic_truth
1754	26551035:336:SNP:G>A	1	representative_allele_is_somatic_truth
1752	26555862:141:SNP:C>A	1	representative_allele_is_somatic_truth
1750	26558641:578:SNP:G>A	1	representative_allele_is_somatic_truth
1749	26561947:222:SNP:G>A	1	representative_allele_is_somatic_truth
1747	26563115:82:SNP:A>T	1	representative_allele_is_somatic_truth
1746	26563835:56:SNP:T>G	1	representative_allele_is_somatic_truth
1745	26565200:53:SNP:A>T	1	representative_allele_is_somatic_truth
1744	26565860:523:SNP:C>T	1	representative_allele_is_somatic_truth
1743	26566135:8:SNP:G>A	1	representative_allele_is_somatic_truth
1739	26568516:740:SNP:C>T	1	representative_allele_is_somatic_truth
1733	26577248:96:SNP:C>A	1	representative_allele_is_somatic_truth
1732	26577328:311:SNP:C>T	1	representative_allele_is_somatic_truth
1731	26578686:370:SNP:C>T	1	representative_allele_is_somatic_truth
1727	26584065:347:SNP:A>G	1	representative_allele_is_somatic_truth
1724	26584924:55:SNP:A>G	1	representative_allele_is_somatic_truth
1721	26587115:263:SNP:G>A	1	representative_allele_is_somatic_truth
1719	26589161:62:SNP:G>A	1	representative_allele_is_somatic_truth
1717	26592149:292:SNP:C>G	1	representative_allele_is_somatic_truth
1712	26595238:37:SNP:G>A	1	representative_allele_is_somatic_truth
1711	26595428:147:SNP:A>C	1	representative_allele_is_somatic_truth
1710	26596758:67:SNP:A>C	1	representative_allele_is_somatic_truth
1708	26600894:47:SNP:C>A	1	representative_allele_is_somatic_truth
1700	26622496:55:SNP:G>A	1	representative_allele_is_somatic_truth
1699	26623026:67:SNP:A>T	1	representative_allele_is_somatic_truth
1695	26626389:40:SNP:C>G	1	representative_allele_is_somatic_truth
1694	26627491:230:SNP:C>T	1	representative_allele_is_somatic_truth
1692	26635330:26:SNP:A>T	1	representative_allele_is_somatic_truth
1689	26641960:43:SNP:C>T	1	representative_allele_is_somatic_truth
1688	26643546:238:SNP:G>C	1	representative_allele_is_somatic_truth
1686	26650248:60:SNP:T>C	1	representative_allele_is_somatic_truth
1685	26651846:25:SNP:C>T	1	representative_allele_is_somatic_truth
1681	26675988:4:SNP:G>A	1	representative_allele_is_somatic_truth
1680	26676798:80:SNP:C>T	1	representative_allele_is_somatic_truth
1855	26685153:19:SNP:C>G	1	representative_allele_is_somatic_truth
1860	26692598:110:SNP:G>A	1	representative_allele_is_somatic_truth
1862	26702696:15:SNP:C>A	1	representative_allele_is_somatic_truth
1863	26704765:56:SNP:T>G	1	representative_allele_is_somatic_truth
1869	26724905:5:SNP:T>A	1	representative_allele_is_somatic_truth
1870	26731616:234:SNP:G>A	1	representative_allele_is_somatic_truth
1874	26741980:129:SNP:C>T	1	representative_allele_is_somatic_truth
1876	26746615:183:SNP:T>A	1	representative_allele_is_somatic_truth
1877	26751954:75:SNP:C>T	1	representative_allele_is_somatic_truth
1878	26753537:13:SNP:C>A	1	representative_allele_is_somatic_truth
1880	26760939:364:SNP:C>T	1	representative_allele_is_somatic_truth
1881	26765355:404:SNP:C>T	1	representative_allele_is_somatic_truth
1882	26765514:64:SNP:C>T	1	representative_allele_is_somatic_truth
1886	26779334:6:SNP:C>G	1	representative_allele_is_somatic_truth
1888	26784352:208:SNP:G>T	1	representative_allele_is_somatic_truth
1890	26791948:145:SNP:C>G	1	representative_allele_is_somatic_truth
1892	26795077:198:SNP:C>T	1	representative_allele_is_somatic_truth
1893	26795231:38:SNP:A>T	1	representative_allele_is_somatic_truth
1894	26797935:171:SNP:G>T	1	representative_allele_is_somatic_truth
1895	26801626:3:SNP:G>T	1	representative_allele_is_somatic_truth
1903	26826427:174:SNP:C>T	1	representative_allele_is_somatic_truth
1904	26828718:76:SNP:C>G	1	representative_allele_is_somatic_truth
1905	26831200:35:SNP:C>T	1	representative_allele_is_somatic_truth
1906	26832485:155:SNP:G>T	1	representative_allele_is_somatic_truth
1907	26832485:171:SNP:A>T	1	representative_allele_is_somatic_truth
1910	26836366:47:SNP:C>T	1	representative_allele_is_somatic_truth
1911	26836366:48:SNP:C>T	1	representative_allele_is_somatic_truth
1912	26836366:49:SNP:G>T	1	representative_allele_is_somatic_truth
1913	26838908:43:SNP:A>T	1	representative_allele_is_somatic_truth
1916	26843525:78:SNP:A>T	1	representative_allele_is_somatic_truth
1919	26848187:81:SNP:T>A	1	representative_allele_is_somatic_truth
1920	26850804:1:SNP:G>C	1	representative_allele_is_somatic_truth
1921	26851381:188:SNP:C>T	1	representative_allele_is_somatic_truth
1922	26852073:273:SNP:G>A	1	representative_allele_is_somatic_truth
1924	26852553:6:SNP:C>A	1	representative_allele_is_somatic_truth
1925	26855373:621:SNP:G>A	1	representative_allele_is_somatic_truth
1926	26855748:225:SNP:C>T	1	representative_allele_is_somatic_truth
1933	26868257:59:SNP:C>A	1	representative_allele_is_somatic_truth
1935	26871549:1:SNP:C>G	1	representative_allele_is_somatic_truth
1937	26872309:0:SNP:C>A	1	representative_allele_is_somatic_truth
1938	26873522:96:SNP:C>G	1	representative_allele_is_somatic_truth
1941	26877765:72:SNP:A>T	1	representative_allele_is_somatic_truth
1942	26878993:312:SNP:A>G	1	representative_allele_is_somatic_truth
1943	26880445:37:SNP:C>A	1	representative_allele_is_somatic_truth
1944	26880995:65:SNP:G>A	1	representative_allele_is_somatic_truth
1945	26883104:49:SNP:G>A	1	representative_allele_is_somatic_truth
1946	26883149:19:SNP:T>A	1	representative_allele_is_somatic_truth
1947	26883149:20:SNP:C>A	1	representative_allele_is_somatic_truth
1948	26884393:134:SNP:C>T	1	representative_allele_is_somatic_truth
1950	26889350:150:SNP:T>A	1	representative_allele_is_somatic_truth
1951	26891288:44:SNP:A>G	1	representative_allele_is_somatic_truth
1952	26891738:139:SNP:A>G	1	representative_allele_is_somatic_truth
1953	26892115:114:SNP:A>G	1	representative_allele_is_somatic_truth
1954	26892721:34:SNP:A>G	1	representative_allele_is_somatic_truth
1957	26896533:72:SNP:C>T	1	representative_allele_is_somatic_truth
1959	26897395:34:SNP:C>T	1	representative_allele_is_somatic_truth
1961	26899818:124:SNP:C>T	1	representative_allele_is_somatic_truth
1965	26902624:25:SNP:C>T	1	representative_allele_is_somatic_truth
1968	26906246:154:SNP:T>A	1	representative_allele_is_somatic_truth
1969	26906364:71:SNP:C>T	1	representative_allele_is_somatic_truth
1970	26908107:48:SNP:A>T	1	representative_allele_is_somatic_truth
1971	26908791:379:SNP:C>A	1	representative_allele_is_somatic_truth
1972	26908821:16:SNP:A>G	1	representative_allele_is_somatic_truth
1975	26912316:63:SNP:C>T	1	representative_allele_is_somatic_truth
1978	26916792:36:SNP:C>T	1	representative_allele_is_somatic_truth
1979	26917995:225:SNP:C>T	1	representative_allele_is_somatic_truth
1981	26921002:152:SNP:C>T	1	representative_allele_is_somatic_truth
1982	26922451:34:SNP:T>C	1	representative_allele_is_somatic_truth
1983	26923145:6:SNP:C>T	1	representative_allele_is_somatic_truth
1985	26929315:36:SNP:C>T	1	representative_allele_is_somatic_truth
1987	26930463:31:SNP:G>T	1	representative_allele_is_somatic_truth
1988	26930463:41:SNP:G>A	1	representative_allele_is_somatic_truth
1989	26930547:0:SNP:T>C	1	representative_allele_is_somatic_truth
1991	26931819:25:SNP:C>T	1	representative_allele_is_somatic_truth
1992	26931909:104:SNP:G>C	1	representative_allele_is_somatic_truth
1995	26937247:168:SNP:G>T	1	representative_allele_is_somatic_truth
1996	26938597:285:SNP:T>A	1	representative_allele_is_somatic_truth
1997	26941869:333:SNP:T>C	1	representative_allele_is_somatic_truth
1998	26942591:9:SNP:T>A	1	representative_allele_is_somatic_truth
1999	26946807:190:SNP:G>A	1	representative_allele_is_somatic_truth
2000	26946969:749:SNP:T>A	1	representative_allele_is_somatic_truth
2001	26947196:195:SNP:C>T	1	representative_allele_is_somatic_truth
2002	26952714:44:SNP:T>G	1	representative_allele_is_somatic_truth
2003	26954343:154:SNP:G>A	1	representative_allele_is_somatic_truth
2005	26955844:63:SNP:C>T	1	representative_allele_is_somatic_truth
2007	26962984:43:SNP:T>C	1	representative_allele_is_somatic_truth
2008	26964182:71:SNP:T>G	1	representative_allele_is_somatic_truth
2012	26971787:78:SNP:A>T	1	representative_allele_is_somatic_truth
2013	26974362:5:SNP:T>A	1	representative_allele_is_somatic_truth
2015	26978486:67:SNP:A>G	1	representative_allele_is_somatic_truth
2016	26979748:3:SNP:A>T	1	representative_allele_is_somatic_truth
2019	26984199:78:SNP:T>A	1	representative_allele_is_somatic_truth
2020	26984890:14:SNP:G>A	1	representative_allele_is_somatic_truth
2023	27000063:429:SNP:G>A	1	representative_allele_is_somatic_truth
2024	27005093:132:SNP:C>T	1	representative_allele_is_somatic_truth
2025	27005528:86:SNP:G>T	1	representative_allele_is_somatic_truth
2029	27008322:139:SNP:G>C	1	representative_allele_is_somatic_truth
2030	27017558:57:SNP:C>T	1	representative_allele_is_somatic_truth
2034	27029306:3:SNP:T>A	1	representative_allele_is_somatic_truth
2035	27029482:181:SNP:C>G	1	representative_allele_is_somatic_truth
2040	27047268:47:SNP:T>A	1	representative_allele_is_somatic_truth
2042	27078885:37:SNP:A>G	1	representative_allele_is_somatic_truth
2045	27082233:45:SNP:A>C	1	representative_allele_is_somatic_truth
2046	27092939:0:SNP:A>C	1	representative_allele_is_somatic_truth
2047	27093108:46:SNP:C>A	1	representative_allele_is_somatic_truth
2050	27110637:338:SNP:G>C	1	representative_allele_is_somatic_truth
2065	27226117:132:SNP:G>A	1	representative_allele_is_somatic_truth
2066	27227491:615:SNP:T>C	1	representative_allele_is_somatic_truth
2069	27230687:327:SNP:G>A	1	representative_allele_is_somatic_truth
2070	27235741:132:SNP:T>A	1	representative_allele_is_somatic_truth
2071	27250550:80:SNP:G>A	1	representative_allele_is_somatic_truth
2073	27261207:240:SNP:G>T	1	representative_allele_is_somatic_truth
2075	27262055:138:SNP:G>C	1	representative_allele_is_somatic_truth
2076	27262055:195:SNP:G>C	1	representative_allele_is_somatic_truth
2080	27268209:51:SNP:C>G	1	representative_allele_is_somatic_truth
2081	27270507:193:SNP:C>A	1	representative_allele_is_somatic_truth
2083	27280357:323:SNP:G>A	1	representative_allele_is_somatic_truth
2085	27284480:19:SNP:C>T	1	representative_allele_is_somatic_truth
2086	27285972:23:SNP:G>A	1	representative_allele_is_somatic_truth
2087	27286749:8:SNP:G>A	1	representative_allele_is_somatic_truth
2091	27322481:1:SNP:T>C	1	representative_allele_is_somatic_truth
2093	27335544:107:SNP:T>G	1	representative_allele_is_somatic_truth
2094	27336843:41:SNP:A>T	1	representative_allele_is_somatic_truth
2096	27339042:263:SNP:C>T	1	representative_allele_is_somatic_truth
2100	27348758:58:SNP:G>A	1	representative_allele_is_somatic_truth
2102	27353484:284:SNP:C>A	1	representative_allele_is_somatic_truth
2103	27354297:2:SNP:C>T	1	representative_allele_is_somatic_truth
2106	27361621:151:SNP:G>A	1	representative_allele_is_somatic_truth
2107	27361986:0:SNP:A>C	1	representative_allele_is_somatic_truth
2108	27362216:114:SNP:A>G	1	representative_allele_is_somatic_truth
2109	27365107:169:SNP:A>G	1	representative_allele_is_somatic_truth
2111	27375264:29:SNP:C>T	1	representative_allele_is_somatic_truth
2112	27376896:22:SNP:G>A	1	representative_allele_is_somatic_truth
2114	27401891:401:SNP:C>T	1	representative_allele_is_somatic_truth
2119	27411681:534:SNP:C>A	1	representative_allele_is_somatic_truth
2120	27412449:127:SNP:C>A	1	representative_allele_is_somatic_truth
2126	27421753:4:SNP:G>A	1	representative_allele_is_somatic_truth
2127	27422666:46:SNP:T>A	1	representative_allele_is_somatic_truth
2128	27423006:27:SNP:C>A	1	representative_allele_is_somatic_truth
2134	27436917:45:SNP:C>G	1	representative_allele_is_somatic_truth
2135	27437449:166:SNP:G>A	1	representative_allele_is_somatic_truth
2136	27439981:361:SNP:A>T	1	representative_allele_is_somatic_truth
2138	27448980:77:SNP:G>C	1	representative_allele_is_somatic_truth
2139	27450086:63:SNP:G>T	1	representative_allele_is_somatic_truth
2140	27452317:27:SNP:G>A	1	representative_allele_is_somatic_truth
2254	27479339:208:SNP:G>A	1	representative_allele_is_somatic_truth
2255	27479544:48:SNP:C>T	1	representative_allele_is_somatic_truth
2256	27481907:64:SNP:A>C	1	representative_allele_is_somatic_truth
2260	27490522:477:SNP:C>A	1	representative_allele_is_somatic_truth
2263	27495765:16:SNP:C>T	1	representative_allele_is_somatic_truth
2265	27496886:77:SNP:G>A	1	representative_allele_is_somatic_truth
2266	27498142:122:SNP:G>A	1	representative_allele_is_somatic_truth
2267	27499800:73:SNP:C>G	1	representative_allele_is_somatic_truth
2268	27501263:233:SNP:A>G	1	representative_allele_is_somatic_truth
2269	27501293:199:SNP:C>A	1	representative_allele_is_somatic_truth
2270	27501593:73:SNP:C>A	1	representative_allele_is_somatic_truth
2272	27504168:127:SNP:A>T	1	representative_allele_is_somatic_truth
2274	27507116:1:SNP:A>T	1	representative_allele_is_somatic_truth
2276	27509258:52:SNP:C>A	1	representative_allele_is_somatic_truth
2277	27510850:49:SNP:G>A	1	representative_allele_is_somatic_truth
2280	27516363:30:SNP:G>T	1	representative_allele_is_somatic_truth
2282	27517864:217:SNP:G>T	1	representative_allele_is_somatic_truth
2284	27518895:29:SNP:A>G	1	representative_allele_is_somatic_truth
2285	27521030:15:SNP:T>A	1	representative_allele_is_somatic_truth
2287	27526381:230:SNP:C>G	1	representative_allele_is_somatic_truth
2290	27533153:334:SNP:A>G	1	representative_allele_is_somatic_truth
2291	27533876:20:SNP:G>C	1	representative_allele_is_somatic_truth
2292	27534749:22:SNP:C>A	1	representative_allele_is_somatic_truth
2294	27538347:159:SNP:G>A	1	representative_allele_is_somatic_truth
2297	27543162:60:SNP:G>T	1	representative_allele_is_somatic_truth
2300	27548878:104:SNP:G>A	1	representative_allele_is_somatic_truth
2302	27557882:31:SNP:G>A	1	representative_allele_is_somatic_truth
2303	27567159:87:SNP:C>G	1	representative_allele_is_somatic_truth
2306	27573650:181:SNP:G>A	1	representative_allele_is_somatic_truth
2309	27581239:174:SNP:G>A	1	representative_allele_is_somatic_truth
2311	27593629:101:SNP:T>C	1	representative_allele_is_somatic_truth
2313	27597946:34:SNP:C>A	1	representative_allele_is_somatic_truth
2314	27600411:0:SNP:A>T	1	representative_allele_is_somatic_truth
2315	27601292:34:SNP:G>T	1	representative_allele_is_somatic_truth
2316	27601754:283:SNP:T>A	1	representative_allele_is_somatic_truth
2317	27602676:77:SNP:G>A	1	representative_allele_is_somatic_truth
2318	27602728:229:SNP:C>A	1	representative_allele_is_somatic_truth
2319	27603836:39:SNP:G>A	1	representative_allele_is_somatic_truth
2321	27604858:77:SNP:A>C	1	representative_allele_is_somatic_truth
2322	27606892:6:SNP:G>T	1	representative_allele_is_somatic_truth
2323	27607705:0:SNP:C>A	1	representative_allele_is_somatic_truth
2324	27609577:190:SNP:G>A	1	representative_allele_is_somatic_truth
2325	27609664:98:SNP:C>G	1	representative_allele_is_somatic_truth
2330	27631898:0:SNP:G>A	1	representative_allele_is_somatic_truth
2333	27643344:88:SNP:T>C	1	representative_allele_is_somatic_truth
2335	27650579:0:SNP:G>A	1	representative_allele_is_somatic_truth
2338	27651442:29:SNP:A>T	1	representative_allele_is_somatic_truth
2339	27651519:86:SNP:G>A	1	representative_allele_is_somatic_truth
2340	27661077:22:SNP:A>T	1	representative_allele_is_somatic_truth
2341	27662143:0:SNP:C>T	1	representative_allele_is_somatic_truth
2342	27678002:20:SNP:C>G	1	representative_allele_is_somatic_truth
2344	27681246:4:SNP:G>C	1	representative_allele_is_somatic_truth
2345	27684117:100:SNP:A>T	1	representative_allele_is_somatic_truth
2346	27684117:126:SNP:A>G	1	representative_allele_is_somatic_truth
2348	27685997:18:SNP:G>A	1	representative_allele_is_somatic_truth
2349	27686198:113:SNP:G>A	1	representative_allele_is_somatic_truth
2350	27688269:2:SNP:C>A	1	representative_allele_is_somatic_truth
2352	27695098:118:SNP:G>A	1	representative_allele_is_somatic_truth
2361	27695970:0:SNP:C>T	1	representative_allele_is_somatic_truth
2366	27697098:38:SNP:C>T	1	representative_allele_is_somatic_truth
2368	27698795:55:SNP:C>G	1	representative_allele_is_somatic_truth
2370	27703139:40:SNP:G>A	1	representative_allele_is_somatic_truth
2371	27706396:151:SNP:C>G	1	representative_allele_is_somatic_truth
2372	27709823:48:SNP:C>A	1	representative_allele_is_somatic_truth
2373	27712802:296:SNP:C>T	1	representative_allele_is_somatic_truth
2375	27718122:69:SNP:C>G	1	representative_allele_is_somatic_truth
2378	27740314:300:SNP:T>C	1	representative_allele_is_somatic_truth
2379	27740845:103:SNP:T>A	1	representative_allele_is_somatic_truth
2380	27744904:739:SNP:G>A	1	representative_allele_is_somatic_truth
2381	27752520:157:SNP:C>T	1	representative_allele_is_somatic_truth
2384	27759182:72:SNP:T>G	1	representative_allele_is_somatic_truth
2386	27760465:4:SNP:T>G	1	representative_allele_is_somatic_truth
2388	27762953:114:SNP:G>C	1	representative_allele_is_somatic_truth
2389	27764822:196:SNP:G>A	1	representative_allele_is_somatic_truth
2390	27767769:31:SNP:G>C	1	representative_allele_is_somatic_truth
2594	27776553:63:SNP:T>C	1	representative_allele_is_somatic_truth
2592	27786856:85:SNP:C>T	1	representative_allele_is_somatic_truth
2584	27799478:157:SNP:G>T	1	representative_allele_is_somatic_truth
2579	27812416:6:SNP:C>A	1	representative_allele_is_somatic_truth
2578	27813401:169:SNP:G>T	1	representative_allele_is_somatic_truth
2577	27815839:32:SNP:G>A	1	representative_allele_is_somatic_truth
2576	27821531:142:SNP:T>A	1	representative_allele_is_somatic_truth
2575	27823247:76:SNP:G>C	1	representative_allele_is_somatic_truth
2574	27830095:880:SNP:C>G	1	representative_allele_is_somatic_truth
2573	27832572:113:SNP:C>T	1	representative_allele_is_somatic_truth
2572	27836646:344:SNP:A>G	1	representative_allele_is_somatic_truth
2568	27848654:239:SNP:T>A	1	representative_allele_is_somatic_truth
2567	27849418:326:SNP:G>C	1	representative_allele_is_somatic_truth
2565	27855037:215:SNP:G>A	1	representative_allele_is_somatic_truth
2564	27857097:343:SNP:T>C	1	representative_allele_is_somatic_truth
2563	27857884:161:SNP:G>A	1	representative_allele_is_somatic_truth
2561	27860420:388:SNP:G>C	1	representative_allele_is_somatic_truth
2560	27861915:359:SNP:C>G	1	representative_allele_is_somatic_truth
2557	27863491:249:SNP:G>A	1	representative_allele_is_somatic_truth
2555	27864964:51:SNP:G>A	1	representative_allele_is_somatic_truth
2553	27868122:198:SNP:G>A	1	representative_allele_is_somatic_truth
2550	27873417:0:SNP:G>T	1	representative_allele_is_somatic_truth
2549	27874393:179:SNP:C>T	1	representative_allele_is_somatic_truth
2548	27874917:247:SNP:G>C	1	representative_allele_is_somatic_truth
2547	27876252:182:SNP:C>T	1	representative_allele_is_somatic_truth
2546	27876661:55:SNP:T>A	1	representative_allele_is_somatic_truth
2542	27882341:118:SNP:G>T	1	representative_allele_is_somatic_truth
2540	27883587:97:SNP:C>G	1	representative_allele_is_somatic_truth
2539	27885186:74:SNP:A>G	1	representative_allele_is_somatic_truth
2538	27889086:106:SNP:G>T	1	representative_allele_is_somatic_truth
2537	27890491:111:SNP:T>C	1	representative_allele_is_somatic_truth
2536	27890846:441:SNP:A>G	1	representative_allele_is_somatic_truth
2533	27900626:154:SNP:G>A	1	representative_allele_is_somatic_truth
2529	27907964:71:SNP:G>A	1	representative_allele_is_somatic_truth
2525	27919432:199:SNP:C>A	1	representative_allele_is_somatic_truth
2524	27920216:125:SNP:A>T	1	representative_allele_is_somatic_truth
2521	27924392:416:SNP:G>C	1	representative_allele_is_somatic_truth
2519	27929865:65:SNP:G>C	1	representative_allele_is_somatic_truth
2517	27939792:73:SNP:G>C	1	representative_allele_is_somatic_truth
2516	27942486:61:SNP:G>C	1	representative_allele_is_somatic_truth
2515	27947968:168:SNP:C>A	1	representative_allele_is_somatic_truth
2511	27958018:109:SNP:T>A	1	representative_allele_is_somatic_truth
2509	27970447:506:SNP:G>A	1	representative_allele_is_somatic_truth
2506	27981038:25:SNP:G>C	1	representative_allele_is_somatic_truth
2505	27981948:177:SNP:G>T	1	representative_allele_is_somatic_truth
2504	27984263:178:SNP:A>T	1	representative_allele_is_somatic_truth
2503	27984347:14:SNP:T>A	1	representative_allele_is_somatic_truth
2502	27994679:804:SNP:G>A	1	representative_allele_is_somatic_truth
2501	27997293:34:SNP:C>T	1	representative_allele_is_somatic_truth
2499	27998117:112:SNP:C>T	1	representative_allele_is_somatic_truth
2498	27998631:3:SNP:C>A	1	representative_allele_is_somatic_truth
2493	28009632:35:SNP:C>T	1	representative_allele_is_somatic_truth
2491	28012553:26:SNP:T>A	1	representative_allele_is_somatic_truth
2490	28022608:4:SNP:G>A	1	representative_allele_is_somatic_truth
2489	28022928:78:SNP:C>A	1	representative_allele_is_somatic_truth
2486	28027873:263:SNP:T>C	1	representative_allele_is_somatic_truth
2485	28031271:110:SNP:G>T	1	representative_allele_is_somatic_truth
2483	28032285:27:SNP:C>A	1	representative_allele_is_somatic_truth
2481	28036704:143:SNP:A>G	1	representative_allele_is_somatic_truth
2480	28036854:251:SNP:G>T	1	representative_allele_is_somatic_truth
2479	28038577:804:SNP:C>T	1	representative_allele_is_somatic_truth
2478	28039857:41:SNP:C>T	1	representative_allele_is_somatic_truth
2477	28039860:68:SNP:C>G	1	representative_allele_is_somatic_truth
2475	28040506:187:SNP:G>A	1	representative_allele_is_somatic_truth
2476	28040506:188:SNP:G>T	1	representative_allele_is_somatic_truth
2472	28044352:159:SNP:C>T	1	representative_allele_is_somatic_truth
2471	28044809:28:SNP:C>G	1	representative_allele_is_somatic_truth
2470	28047246:0:SNP:T>A	1	representative_allele_is_somatic_truth
2464	28050765:767:SNP:T>A	1	representative_allele_is_somatic_truth
2458	28065097:37:SNP:G>A	1	representative_allele_is_somatic_truth
2457	28069292:189:SNP:G>A	1	representative_allele_is_somatic_truth
2451	28085455:69:SNP:G>A	1	representative_allele_is_somatic_truth
2450	28085791:25:SNP:C>T	1	representative_allele_is_somatic_truth
2449	28087725:83:SNP:G>A	1	representative_allele_is_somatic_truth
2447	28090603:523:SNP:G>A	1	representative_allele_is_somatic_truth
2446	28094168:185:SNP:G>A	1	representative_allele_is_somatic_truth
2445	28096280:113:SNP:C>G	1	representative_allele_is_somatic_truth
2442	28097291:127:SNP:G>A	1	representative_allele_is_somatic_truth
2437	28100945:13:SNP:A>G	1	representative_allele_is_somatic_truth
2436	28106055:51:SNP:C>T	1	representative_allele_is_somatic_truth
2435	28108261:86:SNP:G>A	1	representative_allele_is_somatic_truth
2433	28114731:199:SNP:A>T	1	representative_allele_is_somatic_truth
2431	28116903:166:SNP:G>C	1	representative_allele_is_somatic_truth
2429	28119301:230:SNP:G>A	1	representative_allele_is_somatic_truth
2427	28120548:261:SNP:C>A	1	representative_allele_is_somatic_truth
2426	28120824:0:SNP:G>A	1	representative_allele_is_somatic_truth
2424	28124166:10:SNP:G>A	1	representative_allele_is_somatic_truth
2423	28124357:105:SNP:C>G	1	representative_allele_is_somatic_truth
2422	28127020:145:SNP:G>A	1	representative_allele_is_somatic_truth
2420	28128533:16:SNP:C>T	1	representative_allele_is_somatic_truth
2418	28133789:319:SNP:C>A	1	representative_allele_is_somatic_truth
2417	28136285:95:SNP:G>A	1	representative_allele_is_somatic_truth
2416	28136296:29:SNP:G>A	1	representative_allele_is_somatic_truth
2415	28137052:0:SNP:A>G	1	representative_allele_is_somatic_truth
2414	28137054:0:SNP:G>A	1	representative_allele_is_somatic_truth
2413	28138421:189:SNP:C>A	1	representative_allele_is_somatic_truth
2412	28140256:14:SNP:C>T	1	representative_allele_is_somatic_truth
2410	28142624:107:SNP:A>C	1	representative_allele_is_somatic_truth
2408	28144651:743:SNP:C>T	1	representative_allele_is_somatic_truth
2407	28148086:132:SNP:T>G	1	representative_allele_is_somatic_truth
2595	28154606:199:SNP:G>A	1	representative_allele_is_somatic_truth
2597	28168908:48:SNP:C>T	1	representative_allele_is_somatic_truth
2600	28174889:72:SNP:C>A	1	representative_allele_is_somatic_truth
2601	28177262:377:SNP:G>T	1	representative_allele_is_somatic_truth
2603	28185451:277:SNP:C>G	1	representative_allele_is_somatic_truth
2604	28186359:153:SNP:T>C	1	representative_allele_is_somatic_truth
2609	28191729:426:SNP:C>A	1	representative_allele_is_somatic_truth
2614	28197900:362:SNP:G>A	1	representative_allele_is_somatic_truth
2619	28199077:127:SNP:T>G	1	representative_allele_is_somatic_truth
2621	28200101:82:SNP:C>A	1	representative_allele_is_somatic_truth
2625	28203889:247:SNP:G>A	1	representative_allele_is_somatic_truth
2627	28206883:168:SNP:C>T	1	representative_allele_is_somatic_truth
2629	28208890:76:SNP:A>G	1	representative_allele_is_somatic_truth
2630	28211510:20:SNP:T>G	1	representative_allele_is_somatic_truth
2631	28218804:220:SNP:T>A	1	representative_allele_is_somatic_truth
2633	28219975:4:SNP:A>G	1	representative_allele_is_somatic_truth
2634	28219975:5:SNP:G>T	1	representative_allele_is_somatic_truth
2636	28222226:12:SNP:G>C	1	representative_allele_is_somatic_truth
2637	28222228:2:SNP:G>A	1	representative_allele_is_somatic_truth
2639	28225760:38:SNP:C>A	1	representative_allele_is_somatic_truth
2640	28232176:68:SNP:G>A	1	representative_allele_is_somatic_truth
2642	28239730:154:SNP:T>C	1	representative_allele_is_somatic_truth
2643	28243172:4:SNP:C>G	1	representative_allele_is_somatic_truth
2644	28245593:35:SNP:C>T	1	representative_allele_is_somatic_truth
2645	28246205:28:SNP:T>C	1	representative_allele_is_somatic_truth
2646	28247058:45:SNP:C>T	1	representative_allele_is_somatic_truth
2648	28248525:176:SNP:T>C	1	representative_allele_is_somatic_truth
2649	28250546:150:SNP:G>T	1	representative_allele_is_somatic_truth
2651	28253293:162:SNP:C>A	1	representative_allele_is_somatic_truth
2652	28254000:105:SNP:G>A	1	representative_allele_is_somatic_truth
2653	28254151:325:SNP:C>T	1	representative_allele_is_somatic_truth
2655	28255146:124:SNP:T>A	1	representative_allele_is_somatic_truth
2656	28256142:49:SNP:C>T	1	representative_allele_is_somatic_truth
2657	28258416:11:SNP:G>C	1	representative_allele_is_somatic_truth
2658	28259982:0:SNP:C>T	1	representative_allele_is_somatic_truth
2660	28265711:7:SNP:C>A	1	representative_allele_is_somatic_truth
2661	28266355:16:SNP:G>C	1	representative_allele_is_somatic_truth
2664	28277958:280:SNP:G>C	1	representative_allele_is_somatic_truth
2665	28278529:104:SNP:A>C	1	representative_allele_is_somatic_truth
2672	28307300:362:SNP:G>A	1	representative_allele_is_somatic_truth
2674	28315298:278:SNP:T>C	1	representative_allele_is_somatic_truth
2675	28324165:77:SNP:G>A	1	representative_allele_is_somatic_truth
2676	28328422:0:SNP:G>T	1	representative_allele_is_somatic_truth
2677	28328483:175:SNP:T>C	1	representative_allele_is_somatic_truth
2679	28335889:138:SNP:A>T	1	representative_allele_is_somatic_truth
2683	28357497:218:SNP:C>A	1	representative_allele_is_somatic_truth
2684	28358559:263:SNP:T>A	1	representative_allele_is_somatic_truth
2688	28375185:124:SNP:T>C	1	representative_allele_is_somatic_truth
2690	28381710:160:SNP:C>A	1	representative_allele_is_somatic_truth
2691	28392457:25:SNP:G>C	1	representative_allele_is_somatic_truth
2693	28395432:135:SNP:C>A	1	representative_allele_is_somatic_truth
2701	28404789:110:SNP:C>T	1	representative_allele_is_somatic_truth
2710	28419850:17:SNP:G>A	1	representative_allele_is_somatic_truth
2711	28421902:196:SNP:C>T	1	representative_allele_is_somatic_truth
2722	28459527:17:SNP:T>C	1	representative_allele_is_somatic_truth
2723	28463786:272:SNP:A>G	1	representative_allele_is_somatic_truth
2726	28477519:197:SNP:G>A	1	representative_allele_is_somatic_truth
2727	28477956:31:SNP:G>C	1	representative_allele_is_somatic_truth
2729	28479763:487:SNP:G>C	1	representative_allele_is_somatic_truth
2732	28483814:327:SNP:G>A	1	representative_allele_is_somatic_truth
2733	28485051:153:SNP:C>A	1	representative_allele_is_somatic_truth
2737	28494496:99:SNP:C>T	1	representative_allele_is_somatic_truth
2739	28501640:125:SNP:G>T	1	representative_allele_is_somatic_truth
2751	28528711:7:SNP:A>T	1	representative_allele_is_somatic_truth
2752	28529912:440:SNP:C>A	1	representative_allele_is_somatic_truth
2753	28534315:214:SNP:G>C	1	representative_allele_is_somatic_truth
2755	28542394:9:SNP:G>A	1	representative_allele_is_somatic_truth
2757	28546351:62:SNP:C>G	1	representative_allele_is_somatic_truth
2758	28549638:56:SNP:C>T	1	representative_allele_is_somatic_truth
2760	28550190:260:SNP:C>T	1	representative_allele_is_somatic_truth
2762	28563845:231:SNP:G>A	1	representative_allele_is_somatic_truth
2763	28564147:483:SNP:C>A	1	representative_allele_is_somatic_truth
2765	28565586:98:SNP:C>T	1	representative_allele_is_somatic_truth
2766	28567923:232:SNP:G>A	1	representative_allele_is_somatic_truth
2767	28569026:120:SNP:A>T	1	representative_allele_is_somatic_truth
2768	28570285:64:SNP:T>A	1	representative_allele_is_somatic_truth
2769	28570684:181:SNP:C>G	1	representative_allele_is_somatic_truth
2772	28572132:237:SNP:T>C	1	representative_allele_is_somatic_truth
2773	28573193:519:SNP:G>T	1	representative_allele_is_somatic_truth
2775	28575345:432:SNP:T>A	1	representative_allele_is_somatic_truth
2785	28586712:144:SNP:G>A	1	representative_allele_is_somatic_truth
2789	28592239:183:SNP:G>A	1	representative_allele_is_somatic_truth
2792	28597421:18:SNP:A>C	1	representative_allele_is_somatic_truth
2793	28599150:256:SNP:C>A	1	representative_allele_is_somatic_truth
2796	28615226:31:SNP:C>T	1	representative_allele_is_somatic_truth
2798	28618522:500:SNP:C>T	1	representative_allele_is_somatic_truth
2801	28624901:20:SNP:T>C	1	representative_allele_is_somatic_truth
2803	28630223:116:SNP:C>T	1	representative_allele_is_somatic_truth
2805	28636157:94:SNP:C>A	1	representative_allele_is_somatic_truth
2806	28636462:217:SNP:G>T	1	representative_allele_is_somatic_truth
2808	28640018:20:SNP:G>T	1	representative_allele_is_somatic_truth
2810	28644657:481:SNP:G>A	1	representative_allele_is_somatic_truth
2811	28645216:78:SNP:C>G	1	representative_allele_is_somatic_truth
2812	28646261:138:SNP:G>A	1	representative_allele_is_somatic_truth
2813	28651299:40:SNP:G>C	1	representative_allele_is_somatic_truth
2815	28661657:66:SNP:T>A	1	representative_allele_is_somatic_truth
2817	28669248:497:SNP:C>T	1	representative_allele_is_somatic_truth
2822	28683149:110:SNP:C>T	1	representative_allele_is_somatic_truth
2823	28683300:113:SNP:T>G	1	representative_allele_is_somatic_truth
2825	28696012:298:SNP:G>T	1	representative_allele_is_somatic_truth
2829	28705218:205:SNP:G>T	1	representative_allele_is_somatic_truth
2830	28705375:125:SNP:G>A	1	representative_allele_is_somatic_truth
2831	28706520:145:SNP:C>T	1	representative_allele_is_somatic_truth
2833	28709340:8:SNP:C>A	1	representative_allele_is_somatic_truth
2835	28709766:82:SNP:G>T	1	representative_allele_is_somatic_truth
2836	28711157:24:SNP:T>C	1	representative_allele_is_somatic_truth
2837	28711460:82:SNP:A>G	1	representative_allele_is_somatic_truth
2838	28714564:197:SNP:G>T	1	representative_allele_is_somatic_truth
2839	28718051:22:SNP:A>T	1	representative_allele_is_somatic_truth
2840	28720967:10:SNP:C>T	1	representative_allele_is_somatic_truth
2844	28728366:90:SNP:T>C	1	representative_allele_is_somatic_truth
2845	28731017:12:SNP:C>G	1	representative_allele_is_somatic_truth
2847	28741204:148:SNP:G>A	1	representative_allele_is_somatic_truth
2848	28743140:105:SNP:T>C	1	representative_allele_is_somatic_truth
2849	28748093:51:SNP:A>G	1	representative_allele_is_somatic_truth
2850	28748951:99:SNP:G>C	1	representative_allele_is_somatic_truth
2851	28753016:44:SNP:G>A	1	representative_allele_is_somatic_truth
2852	28755895:37:SNP:C>T	1	representative_allele_is_somatic_truth
2854	28757702:180:SNP:T>C	1	representative_allele_is_somatic_truth
2856	28766392:202:SNP:C>T	1	representative_allele_is_somatic_truth
2861	28774268:133:SNP:C>T	1	representative_allele_is_somatic_truth
2864	28776207:190:SNP:C>T	1	representative_allele_is_somatic_truth
2867	28781234:49:SNP:G>A	1	representative_allele_is_somatic_truth
2868	28789100:227:SNP:G>T	1	representative_allele_is_somatic_truth
2871	28802413:57:SNP:C>G	1	representative_allele_is_somatic_truth
2873	28806306:183:SNP:C>T	1	representative_allele_is_somatic_truth
2876	28808673:30:SNP:C>G	1	representative_allele_is_somatic_truth
2877	28808711:170:SNP:G>C	1	representative_allele_is_somatic_truth
2880	28814704:21:SNP:G>A	1	representative_allele_is_somatic_truth
2881	28815373:421:SNP:G>T	1	representative_allele_is_somatic_truth
2882	28815433:159:SNP:C>T	1	representative_allele_is_somatic_truth
2885	28825702:187:SNP:A>G	1	representative_allele_is_somatic_truth
2886	28839375:57:SNP:G>A	1	representative_allele_is_somatic_truth
2887	28840788:57:SNP:T>C	1	representative_allele_is_somatic_truth
2892	28853231:213:SNP:C>T	1	representative_allele_is_somatic_truth
2894	28855130:58:SNP:C>A	1	representative_allele_is_somatic_truth
2895	28855130:59:SNP:C>A	1	representative_allele_is_somatic_truth
2896	28855593:234:SNP:C>T	1	representative_allele_is_somatic_truth
2897	28860931:325:SNP:G>T	1	representative_allele_is_somatic_truth
2898	28867220:5:SNP:T>C	1	representative_allele_is_somatic_truth
2899	28867930:112:SNP:G>A	1	representative_allele_is_somatic_truth
2900	28870988:18:SNP:T>C	1	representative_allele_is_somatic_truth
2902	28874541:364:SNP:T>A	1	representative_allele_is_somatic_truth
2907	28885088:46:SNP:C>G	1	representative_allele_is_somatic_truth
2911	28895730:7:SNP:G>T	1	representative_allele_is_somatic_truth
2914	28903740:33:SNP:A>G	1	representative_allele_is_somatic_truth
2915	28907960:3:SNP:G>A	1	representative_allele_is_somatic_truth
2916	28914755:142:SNP:C>G	1	representative_allele_is_somatic_truth
2917	28914805:0:SNP:C>T	1	representative_allele_is_somatic_truth
2918	28917942:336:SNP:G>A	1	representative_allele_is_somatic_truth
2920	28926866:43:SNP:C>T	1	representative_allele_is_somatic_truth
2921	28926963:12:SNP:C>A	1	representative_allele_is_somatic_truth
2922	28926963:13:SNP:T>C	1	representative_allele_is_somatic_truth
2923	28928382:69:SNP:C>T	1	representative_allele_is_somatic_truth
2924	28930320:2:SNP:G>A	1	representative_allele_is_somatic_truth
2925	28932796:8:SNP:G>A	1	representative_allele_is_somatic_truth
2927	28936145:0:SNP:G>A	1	representative_allele_is_somatic_truth
2928	28936149:23:SNP:G>C	1	representative_allele_is_somatic_truth
2930	28947699:183:SNP:A>G	1	representative_allele_is_somatic_truth
2935	28964579:174:SNP:T>G	1	representative_allele_is_somatic_truth
2936	28966868:127:SNP:C>T	1	representative_allele_is_somatic_truth
2937	28967216:25:SNP:C>T	1	representative_allele_is_somatic_truth
2939	28971741:155:SNP:G>C	1	representative_allele_is_somatic_truth
2944	28980480:67:SNP:G>A	1	representative_allele_is_somatic_truth
2947	28984025:45:SNP:C>T	1	representative_allele_is_somatic_truth
2949	28986000:306:SNP:C>A	1	representative_allele_is_somatic_truth
2950	28988500:234:SNP:A>G	1	representative_allele_is_somatic_truth
2952	28991665:16:SNP:C>T	1	representative_allele_is_somatic_truth
2953	28996171:25:SNP:G>A	1	representative_allele_is_somatic_truth
2955	29004437:68:SNP:G>A	1	representative_allele_is_somatic_truth
2958	29005967:16:SNP:G>A	1	representative_allele_is_somatic_truth
2960	29007700:58:SNP:G>A	1	representative_allele_is_somatic_truth
2961	29012260:9:SNP:A>C	1	representative_allele_is_somatic_truth
2963	29015751:22:SNP:G>A	1	representative_allele_is_somatic_truth
2964	29018968:317:SNP:G>C	1	representative_allele_is_somatic_truth
2969	29025762:24:SNP:A>T	1	representative_allele_is_somatic_truth
2971	29030089:82:SNP:G>C	1	representative_allele_is_somatic_truth
2972	29030785:171:SNP:T>A	1	representative_allele_is_somatic_truth
2973	29032565:286:SNP:T>A	1	representative_allele_is_somatic_truth
2975	29037562:20:SNP:C>G	1	representative_allele_is_somatic_truth
2977	29043410:90:SNP:T>A	1	representative_allele_is_somatic_truth
2978	29044472:58:SNP:G>A	1	representative_allele_is_somatic_truth
2986	29057088:95:SNP:G>A	1	representative_allele_is_somatic_truth
2990	29063468:109:SNP:G>A	1	representative_allele_is_somatic_truth
2991	29064064:470:SNP:C>T	1	representative_allele_is_somatic_truth
2992	29064438:96:SNP:C>A	1	representative_allele_is_somatic_truth
2993	29065727:205:SNP:G>A	1	representative_allele_is_somatic_truth
2994	29069049:74:SNP:A>G	1	representative_allele_is_somatic_truth
2995	29072799:153:SNP:G>A	1	representative_allele_is_somatic_truth
2996	29084972:281:SNP:G>T	1	representative_allele_is_somatic_truth
2997	29091742:56:SNP:C>A	1	representative_allele_is_somatic_truth
2998	29101915:160:SNP:C>A	1	representative_allele_is_somatic_truth
2999	29102438:244:SNP:T>A	1	representative_allele_is_somatic_truth
3000	29102825:196:SNP:C>T	1	representative_allele_is_somatic_truth
3003	29110145:62:SNP:A>T	1	representative_allele_is_somatic_truth
3006	29120775:93:SNP:T>A	1	representative_allele_is_somatic_truth
3007	29122508:13:SNP:C>T	1	representative_allele_is_somatic_truth
3008	29124539:37:SNP:G>A	1	representative_allele_is_somatic_truth
3009	29124999:47:SNP:T>C	1	representative_allele_is_somatic_truth
3011	29131189:248:SNP:G>A	1	representative_allele_is_somatic_truth
3013	29135718:184:SNP:C>A	1	representative_allele_is_somatic_truth
3014	29135718:185:SNP:C>A	1	representative_allele_is_somatic_truth
3016	29142384:41:SNP:G>T	1	representative_allele_is_somatic_truth
2051	29157873:57:SNP:A>T	1	representative_allele_is_somatic_truth
2054	29160538:9:SNP:A>C	1	representative_allele_is_somatic_truth
3130	29200388:136:SNP:G>C	1	representative_allele_is_somatic_truth
3131	29207032:56:SNP:C>G	1	representative_allele_is_somatic_truth
3132	29207596:31:SNP:C>T	1	representative_allele_is_somatic_truth
3133	29210508:222:SNP:G>A	1	representative_allele_is_somatic_truth
3134	29217771:158:SNP:T>A	1	representative_allele_is_somatic_truth
3135	29217947:20:SNP:T>C	1	representative_allele_is_somatic_truth
3137	29224377:75:SNP:G>A	1	representative_allele_is_somatic_truth
3141	29248901:529:SNP:C>A	1	representative_allele_is_somatic_truth
3144	29261045:58:SNP:A>C	1	representative_allele_is_somatic_truth
3147	29272365:141:SNP:G>A	1	representative_allele_is_somatic_truth
3152	29284508:89:SNP:T>A	1	representative_allele_is_somatic_truth
3153	29284570:118:SNP:T>A	1	representative_allele_is_somatic_truth
3154	29291794:532:SNP:G>C	1	representative_allele_is_somatic_truth
3156	29293247:368:SNP:T>A	1	representative_allele_is_somatic_truth
3159	29318296:24:SNP:G>A	1	representative_allele_is_somatic_truth
3160	29326302:45:SNP:G>C	1	representative_allele_is_somatic_truth
3161	29329004:412:SNP:C>G	1	representative_allele_is_somatic_truth
3162	29333917:13:SNP:C>T	1	representative_allele_is_somatic_truth
3164	29337925:197:SNP:T>C	1	representative_allele_is_somatic_truth
3167	29366234:43:SNP:G>A	1	representative_allele_is_somatic_truth
3168	29384118:479:SNP:T>A	1	representative_allele_is_somatic_truth
3169	29390189:30:SNP:G>A	1	representative_allele_is_somatic_truth
3170	29391906:351:SNP:G>A	1	representative_allele_is_somatic_truth
2056	29480840:0:SNP:C>G	1	representative_allele_is_somatic_truth
2057	29482358:389:SNP:C>T	1	representative_allele_is_somatic_truth
2058	29483388:240:SNP:G>T	1	representative_allele_is_somatic_truth
2059	29484295:137:SNP:G>A	1	representative_allele_is_somatic_truth
2060	29484667:8:SNP:A>G	1	representative_allele_is_somatic_truth
2064	29492228:124:SNP:G>C	1	representative_allele_is_somatic_truth
2218	29513124:39:SNP:G>T	1	representative_allele_is_somatic_truth
2219	29513220:243:SNP:C>T	1	representative_allele_is_somatic_truth
2220	29513226:132:SNP:A>T	1	representative_allele_is_somatic_truth
2221	29514967:48:SNP:G>A	1	representative_allele_is_somatic_truth
2223	29528370:81:SNP:A>G	1	representative_allele_is_somatic_truth
2224	29529972:105:SNP:G>T	1	representative_allele_is_somatic_truth
2227	29533838:103:SNP:A>T	1	representative_allele_is_somatic_truth
2228	29536180:195:SNP:T>A	1	representative_allele_is_somatic_truth
2229	29537244:11:SNP:C>T	1	representative_allele_is_somatic_truth
2230	29541818:0:SNP:C>T	1	representative_allele_is_somatic_truth
2231	29544978:11:SNP:G>A	1	representative_allele_is_somatic_truth
2233	29558369:38:SNP:C>A	1	representative_allele_is_somatic_truth
2234	29560558:37:SNP:G>A	1	representative_allele_is_somatic_truth
2235	29563904:73:SNP:T>C	1	representative_allele_is_somatic_truth
2238	29575184:278:SNP:G>A	1	representative_allele_is_somatic_truth
2239	29576557:200:SNP:G>A	1	representative_allele_is_somatic_truth
2240	29577587:109:SNP:G>A	1	representative_allele_is_somatic_truth
2245	29585831:68:SNP:G>A	1	representative_allele_is_somatic_truth
2246	29587119:197:SNP:A>G	1	representative_allele_is_somatic_truth
2249	29592129:173:SNP:C>T	1	representative_allele_is_somatic_truth
2250	29592880:33:SNP:C>A	1	representative_allele_is_somatic_truth
2251	29594596:20:SNP:C>G	1	representative_allele_is_somatic_truth
3127	29601812:8:SNP:A>C	1	representative_allele_is_somatic_truth
3125	29616587:16:SNP:C>A	1	representative_allele_is_somatic_truth
3124	29617629:39:SNP:C>A	1	representative_allele_is_somatic_truth
3122	29618090:112:SNP:T>A	1	representative_allele_is_somatic_truth
3121	29620047:180:SNP:G>A	1	representative_allele_is_somatic_truth
3117	29642788:43:SNP:T>A	1	representative_allele_is_somatic_truth
3115	29645039:48:SNP:G>C	1	representative_allele_is_somatic_truth
3111	29663269:90:SNP:T>C	1	representative_allele_is_somatic_truth
3110	29663923:272:SNP:G>T	1	representative_allele_is_somatic_truth
3109	29666953:162:SNP:G>A	1	representative_allele_is_somatic_truth
3107	29669858:41:SNP:C>T	1	representative_allele_is_somatic_truth
3106	29671873:420:SNP:A>C	1	representative_allele_is_somatic_truth
3105	29677151:268:SNP:G>C	1	representative_allele_is_somatic_truth
3104	29677402:125:SNP:A>G	1	representative_allele_is_somatic_truth
3102	29680982:58:SNP:G>T	1	representative_allele_is_somatic_truth
3101	29681505:456:SNP:T>G	1	representative_allele_is_somatic_truth
3100	29691527:128:SNP:A>G	1	representative_allele_is_somatic_truth
3098	29694854:101:SNP:G>A	1	representative_allele_is_somatic_truth
3096	29698535:1:SNP:G>T	1	representative_allele_is_somatic_truth
3092	29711456:0:SNP:G>T	1	representative_allele_is_somatic_truth
3087	29721646:98:SNP:T>C	1	representative_allele_is_somatic_truth
3086	29726835:31:SNP:C>T	1	representative_allele_is_somatic_truth
3085	29726942:37:SNP:G>C	1	representative_allele_is_somatic_truth
3084	29731077:64:SNP:A>G	1	representative_allele_is_somatic_truth
3082	29734778:519:SNP:C>T	1	representative_allele_is_somatic_truth
3081	29736474:317:SNP:C>A	1	representative_allele_is_somatic_truth
3080	29736702:10:SNP:T>C	1	representative_allele_is_somatic_truth
3079	29736793:0:SNP:C>A	1	representative_allele_is_somatic_truth
3078	29736795:59:SNP:A>T	1	representative_allele_is_somatic_truth
3077	29736864:225:SNP:C>A	1	representative_allele_is_somatic_truth
3076	29736990:49:SNP:C>A	1	representative_allele_is_somatic_truth
3075	29737067:14:SNP:T>G	1	representative_allele_is_somatic_truth
3074	29737128:27:SNP:A>C	1	representative_allele_is_somatic_truth
3070	29740515:55:SNP:G>T	1	representative_allele_is_somatic_truth
3065	29753096:109:SNP:C>T	1	representative_allele_is_somatic_truth
3063	29756831:287:SNP:C>A	1	representative_allele_is_somatic_truth
3061	29758595:86:SNP:A>T	1	representative_allele_is_somatic_truth
3056	29769709:0:SNP:A>T	1	representative_allele_is_somatic_truth
3054	29777941:61:SNP:G>A	1	representative_allele_is_somatic_truth
3052	29783412:10:SNP:A>C	1	representative_allele_is_somatic_truth
3049	29785705:51:SNP:G>A	1	representative_allele_is_somatic_truth
3044	29801197:113:SNP:C>A	1	representative_allele_is_somatic_truth
3042	29808743:27:SNP:G>A	1	representative_allele_is_somatic_truth
3039	29810050:75:SNP:T>G	1	representative_allele_is_somatic_truth
3036	29824741:39:SNP:C>A	1	representative_allele_is_somatic_truth
3035	29827666:390:SNP:A>G	1	representative_allele_is_somatic_truth
3032	29829367:418:SNP:T>C	1	representative_allele_is_somatic_truth
3027	29842444:0:SNP:G>A	1	representative_allele_is_somatic_truth
3021	29852998:214:SNP:C>T	1	representative_allele_is_somatic_truth
3018	29865471:307:SNP:C>G	1	representative_allele_is_somatic_truth
2392	29876120:98:SNP:G>T	1	representative_allele_is_somatic_truth
2393	29877026:1:SNP:A>T	1	representative_allele_is_somatic_truth
2396	29878916:84:SNP:G>T	1	representative_allele_is_somatic_truth
2398	29886263:34:SNP:C>G	1	representative_allele_is_somatic_truth
2399	29886263:35:SNP:T>C	1	representative_allele_is_somatic_truth
2401	29888326:81:SNP:G>A	1	representative_allele_is_somatic_truth
2402	29893211:251:SNP:T>A	1	representative_allele_is_somatic_truth
2403	29897712:83:SNP:G>T	1	representative_allele_is_somatic_truth
2404	29900044:173:SNP:G>C	1	representative_allele_is_somatic_truth
2405	29900813:24:SNP:T>C	1	representative_allele_is_somatic_truth
2052	29908308:0:SNP:C>T	1	representative_allele_is_somatic_truth
3171	29946650:14:SNP:C>T	1	representative_allele_is_somatic_truth
2143	29956511:24:SNP:C>T	1	representative_allele_is_somatic_truth
2146	29963339:89:SNP:C>A	1	representative_allele_is_somatic_truth
2148	29977538:227:SNP:C>G	1	representative_allele_is_somatic_truth
2150	29983877:242:SNP:C>T	1	representative_allele_is_somatic_truth
2151	29988855:73:SNP:T>C	1	representative_allele_is_somatic_truth
2157	30020449:137:SNP:C>T	1	representative_allele_is_somatic_truth
2161	30023246:74:SNP:G>C	1	representative_allele_is_somatic_truth
2162	30023399:250:SNP:A>C	1	representative_allele_is_somatic_truth
2163	30023761:0:SNP:A>T	1	representative_allele_is_somatic_truth
2165	30024442:121:SNP:G>A	1	representative_allele_is_somatic_truth
2167	30028822:0:SNP:T>A	1	representative_allele_is_somatic_truth
2169	30034306:423:SNP:C>G	1	representative_allele_is_somatic_truth
2170	30034474:1:SNP:G>C	1	representative_allele_is_somatic_truth
2171	30034474:2:SNP:A>T	1	representative_allele_is_somatic_truth
2172	30037152:132:SNP:C>A	1	representative_allele_is_somatic_truth
2173	30038418:184:SNP:C>T	1	representative_allele_is_somatic_truth
2178	30041569:215:SNP:T>G	1	representative_allele_is_somatic_truth
2179	30041898:60:SNP:C>T	1	representative_allele_is_somatic_truth
2182	30049337:36:SNP:C>T	1	representative_allele_is_somatic_truth
2183	30049718:328:SNP:C>A	1	representative_allele_is_somatic_truth
2184	30049815:123:SNP:A>G	1	representative_allele_is_somatic_truth
2185	30049877:5:SNP:C>T	1	representative_allele_is_somatic_truth
2186	30051050:161:SNP:C>T	1	representative_allele_is_somatic_truth
2187	30051974:185:SNP:G>A	1	representative_allele_is_somatic_truth
2191	30057288:42:SNP:A>G	1	representative_allele_is_somatic_truth
2192	30057288:43:SNP:G>T	1	representative_allele_is_somatic_truth
2194	30059666:133:SNP:T>A	1	representative_allele_is_somatic_truth
2195	30060246:102:SNP:C>T	1	representative_allele_is_somatic_truth
2196	30061196:98:SNP:G>C	1	representative_allele_is_somatic_truth
2197	30062622:17:SNP:A>T	1	representative_allele_is_somatic_truth
2199	30064526:2:SNP:A>C	1	representative_allele_is_somatic_truth
2200	30071615:99:SNP:G>T	1	representative_allele_is_somatic_truth
2202	30072517:63:SNP:G>A	1	representative_allele_is_somatic_truth
2205	30076093:2:SNP:G>A	1	representative_allele_is_somatic_truth
2208	30091912:36:SNP:C>A	1	representative_allele_is_somatic_truth
2210	30098202:329:SNP:C>T	1	representative_allele_is_somatic_truth
2212	30099248:199:SNP:G>C	1	representative_allele_is_somatic_truth
2214	30101712:254:SNP:A>T	1	representative_allele_is_somatic_truth
2216	30102918:95:SNP:C>T	1	representative_allele_is_somatic_truth
2055	30111689:71:SNP:T>C	1	representative_allele_is_somatic_truth
3172	33459389:24:SNP:G>A	1	representative_allele_is_somatic_truth
3175	33466531:207:SNP:T>A	1	representative_allele_is_somatic_truth
3176	33467750:52:SNP:T>A	1	representative_allele_is_somatic_truth
3181	33489851:170:SNP:G>A	1	representative_allele_is_somatic_truth
3182	33502657:89:SNP:G>A	1	representative_allele_is_somatic_truth
3183	33502765:7:SNP:C>A	1	representative_allele_is_somatic_truth
3184	33502765:8:SNP:T>A	1	representative_allele_is_somatic_truth
3185	33505293:48:SNP:G>A	1	representative_allele_is_somatic_truth
3187	33509846:102:SNP:C>T	1	representative_allele_is_somatic_truth
3188	33510504:8:SNP:T>C	1	representative_allele_is_somatic_truth
3190	33515467:8:SNP:A>T	1	representative_allele_is_somatic_truth
3196	33522485:10:SNP:A>T	1	representative_allele_is_somatic_truth
3198	33531040:172:SNP:T>A	1	representative_allele_is_somatic_truth
3199	33537110:40:SNP:A>T	1	representative_allele_is_somatic_truth
3202	33544161:2:SNP:G>T	1	representative_allele_is_somatic_truth
3203	33547233:19:SNP:C>T	1	representative_allele_is_somatic_truth
3204	33551004:24:SNP:G>C	1	representative_allele_is_somatic_truth
3205	33552926:16:SNP:C>T	1	representative_allele_is_somatic_truth
3206	33556766:14:SNP:T>A	1	representative_allele_is_somatic_truth
3207	33558293:193:SNP:C>T	1	representative_allele_is_somatic_truth
3208	33558986:39:SNP:G>C	1	representative_allele_is_somatic_truth
3209	33570282:74:SNP:C>T	1	representative_allele_is_somatic_truth
3211	33590524:138:SNP:T>A	1	representative_allele_is_somatic_truth
3212	33594355:88:SNP:G>T	1	representative_allele_is_somatic_truth
3215	33610690:0:SNP:G>A	1	representative_allele_is_somatic_truth
3217	33614953:67:SNP:G>A	1	representative_allele_is_somatic_truth
3218	33619123:0:SNP:A>T	1	representative_allele_is_somatic_truth
3219	33623501:80:SNP:G>A	1	representative_allele_is_somatic_truth
3220	33626382:29:SNP:A>G	1	representative_allele_is_somatic_truth
3221	33636400:52:SNP:G>C	1	representative_allele_is_somatic_truth
3224	33645730:56:SNP:G>A	1	representative_allele_is_somatic_truth
3227	33663985:150:SNP:C>T	1	representative_allele_is_somatic_truth
3228	33667044:98:SNP:G>A	1	representative_allele_is_somatic_truth
3229	33668536:205:SNP:C>T	1	representative_allele_is_somatic_truth
3230	33678981:25:SNP:C>T	1	representative_allele_is_somatic_truth
3232	33701839:232:SNP:G>T	1	representative_allele_is_somatic_truth
3233	33704383:48:SNP:G>A	1	representative_allele_is_somatic_truth
3234	33708212:112:SNP:T>C	1	representative_allele_is_somatic_truth
3235	33712461:48:SNP:A>T	1	representative_allele_is_somatic_truth
3238	33720986:289:SNP:C>T	1	representative_allele_is_somatic_truth
3240	33725189:307:SNP:C>G	1	representative_allele_is_somatic_truth
3241	33725928:20:SNP:C>G	1	representative_allele_is_somatic_truth
3243	33725938:104:SNP:C>T	1	representative_allele_is_somatic_truth
3244	33725962:96:SNP:C>G	1	representative_allele_is_somatic_truth
3245	33725981:78:SNP:C>T	1	representative_allele_is_somatic_truth
3249	33741104:0:SNP:C>A	1	representative_allele_is_somatic_truth
3251	33748415:98:SNP:C>T	1	representative_allele_is_somatic_truth
3254	33757235:184:SNP:A>C	1	representative_allele_is_somatic_truth
3256	33758816:163:SNP:C>T	1	representative_allele_is_somatic_truth
3257	33766228:164:SNP:G>A	1	representative_allele_is_somatic_truth
3258	33766300:15:SNP:C>T	1	representative_allele_is_somatic_truth
3260	33777076:144:SNP:G>A	1	representative_allele_is_somatic_truth
3262	33779787:230:SNP:G>T	1	representative_allele_is_somatic_truth
3264	33790324:96:SNP:G>C	1	representative_allele_is_somatic_truth
3269	33824680:440:SNP:G>A	1	representative_allele_is_somatic_truth
3271	33827415:58:SNP:A>T	1	representative_allele_is_somatic_truth
3274	33839814:309:SNP:G>A	1	representative_allele_is_somatic_truth
3275	33841498:104:SNP:C>A	1	representative_allele_is_somatic_truth
3276	33841617:38:SNP:A>T	1	representative_allele_is_somatic_truth
3277	33841629:401:SNP:G>A	1	representative_allele_is_somatic_truth
3279	33845640:66:SNP:A>G	1	representative_allele_is_somatic_truth
3280	33846280:21:SNP:G>A	1	representative_allele_is_somatic_truth
3282	33851259:53:SNP:G>T	1	representative_allele_is_somatic_truth
3284	33860235:190:SNP:G>T	1	representative_allele_is_somatic_truth
3285	33871839:353:SNP:A>C	1	representative_allele_is_somatic_truth
3286	33874625:183:SNP:C>A	1	representative_allele_is_somatic_truth
3290	33887287:90:SNP:C>A	1	representative_allele_is_somatic_truth
3292	33895041:70:SNP:C>A	1	representative_allele_is_somatic_truth
3295	33898699:175:SNP:C>T	1	representative_allele_is_somatic_truth
3303	33915618:110:SNP:G>T	1	representative_allele_is_somatic_truth
3304	33915931:168:SNP:G>T	1	representative_allele_is_somatic_truth
3305	33917147:20:SNP:G>A	1	representative_allele_is_somatic_truth
3307	33932530:18:SNP:G>A	1	representative_allele_is_somatic_truth
3309	33937085:121:SNP:G>T	1	representative_allele_is_somatic_truth
3312	33940249:503:SNP:A>T	1	representative_allele_is_somatic_truth
3313	33943759:119:SNP:T>A	1	representative_allele_is_somatic_truth
3315	33950352:330:SNP:G>A	1	representative_allele_is_somatic_truth
3318	33955606:144:SNP:A>T	1	representative_allele_is_somatic_truth
3319	33956178:115:SNP:T>C	1	representative_allele_is_somatic_truth
3323	33962312:34:SNP:C>T	1	representative_allele_is_somatic_truth
3324	33967460:177:SNP:C>G	1	representative_allele_is_somatic_truth
3326	33988592:10:SNP:C>G	1	representative_allele_is_somatic_truth
3327	33993683:378:SNP:C>G	1	representative_allele_is_somatic_truth
3328	33997444:90:SNP:C>T	1	representative_allele_is_somatic_truth
3329	34000081:104:SNP:A>T	1	representative_allele_is_somatic_truth
3331	34012845:418:SNP:T>C	1	representative_allele_is_somatic_truth
3335	34035928:34:SNP:G>T	1	representative_allele_is_somatic_truth
3338	34051462:131:SNP:C>T	1	representative_allele_is_somatic_truth
3339	34051465:4:SNP:C>A	1	representative_allele_is_somatic_truth
3341	34061848:78:SNP:G>C	1	representative_allele_is_somatic_truth
3343	34065793:68:SNP:C>A	1	representative_allele_is_somatic_truth
3344	34066954:226:SNP:G>T	1	representative_allele_is_somatic_truth
3345	34071348:81:SNP:G>A	1	representative_allele_is_somatic_truth
3347	34075880:48:SNP:C>T	1	representative_allele_is_somatic_truth
3348	34076151:135:SNP:A>G	1	representative_allele_is_somatic_truth
3349	34077723:37:SNP:C>A	1	representative_allele_is_somatic_truth
3352	34085380:24:SNP:A>G	1	representative_allele_is_somatic_truth
3362	34158716:444:SNP:C>T	1	representative_allele_is_somatic_truth
3371	34185421:176:SNP:C>T	1	representative_allele_is_somatic_truth
3373	34190534:28:SNP:G>C	1	representative_allele_is_somatic_truth
3377	34196811:227:SNP:G>A	1	representative_allele_is_somatic_truth
3379	34213164:12:SNP:C>G	1	representative_allele_is_somatic_truth
3381	34216110:199:SNP:T>C	1	representative_allele_is_somatic_truth
3383	34222313:113:SNP:C>T	1	representative_allele_is_somatic_truth
3388	34307306:6:SNP:C>A	1	representative_allele_is_somatic_truth
3391	34335101:179:SNP:T>A	1	representative_allele_is_somatic_truth
3392	34344483:119:SNP:C>T	1	representative_allele_is_somatic_truth
3393	34347264:137:SNP:G>T	1	representative_allele_is_somatic_truth
3394	34354006:134:SNP:G>T	1	representative_allele_is_somatic_truth
3400	34402236:393:SNP:G>A	1	representative_allele_is_somatic_truth
3401	34407799:189:SNP:C>T	1	representative_allele_is_somatic_truth
3402	34407799:191:SNP:A>T	1	representative_allele_is_somatic_truth
3404	34410329:10:SNP:G>A	1	representative_allele_is_somatic_truth
3405	34413853:122:SNP:G>C	1	representative_allele_is_somatic_truth
3406	34418631:154:SNP:C>G	1	representative_allele_is_somatic_truth
3407	34420639:8:SNP:T>A	1	representative_allele_is_somatic_truth
3409	34425923:76:SNP:G>T	1	representative_allele_is_somatic_truth
3410	34429048:419:SNP:T>C	1	representative_allele_is_somatic_truth
3412	34441072:84:SNP:G>A	1	representative_allele_is_somatic_truth
3413	34448090:56:SNP:G>C	1	representative_allele_is_somatic_truth
3414	34452581:24:SNP:G>A	1	representative_allele_is_somatic_truth
3415	34464672:57:SNP:G>A	1	representative_allele_is_somatic_truth
3417	34480713:61:SNP:C>A	1	representative_allele_is_somatic_truth
3418	34481296:521:SNP:C>T	1	representative_allele_is_somatic_truth
3419	34484936:39:SNP:A>G	1	representative_allele_is_somatic_truth
3420	34484936:40:SNP:G>T	1	representative_allele_is_somatic_truth
3426	34502153:65:SNP:A>T	1	representative_allele_is_somatic_truth
3427	34509451:49:SNP:T>C	1	representative_allele_is_somatic_truth
3428	34512538:499:SNP:G>A	1	representative_allele_is_somatic_truth
3429	34516541:86:SNP:C>A	1	representative_allele_is_somatic_truth
3430	34518246:18:SNP:T>A	1	representative_allele_is_somatic_truth
3431	34518379:35:SNP:C>A	1	representative_allele_is_somatic_truth
3432	34518383:39:SNP:G>T	1	representative_allele_is_somatic_truth
3433	34523102:166:SNP:G>T	1	representative_allele_is_somatic_truth
3434	34526258:55:SNP:C>T	1	representative_allele_is_somatic_truth
3439	34536822:25:SNP:G>A	1	representative_allele_is_somatic_truth
3441	34552953:23:SNP:T>C	1	representative_allele_is_somatic_truth
3443	34557783:224:SNP:G>A	1	representative_allele_is_somatic_truth
3445	34561589:129:SNP:G>C	1	representative_allele_is_somatic_truth
3447	34563147:69:SNP:G>A	1	representative_allele_is_somatic_truth
3448	34563147:70:SNP:G>T	1	representative_allele_is_somatic_truth
3449	34576130:0:SNP:C>G	1	representative_allele_is_somatic_truth
3450	34576889:35:SNP:C>G	1	representative_allele_is_somatic_truth
3455	34584428:1:SNP:C>G	1	representative_allele_is_somatic_truth
3456	34587322:33:SNP:G>A	1	representative_allele_is_somatic_truth
3458	34591952:125:SNP:C>A	1	representative_allele_is_somatic_truth
3459	34593175:43:SNP:T>G	1	representative_allele_is_somatic_truth
3460	34595271:14:SNP:G>A	1	representative_allele_is_somatic_truth
3463	34610023:214:SNP:G>T	1	representative_allele_is_somatic_truth
3465	34628595:84:SNP:C>A	1	representative_allele_is_somatic_truth
3467	34628961:63:SNP:T>C	1	representative_allele_is_somatic_truth
3468	34631380:122:SNP:C>A	1	representative_allele_is_somatic_truth
3469	34632473:56:SNP:G>A	1	representative_allele_is_somatic_truth
3471	34650367:62:SNP:C>T	1	representative_allele_is_somatic_truth
3474	34666471:0:SNP:A>T	1	representative_allele_is_somatic_truth
3526	34668920:7:SNP:T>G	1	representative_allele_is_somatic_truth
3523	34670298:15:SNP:G>A	1	representative_allele_is_somatic_truth
3521	34674544:128:SNP:G>T	1	representative_allele_is_somatic_truth
3517	34687823:214:SNP:C>A	1	representative_allele_is_somatic_truth
3516	34687898:73:SNP:T>C	1	representative_allele_is_somatic_truth
3515	34688606:235:SNP:G>T	1	representative_allele_is_somatic_truth
3514	34688885:55:SNP:C>T	1	representative_allele_is_somatic_truth
3513	34689773:72:SNP:A>G	1	representative_allele_is_somatic_truth
3507	34713875:90:SNP:C>T	1	representative_allele_is_somatic_truth
3506	34720545:100:SNP:G>C	1	representative_allele_is_somatic_truth
3505	34730238:68:SNP:T>G	1	representative_allele_is_somatic_truth
3502	34731280:36:SNP:C>T	1	representative_allele_is_somatic_truth
3501	34734476:0:SNP:A>T	1	representative_allele_is_somatic_truth
3499	34755929:33:SNP:G>C	1	representative_allele_is_somatic_truth
3498	34757989:293:SNP:C>A	1	representative_allele_is_somatic_truth
3493	34765341:24:SNP:C>T	1	representative_allele_is_somatic_truth
3492	34771356:68:SNP:C>T	1	representative_allele_is_somatic_truth
3487	34802236:239:SNP:G>C	1	representative_allele_is_somatic_truth
3486	34820577:258:SNP:G>A	1	representative_allele_is_somatic_truth
3485	34827970:26:SNP:A>T	1	representative_allele_is_somatic_truth
3483	34837798:28:SNP:C>G	1	representative_allele_is_somatic_truth
3482	34840847:143:SNP:C>T	1	representative_allele_is_somatic_truth
3478	34888326:32:SNP:C>A	1	representative_allele_is_somatic_truth
3477	34888724:17:SNP:T>A	1	representative_allele_is_somatic_truth
3476	34897525:11:SNP:A>T	1	representative_allele_is_somatic_truth
3529	34906648:399:SNP:T>A	1	representative_allele_is_somatic_truth
3530	34924736:179:SNP:C>T	1	representative_allele_is_somatic_truth
3531	34927861:90:SNP:A>T	1	representative_allele_is_somatic_truth
3532	34929016:22:SNP:C>T	1	representative_allele_is_somatic_truth
3533	34933848:15:SNP:G>A	1	representative_allele_is_somatic_truth
3534	34934684:429:SNP:C>T	1	representative_allele_is_somatic_truth
3539	34952666:6:SNP:A>T	1	representative_allele_is_somatic_truth
3541	34963225:200:SNP:G>A	1	representative_allele_is_somatic_truth
3542	34965434:45:SNP:G>A	1	representative_allele_is_somatic_truth
3543	34966389:424:SNP:G>T	1	representative_allele_is_somatic_truth
3545	34968412:86:SNP:C>A	1	representative_allele_is_somatic_truth
3547	34975398:0:SNP:C>T	1	representative_allele_is_somatic_truth
3548	34979529:10:SNP:C>A	1	representative_allele_is_somatic_truth
3549	34981224:229:SNP:G>A	1	representative_allele_is_somatic_truth
3550	34985145:124:SNP:G>T	1	representative_allele_is_somatic_truth
3553	34991416:69:SNP:G>A	1	representative_allele_is_somatic_truth
3554	34992566:260:SNP:G>A	1	representative_allele_is_somatic_truth
3557	34996565:67:SNP:C>A	1	representative_allele_is_somatic_truth
3565	35023529:181:SNP:C>G	1	representative_allele_is_somatic_truth
3567	35025741:300:SNP:G>A	1	representative_allele_is_somatic_truth
3570	35032368:129:SNP:G>A	1	representative_allele_is_somatic_truth
3572	35038098:271:SNP:T>C	1	representative_allele_is_somatic_truth
3579	35050809:181:SNP:C>T	1	representative_allele_is_somatic_truth
3581	35055340:0:SNP:C>A	1	representative_allele_is_somatic_truth
3584	35060298:45:SNP:G>T	1	representative_allele_is_somatic_truth
3586	35070269:345:SNP:T>G	1	representative_allele_is_somatic_truth
3587	35073245:32:SNP:A>G	1	representative_allele_is_somatic_truth
3588	35077803:191:SNP:A>G	1	representative_allele_is_somatic_truth
3590	35081474:77:SNP:G>T	1	representative_allele_is_somatic_truth
3591	35083353:11:SNP:T>G	1	representative_allele_is_somatic_truth
3593	35084727:188:SNP:T>A	1	representative_allele_is_somatic_truth
3599	35090825:36:SNP:C>T	1	representative_allele_is_somatic_truth
3601	35093857:21:SNP:G>A	1	representative_allele_is_somatic_truth
3602	35095463:174:SNP:G>C	1	representative_allele_is_somatic_truth
3603	35095900:17:SNP:G>A	1	representative_allele_is_somatic_truth
3604	35097182:35:SNP:C>T	1	representative_allele_is_somatic_truth
3607	35111969:210:SNP:G>A	1	representative_allele_is_somatic_truth
3608	35111969:211:SNP:G>A	1	representative_allele_is_somatic_truth
3609	35112452:182:SNP:G>A	1	representative_allele_is_somatic_truth
3617	35142468:9:SNP:C>G	1	representative_allele_is_somatic_truth
3618	35145533:353:SNP:C>T	1	representative_allele_is_somatic_truth
3622	35156508:7:SNP:C>G	1	representative_allele_is_somatic_truth
3624	35158141:164:SNP:C>T	1	representative_allele_is_somatic_truth
3626	35165168:7:SNP:C>A	1	representative_allele_is_somatic_truth
3627	35171065:19:SNP:C>T	1	representative_allele_is_somatic_truth
3633	35197445:50:SNP:A>T	1	representative_allele_is_somatic_truth
3937	35228875:197:SNP:G>A	1	representative_allele_is_somatic_truth
3936	35228919:112:SNP:G>T	1	representative_allele_is_somatic_truth
3934	35233183:236:SNP:C>T	1	representative_allele_is_somatic_truth
3930	35270927:13:SNP:C>T	1	representative_allele_is_somatic_truth
3928	35273443:13:SNP:C>T	1	representative_allele_is_somatic_truth
3925	35280266:162:SNP:G>A	1	representative_allele_is_somatic_truth
3924	35281400:71:SNP:G>A	1	representative_allele_is_somatic_truth
3922	35284794:269:SNP:C>T	1	representative_allele_is_somatic_truth
3916	35294167:180:SNP:G>T	1	representative_allele_is_somatic_truth
3914	35296690:89:SNP:C>G	1	representative_allele_is_somatic_truth
3913	35296703:6:SNP:C>A	1	representative_allele_is_somatic_truth
3912	35296716:201:SNP:C>G	1	representative_allele_is_somatic_truth
3911	35296722:123:SNP:C>A	1	representative_allele_is_somatic_truth
3910	35296752:140:SNP:C>G	1	representative_allele_is_somatic_truth
3909	35297149:86:SNP:G>A	1	representative_allele_is_somatic_truth
3908	35301164:72:SNP:C>T	1	representative_allele_is_somatic_truth
3906	35301807:397:SNP:A>G	1	representative_allele_is_somatic_truth
3907	35301807:398:SNP:G>T	1	representative_allele_is_somatic_truth
3904	35301855:3:SNP:C>T	1	representative_allele_is_somatic_truth
3902	35305291:188:SNP:G>T	1	representative_allele_is_somatic_truth
3897	35333247:253:SNP:G>A	1	representative_allele_is_somatic_truth
3896	35338908:33:SNP:T>G	1	representative_allele_is_somatic_truth
3895	35339513:5:SNP:A>C	1	representative_allele_is_somatic_truth
3894	35343226:66:SNP:T>A	1	representative_allele_is_somatic_truth
3893	35343315:264:SNP:C>T	1	representative_allele_is_somatic_truth
3892	35345317:11:SNP:A>C	1	representative_allele_is_somatic_truth
3891	35347453:8:SNP:C>A	1	representative_allele_is_somatic_truth
3890	35348134:111:SNP:A>T	1	representative_allele_is_somatic_truth
3887	35351446:420:SNP:C>A	1	representative_allele_is_somatic_truth
3888	35351446:421:SNP:C>G	1	representative_allele_is_somatic_truth
3885	35357171:38:SNP:G>T	1	representative_allele_is_somatic_truth
3884	35358618:85:SNP:G>A	1	representative_allele_is_somatic_truth
3882	35359859:205:SNP:G>A	1	representative_allele_is_somatic_truth
3881	35363610:27:SNP:A>C	1	representative_allele_is_somatic_truth
3878	35365820:56:SNP:A>T	1	representative_allele_is_somatic_truth
3879	35365820:57:SNP:C>A	1	representative_allele_is_somatic_truth
3877	35367545:7:SNP:T>C	1	representative_allele_is_somatic_truth
3875	35371019:386:SNP:C>A	1	representative_allele_is_somatic_truth
3874	35371977:189:SNP:C>T	1	representative_allele_is_somatic_truth
3865	35374056:347:SNP:G>T	1	representative_allele_is_somatic_truth
3863	35376839:64:SNP:G>T	1	representative_allele_is_somatic_truth
3862	35380480:228:SNP:G>C	1	representative_allele_is_somatic_truth
3857	35386444:5:SNP:C>T	1	representative_allele_is_somatic_truth
3856	35389161:49:SNP:G>A	1	representative_allele_is_somatic_truth
3853	35391923:32:SNP:A>G	1	representative_allele_is_somatic_truth
3851	35393540:45:SNP:G>C	1	representative_allele_is_somatic_truth
3847	35398722:21:SNP:T>G	1	representative_allele_is_somatic_truth
3846	35398846:57:SNP:C>T	1	representative_allele_is_somatic_truth
3845	35400761:44:SNP:G>T	1	representative_allele_is_somatic_truth
3843	35406767:548:SNP:C>T	1	representative_allele_is_somatic_truth
3841	35407350:59:SNP:C>T	1	representative_allele_is_somatic_truth
3839	35408655:280:SNP:G>T	1	representative_allele_is_somatic_truth
3838	35409068:38:SNP:C>G	1	representative_allele_is_somatic_truth
3836	35410820:21:SNP:G>T	1	representative_allele_is_somatic_truth
3832	35417967:0:SNP:A>G	1	representative_allele_is_somatic_truth
3830	35421801:18:SNP:G>A	1	representative_allele_is_somatic_truth
3828	35428591:112:SNP:G>A	1	representative_allele_is_somatic_truth
3825	35432833:118:SNP:T>A	1	representative_allele_is_somatic_truth
3826	35432833:119:SNP:C>A	1	representative_allele_is_somatic_truth
3818	35469771:57:SNP:C>G	1	representative_allele_is_somatic_truth
3816	35473614:5:SNP:G>A	1	representative_allele_is_somatic_truth
3815	35480871:32:SNP:C>T	1	representative_allele_is_somatic_truth
3812	35491891:63:SNP:T>C	1	representative_allele_is_somatic_truth
3809	35506997:319:SNP:G>A	1	representative_allele_is_somatic_truth
3808	35509045:68:SNP:T>C	1	representative_allele_is_somatic_truth
3807	35509212:113:SNP:A>G	1	representative_allele_is_somatic_truth
3804	35515502:158:SNP:A>C	1	representative_allele_is_somatic_truth
3802	35521788:199:SNP:G>C	1	representative_allele_is_somatic_truth
3799	35525845:322:SNP:G>A	1	representative_allele_is_somatic_truth
3791	35541867:216:SNP:C>T	1	representative_allele_is_somatic_truth
3785	35584190:111:SNP:C>A	1	representative_allele_is_somatic_truth
3784	35584720:117:SNP:C>T	1	representative_allele_is_somatic_truth
3782	35587526:25:SNP:C>G	1	representative_allele_is_somatic_truth
3780	35590364:157:SNP:G>C	1	representative_allele_is_somatic_truth
3779	35598517:69:SNP:A>T	1	representative_allele_is_somatic_truth
3778	35599650:27:SNP:C>T	1	representative_allele_is_somatic_truth
3777	35600736:60:SNP:G>A	1	representative_allele_is_somatic_truth
3774	35601700:27:SNP:T>A	1	representative_allele_is_somatic_truth
3771	35620270:8:SNP:G>T	1	representative_allele_is_somatic_truth
3769	35620730:194:SNP:G>A	1	representative_allele_is_somatic_truth
3762	35629458:61:SNP:C>T	1	representative_allele_is_somatic_truth
3761	35629745:624:SNP:C>A	1	representative_allele_is_somatic_truth
3758	35633659:143:SNP:A>C	1	representative_allele_is_somatic_truth
3754	35643680:322:SNP:C>A	1	representative_allele_is_somatic_truth
3749	35652443:196:SNP:T>A	1	representative_allele_is_somatic_truth
3748	35653081:320:SNP:T>A	1	representative_allele_is_somatic_truth
3747	35655248:334:SNP:G>A	1	representative_allele_is_somatic_truth
3744	35658220:118:SNP:A>T	1	representative_allele_is_somatic_truth
3743	35659082:68:SNP:G>A	1	representative_allele_is_somatic_truth
3741	35663481:12:SNP:A>G	1	representative_allele_is_somatic_truth
3738	35671642:126:SNP:A>C	1	representative_allele_is_somatic_truth
3975	35675023:6:SNP:G>A	1	representative_allele_is_somatic_truth
3974	35675433:30:SNP:G>A	1	representative_allele_is_somatic_truth
3973	35675898:58:SNP:G>A	1	representative_allele_is_somatic_truth
3972	35679288:22:SNP:G>C	1	representative_allele_is_somatic_truth
3971	35679537:10:SNP:T>A	1	representative_allele_is_somatic_truth
3969	35682774:52:SNP:G>A	1	representative_allele_is_somatic_truth
3968	35683530:293:SNP:A>T	1	representative_allele_is_somatic_truth
3966	35692975:284:SNP:A>T	1	representative_allele_is_somatic_truth
3965	35694519:46:SNP:C>T	1	representative_allele_is_somatic_truth
3962	35696861:18:SNP:G>A	1	representative_allele_is_somatic_truth
3961	35701888:286:SNP:G>A	1	representative_allele_is_somatic_truth
3960	35705464:70:SNP:G>A	1	representative_allele_is_somatic_truth
3959	35718533:8:SNP:C>T	1	representative_allele_is_somatic_truth
3958	35718534:54:SNP:C>T	1	representative_allele_is_somatic_truth
3956	35721470:140:SNP:G>A	1	representative_allele_is_somatic_truth
3955	35732504:220:SNP:C>G	1	representative_allele_is_somatic_truth
3953	35736647:17:SNP:A>T	1	representative_allele_is_somatic_truth
3948	35748951:166:SNP:A>T	1	representative_allele_is_somatic_truth
3946	35756159:227:SNP:A>G	1	representative_allele_is_somatic_truth
3945	35756658:39:SNP:G>C	1	representative_allele_is_somatic_truth
3943	35756904:10:SNP:T>C	1	representative_allele_is_somatic_truth
3942	35757079:0:SNP:G>A	1	representative_allele_is_somatic_truth
3941	35762181:0:SNP:A>T	1	representative_allele_is_somatic_truth
3940	35766337:121:SNP:C>G	1	representative_allele_is_somatic_truth
3939	35768243:98:SNP:G>A	1	representative_allele_is_somatic_truth
3978	35772629:140:SNP:C>T	1	representative_allele_is_somatic_truth
3980	35789478:218:SNP:G>C	1	representative_allele_is_somatic_truth
3981	35789543:241:SNP:G>T	1	representative_allele_is_somatic_truth
3982	35791934:57:SNP:A>T	1	representative_allele_is_somatic_truth
3985	35802485:296:SNP:A>T	1	representative_allele_is_somatic_truth
3987	35806821:23:SNP:G>C	1	representative_allele_is_somatic_truth
3993	35822784:48:SNP:G>A	1	representative_allele_is_somatic_truth
3994	35825285:209:SNP:C>T	1	representative_allele_is_somatic_truth
3996	35832217:65:SNP:G>T	1	representative_allele_is_somatic_truth
3998	35833408:53:SNP:G>T	1	representative_allele_is_somatic_truth
3999	35833444:39:SNP:A>C	1	representative_allele_is_somatic_truth
4000	35833657:61:SNP:G>A	1	representative_allele_is_somatic_truth
4002	35835536:27:SNP:G>C	1	representative_allele_is_somatic_truth
4003	35835678:223:SNP:T>G	1	representative_allele_is_somatic_truth
4004	35836477:171:SNP:T>A	1	representative_allele_is_somatic_truth
4006	35837113:499:SNP:G>A	1	representative_allele_is_somatic_truth
4008	35838325:64:SNP:A>T	1	representative_allele_is_somatic_truth
4010	35839159:495:SNP:G>A	1	representative_allele_is_somatic_truth
4011	35844619:247:SNP:G>A	1	representative_allele_is_somatic_truth
4014	35851192:307:SNP:G>A	1	representative_allele_is_somatic_truth
4020	35863428:14:SNP:A>T	1	representative_allele_is_somatic_truth
4022	35870143:26:SNP:C>T	1	representative_allele_is_somatic_truth
4027	35890585:0:SNP:T>C	1	representative_allele_is_somatic_truth
4028	35891497:75:SNP:T>A	1	representative_allele_is_somatic_truth
4029	35892865:134:SNP:A>C	1	representative_allele_is_somatic_truth
4030	35894304:20:SNP:C>G	1	representative_allele_is_somatic_truth
4032	35899561:136:SNP:T>C	1	representative_allele_is_somatic_truth
4033	35900596:65:SNP:A>T	1	representative_allele_is_somatic_truth
4041	35923652:201:SNP:C>G	1	representative_allele_is_somatic_truth
4042	35927617:61:SNP:G>A	1	representative_allele_is_somatic_truth
4043	35928834:61:SNP:A>T	1	representative_allele_is_somatic_truth
4044	35929036:181:SNP:G>A	1	representative_allele_is_somatic_truth
4046	35932067:214:SNP:G>A	1	representative_allele_is_somatic_truth
4047	35939273:24:SNP:G>A	1	representative_allele_is_somatic_truth
4050	35948173:111:SNP:C>G	1	representative_allele_is_somatic_truth
4051	35952215:220:SNP:C>A	1	representative_allele_is_somatic_truth
4052	35954507:39:SNP:T>A	1	representative_allele_is_somatic_truth
4053	35960999:21:SNP:C>T	1	representative_allele_is_somatic_truth
4054	35968939:68:SNP:C>A	1	representative_allele_is_somatic_truth
4058	35977773:181:SNP:G>A	1	representative_allele_is_somatic_truth
4062	35980776:187:SNP:G>T	1	representative_allele_is_somatic_truth
4063	35982873:82:SNP:G>A	1	representative_allele_is_somatic_truth
4067	35989866:29:SNP:A>G	1	representative_allele_is_somatic_truth
4068	35991382:151:SNP:A>G	1	representative_allele_is_somatic_truth
4070	35995288:16:SNP:G>C	1	representative_allele_is_somatic_truth
4071	35998146:1:SNP:A>G	1	representative_allele_is_somatic_truth
4073	35998972:27:SNP:G>A	1	representative_allele_is_somatic_truth
4075	36005421:300:SNP:C>A	1	representative_allele_is_somatic_truth
4077	36007086:125:SNP:G>A	1	representative_allele_is_somatic_truth
4078	36007772:0:SNP:A>G	1	representative_allele_is_somatic_truth
4080	36012363:168:SNP:G>A	1	representative_allele_is_somatic_truth
4088	36028772:12:SNP:C>A	1	representative_allele_is_somatic_truth
4090	36033866:87:SNP:C>T	1	representative_allele_is_somatic_truth
4094	36041888:27:SNP:A>T	1	representative_allele_is_somatic_truth
4095	36041888:28:SNP:G>T	1	representative_allele_is_somatic_truth
4096	36041924:89:SNP:C>T	1	representative_allele_is_somatic_truth
4097	36042023:43:SNP:C>A	1	representative_allele_is_somatic_truth
4098	36043347:6:SNP:G>A	1	representative_allele_is_somatic_truth
4100	36045016:157:SNP:G>A	1	representative_allele_is_somatic_truth
4103	36048125:19:SNP:G>T	1	representative_allele_is_somatic_truth
4109	36054148:47:SNP:G>C	1	representative_allele_is_somatic_truth
4113	36069928:0:SNP:A>T	1	representative_allele_is_somatic_truth
4114	36070856:39:SNP:C>G	1	representative_allele_is_somatic_truth
4115	36074921:206:SNP:C>T	1	representative_allele_is_somatic_truth
4117	36087022:162:SNP:C>G	1	representative_allele_is_somatic_truth
4119	36087690:101:SNP:G>A	1	representative_allele_is_somatic_truth
4120	36088258:186:SNP:A>G	1	representative_allele_is_somatic_truth
4125	36106778:57:SNP:A>G	1	representative_allele_is_somatic_truth
4134	36115361:126:SNP:G>T	1	representative_allele_is_somatic_truth
4135	36123259:443:SNP:C>A	1	representative_allele_is_somatic_truth
4136	36134988:247:SNP:C>T	1	representative_allele_is_somatic_truth
4137	36135591:113:SNP:T>G	1	representative_allele_is_somatic_truth
4141	36147994:20:SNP:C>A	1	representative_allele_is_somatic_truth
4146	36160793:19:SNP:C>A	1	representative_allele_is_somatic_truth
4147	36162956:23:SNP:A>T	1	representative_allele_is_somatic_truth
4148	36163406:256:SNP:T>C	1	representative_allele_is_somatic_truth
4152	36174244:104:SNP:T>A	1	representative_allele_is_somatic_truth
4153	36174398:299:SNP:G>A	1	representative_allele_is_somatic_truth
4161	36189690:0:SNP:C>A	1	representative_allele_is_somatic_truth
4162	36192077:169:SNP:G>C	1	representative_allele_is_somatic_truth
4163	36192604:46:SNP:C>G	1	representative_allele_is_somatic_truth
4164	36192604:88:SNP:C>G	1	representative_allele_is_somatic_truth
4165	36192613:24:SNP:C>G	1	representative_allele_is_somatic_truth
4166	36193120:131:SNP:G>T	1	representative_allele_is_somatic_truth
4171	36207747:137:SNP:A>T	1	representative_allele_is_somatic_truth
4178	36225724:342:SNP:A>T	1	representative_allele_is_somatic_truth
4180	36230642:100:SNP:C>G	1	representative_allele_is_somatic_truth
4181	36231687:147:SNP:G>A	1	representative_allele_is_somatic_truth
4182	36232406:84:SNP:G>T	1	representative_allele_is_somatic_truth
4183	36233855:0:SNP:C>T	1	representative_allele_is_somatic_truth
4187	36244774:45:SNP:G>C	1	representative_allele_is_somatic_truth
4190	36246036:25:SNP:G>A	1	representative_allele_is_somatic_truth
4191	36253557:482:SNP:T>C	1	representative_allele_is_somatic_truth
4193	36255632:824:SNP:G>T	1	representative_allele_is_somatic_truth
4196	36260067:10:SNP:G>A	1	representative_allele_is_somatic_truth
4200	36265221:69:SNP:C>G	1	representative_allele_is_somatic_truth
4201	36273262:73:SNP:G>A	1	representative_allele_is_somatic_truth
4202	36275166:24:SNP:C>T	1	representative_allele_is_somatic_truth
4204	36275952:10:SNP:T>C	1	representative_allele_is_somatic_truth
4205	36279866:3:SNP:C>T	1	representative_allele_is_somatic_truth
4207	36281897:31:SNP:C>T	1	representative_allele_is_somatic_truth
4210	36290448:3:SNP:A>G	1	representative_allele_is_somatic_truth
4211	36291729:36:SNP:G>C	1	representative_allele_is_somatic_truth
4212	36293880:93:SNP:T>A	1	representative_allele_is_somatic_truth
4213	36295290:86:SNP:A>C	1	representative_allele_is_somatic_truth
4219	36302823:218:SNP:A>G	1	representative_allele_is_somatic_truth
4221	36308477:30:SNP:C>A	1	representative_allele_is_somatic_truth
4222	36309868:159:SNP:C>T	1	representative_allele_is_somatic_truth
4223	36311243:544:SNP:G>C	1	representative_allele_is_somatic_truth
4225	36313052:152:SNP:T>G	1	representative_allele_is_somatic_truth
4229	36318224:27:SNP:G>A	1	representative_allele_is_somatic_truth
4231	36318680:9:SNP:C>T	1	representative_allele_is_somatic_truth
4233	36323603:23:SNP:T>C	1	representative_allele_is_somatic_truth
4234	36323666:134:SNP:T>G	1	representative_allele_is_somatic_truth
4236	36328410:67:SNP:G>A	1	representative_allele_is_somatic_truth
4240	36333561:295:SNP:G>T	1	representative_allele_is_somatic_truth
4241	36334657:151:SNP:G>C	1	representative_allele_is_somatic_truth
4243	36336579:53:SNP:G>A	1	representative_allele_is_somatic_truth
4244	36336683:25:SNP:C>A	1	representative_allele_is_somatic_truth
4245	36336788:52:SNP:G>T	1	representative_allele_is_somatic_truth
4256	36345893:0:SNP:A>G	1	representative_allele_is_somatic_truth
4260	36355277:116:SNP:A>G	1	representative_allele_is_somatic_truth
4261	36355808:14:SNP:G>C	1	representative_allele_is_somatic_truth
4264	36359530:224:SNP:T>G	1	representative_allele_is_somatic_truth
4266	36360612:475:SNP:A>T	1	representative_allele_is_somatic_truth
4269	36362897:715:SNP:T>G	1	representative_allele_is_somatic_truth
4270	36362897:716:SNP:G>T	1	representative_allele_is_somatic_truth
4271	36363916:401:SNP:G>A	1	representative_allele_is_somatic_truth
4272	36364292:234:SNP:T>A	1	representative_allele_is_somatic_truth
4274	36366394:395:SNP:C>T	1	representative_allele_is_somatic_truth
4275	36366670:71:SNP:C>G	1	representative_allele_is_somatic_truth
4276	36366670:141:SNP:C>G	1	representative_allele_is_somatic_truth
4277	36366670:242:SNP:C>T	1	representative_allele_is_somatic_truth
4278	36366672:132:SNP:C>T	1	representative_allele_is_somatic_truth
4279	36366672:171:SNP:C>T	1	representative_allele_is_somatic_truth
4280	36366672:293:SNP:C>T	1	representative_allele_is_somatic_truth
4281	36366672:410:SNP:C>T	1	representative_allele_is_somatic_truth
4282	36366674:104:SNP:C>T	1	representative_allele_is_somatic_truth
4283	36366674:108:SNP:C>T	1	representative_allele_is_somatic_truth
4284	36366674:217:SNP:C>T	1	representative_allele_is_somatic_truth
4287	36367621:27:SNP:T>C	1	representative_allele_is_somatic_truth
4288	36368747:165:SNP:G>T	1	representative_allele_is_somatic_truth
4292	36369970:13:SNP:G>A	1	representative_allele_is_somatic_truth
4293	36371058:27:SNP:G>A	1	representative_allele_is_somatic_truth
4294	36372055:108:SNP:G>A	1	representative_allele_is_somatic_truth
4295	36373843:487:SNP:C>T	1	representative_allele_is_somatic_truth
4300	36384405:5:SNP:T>G	1	representative_allele_is_somatic_truth
4301	36387792:173:SNP:A>G	1	representative_allele_is_somatic_truth
4302	36390170:222:SNP:G>T	1	representative_allele_is_somatic_truth
4303	36392741:615:SNP:T>A	1	representative_allele_is_somatic_truth
4304	36392744:19:SNP:G>A	1	representative_allele_is_somatic_truth
4310	36400500:251:SNP:G>T	1	representative_allele_is_somatic_truth
4311	36400678:200:SNP:C>T	1	representative_allele_is_somatic_truth
4312	36402500:27:SNP:G>A	1	representative_allele_is_somatic_truth
4314	36404005:3:SNP:A>T	1	representative_allele_is_somatic_truth
4316	36417777:73:SNP:G>T	1	representative_allele_is_somatic_truth
4317	36417829:211:SNP:A>T	1	representative_allele_is_somatic_truth
4318	36419041:138:SNP:G>A	1	representative_allele_is_somatic_truth
4324	36438228:112:SNP:G>A	1	representative_allele_is_somatic_truth
4327	36459676:149:SNP:C>G	1	representative_allele_is_somatic_truth
4328	36463134:102:SNP:C>T	1	representative_allele_is_somatic_truth
4330	36469642:5:SNP:C>G	1	representative_allele_is_somatic_truth
4336	36481722:61:SNP:C>T	1	representative_allele_is_somatic_truth
4338	36487018:162:SNP:G>C	1	representative_allele_is_somatic_truth
4339	36489950:44:SNP:G>A	1	representative_allele_is_somatic_truth
4341	36493835:44:SNP:G>A	1	representative_allele_is_somatic_truth
4342	36501939:70:SNP:A>T	1	representative_allele_is_somatic_truth
4343	36503423:0:SNP:G>A	1	representative_allele_is_somatic_truth
4344	36503971:53:SNP:G>A	1	representative_allele_is_somatic_truth
4346	36505330:52:SNP:A>T	1	representative_allele_is_somatic_truth
4347	36505959:13:SNP:G>T	1	representative_allele_is_somatic_truth
4348	36506204:18:SNP:C>T	1	representative_allele_is_somatic_truth
4350	36506648:97:SNP:C>T	1	representative_allele_is_somatic_truth
4351	36512830:92:SNP:T>A	1	representative_allele_is_somatic_truth
4352	36513789:55:SNP:G>A	1	representative_allele_is_somatic_truth
4358	36524693:91:SNP:G>C	1	representative_allele_is_somatic_truth
4359	36525877:80:SNP:A>C	1	representative_allele_is_somatic_truth
4362	36527797:636:SNP:G>A	1	representative_allele_is_somatic_truth
4365	36530205:14:SNP:T>G	1	representative_allele_is_somatic_truth
4369	36537908:111:SNP:G>T	1	representative_allele_is_somatic_truth
4373	36543406:69:SNP:T>A	1	representative_allele_is_somatic_truth
4374	36545664:21:SNP:G>A	1	representative_allele_is_somatic_truth
4376	36547837:36:SNP:C>T	1	representative_allele_is_somatic_truth
4379	36554813:90:SNP:G>T	1	representative_allele_is_somatic_truth
4381	36564678:60:SNP:G>A	1	representative_allele_is_somatic_truth
4384	36567698:0:SNP:T>A	1	representative_allele_is_somatic_truth
4387	36572964:49:SNP:C>T	1	representative_allele_is_somatic_truth
4388	36576687:328:SNP:A>G	1	representative_allele_is_somatic_truth
4389	36582839:0:SNP:A>G	1	representative_allele_is_somatic_truth
4390	36583492:162:SNP:G>T	1	representative_allele_is_somatic_truth
4391	36587347:159:SNP:G>A	1	representative_allele_is_somatic_truth
4395	36591576:23:SNP:T>C	1	representative_allele_is_somatic_truth
4396	36594080:295:SNP:G>T	1	representative_allele_is_somatic_truth
4397	36595682:193:SNP:C>T	1	representative_allele_is_somatic_truth
4399	36598323:2:SNP:G>A	1	representative_allele_is_somatic_truth
4400	36598882:246:SNP:G>T	1	representative_allele_is_somatic_truth
4402	36601827:325:SNP:C>T	1	representative_allele_is_somatic_truth
4403	36606693:100:SNP:G>T	1	representative_allele_is_somatic_truth
4405	36618156:0:SNP:C>A	1	representative_allele_is_somatic_truth
4407	36622496:48:SNP:C>T	1	representative_allele_is_somatic_truth
4409	36623724:0:SNP:C>A	1	representative_allele_is_somatic_truth
4411	36625838:289:SNP:T>G	1	representative_allele_is_somatic_truth
4413	36629824:267:SNP:G>A	1	representative_allele_is_somatic_truth
4414	36629870:431:SNP:C>G	1	representative_allele_is_somatic_truth
4417	36631893:36:SNP:G>A	1	representative_allele_is_somatic_truth
4420	36638327:61:SNP:C>A	1	representative_allele_is_somatic_truth
4421	36639995:59:SNP:C>A	1	representative_allele_is_somatic_truth
4422	36640156:77:SNP:A>T	1	representative_allele_is_somatic_truth
4423	36640618:0:SNP:C>T	1	representative_allele_is_somatic_truth
4424	36643561:27:SNP:C>G	1	representative_allele_is_somatic_truth
4425	36648282:386:SNP:C>T	1	representative_allele_is_somatic_truth
4428	36651387:44:SNP:A>G	1	representative_allele_is_somatic_truth
4429	36651526:3:SNP:G>T	1	representative_allele_is_somatic_truth
4435	36667555:0:SNP:C>T	1	representative_allele_is_somatic_truth
4436	36670776:159:SNP:G>A	1	representative_allele_is_somatic_truth
4438	36673524:35:SNP:G>A	1	representative_allele_is_somatic_truth
4439	36673524:39:SNP:T>C	1	representative_allele_is_somatic_truth
4440	36676792:52:SNP:A>G	1	representative_allele_is_somatic_truth
4442	36685820:85:SNP:C>A	1	representative_allele_is_somatic_truth
4447	36709627:6:SNP:G>A	1	representative_allele_is_somatic_truth
4448	36712050:80:SNP:C>G	1	representative_allele_is_somatic_truth
4449	36719376:95:SNP:G>A	1	representative_allele_is_somatic_truth
4450	36719807:61:SNP:G>A	1	representative_allele_is_somatic_truth
4451	36727166:114:SNP:G>T	1	representative_allele_is_somatic_truth
4455	36735528:91:SNP:G>A	1	representative_allele_is_somatic_truth
4456	36735877:28:SNP:G>A	1	representative_allele_is_somatic_truth
4458	36745523:80:SNP:A>T	1	representative_allele_is_somatic_truth
4460	36749390:349:SNP:T>C	1	representative_allele_is_somatic_truth
4464	36762087:7:SNP:G>A	1	representative_allele_is_somatic_truth
4467	36779843:7:SNP:C>A	1	representative_allele_is_somatic_truth
4474	36798875:157:SNP:G>A	1	representative_allele_is_somatic_truth
4475	36806405:50:SNP:C>T	1	representative_allele_is_somatic_truth
4476	36812719:193:SNP:G>A	1	representative_allele_is_somatic_truth
4477	36819140:611:SNP:A>T	1	representative_allele_is_somatic_truth
4478	36819801:22:SNP:G>A	1	representative_allele_is_somatic_truth
4480	36827258:4:SNP:A>G	1	representative_allele_is_somatic_truth
4481	36846161:330:SNP:G>A	1	representative_allele_is_somatic_truth
4482	36847352:136:SNP:A>T	1	representative_allele_is_somatic_truth
4483	36847771:55:SNP:G>A	1	representative_allele_is_somatic_truth
4484	36858912:92:SNP:C>G	1	representative_allele_is_somatic_truth
4487	36882172:88:SNP:G>T	1	representative_allele_is_somatic_truth
4493	36910595:288:SNP:T>C	1	representative_allele_is_somatic_truth
4494	36912180:36:SNP:C>T	1	representative_allele_is_somatic_truth
4495	36912854:58:SNP:T>C	1	representative_allele_is_somatic_truth
4496	36922504:26:SNP:A>G	1	representative_allele_is_somatic_truth
4499	36923798:45:SNP:G>A	1	representative_allele_is_somatic_truth
4501	36929880:4:SNP:G>A	1	representative_allele_is_somatic_truth
4502	36930061:247:SNP:C>T	1	representative_allele_is_somatic_truth
4503	36930128:0:SNP:T>A	1	representative_allele_is_somatic_truth
4504	36930140:187:SNP:A>G	1	representative_allele_is_somatic_truth
4505	36930809:0:SNP:C>T	1	representative_allele_is_somatic_truth
4506	36931114:38:SNP:C>A	1	representative_allele_is_somatic_truth
4507	36948363:42:SNP:T>C	1	representative_allele_is_somatic_truth
3475	37002584:27:SNP:G>T	1	representative_allele_is_somatic_truth
4511	37010287:579:SNP:G>A	1	representative_allele_is_somatic_truth
4512	37020704:4:SNP:A>T	1	representative_allele_is_somatic_truth
4516	37043651:61:SNP:C>T	1	representative_allele_is_somatic_truth
4517	37045012:13:SNP:G>A	1	representative_allele_is_somatic_truth
4520	37056328:38:SNP:G>A	1	representative_allele_is_somatic_truth
4521	37059483:97:SNP:C>T	1	representative_allele_is_somatic_truth
4523	37062386:75:SNP:C>T	1	representative_allele_is_somatic_truth
4524	37062961:282:SNP:C>T	1	representative_allele_is_somatic_truth
3687	37083302:30:SNP:G>T	1	representative_allele_is_somatic_truth
3688	37087467:134:SNP:C>T	1	representative_allele_is_somatic_truth
3690	37091827:39:SNP:G>C	1	representative_allele_is_somatic_truth
3693	37099161:5:SNP:G>A	1	representative_allele_is_somatic_truth
3695	37100606:259:SNP:A>T	1	representative_allele_is_somatic_truth
3698	37104048:58:SNP:C>T	1	representative_allele_is_somatic_truth
3700	37107590:53:SNP:A>T	1	representative_allele_is_somatic_truth
3702	37109293:74:SNP:A>T	1	representative_allele_is_somatic_truth
3703	37110311:161:SNP:C>T	1	representative_allele_is_somatic_truth
3704	37110311:181:SNP:C>G	1	representative_allele_is_somatic_truth
3705	37110311:187:SNP:C>T	1	representative_allele_is_somatic_truth
3706	37110311:233:SNP:C>G	1	representative_allele_is_somatic_truth
3707	37110311:245:SNP:C>T	1	representative_allele_is_somatic_truth
3708	37110311:313:SNP:C>T	1	representative_allele_is_somatic_truth
3709	37110317:158:SNP:C>T	1	representative_allele_is_somatic_truth
3710	37110317:339:SNP:C>T	1	representative_allele_is_somatic_truth
3711	37110320:30:SNP:C>G	1	representative_allele_is_somatic_truth
3712	37110320:45:SNP:C>T	1	representative_allele_is_somatic_truth
3713	37110320:56:SNP:C>T	1	representative_allele_is_somatic_truth
3714	37110322:41:SNP:C>T	1	representative_allele_is_somatic_truth
3715	37110386:57:SNP:A>C	1	representative_allele_is_somatic_truth
3718	37112921:66:SNP:G>T	1	representative_allele_is_somatic_truth
3719	37113766:170:SNP:C>T	1	representative_allele_is_somatic_truth
3720	37113821:0:SNP:T>G	1	representative_allele_is_somatic_truth
3723	37117025:380:SNP:G>C	1	representative_allele_is_somatic_truth
3724	37120672:455:SNP:G>A	1	representative_allele_is_somatic_truth
3727	37146706:281:SNP:A>T	1	representative_allele_is_somatic_truth
3729	37147137:138:SNP:C>A	1	representative_allele_is_somatic_truth
3730	37147137:163:SNP:C>G	1	representative_allele_is_somatic_truth
3731	37147243:184:SNP:G>T	1	representative_allele_is_somatic_truth
3732	37147253:30:SNP:A>C	1	representative_allele_is_somatic_truth
3733	37147283:87:SNP:A>G	1	representative_allele_is_somatic_truth
3734	37147293:193:SNP:G>A	1	representative_allele_is_somatic_truth
3735	37147295:2:SNP:G>A	1	representative_allele_is_somatic_truth
3737	37156531:103:SNP:C>T	1	representative_allele_is_somatic_truth
3666	37161599:85:SNP:C>T	1	representative_allele_is_somatic_truth
3667	37162775:261:SNP:G>T	1	representative_allele_is_somatic_truth
3668	37162904:275:SNP:T>A	1	representative_allele_is_somatic_truth
3670	37164187:266:SNP:T>C	1	representative_allele_is_somatic_truth
3671	37165683:797:SNP:G>C	1	representative_allele_is_somatic_truth
3672	37167249:10:SNP:A>C	1	representative_allele_is_somatic_truth
3676	37173445:263:SNP:C>G	1	representative_allele_is_somatic_truth
3678	37174697:56:SNP:C>T	1	representative_allele_is_somatic_truth
3679	37175251:359:SNP:G>T	1	representative_allele_is_somatic_truth
3681	37176835:210:SNP:A>G	1	representative_allele_is_somatic_truth
3685	37182696:88:SNP:A>T	1	representative_allele_is_somatic_truth
3686	37184852:43:SNP:G>T	1	representative_allele_is_somatic_truth
3634	37191902:128:SNP:G>A	1	representative_allele_is_somatic_truth
3635	37191920:115:SNP:G>T	1	representative_allele_is_somatic_truth
3636	37193184:108:SNP:T>A	1	representative_allele_is_somatic_truth
3637	37194416:152:SNP:A>T	1	representative_allele_is_somatic_truth
3638	37195401:36:SNP:C>G	1	representative_allele_is_somatic_truth
3642	37207929:101:SNP:G>A	1	representative_allele_is_somatic_truth
3644	37208933:229:SNP:G>T	1	representative_allele_is_somatic_truth
3647	37214601:43:SNP:G>A	1	representative_allele_is_somatic_truth
3649	37215812:61:SNP:C>T	1	representative_allele_is_somatic_truth
3652	37223954:2:SNP:G>T	1	representative_allele_is_somatic_truth
3657	37230891:33:SNP:A>T	1	representative_allele_is_somatic_truth
3661	37232299:55:SNP:G>T	1	representative_allele_is_somatic_truth
3663	37232487:22:SNP:G>C	1	representative_allele_is_somatic_truth
3664	37234848:23:SNP:C>T	1	representative_allele_is_somatic_truth
3665	37243971:0:SNP:T>G	1	representative_allele_is_somatic_truth
3977	37248947:267:SNP:G>A	1	representative_allele_is_somatic_truth
15859	37283716:10:SNP:C>G	1	representative_allele_is_somatic_truth
15860	37364808:1:SNP:C>G	1	representative_allele_is_somatic_truth
15863	37387626:108:SNP:G>T	1	representative_allele_is_somatic_truth
15865	37406258:0:SNP:G>A	1	representative_allele_is_somatic_truth
15871	37433340:8:SNP:T>A	1	representative_allele_is_somatic_truth
15872	37434071:709:SNP:G>T	1	representative_allele_is_somatic_truth
15875	37454851:205:SNP:G>T	1	representative_allele_is_somatic_truth
15876	37455408:148:SNP:T>C	1	representative_allele_is_somatic_truth
15877	37461541:28:SNP:G>T	1	representative_allele_is_somatic_truth
15878	37466249:197:SNP:G>A	1	representative_allele_is_somatic_truth
15879	37469383:29:SNP:G>A	1	representative_allele_is_somatic_truth
15880	37472687:656:SNP:C>T	1	representative_allele_is_somatic_truth
15881	37476764:265:SNP:T>A	1	representative_allele_is_somatic_truth
15883	37487716:38:SNP:G>T	1	representative_allele_is_somatic_truth
15884	37490803:149:SNP:G>C	1	representative_allele_is_somatic_truth
15886	37491704:226:SNP:C>A	1	representative_allele_is_somatic_truth
15887	37500144:341:SNP:C>G	1	representative_allele_is_somatic_truth
15891	37518379:122:SNP:G>T	1	representative_allele_is_somatic_truth
15892	37523080:18:SNP:G>T	1	representative_allele_is_somatic_truth
15894	37524942:333:SNP:G>T	1	representative_allele_is_somatic_truth
15895	37532425:36:SNP:T>G	1	representative_allele_is_somatic_truth
15896	37532425:37:SNP:G>T	1	representative_allele_is_somatic_truth
15899	37537775:273:SNP:C>T	1	representative_allele_is_somatic_truth
15906	37563403:66:SNP:A>G	1	representative_allele_is_somatic_truth
15907	37566909:85:SNP:G>A	1	representative_allele_is_somatic_truth
15908	37572817:27:SNP:G>A	1	representative_allele_is_somatic_truth
15909	37577197:90:SNP:G>T	1	representative_allele_is_somatic_truth
15913	37599957:294:SNP:G>C	1	representative_allele_is_somatic_truth
15914	37601304:256:SNP:G>A	1	representative_allele_is_somatic_truth
15917	37616028:14:SNP:C>T	1	representative_allele_is_somatic_truth
15918	37616232:0:SNP:G>A	1	representative_allele_is_somatic_truth
15920	37625688:3:SNP:G>A	1	representative_allele_is_somatic_truth
15921	37626016:0:SNP:A>T	1	representative_allele_is_somatic_truth
15924	37639151:34:SNP:T>A	1	representative_allele_is_somatic_truth
15927	37645036:94:SNP:T>A	1	representative_allele_is_somatic_truth
15928	37648611:385:SNP:A>T	1	representative_allele_is_somatic_truth
15929	37653161:237:SNP:T>C	1	representative_allele_is_somatic_truth
15934	37679746:59:SNP:G>A	1	representative_allele_is_somatic_truth
15935	37702742:47:SNP:C>G	1	representative_allele_is_somatic_truth
15937	37717751:0:SNP:T>C	1	representative_allele_is_somatic_truth
15938	37718514:358:SNP:G>A	1	representative_allele_is_somatic_truth
15941	37724080:76:SNP:C>G	1	representative_allele_is_somatic_truth
15942	37725308:138:SNP:T>C	1	representative_allele_is_somatic_truth
15946	37747860:54:SNP:G>T	1	representative_allele_is_somatic_truth
15947	37750300:21:SNP:A>G	1	representative_allele_is_somatic_truth
15948	37756889:0:SNP:C>T	1	representative_allele_is_somatic_truth
15952	37762910:0:SNP:C>A	1	representative_allele_is_somatic_truth
15956	37771320:22:SNP:C>A	1	representative_allele_is_somatic_truth
15959	37783530:59:SNP:C>T	1	representative_allele_is_somatic_truth
15961	37787629:35:SNP:G>A	1	representative_allele_is_somatic_truth
15962	37790352:39:SNP:G>A	1	representative_allele_is_somatic_truth
15964	37798140:64:SNP:T>G	1	representative_allele_is_somatic_truth
15969	37819190:241:SNP:G>C	1	representative_allele_is_somatic_truth
15970	37834141:350:SNP:C>T	1	representative_allele_is_somatic_truth
15973	37844989:6:SNP:C>A	1	representative_allele_is_somatic_truth
15974	37845075:22:SNP:T>G	1	representative_allele_is_somatic_truth
15978	37861191:10:SNP:G>A	1	representative_allele_is_somatic_truth
15979	37864422:57:SNP:A>C	1	representative_allele_is_somatic_truth
15981	37867320:164:SNP:A>C	1	representative_allele_is_somatic_truth
15984	37868381:426:SNP:C>T	1	representative_allele_is_somatic_truth
15987	37874154:64:SNP:C>G	1	representative_allele_is_somatic_truth
15991	37880222:97:SNP:G>A	1	representative_allele_is_somatic_truth
15993	37892123:41:SNP:T>A	1	representative_allele_is_somatic_truth
15994	37893687:194:SNP:G>T	1	representative_allele_is_somatic_truth
15996	37901956:337:SNP:C>A	1	representative_allele_is_somatic_truth
15998	37910165:147:SNP:T>C	1	representative_allele_is_somatic_truth
15999	37918583:52:SNP:G>T	1	representative_allele_is_somatic_truth
16000	37929426:0:SNP:A>C	1	representative_allele_is_somatic_truth
16002	37939254:135:SNP:G>A	1	representative_allele_is_somatic_truth
16003	37941486:41:SNP:C>T	1	representative_allele_is_somatic_truth
16004	37942785:62:SNP:G>A	1	representative_allele_is_somatic_truth
16005	37946250:107:SNP:G>T	1	representative_allele_is_somatic_truth
16006	37946250:108:SNP:A>T	1	representative_allele_is_somatic_truth
16007	37947941:2:SNP:A>T	1	representative_allele_is_somatic_truth
16009	37952334:249:SNP:A>T	1	representative_allele_is_somatic_truth
16010	37953327:18:SNP:G>A	1	representative_allele_is_somatic_truth
16011	37965675:135:SNP:C>G	1	representative_allele_is_somatic_truth
16012	37966079:75:SNP:T>A	1	representative_allele_is_somatic_truth
16013	37971665:216:SNP:C>T	1	representative_allele_is_somatic_truth
16014	37971665:217:SNP:T>G	1	representative_allele_is_somatic_truth
16015	37985457:17:SNP:G>C	1	representative_allele_is_somatic_truth
16019	38000989:0:SNP:T>G	1	representative_allele_is_somatic_truth
16020	38005721:154:SNP:T>C	1	representative_allele_is_somatic_truth
16025	38053292:30:SNP:C>G	1	representative_allele_is_somatic_truth
16026	38058735:86:SNP:T>A	1	representative_allele_is_somatic_truth
16027	38067678:6:SNP:A>C	1	representative_allele_is_somatic_truth
16028	38068503:145:SNP:C>T	1	representative_allele_is_somatic_truth
16034	38076880:1:SNP:G>A	1	representative_allele_is_somatic_truth
16035	38080724:61:SNP:T>C	1	representative_allele_is_somatic_truth
16037	38094653:36:SNP:T>A	1	representative_allele_is_somatic_truth
16038	38096865:271:SNP:C>A	1	representative_allele_is_somatic_truth
16040	38104549:34:SNP:A>C	1	representative_allele_is_somatic_truth
16044	38122260:24:SNP:C>T	1	representative_allele_is_somatic_truth
16045	38125066:0:SNP:T>C	1	representative_allele_is_somatic_truth
16052	38137006:99:SNP:A>G	1	representative_allele_is_somatic_truth
16054	38141173:27:SNP:G>A	1	representative_allele_is_somatic_truth
16056	38143234:130:SNP:A>T	1	representative_allele_is_somatic_truth
16057	38144486:0:SNP:G>T	1	representative_allele_is_somatic_truth
16058	38151165:210:SNP:A>T	1	representative_allele_is_somatic_truth
16109	38217509:137:SNP:G>A	1	representative_allele_is_somatic_truth
16111	38224476:63:SNP:G>T	1	representative_allele_is_somatic_truth
16114	38238838:0:SNP:G>A	1	representative_allele_is_somatic_truth
16119	38260820:112:SNP:T>A	1	representative_allele_is_somatic_truth
16120	38266006:132:SNP:G>A	1	representative_allele_is_somatic_truth
16124	38280495:107:SNP:T>G	1	representative_allele_is_somatic_truth
16125	38290415:71:SNP:A>T	1	representative_allele_is_somatic_truth
16127	38297390:85:SNP:G>A	1	representative_allele_is_somatic_truth
16128	38306603:60:SNP:T>A	1	representative_allele_is_somatic_truth
16129	38310090:26:SNP:G>C	1	representative_allele_is_somatic_truth
16132	38324305:66:SNP:C>A	1	representative_allele_is_somatic_truth
16135	38344405:313:SNP:G>A	1	representative_allele_is_somatic_truth
16138	38348931:176:SNP:A>T	1	representative_allele_is_somatic_truth
16140	38366921:19:SNP:G>A	1	representative_allele_is_somatic_truth
16142	38382929:19:SNP:C>T	1	representative_allele_is_somatic_truth
16144	38390340:60:SNP:C>T	1	representative_allele_is_somatic_truth
16145	38399352:29:SNP:A>G	1	representative_allele_is_somatic_truth
16146	38404366:47:SNP:G>T	1	representative_allele_is_somatic_truth
16148	38425033:71:SNP:C>T	1	representative_allele_is_somatic_truth
16149	38432572:155:SNP:G>C	1	representative_allele_is_somatic_truth
16150	38440546:14:SNP:G>A	1	representative_allele_is_somatic_truth
16152	38441413:14:SNP:C>T	1	representative_allele_is_somatic_truth
16153	38442202:120:SNP:G>C	1	representative_allele_is_somatic_truth
16155	38450931:46:SNP:G>T	1	representative_allele_is_somatic_truth
16157	38468315:130:SNP:T>A	1	representative_allele_is_somatic_truth
16158	38469073:237:SNP:G>A	1	representative_allele_is_somatic_truth
16159	38471484:220:SNP:C>G	1	representative_allele_is_somatic_truth
16161	38479302:150:SNP:G>A	1	representative_allele_is_somatic_truth
16164	38494899:173:SNP:G>A	1	representative_allele_is_somatic_truth
16165	38500833:399:SNP:A>G	1	representative_allele_is_somatic_truth
16166	38503189:118:SNP:C>T	1	representative_allele_is_somatic_truth
16167	38504529:29:SNP:G>C	1	representative_allele_is_somatic_truth
16168	38514562:26:SNP:C>T	1	representative_allele_is_somatic_truth
16179	38577395:248:SNP:C>G	1	representative_allele_is_somatic_truth
16180	38578939:91:SNP:A>T	1	representative_allele_is_somatic_truth
16182	38589967:11:SNP:C>T	1	representative_allele_is_somatic_truth
16183	38595575:35:SNP:C>G	1	representative_allele_is_somatic_truth
16185	38607705:326:SNP:C>T	1	representative_allele_is_somatic_truth
16187	38631444:109:SNP:G>T	1	representative_allele_is_somatic_truth
16190	38647848:217:SNP:G>A	1	representative_allele_is_somatic_truth
16192	38668925:209:SNP:A>T	1	representative_allele_is_somatic_truth
16200	38700353:223:SNP:G>C	1	representative_allele_is_somatic_truth
16202	38713662:16:SNP:C>G	1	representative_allele_is_somatic_truth
16203	38713889:156:SNP:C>G	1	representative_allele_is_somatic_truth
16206	38734600:23:SNP:C>T	1	representative_allele_is_somatic_truth
16210	38765327:24:SNP:C>G	1	representative_allele_is_somatic_truth
16211	38767856:202:SNP:T>A	1	representative_allele_is_somatic_truth
16212	38772035:93:SNP:G>A	1	representative_allele_is_somatic_truth
16221	38781941:226:SNP:G>T	1	representative_allele_is_somatic_truth
16222	38786071:50:SNP:C>A	1	representative_allele_is_somatic_truth
16223	38788367:112:SNP:G>A	1	representative_allele_is_somatic_truth
16225	38793985:146:SNP:C>T	1	representative_allele_is_somatic_truth
16226	38801965:35:SNP:G>T	1	representative_allele_is_somatic_truth
16227	38802722:169:SNP:G>A	1	representative_allele_is_somatic_truth
16228	38802781:264:SNP:C>T	1	representative_allele_is_somatic_truth
16232	38829967:84:SNP:T>C	1	representative_allele_is_somatic_truth
16237	38839760:147:SNP:C>A	1	representative_allele_is_somatic_truth
16238	38843423:21:SNP:G>A	1	representative_allele_is_somatic_truth
16239	38844778:157:SNP:G>C	1	representative_allele_is_somatic_truth
16240	38849393:494:SNP:G>A	1	representative_allele_is_somatic_truth
16242	38877682:61:SNP:C>T	1	representative_allele_is_somatic_truth
16244	38882238:27:SNP:T>C	1	representative_allele_is_somatic_truth
16246	38887720:142:SNP:A>T	1	representative_allele_is_somatic_truth
16250	38910009:125:SNP:C>T	1	representative_allele_is_somatic_truth
16252	38918527:286:SNP:G>T	1	representative_allele_is_somatic_truth
16254	38923720:99:SNP:G>T	1	representative_allele_is_somatic_truth
16260	38957450:378:SNP:C>G	1	representative_allele_is_somatic_truth
16261	38968787:57:SNP:G>A	1	representative_allele_is_somatic_truth
16263	38988822:1:SNP:C>T	1	representative_allele_is_somatic_truth
16266	38998323:129:SNP:C>A	1	representative_allele_is_somatic_truth
16267	38998323:130:SNP:C>A	1	representative_allele_is_somatic_truth
16270	39015020:12:SNP:C>T	1	representative_allele_is_somatic_truth
16271	39023763:377:SNP:G>A	1	representative_allele_is_somatic_truth
16276	39042674:12:SNP:G>A	1	representative_allele_is_somatic_truth
16277	39044977:283:SNP:G>A	1	representative_allele_is_somatic_truth
16278	39045083:28:SNP:C>G	1	representative_allele_is_somatic_truth
16279	39046834:0:SNP:T>C	1	representative_allele_is_somatic_truth
16281	39051534:197:SNP:A>G	1	representative_allele_is_somatic_truth
16286	39087397:110:SNP:C>T	1	representative_allele_is_somatic_truth
16292	39112856:21:SNP:C>T	1	representative_allele_is_somatic_truth
16293	39113497:182:SNP:T>G	1	representative_allele_is_somatic_truth
16301	39141627:38:SNP:G>T	1	representative_allele_is_somatic_truth
16303	39153829:30:SNP:C>T	1	representative_allele_is_somatic_truth
16304	39153854:54:SNP:C>A	1	representative_allele_is_somatic_truth
16306	39155256:119:SNP:T>C	1	representative_allele_is_somatic_truth
16312	39171674:217:SNP:G>T	1	representative_allele_is_somatic_truth
16316	39179530:93:SNP:C>T	1	representative_allele_is_somatic_truth
16322	39201796:164:SNP:G>A	1	representative_allele_is_somatic_truth
16324	39203854:274:SNP:T>A	1	representative_allele_is_somatic_truth
16325	39213918:118:SNP:C>A	1	representative_allele_is_somatic_truth
16326	39213918:120:SNP:A>C	1	representative_allele_is_somatic_truth
16327	39223823:284:SNP:A>G	1	representative_allele_is_somatic_truth
16330	39242993:228:SNP:C>A	1	representative_allele_is_somatic_truth
16332	39246551:463:SNP:T>A	1	representative_allele_is_somatic_truth
16334	39249694:17:SNP:T>C	1	representative_allele_is_somatic_truth
16335	39258788:219:SNP:C>G	1	representative_allele_is_somatic_truth
16337	39259553:108:SNP:T>A	1	representative_allele_is_somatic_truth
16341	39272519:32:SNP:C>T	1	representative_allele_is_somatic_truth
16343	39282983:5:SNP:A>T	1	representative_allele_is_somatic_truth
16345	39301053:10:SNP:C>G	1	representative_allele_is_somatic_truth
16347	39337771:81:SNP:G>T	1	representative_allele_is_somatic_truth
16351	39347384:28:SNP:C>A	1	representative_allele_is_somatic_truth
16353	39353707:122:SNP:T>A	1	representative_allele_is_somatic_truth
16354	39354100:115:SNP:G>C	1	representative_allele_is_somatic_truth
16356	39360448:227:SNP:A>T	1	representative_allele_is_somatic_truth
16357	39364714:95:SNP:G>A	1	representative_allele_is_somatic_truth
16362	39395058:180:SNP:C>T	1	representative_allele_is_somatic_truth
16366	39430628:1:SNP:C>G	1	representative_allele_is_somatic_truth
16367	39431788:599:SNP:C>G	1	representative_allele_is_somatic_truth
16368	39433119:121:SNP:A>C	1	representative_allele_is_somatic_truth
16369	39438061:14:SNP:T>A	1	representative_allele_is_somatic_truth
16370	39452372:44:SNP:C>T	1	representative_allele_is_somatic_truth
16371	39452934:63:SNP:G>T	1	representative_allele_is_somatic_truth
16372	39453808:102:SNP:A>C	1	representative_allele_is_somatic_truth
16373	39458102:54:SNP:G>A	1	representative_allele_is_somatic_truth
16374	39458297:141:SNP:C>T	1	representative_allele_is_somatic_truth
16385	39505180:174:SNP:C>A	1	representative_allele_is_somatic_truth
16386	39505614:93:SNP:C>A	1	representative_allele_is_somatic_truth
16387	39508267:121:SNP:A>G	1	representative_allele_is_somatic_truth
16390	39513311:58:SNP:C>T	1	representative_allele_is_somatic_truth
16500	39523143:383:SNP:C>G	1	representative_allele_is_somatic_truth
16499	39533404:45:SNP:G>C	1	representative_allele_is_somatic_truth
16498	39533406:289:SNP:G>A	1	representative_allele_is_somatic_truth
16496	39550195:30:SNP:T>C	1	representative_allele_is_somatic_truth
16495	39550509:62:SNP:G>A	1	representative_allele_is_somatic_truth
16493	39556054:87:SNP:G>A	1	representative_allele_is_somatic_truth
16489	39570036:167:SNP:C>G	1	representative_allele_is_somatic_truth
16488	39574724:61:SNP:C>A	1	representative_allele_is_somatic_truth
16485	39585868:91:SNP:C>A	1	representative_allele_is_somatic_truth
16484	39595464:67:SNP:T>A	1	representative_allele_is_somatic_truth
16481	39603639:133:SNP:T>A	1	representative_allele_is_somatic_truth
16480	39612193:9:SNP:G>A	1	representative_allele_is_somatic_truth
16479	39615864:353:SNP:C>T	1	representative_allele_is_somatic_truth
16478	39619213:54:SNP:C>A	1	representative_allele_is_somatic_truth
15838	39689084:404:SNP:G>A	1	representative_allele_is_somatic_truth
15840	39717372:114:SNP:C>T	1	representative_allele_is_somatic_truth
15841	39717747:39:SNP:C>T	1	representative_allele_is_somatic_truth
15843	39742149:72:SNP:C>A	1	representative_allele_is_somatic_truth
15844	39742919:154:SNP:G>C	1	representative_allele_is_somatic_truth
15846	39764513:94:SNP:C>T	1	representative_allele_is_somatic_truth
15851	39786372:240:SNP:G>C	1	representative_allele_is_somatic_truth
15852	39786706:251:SNP:G>A	1	representative_allele_is_somatic_truth
15853	39790258:36:SNP:G>T	1	representative_allele_is_somatic_truth
15855	39797564:22:SNP:G>A	1	representative_allele_is_somatic_truth
15858	39822315:389:SNP:A>T	1	representative_allele_is_somatic_truth
16686	39855939:3:SNP:G>A	1	representative_allele_is_somatic_truth
16683	39867683:73:SNP:G>A	1	representative_allele_is_somatic_truth
16680	39871791:53:SNP:G>T	1	representative_allele_is_somatic_truth
16681	39871791:54:SNP:C>T	1	representative_allele_is_somatic_truth
16679	39876298:10:SNP:G>A	1	representative_allele_is_somatic_truth
16678	39883022:99:SNP:C>A	1	representative_allele_is_somatic_truth
16675	39894366:193:SNP:C>T	1	representative_allele_is_somatic_truth
16674	39894534:32:SNP:G>A	1	representative_allele_is_somatic_truth
16673	39895433:176:SNP:C>T	1	representative_allele_is_somatic_truth
16666	39909483:8:SNP:G>T	1	representative_allele_is_somatic_truth
16662	39922540:119:SNP:T>G	1	representative_allele_is_somatic_truth
16661	39923256:48:SNP:T>A	1	representative_allele_is_somatic_truth
16658	39928950:3:SNP:G>A	1	representative_allele_is_somatic_truth
16656	39929880:262:SNP:C>T	1	representative_allele_is_somatic_truth
16654	39931573:16:SNP:T>A	1	representative_allele_is_somatic_truth
16653	39941143:263:SNP:G>T	1	representative_allele_is_somatic_truth
16652	39942558:423:SNP:G>T	1	representative_allele_is_somatic_truth
16650	39950444:43:SNP:G>A	1	representative_allele_is_somatic_truth
16649	39959011:66:SNP:C>T	1	representative_allele_is_somatic_truth
16647	39965982:149:SNP:T>A	1	representative_allele_is_somatic_truth
16646	39967343:238:SNP:G>A	1	representative_allele_is_somatic_truth
16643	39980483:150:SNP:G>T	1	representative_allele_is_somatic_truth
16644	39980483:151:SNP:G>T	1	representative_allele_is_somatic_truth
16641	39984289:261:SNP:A>G	1	representative_allele_is_somatic_truth
16631	40010062:18:SNP:C>T	1	representative_allele_is_somatic_truth
16628	40013645:16:SNP:G>A	1	representative_allele_is_somatic_truth
16626	40017972:14:SNP:A>T	1	representative_allele_is_somatic_truth
16625	40022302:169:SNP:C>G	1	representative_allele_is_somatic_truth
16615	40062585:144:SNP:G>A	1	representative_allele_is_somatic_truth
16613	40078769:124:SNP:G>A	1	representative_allele_is_somatic_truth
16610	40082977:64:SNP:A>G	1	representative_allele_is_somatic_truth
16609	40084688:174:SNP:T>C	1	representative_allele_is_somatic_truth
16607	40087333:0:SNP:T>A	1	representative_allele_is_somatic_truth
16604	40096233:287:SNP:G>A	1	representative_allele_is_somatic_truth
16603	40102588:86:SNP:C>A	1	representative_allele_is_somatic_truth
16602	40105949:10:SNP:C>A	1	representative_allele_is_somatic_truth
16601	40106357:0:SNP:C>T	1	representative_allele_is_somatic_truth
16596	40130604:0:SNP:T>C	1	representative_allele_is_somatic_truth
16595	40131098:101:SNP:C>T	1	representative_allele_is_somatic_truth
16592	40137725:6:SNP:T>C	1	representative_allele_is_somatic_truth
16590	40144114:182:SNP:C>T	1	representative_allele_is_somatic_truth
16575	40210590:54:SNP:A>G	1	representative_allele_is_somatic_truth
16576	40210590:74:SNP:C>G	1	representative_allele_is_somatic_truth
16574	40222287:29:SNP:C>T	1	representative_allele_is_somatic_truth
16570	40256946:125:SNP:A>G	1	representative_allele_is_somatic_truth
16569	40257443:46:SNP:T>G	1	representative_allele_is_somatic_truth
16568	40257681:8:SNP:C>A	1	representative_allele_is_somatic_truth
16567	40258350:146:SNP:G>A	1	representative_allele_is_somatic_truth
16563	40265627:27:SNP:C>T	1	representative_allele_is_somatic_truth
16559	40273776:136:SNP:T>G	1	representative_allele_is_somatic_truth
16558	40283484:206:SNP:C>A	1	representative_allele_is_somatic_truth
16557	40285437:78:SNP:G>A	1	representative_allele_is_somatic_truth
16553	40289847:65:SNP:A>G	1	representative_allele_is_somatic_truth
16552	40290496:50:SNP:T>A	1	representative_allele_is_somatic_truth
16550	40293999:0:SNP:C>A	1	representative_allele_is_somatic_truth
16542	40321534:76:SNP:C>A	1	representative_allele_is_somatic_truth
16541	40322992:0:SNP:A>C	1	representative_allele_is_somatic_truth
16539	40336835:49:SNP:G>C	1	representative_allele_is_somatic_truth
16538	40340678:134:SNP:G>A	1	representative_allele_is_somatic_truth
16535	40346300:72:SNP:G>A	1	representative_allele_is_somatic_truth
16533	40353738:142:SNP:A>T	1	representative_allele_is_somatic_truth
16531	40366376:52:SNP:A>G	1	representative_allele_is_somatic_truth
16530	40378280:261:SNP:A>T	1	representative_allele_is_somatic_truth
16524	40392683:94:SNP:G>A	1	representative_allele_is_somatic_truth
16522	40401315:7:SNP:G>C	1	representative_allele_is_somatic_truth
16521	40416027:9:SNP:T>A	1	representative_allele_is_somatic_truth
16520	40416567:3:SNP:C>A	1	representative_allele_is_somatic_truth
16518	40416747:79:SNP:C>T	1	representative_allele_is_somatic_truth
16517	40417278:90:SNP:G>A	1	representative_allele_is_somatic_truth
16513	40425947:61:SNP:C>A	1	representative_allele_is_somatic_truth
16512	40433805:280:SNP:G>C	1	representative_allele_is_somatic_truth
16509	40452274:16:SNP:A>C	1	representative_allele_is_somatic_truth
16508	40453792:49:SNP:T>G	1	representative_allele_is_somatic_truth
16507	40461172:361:SNP:C>A	1	representative_allele_is_somatic_truth
16504	40463139:23:SNP:G>C	1	representative_allele_is_somatic_truth
16502	40487955:672:SNP:A>T	1	representative_allele_is_somatic_truth
16501	40497682:235:SNP:G>T	1	representative_allele_is_somatic_truth
16707	40509703:157:SNP:C>A	1	representative_allele_is_somatic_truth
16710	40520420:1:SNP:A>T	1	representative_allele_is_somatic_truth
16712	40537143:139:SNP:A>G	1	representative_allele_is_somatic_truth
16716	40566627:2:SNP:C>T	1	representative_allele_is_somatic_truth
16717	40568379:23:SNP:A>T	1	representative_allele_is_somatic_truth
16718	40582967:235:SNP:G>A	1	representative_allele_is_somatic_truth
16393	40604222:134:SNP:T>C	1	representative_allele_is_somatic_truth
16395	40614274:156:SNP:G>A	1	representative_allele_is_somatic_truth
16396	40618137:242:SNP:C>T	1	representative_allele_is_somatic_truth
16397	40618286:7:SNP:C>G	1	representative_allele_is_somatic_truth
16398	40619582:11:SNP:G>A	1	representative_allele_is_somatic_truth
16400	40624750:0:SNP:G>A	1	representative_allele_is_somatic_truth
16401	40626332:81:SNP:C>G	1	representative_allele_is_somatic_truth
16402	40627287:176:SNP:A>C	1	representative_allele_is_somatic_truth
16407	40660595:113:SNP:T>A	1	representative_allele_is_somatic_truth
16411	40667617:80:SNP:A>G	1	representative_allele_is_somatic_truth
16413	40667946:350:SNP:G>A	1	representative_allele_is_somatic_truth
16414	40669723:144:SNP:G>T	1	representative_allele_is_somatic_truth
16416	40678110:150:SNP:C>T	1	representative_allele_is_somatic_truth
16417	40682317:75:SNP:C>T	1	representative_allele_is_somatic_truth
16418	40684146:43:SNP:C>A	1	representative_allele_is_somatic_truth
16419	40685982:750:SNP:C>T	1	representative_allele_is_somatic_truth
16422	40689789:113:SNP:G>A	1	representative_allele_is_somatic_truth
16423	40691056:320:SNP:C>A	1	representative_allele_is_somatic_truth
16425	40691136:11:SNP:T>A	1	representative_allele_is_somatic_truth
16429	40702382:31:SNP:T>A	1	representative_allele_is_somatic_truth
16434	40714936:183:SNP:G>T	1	representative_allele_is_somatic_truth
16435	40715255:61:SNP:G>A	1	representative_allele_is_somatic_truth
16436	40723328:254:SNP:C>T	1	representative_allele_is_somatic_truth
16437	40731298:165:SNP:G>T	1	representative_allele_is_somatic_truth
16440	40735241:190:SNP:G>A	1	representative_allele_is_somatic_truth
16443	40738895:323:SNP:T>C	1	representative_allele_is_somatic_truth
16444	40739761:221:SNP:T>C	1	representative_allele_is_somatic_truth
16448	40741081:196:SNP:C>A	1	representative_allele_is_somatic_truth
16450	40743300:12:SNP:G>A	1	representative_allele_is_somatic_truth
16453	40757391:105:SNP:G>T	1	representative_allele_is_somatic_truth
16454	40767702:328:SNP:C>G	1	representative_allele_is_somatic_truth
16457	40785817:55:SNP:A>T	1	representative_allele_is_somatic_truth
16461	40804600:357:SNP:C>A	1	representative_allele_is_somatic_truth
16464	40823524:35:SNP:C>T	1	representative_allele_is_somatic_truth
16465	40825596:121:SNP:G>A	1	representative_allele_is_somatic_truth
16468	40864572:108:SNP:C>T	1	representative_allele_is_somatic_truth
16470	40868920:86:SNP:T>C	1	representative_allele_is_somatic_truth
16473	40884490:23:SNP:T>C	1	representative_allele_is_somatic_truth
16063	40925401:18:SNP:C>A	1	representative_allele_is_somatic_truth
16066	40937345:152:SNP:T>C	1	representative_allele_is_somatic_truth
16067	40942849:58:SNP:G>C	1	representative_allele_is_somatic_truth
16069	40959278:249:SNP:G>A	1	representative_allele_is_somatic_truth
16071	40981720:44:SNP:G>C	1	representative_allele_is_somatic_truth
16072	40993669:0:SNP:T>A	1	representative_allele_is_somatic_truth
16073	40997765:61:SNP:G>T	1	representative_allele_is_somatic_truth
16076	41006795:397:SNP:C>T	1	representative_allele_is_somatic_truth
16079	41022937:365:SNP:G>T	1	representative_allele_is_somatic_truth
16080	41025640:168:SNP:C>A	1	representative_allele_is_somatic_truth
16082	41028540:30:SNP:T>A	1	representative_allele_is_somatic_truth
16083	41029880:38:SNP:T>A	1	representative_allele_is_somatic_truth
16085	41036089:110:SNP:A>G	1	representative_allele_is_somatic_truth
16087	41041451:14:SNP:G>T	1	representative_allele_is_somatic_truth
16088	41043070:13:SNP:A>G	1	representative_allele_is_somatic_truth
16092	41058490:87:SNP:T>G	1	representative_allele_is_somatic_truth
16093	41060211:40:SNP:G>T	1	representative_allele_is_somatic_truth
16095	41067987:20:SNP:C>T	1	representative_allele_is_somatic_truth
16098	41075289:150:SNP:C>T	1	representative_allele_is_somatic_truth
16103	41111691:40:SNP:A>T	1	representative_allele_is_somatic_truth
16702	41126870:2:SNP:T>A	1	representative_allele_is_somatic_truth
16701	41128126:22:SNP:C>T	1	representative_allele_is_somatic_truth
16700	41130186:38:SNP:C>T	1	representative_allele_is_somatic_truth
16698	41142770:2:SNP:C>A	1	representative_allele_is_somatic_truth
16697	41152124:39:SNP:C>G	1	representative_allele_is_somatic_truth
16693	41202124:14:SNP:C>T	1	representative_allele_is_somatic_truth
16692	41207638:172:SNP:C>T	1	representative_allele_is_somatic_truth
16691	41237399:145:SNP:C>A	1	representative_allele_is_somatic_truth
4527	41266766:15:SNP:C>G	1	representative_allele_is_somatic_truth
4528	41273444:159:SNP:A>G	1	representative_allele_is_somatic_truth
4530	41291063:2:SNP:G>A	1	representative_allele_is_somatic_truth
4531	41304616:128:SNP:C>A	1	representative_allele_is_somatic_truth
4532	41307042:104:SNP:G>A	1	representative_allele_is_somatic_truth
4534	41318621:5:SNP:G>A	1	representative_allele_is_somatic_truth
4535	41322022:40:SNP:G>A	1	representative_allele_is_somatic_truth
4536	41332784:129:SNP:C>G	1	representative_allele_is_somatic_truth
4537	41339693:10:SNP:G>T	1	representative_allele_is_somatic_truth
4538	41343763:52:SNP:C>T	1	representative_allele_is_somatic_truth
4539	41344379:12:SNP:C>T	1	representative_allele_is_somatic_truth
4540	41344803:202:SNP:C>G	1	representative_allele_is_somatic_truth
4543	41357233:164:SNP:G>A	1	representative_allele_is_somatic_truth
4545	41359695:0:SNP:T>C	1	representative_allele_is_somatic_truth
4546	41360831:5:SNP:G>A	1	representative_allele_is_somatic_truth
4547	41362092:56:SNP:G>T	1	representative_allele_is_somatic_truth
4548	41362800:92:SNP:C>T	1	representative_allele_is_somatic_truth
4549	41363579:88:SNP:G>A	1	representative_allele_is_somatic_truth
4554	41375581:93:SNP:A>G	1	representative_allele_is_somatic_truth
4555	41376799:57:SNP:G>A	1	representative_allele_is_somatic_truth
4557	41379408:34:SNP:C>A	1	representative_allele_is_somatic_truth
4561	41387877:108:SNP:G>T	1	representative_allele_is_somatic_truth
4563	41388250:13:SNP:G>A	1	representative_allele_is_somatic_truth
4564	41394644:88:SNP:T>A	1	representative_allele_is_somatic_truth
4565	41397720:0:SNP:C>T	1	representative_allele_is_somatic_truth
4566	41398150:1:SNP:A>T	1	representative_allele_is_somatic_truth
4567	41399355:13:SNP:A>C	1	representative_allele_is_somatic_truth
4569	41400446:75:SNP:G>T	1	representative_allele_is_somatic_truth
4572	41403872:21:SNP:G>T	1	representative_allele_is_somatic_truth
4573	41404953:88:SNP:T>C	1	representative_allele_is_somatic_truth
4574	41405986:83:SNP:A>G	1	representative_allele_is_somatic_truth
4579	41413365:4:SNP:G>A	1	representative_allele_is_somatic_truth
4641	41418838:8:SNP:G>A	1	representative_allele_is_somatic_truth
4640	41419579:55:SNP:C>T	1	representative_allele_is_somatic_truth
4639	41420130:10:SNP:G>C	1	representative_allele_is_somatic_truth
4638	41421803:43:SNP:G>T	1	representative_allele_is_somatic_truth
4637	41422351:51:SNP:A>G	1	representative_allele_is_somatic_truth
4628	41438621:58:SNP:C>A	1	representative_allele_is_somatic_truth
4627	41439144:11:SNP:C>T	1	representative_allele_is_somatic_truth
4625	41441570:16:SNP:G>T	1	representative_allele_is_somatic_truth
4623	41453805:154:SNP:C>G	1	representative_allele_is_somatic_truth
4619	41456182:68:SNP:C>G	1	representative_allele_is_somatic_truth
4617	41458323:22:SNP:G>A	1	representative_allele_is_somatic_truth
4610	41475168:261:SNP:C>A	1	representative_allele_is_somatic_truth
4609	41475816:118:SNP:G>A	1	representative_allele_is_somatic_truth
4607	41496651:488:SNP:C>T	1	representative_allele_is_somatic_truth
4606	41498205:839:SNP:G>C	1	representative_allele_is_somatic_truth
4605	41498223:236:SNP:G>A	1	representative_allele_is_somatic_truth
4604	41505032:83:SNP:C>A	1	representative_allele_is_somatic_truth
4603	41513076:158:SNP:C>T	1	representative_allele_is_somatic_truth
4602	41516249:135:SNP:T>A	1	representative_allele_is_somatic_truth
4601	41518119:60:SNP:C>A	1	representative_allele_is_somatic_truth
4599	41525704:48:SNP:C>T	1	representative_allele_is_somatic_truth
4597	41529469:7:SNP:C>T	1	representative_allele_is_somatic_truth
4595	41537545:9:SNP:G>T	1	representative_allele_is_somatic_truth
4594	41538050:42:SNP:A>T	1	representative_allele_is_somatic_truth
4588	41546376:101:SNP:C>T	1	representative_allele_is_somatic_truth
4587	41546918:37:SNP:C>T	1	representative_allele_is_somatic_truth
4586	41547208:237:SNP:A>T	1	representative_allele_is_somatic_truth
4584	41548934:0:SNP:G>A	1	representative_allele_is_somatic_truth
4583	41551428:50:SNP:G>A	1	representative_allele_is_somatic_truth
4582	41551520:22:SNP:C>T	1	representative_allele_is_somatic_truth
4581	41553997:338:SNP:T>C	1	representative_allele_is_somatic_truth
4580	41554160:105:SNP:A>G	1	representative_allele_is_somatic_truth
4655	41557535:271:SNP:C>A	1	representative_allele_is_somatic_truth
4657	41561036:34:SNP:A>G	1	representative_allele_is_somatic_truth
4658	41561858:10:SNP:C>A	1	representative_allele_is_somatic_truth
4659	41562771:91:SNP:G>T	1	representative_allele_is_somatic_truth
4666	41570730:263:SNP:G>A	1	representative_allele_is_somatic_truth
4668	41575928:225:SNP:T>A	1	representative_allele_is_somatic_truth
4671	41579694:84:SNP:G>A	1	representative_allele_is_somatic_truth
4672	41596109:243:SNP:C>T	1	representative_allele_is_somatic_truth
4674	41601891:452:SNP:C>T	1	representative_allele_is_somatic_truth
4679	41622676:15:SNP:C>A	1	representative_allele_is_somatic_truth
4681	41623057:94:SNP:G>A	1	representative_allele_is_somatic_truth
4682	41628234:66:SNP:G>T	1	representative_allele_is_somatic_truth
4683	41628234:67:SNP:G>T	1	representative_allele_is_somatic_truth
4687	41638415:55:SNP:C>T	1	representative_allele_is_somatic_truth
4689	41639946:16:SNP:G>A	1	representative_allele_is_somatic_truth
4690	41640269:358:SNP:G>A	1	representative_allele_is_somatic_truth
4691	41640840:122:SNP:G>C	1	representative_allele_is_somatic_truth
4692	41640978:52:SNP:G>A	1	representative_allele_is_somatic_truth
4696	41651547:252:SNP:C>T	1	representative_allele_is_somatic_truth
4707	41667828:108:SNP:G>T	1	representative_allele_is_somatic_truth
4708	41670467:36:SNP:G>A	1	representative_allele_is_somatic_truth
4709	41671150:694:SNP:C>A	1	representative_allele_is_somatic_truth
4710	41671150:706:SNP:A>C	1	representative_allele_is_somatic_truth
4711	41678138:48:SNP:A>G	1	representative_allele_is_somatic_truth
4712	41679683:17:SNP:C>T	1	representative_allele_is_somatic_truth
4721	41692544:31:SNP:C>A	1	representative_allele_is_somatic_truth
4722	41693255:352:SNP:C>T	1	representative_allele_is_somatic_truth
4724	41694665:64:SNP:T>A	1	representative_allele_is_somatic_truth
4725	41700582:115:SNP:C>A	1	representative_allele_is_somatic_truth
4727	41702254:18:SNP:T>C	1	representative_allele_is_somatic_truth
4728	41705265:28:SNP:A>C	1	representative_allele_is_somatic_truth
4729	41706941:251:SNP:T>C	1	representative_allele_is_somatic_truth
4731	41712031:247:SNP:C>T	1	representative_allele_is_somatic_truth
4732	41712129:7:SNP:C>A	1	representative_allele_is_somatic_truth
4733	41713917:28:SNP:G>A	1	representative_allele_is_somatic_truth
4735	41715078:212:SNP:G>A	1	representative_allele_is_somatic_truth
4736	41715078:222:SNP:C>T	1	representative_allele_is_somatic_truth
4740	41716235:12:SNP:C>T	1	representative_allele_is_somatic_truth
4741	41717644:99:SNP:A>C	1	representative_allele_is_somatic_truth
4742	41717788:0:SNP:T>A	1	representative_allele_is_somatic_truth
4747	41723273:348:SNP:C>T	1	representative_allele_is_somatic_truth
4749	41725429:77:SNP:C>T	1	representative_allele_is_somatic_truth
4750	41725707:120:SNP:C>T	1	representative_allele_is_somatic_truth
4751	41727299:33:SNP:C>T	1	representative_allele_is_somatic_truth
4754	41734897:85:SNP:G>T	1	representative_allele_is_somatic_truth
4756	41739123:115:SNP:G>T	1	representative_allele_is_somatic_truth
4757	41739661:719:SNP:G>C	1	representative_allele_is_somatic_truth
4758	41740103:19:SNP:T>A	1	representative_allele_is_somatic_truth
4760	41742411:16:SNP:C>T	1	representative_allele_is_somatic_truth
4761	41744456:0:SNP:G>A	1	representative_allele_is_somatic_truth
4762	41745006:162:SNP:T>A	1	representative_allele_is_somatic_truth
4763	41745012:274:SNP:A>G	1	representative_allele_is_somatic_truth
4764	41745558:294:SNP:C>T	1	representative_allele_is_somatic_truth
4765	41748513:209:SNP:C>T	1	representative_allele_is_somatic_truth
4766	41754431:16:SNP:G>T	1	representative_allele_is_somatic_truth
4767	41756370:233:SNP:C>A	1	representative_allele_is_somatic_truth
4768	41757592:3:SNP:C>A	1	representative_allele_is_somatic_truth
4770	41759444:83:SNP:A>T	1	representative_allele_is_somatic_truth
4771	41759444:84:SNP:G>T	1	representative_allele_is_somatic_truth
4774	41765218:40:SNP:C>T	1	representative_allele_is_somatic_truth
4777	41769552:43:SNP:C>T	1	representative_allele_is_somatic_truth
4779	41770664:1:SNP:C>T	1	representative_allele_is_somatic_truth
4780	41773632:15:SNP:G>T	1	representative_allele_is_somatic_truth
4781	41773775:230:SNP:G>A	1	representative_allele_is_somatic_truth
4784	41777036:41:SNP:C>A	1	representative_allele_is_somatic_truth
4785	41777085:77:SNP:C>A	1	representative_allele_is_somatic_truth
4786	41777141:44:SNP:A>G	1	representative_allele_is_somatic_truth
4787	41780801:117:SNP:T>C	1	representative_allele_is_somatic_truth
4789	41786760:101:SNP:G>A	1	representative_allele_is_somatic_truth
4790	41788162:26:SNP:A>C	1	representative_allele_is_somatic_truth
4792	41788845:2:SNP:G>C	1	representative_allele_is_somatic_truth
4794	41790707:21:SNP:A>G	1	representative_allele_is_somatic_truth
4795	41795471:107:SNP:G>A	1	representative_allele_is_somatic_truth
4796	41796033:423:SNP:G>A	1	representative_allele_is_somatic_truth
4800	41799687:5:SNP:A>G	1	representative_allele_is_somatic_truth
4801	41799937:80:SNP:C>G	1	representative_allele_is_somatic_truth
4802	41800329:218:SNP:A>G	1	representative_allele_is_somatic_truth
4803	41801657:79:SNP:G>C	1	representative_allele_is_somatic_truth
4806	41807924:186:SNP:G>T	1	representative_allele_is_somatic_truth
4808	41809044:35:SNP:A>C	1	representative_allele_is_somatic_truth
4809	41809347:57:SNP:G>T	1	representative_allele_is_somatic_truth
4811	41809917:104:SNP:T>C	1	representative_allele_is_somatic_truth
4812	41811805:42:SNP:G>A	1	representative_allele_is_somatic_truth
4813	41813180:322:SNP:G>A	1	representative_allele_is_somatic_truth
4816	41817970:165:SNP:T>A	1	representative_allele_is_somatic_truth
4817	41818313:0:SNP:C>A	1	representative_allele_is_somatic_truth
4819	41822451:151:SNP:A>G	1	representative_allele_is_somatic_truth
4820	41825149:161:SNP:G>C	1	representative_allele_is_somatic_truth
4822	41828924:621:SNP:C>G	1	representative_allele_is_somatic_truth
4823	41831360:91:SNP:T>C	1	representative_allele_is_somatic_truth
4825	41836250:0:SNP:C>T	1	representative_allele_is_somatic_truth
4827	41837417:57:SNP:C>A	1	representative_allele_is_somatic_truth
4830	41841101:6:SNP:T>A	1	representative_allele_is_somatic_truth
4831	41841101:18:SNP:T>G	1	representative_allele_is_somatic_truth
4834	41847877:103:SNP:T>A	1	representative_allele_is_somatic_truth
4835	41847877:104:SNP:C>A	1	representative_allele_is_somatic_truth
4837	41849618:36:SNP:G>A	1	representative_allele_is_somatic_truth
4839	41855731:134:SNP:T>A	1	representative_allele_is_somatic_truth
4840	41856230:113:SNP:C>A	1	representative_allele_is_somatic_truth
4841	41856249:337:SNP:C>A	1	representative_allele_is_somatic_truth
4842	41857190:39:SNP:C>T	1	representative_allele_is_somatic_truth
4843	41857462:102:SNP:A>C	1	representative_allele_is_somatic_truth
4845	41859693:0:SNP:G>A	1	representative_allele_is_somatic_truth
4846	41861623:39:SNP:C>G	1	representative_allele_is_somatic_truth
4849	41863325:181:SNP:C>T	1	representative_allele_is_somatic_truth
4850	41864692:217:SNP:G>T	1	representative_allele_is_somatic_truth
4851	41865005:52:SNP:C>A	1	representative_allele_is_somatic_truth
4852	41867330:112:SNP:A>C	1	representative_allele_is_somatic_truth
4855	41869169:165:SNP:A>T	1	representative_allele_is_somatic_truth
4858	41871230:41:SNP:G>C	1	representative_allele_is_somatic_truth
4865	41876205:201:SNP:G>A	1	representative_allele_is_somatic_truth
4866	41876226:553:SNP:C>T	1	representative_allele_is_somatic_truth
4867	41876573:1:SNP:G>A	1	representative_allele_is_somatic_truth
4868	41877062:128:SNP:C>T	1	representative_allele_is_somatic_truth
4870	41877975:379:SNP:C>T	1	representative_allele_is_somatic_truth
4874	41881246:189:SNP:C>A	1	representative_allele_is_somatic_truth
4877	41885737:807:SNP:C>T	1	representative_allele_is_somatic_truth
4878	41885838:133:SNP:G>T	1	representative_allele_is_somatic_truth
4879	41888401:181:SNP:C>T	1	representative_allele_is_somatic_truth
4880	41888759:472:SNP:C>T	1	representative_allele_is_somatic_truth
4881	41889355:101:SNP:G>C	1	representative_allele_is_somatic_truth
4883	41890394:152:SNP:A>G	1	representative_allele_is_somatic_truth
4884	41890505:765:SNP:C>T	1	representative_allele_is_somatic_truth
4885	41890914:89:SNP:A>T	1	representative_allele_is_somatic_truth
4886	41891790:54:SNP:T>C	1	representative_allele_is_somatic_truth
4887	41892350:16:SNP:G>T	1	representative_allele_is_somatic_truth
4890	41896435:120:SNP:T>C	1	representative_allele_is_somatic_truth
4891	41896442:32:SNP:G>C	1	representative_allele_is_somatic_truth
4897	41908203:0:SNP:T>A	1	representative_allele_is_somatic_truth
4898	41910146:117:SNP:A>G	1	representative_allele_is_somatic_truth
4899	41913118:189:SNP:G>T	1	representative_allele_is_somatic_truth
4900	41913522:146:SNP:C>A	1	representative_allele_is_somatic_truth
4901	41914255:32:SNP:G>A	1	representative_allele_is_somatic_truth
4902	41915329:90:SNP:G>T	1	representative_allele_is_somatic_truth
4903	41916595:36:SNP:G>T	1	representative_allele_is_somatic_truth
4904	41916842:47:SNP:T>C	1	representative_allele_is_somatic_truth
4905	41916842:75:SNP:G>C	1	representative_allele_is_somatic_truth
4906	41917806:116:SNP:T>C	1	representative_allele_is_somatic_truth
4911	41928796:134:SNP:G>T	1	representative_allele_is_somatic_truth
4913	41932219:201:SNP:G>A	1	representative_allele_is_somatic_truth
4918	41938912:277:SNP:C>A	1	representative_allele_is_somatic_truth
4919	41939543:118:SNP:G>C	1	representative_allele_is_somatic_truth
4920	41940937:1:SNP:C>T	1	representative_allele_is_somatic_truth
4923	41946032:63:SNP:C>T	1	representative_allele_is_somatic_truth
4925	41946361:16:SNP:G>A	1	representative_allele_is_somatic_truth
4926	41951244:237:SNP:C>T	1	representative_allele_is_somatic_truth
4928	41959497:108:SNP:G>T	1	representative_allele_is_somatic_truth
4930	41963210:154:SNP:G>A	1	representative_allele_is_somatic_truth
4937	41979298:218:SNP:C>G	1	representative_allele_is_somatic_truth
4939	41987041:65:SNP:C>G	1	representative_allele_is_somatic_truth
4942	41989823:68:SNP:C>G	1	representative_allele_is_somatic_truth
4944	41993390:129:SNP:C>T	1	representative_allele_is_somatic_truth
4945	41994531:332:SNP:A>T	1	representative_allele_is_somatic_truth
4946	41995429:5:SNP:C>G	1	representative_allele_is_somatic_truth
4949	42002746:58:SNP:A>G	1	representative_allele_is_somatic_truth
4950	42004110:105:SNP:A>T	1	representative_allele_is_somatic_truth
4951	42006909:105:SNP:G>A	1	representative_allele_is_somatic_truth
4956	42014883:9:SNP:C>T	1	representative_allele_is_somatic_truth
4957	42019175:1:SNP:T>A	1	representative_allele_is_somatic_truth
4960	42035006:53:SNP:C>A	1	representative_allele_is_somatic_truth
4965	42047608:200:SNP:C>A	1	representative_allele_is_somatic_truth
4966	42048851:479:SNP:T>A	1	representative_allele_is_somatic_truth
4967	42049711:7:SNP:T>A	1	representative_allele_is_somatic_truth
4974	42074213:119:SNP:C>A	1	representative_allele_is_somatic_truth
4975	42075569:0:SNP:G>C	1	representative_allele_is_somatic_truth
4978	42081155:185:SNP:C>A	1	representative_allele_is_somatic_truth
4979	42083167:20:SNP:A>G	1	representative_allele_is_somatic_truth
4980	42086217:2:SNP:C>G	1	representative_allele_is_somatic_truth
4982	42090440:10:SNP:T>A	1	representative_allele_is_somatic_truth
4985	42104442:5:SNP:A>C	1	representative_allele_is_somatic_truth
4987	42107658:41:SNP:T>C	1	representative_allele_is_somatic_truth
4988	42108536:52:SNP:C>T	1	representative_allele_is_somatic_truth
4989	42111082:109:SNP:C>A	1	representative_allele_is_somatic_truth
4991	42116245:221:SNP:G>T	1	representative_allele_is_somatic_truth
4992	42119449:73:SNP:T>A	1	representative_allele_is_somatic_truth
4993	42122322:16:SNP:C>A	1	representative_allele_is_somatic_truth
4995	42134690:283:SNP:G>T	1	representative_allele_is_somatic_truth
4996	42135457:115:SNP:G>T	1	representative_allele_is_somatic_truth
4997	42139955:4:SNP:G>C	1	representative_allele_is_somatic_truth
4999	42142650:146:SNP:G>A	1	representative_allele_is_somatic_truth
5000	42142813:425:SNP:G>A	1	representative_allele_is_somatic_truth
5006	42162580:2:SNP:C>G	1	representative_allele_is_somatic_truth
5007	42164591:197:SNP:G>C	1	representative_allele_is_somatic_truth
5013	42175299:32:SNP:T>C	1	representative_allele_is_somatic_truth
5014	42179339:161:SNP:C>T	1	representative_allele_is_somatic_truth
5020	42193981:33:SNP:G>C	1	representative_allele_is_somatic_truth
5023	42198929:939:SNP:A>T	1	representative_allele_is_somatic_truth
5024	42201388:612:SNP:C>T	1	representative_allele_is_somatic_truth
5025	42201779:161:SNP:C>G	1	representative_allele_is_somatic_truth
5028	42205079:2:SNP:G>A	1	representative_allele_is_somatic_truth
5030	42207261:405:SNP:T>C	1	representative_allele_is_somatic_truth
5031	42209334:44:SNP:C>G	1	representative_allele_is_somatic_truth
5033	42211835:408:SNP:C>T	1	representative_allele_is_somatic_truth
5034	42212944:47:SNP:C>A	1	representative_allele_is_somatic_truth
5035	42216898:682:SNP:C>A	1	representative_allele_is_somatic_truth
5038	42218580:99:SNP:A>T	1	representative_allele_is_somatic_truth
5039	42219244:48:SNP:C>T	1	representative_allele_is_somatic_truth
5042	42223476:79:SNP:G>A	1	representative_allele_is_somatic_truth
5043	42224135:325:SNP:T>A	1	representative_allele_is_somatic_truth
5046	42228857:34:SNP:G>A	1	representative_allele_is_somatic_truth
5047	42231746:152:SNP:C>T	1	representative_allele_is_somatic_truth
5048	42233679:46:SNP:C>A	1	representative_allele_is_somatic_truth
5049	42235549:40:SNP:G>T	1	representative_allele_is_somatic_truth
5051	42386884:55:SNP:G>C	1	representative_allele_is_somatic_truth
5053	42392175:607:SNP:G>A	1	representative_allele_is_somatic_truth
5055	42393335:57:SNP:T>C	1	representative_allele_is_somatic_truth
5057	42401103:15:SNP:C>T	1	representative_allele_is_somatic_truth
5058	42401785:109:SNP:G>T	1	representative_allele_is_somatic_truth
5059	42407251:13:SNP:C>T	1	representative_allele_is_somatic_truth
5061	42410499:67:SNP:A>G	1	representative_allele_is_somatic_truth
5063	42414482:42:SNP:T>A	1	representative_allele_is_somatic_truth
5064	42414482:44:SNP:G>T	1	representative_allele_is_somatic_truth
5066	42417606:16:SNP:G>C	1	representative_allele_is_somatic_truth
5070	42428209:27:SNP:A>T	1	representative_allele_is_somatic_truth
5072	42431033:34:SNP:G>T	1	representative_allele_is_somatic_truth
5076	42453318:91:SNP:G>A	1	representative_allele_is_somatic_truth
5077	42453755:74:SNP:G>T	1	representative_allele_is_somatic_truth
5079	42479447:2:SNP:G>A	1	representative_allele_is_somatic_truth
5081	42507685:22:SNP:G>A	1	representative_allele_is_somatic_truth
5082	42509453:87:SNP:C>T	1	representative_allele_is_somatic_truth
5084	42515168:276:SNP:C>A	1	representative_allele_is_somatic_truth
5085	42523954:173:SNP:G>A	1	representative_allele_is_somatic_truth
5086	42524078:122:SNP:G>A	1	representative_allele_is_somatic_truth
5088	42536381:41:SNP:C>G	1	representative_allele_is_somatic_truth
5089	42536383:11:SNP:T>C	1	representative_allele_is_somatic_truth
5090	42540319:122:SNP:T>A	1	representative_allele_is_somatic_truth
5092	42560663:48:SNP:C>G	1	representative_allele_is_somatic_truth
5094	42586168:26:SNP:T>A	1	representative_allele_is_somatic_truth
5095	42593192:464:SNP:C>T	1	representative_allele_is_somatic_truth
5097	42618128:324:SNP:G>C	1	representative_allele_is_somatic_truth
5099	42640553:310:SNP:A>G	1	representative_allele_is_somatic_truth
5100	42642167:706:SNP:G>C	1	representative_allele_is_somatic_truth
5107	42678516:53:SNP:C>G	1	representative_allele_is_somatic_truth
5110	42682003:8:SNP:C>A	1	representative_allele_is_somatic_truth
5113	42703171:443:SNP:T>G	1	representative_allele_is_somatic_truth
5118	42735041:166:SNP:G>A	1	representative_allele_is_somatic_truth
5119	42735041:167:SNP:G>C	1	representative_allele_is_somatic_truth
5120	42735174:77:SNP:A>T	1	representative_allele_is_somatic_truth
5122	42748671:488:SNP:T>C	1	representative_allele_is_somatic_truth
5124	42758817:38:SNP:T>A	1	representative_allele_is_somatic_truth
5126	42765211:159:SNP:C>T	1	representative_allele_is_somatic_truth
5127	42765369:71:SNP:G>A	1	representative_allele_is_somatic_truth
5128	42767216:24:SNP:T>C	1	representative_allele_is_somatic_truth
5129	42801366:180:SNP:C>A	1	representative_allele_is_somatic_truth
5130	42801366:181:SNP:C>A	1	representative_allele_is_somatic_truth
5132	42817719:177:SNP:C>T	1	representative_allele_is_somatic_truth
5134	42819017:11:SNP:A>G	1	representative_allele_is_somatic_truth
5135	42823364:139:SNP:A>C	1	representative_allele_is_somatic_truth
5136	42833819:78:SNP:A>T	1	representative_allele_is_somatic_truth
5137	42849103:147:SNP:C>T	1	representative_allele_is_somatic_truth
5140	42861437:6:SNP:G>A	1	representative_allele_is_somatic_truth
5143	42866266:162:SNP:G>C	1	representative_allele_is_somatic_truth
5144	42884266:0:SNP:C>A	1	representative_allele_is_somatic_truth
5147	42895844:278:SNP:C>G	1	representative_allele_is_somatic_truth
5151	42900726:0:SNP:C>T	1	representative_allele_is_somatic_truth
5156	42925365:50:SNP:T>G	1	representative_allele_is_somatic_truth
5160	42940860:671:SNP:G>A	1	representative_allele_is_somatic_truth
5161	42941808:32:SNP:C>T	1	representative_allele_is_somatic_truth
5162	42944672:505:SNP:C>G	1	representative_allele_is_somatic_truth
5165	42952337:255:SNP:C>A	1	representative_allele_is_somatic_truth
5166	42957467:18:SNP:A>G	1	representative_allele_is_somatic_truth
5174	42967272:106:SNP:A>G	1	representative_allele_is_somatic_truth
5177	42979696:11:SNP:C>T	1	representative_allele_is_somatic_truth
5179	42984384:189:SNP:G>T	1	representative_allele_is_somatic_truth
5181	42984695:161:SNP:C>T	1	representative_allele_is_somatic_truth
5182	42986820:33:SNP:C>A	1	representative_allele_is_somatic_truth
5183	42991499:2:SNP:G>T	1	representative_allele_is_somatic_truth
5186	42996027:518:SNP:A>T	1	representative_allele_is_somatic_truth
5187	42996027:519:SNP:G>T	1	representative_allele_is_somatic_truth
5188	42996027:520:SNP:A>T	1	representative_allele_is_somatic_truth
5191	43000067:34:SNP:A>T	1	representative_allele_is_somatic_truth
5192	43001369:175:SNP:C>A	1	representative_allele_is_somatic_truth
5195	43011736:38:SNP:G>A	1	representative_allele_is_somatic_truth
5199	43014590:53:SNP:A>T	1	representative_allele_is_somatic_truth
5200	43015598:159:SNP:C>A	1	representative_allele_is_somatic_truth
5201	43015598:160:SNP:T>A	1	representative_allele_is_somatic_truth
5204	43023181:333:SNP:A>C	1	representative_allele_is_somatic_truth
5205	43024021:96:SNP:A>C	1	representative_allele_is_somatic_truth
5206	43024021:102:SNP:A>T	1	representative_allele_is_somatic_truth
5207	43024141:42:SNP:T>A	1	representative_allele_is_somatic_truth
5213	43032589:25:SNP:G>A	1	representative_allele_is_somatic_truth
5214	43034610:38:SNP:T>A	1	representative_allele_is_somatic_truth
5215	43036847:118:SNP:G>C	1	representative_allele_is_somatic_truth
5218	43043570:344:SNP:C>T	1	representative_allele_is_somatic_truth
5219	43044570:488:SNP:A>T	1	representative_allele_is_somatic_truth
5220	43044570:489:SNP:G>T	1	representative_allele_is_somatic_truth
5222	43045027:19:SNP:A>T	1	representative_allele_is_somatic_truth
5223	43046429:91:SNP:C>T	1	representative_allele_is_somatic_truth
5226	43050149:250:SNP:T>C	1	representative_allele_is_somatic_truth
5228	43054390:92:SNP:G>A	1	representative_allele_is_somatic_truth
5229	43057302:146:SNP:G>A	1	representative_allele_is_somatic_truth
5230	43061320:195:SNP:A>T	1	representative_allele_is_somatic_truth
5232	43062416:623:SNP:G>C	1	representative_allele_is_somatic_truth
5234	43070500:98:SNP:T>C	1	representative_allele_is_somatic_truth
5235	43071280:85:SNP:C>A	1	representative_allele_is_somatic_truth
5236	43074527:648:SNP:C>G	1	representative_allele_is_somatic_truth
5239	43085992:167:SNP:A>T	1	representative_allele_is_somatic_truth
5247	43109392:0:SNP:C>T	1	representative_allele_is_somatic_truth
5248	43109777:95:SNP:T>C	1	representative_allele_is_somatic_truth
5251	43117076:0:SNP:T>C	1	representative_allele_is_somatic_truth
5254	43120043:75:SNP:C>T	1	representative_allele_is_somatic_truth
5257	43121437:274:SNP:A>T	1	representative_allele_is_somatic_truth
5260	43129848:36:SNP:G>A	1	representative_allele_is_somatic_truth
5261	43130308:458:SNP:G>A	1	representative_allele_is_somatic_truth
5263	43135100:727:SNP:G>A	1	representative_allele_is_somatic_truth
5264	43141037:124:SNP:G>A	1	representative_allele_is_somatic_truth
5265	43144715:800:SNP:G>A	1	representative_allele_is_somatic_truth
5270	43174728:89:SNP:A>T	1	representative_allele_is_somatic_truth
5272	43178599:411:SNP:T>C	1	representative_allele_is_somatic_truth
5275	43197379:30:SNP:G>C	1	representative_allele_is_somatic_truth
5281	43226538:46:SNP:A>G	1	representative_allele_is_somatic_truth
5283	43228228:57:SNP:C>G	1	representative_allele_is_somatic_truth
5287	43254002:44:SNP:T>G	1	representative_allele_is_somatic_truth
5288	43258717:16:SNP:G>C	1	representative_allele_is_somatic_truth
5289	43266208:203:SNP:C>G	1	representative_allele_is_somatic_truth
5290	43266250:327:SNP:A>G	1	representative_allele_is_somatic_truth
5293	43270265:84:SNP:A>G	1	representative_allele_is_somatic_truth
5297	43275608:14:SNP:C>G	1	representative_allele_is_somatic_truth
5298	43280739:76:SNP:T>C	1	representative_allele_is_somatic_truth
5300	43283697:29:SNP:C>T	1	representative_allele_is_somatic_truth
5301	43285410:46:SNP:G>C	1	representative_allele_is_somatic_truth
5303	43288867:275:SNP:G>A	1	representative_allele_is_somatic_truth
5304	43291014:101:SNP:C>T	1	representative_allele_is_somatic_truth
5305	43295073:26:SNP:C>T	1	representative_allele_is_somatic_truth
5306	43302347:150:SNP:G>A	1	representative_allele_is_somatic_truth
5307	43305322:242:SNP:C>G	1	representative_allele_is_somatic_truth
5310	43323978:73:SNP:G>A	1	representative_allele_is_somatic_truth
5315	43331137:193:SNP:G>A	1	representative_allele_is_somatic_truth
5320	43340451:0:SNP:G>A	1	representative_allele_is_somatic_truth
5321	43342402:3:SNP:G>T	1	representative_allele_is_somatic_truth
5323	43346723:335:SNP:C>T	1	representative_allele_is_somatic_truth
5325	43347668:68:SNP:A>C	1	representative_allele_is_somatic_truth
5331	43377751:140:SNP:G>A	1	representative_allele_is_somatic_truth
5332	43393095:20:SNP:C>G	1	representative_allele_is_somatic_truth
5334	43408407:152:SNP:C>G	1	representative_allele_is_somatic_truth
5335	43418785:122:SNP:A>C	1	representative_allele_is_somatic_truth
5336	43425581:48:SNP:C>A	1	representative_allele_is_somatic_truth
5337	43431208:128:SNP:C>T	1	representative_allele_is_somatic_truth
5338	43433327:217:SNP:C>A	1	representative_allele_is_somatic_truth
5339	43433327:218:SNP:A>C	1	representative_allele_is_somatic_truth
5341	43442874:46:SNP:C>G	1	representative_allele_is_somatic_truth
5344	43462361:73:SNP:C>T	1	representative_allele_is_somatic_truth
5345	43466850:10:SNP:A>C	1	representative_allele_is_somatic_truth
5346	43466902:38:SNP:G>A	1	representative_allele_is_somatic_truth
5348	43474448:0:SNP:T>A	1	representative_allele_is_somatic_truth
5349	43475691:160:SNP:T>G	1	representative_allele_is_somatic_truth
5350	43491341:8:SNP:C>A	1	representative_allele_is_somatic_truth
5352	43509269:83:SNP:T>C	1	representative_allele_is_somatic_truth
5353	43516802:63:SNP:C>T	1	representative_allele_is_somatic_truth
5356	43518205:113:SNP:C>T	1	representative_allele_is_somatic_truth
5358	43528813:153:SNP:C>T	1	representative_allele_is_somatic_truth
5359	43528878:49:SNP:T>A	1	representative_allele_is_somatic_truth
5360	43536369:84:SNP:C>T	1	representative_allele_is_somatic_truth
5361	43545745:71:SNP:G>A	1	representative_allele_is_somatic_truth
5363	43557728:1:SNP:C>T	1	representative_allele_is_somatic_truth
5364	43569469:76:SNP:G>T	1	representative_allele_is_somatic_truth
5366	43583218:192:SNP:G>C	1	representative_allele_is_somatic_truth
5369	43606405:516:SNP:C>A	1	representative_allele_is_somatic_truth
5372	43613852:113:SNP:C>A	1	representative_allele_is_somatic_truth
5376	43654425:126:SNP:C>T	1	representative_allele_is_somatic_truth
5377	43654912:233:SNP:C>A	1	representative_allele_is_somatic_truth
5378	43656312:59:SNP:A>T	1	representative_allele_is_somatic_truth
5379	43656312:60:SNP:G>T	1	representative_allele_is_somatic_truth
5380	43656971:6:SNP:A>C	1	representative_allele_is_somatic_truth
5382	43663604:457:SNP:A>T	1	representative_allele_is_somatic_truth
5386	43677771:81:SNP:G>A	1	representative_allele_is_somatic_truth
5388	43682527:32:SNP:G>A	1	representative_allele_is_somatic_truth
5389	43708862:5:SNP:C>T	1	representative_allele_is_somatic_truth
5391	43724165:744:SNP:T>A	1	representative_allele_is_somatic_truth
5393	43726577:12:SNP:G>T	1	representative_allele_is_somatic_truth
5394	43727147:102:SNP:G>C	1	representative_allele_is_somatic_truth
5395	43727804:104:SNP:A>T	1	representative_allele_is_somatic_truth
5397	43730067:103:SNP:T>C	1	representative_allele_is_somatic_truth
5398	43731522:115:SNP:G>A	1	representative_allele_is_somatic_truth
5401	43746211:259:SNP:C>A	1	representative_allele_is_somatic_truth
5404	43755294:21:SNP:G>A	1	representative_allele_is_somatic_truth
5405	43773316:113:SNP:A>T	1	representative_allele_is_somatic_truth
5406	43777872:39:SNP:G>T	1	representative_allele_is_somatic_truth
5409	43787104:391:SNP:C>T	1	representative_allele_is_somatic_truth
5413	43805971:189:SNP:C>G	1	representative_allele_is_somatic_truth
5415	43820568:175:SNP:C>T	1	representative_allele_is_somatic_truth
5416	43820833:1:SNP:T>C	1	representative_allele_is_somatic_truth
5417	43823120:368:SNP:C>G	1	representative_allele_is_somatic_truth
5419	43832270:109:SNP:C>G	1	representative_allele_is_somatic_truth
5420	43832811:67:SNP:T>C	1	representative_allele_is_somatic_truth
5424	43847390:184:SNP:A>G	1	representative_allele_is_somatic_truth
5426	43853341:216:SNP:G>C	1	representative_allele_is_somatic_truth
5427	43856553:336:SNP:A>T	1	representative_allele_is_somatic_truth
5428	43856909:337:SNP:C>A	1	representative_allele_is_somatic_truth
5430	43862661:21:SNP:C>G	1	representative_allele_is_somatic_truth
5431	43865988:215:SNP:G>A	1	representative_allele_is_somatic_truth
5434	43876709:302:SNP:T>G	1	representative_allele_is_somatic_truth
5438	43902484:303:SNP:G>C	1	representative_allele_is_somatic_truth
5442	43917092:2:SNP:A>G	1	representative_allele_is_somatic_truth
5443	43921848:133:SNP:G>T	1	representative_allele_is_somatic_truth
5444	43928514:209:SNP:G>A	1	representative_allele_is_somatic_truth
5445	43935179:177:SNP:C>T	1	representative_allele_is_somatic_truth
5447	43944497:258:SNP:C>G	1	representative_allele_is_somatic_truth
5448	43947423:377:SNP:G>A	1	representative_allele_is_somatic_truth
5453	43994324:47:SNP:A>G	1	representative_allele_is_somatic_truth
5460	44049679:330:SNP:A>G	1	representative_allele_is_somatic_truth
5461	44052164:41:SNP:A>T	1	representative_allele_is_somatic_truth
5462	44061747:37:SNP:C>T	1	representative_allele_is_somatic_truth
5463	44065285:11:SNP:T>C	1	representative_allele_is_somatic_truth
5465	44072615:59:SNP:C>G	1	representative_allele_is_somatic_truth
5466	44074676:348:SNP:C>T	1	representative_allele_is_somatic_truth
5468	44079182:12:SNP:T>A	1	representative_allele_is_somatic_truth
5470	44083939:74:SNP:G>A	1	representative_allele_is_somatic_truth
5475	44123103:139:SNP:C>T	1	representative_allele_is_somatic_truth
5476	44126832:130:SNP:G>A	1	representative_allele_is_somatic_truth
5477	44136147:24:SNP:A>T	1	representative_allele_is_somatic_truth
5480	44187464:109:SNP:T>A	1	representative_allele_is_somatic_truth
5481	44197559:149:SNP:A>C	1	representative_allele_is_somatic_truth
5485	44217051:326:SNP:C>A	1	representative_allele_is_somatic_truth
5487	44229503:90:SNP:T>G	1	representative_allele_is_somatic_truth
5488	44231595:101:SNP:C>T	1	representative_allele_is_somatic_truth
5490	44234622:175:SNP:C>T	1	representative_allele_is_somatic_truth
5493	44244138:90:SNP:C>T	1	representative_allele_is_somatic_truth
5496	44249259:45:SNP:A>T	1	representative_allele_is_somatic_truth
5497	44251582:9:SNP:G>A	1	representative_allele_is_somatic_truth
5498	44251790:208:SNP:C>T	1	representative_allele_is_somatic_truth
5503	44283620:2:SNP:T>G	1	representative_allele_is_somatic_truth
5504	44285276:124:SNP:G>A	1	representative_allele_is_somatic_truth
5506	44295528:140:SNP:C>T	1	representative_allele_is_somatic_truth
5507	44296136:0:SNP:G>A	1	representative_allele_is_somatic_truth
5508	44296435:21:SNP:G>A	1	representative_allele_is_somatic_truth
5510	44297668:405:SNP:C>T	1	representative_allele_is_somatic_truth
5511	44299079:25:SNP:C>T	1	representative_allele_is_somatic_truth
5512	44302316:6:SNP:G>C	1	representative_allele_is_somatic_truth
5514	44309570:43:SNP:C>T	1	representative_allele_is_somatic_truth
5515	44309695:627:SNP:G>A	1	representative_allele_is_somatic_truth
5516	44311041:188:SNP:C>T	1	representative_allele_is_somatic_truth
5522	44329461:0:SNP:G>T	1	representative_allele_is_somatic_truth
5527	44361876:96:SNP:G>A	1	representative_allele_is_somatic_truth
5528	44362329:11:SNP:C>T	1	representative_allele_is_somatic_truth
5529	44363578:0:SNP:G>A	1	representative_allele_is_somatic_truth
5539	44407490:162:SNP:C>A	1	representative_allele_is_somatic_truth
5542	44410188:99:SNP:C>T	1	representative_allele_is_somatic_truth
5543	44410732:80:SNP:G>A	1	representative_allele_is_somatic_truth
5544	44411232:576:SNP:T>C	1	representative_allele_is_somatic_truth
5545	44415509:163:SNP:T>C	1	representative_allele_is_somatic_truth
5547	44418443:60:SNP:C>T	1	representative_allele_is_somatic_truth
5548	44420162:27:SNP:C>T	1	representative_allele_is_somatic_truth
5550	44439433:81:SNP:C>T	1	representative_allele_is_somatic_truth
5553	44449626:197:SNP:G>T	1	representative_allele_is_somatic_truth
5554	44456308:343:SNP:G>C	1	representative_allele_is_somatic_truth
5555	44456315:39:SNP:G>A	1	representative_allele_is_somatic_truth
5556	44458837:383:SNP:A>C	1	representative_allele_is_somatic_truth
5558	44462549:160:SNP:C>T	1	representative_allele_is_somatic_truth
5559	44463443:60:SNP:A>G	1	representative_allele_is_somatic_truth
5561	44466939:3:SNP:A>C	1	representative_allele_is_somatic_truth
5562	44466942:35:SNP:G>T	1	representative_allele_is_somatic_truth
5568	44474069:46:SNP:C>T	1	representative_allele_is_somatic_truth
5572	44482839:190:SNP:T>C	1	representative_allele_is_somatic_truth
5574	44485294:12:SNP:A>T	1	representative_allele_is_somatic_truth
5575	44485703:97:SNP:C>A	1	representative_allele_is_somatic_truth
5580	44491422:4:SNP:G>T	1	representative_allele_is_somatic_truth
5581	44492102:9:SNP:C>T	1	representative_allele_is_somatic_truth
5583	44493843:72:SNP:G>T	1	representative_allele_is_somatic_truth
5586	44503073:409:SNP:A>G	1	representative_allele_is_somatic_truth
5596	44540895:75:SNP:C>G	1	representative_allele_is_somatic_truth
5597	44541002:167:SNP:G>A	1	representative_allele_is_somatic_truth
5598	44542287:3:SNP:C>T	1	representative_allele_is_somatic_truth
5604	44556074:232:SNP:G>A	1	representative_allele_is_somatic_truth
5606	44562783:92:SNP:C>T	1	representative_allele_is_somatic_truth
5609	44568077:64:SNP:G>C	1	representative_allele_is_somatic_truth
5610	44568077:65:SNP:G>T	1	representative_allele_is_somatic_truth
5612	44573850:69:SNP:T>C	1	representative_allele_is_somatic_truth
5615	44575937:63:SNP:G>A	1	representative_allele_is_somatic_truth
5616	44578476:57:SNP:C>T	1	representative_allele_is_somatic_truth
5618	44581229:592:SNP:G>A	1	representative_allele_is_somatic_truth
5620	44593989:209:SNP:G>C	1	representative_allele_is_somatic_truth
5622	44598417:25:SNP:T>A	1	representative_allele_is_somatic_truth
5626	44613513:141:SNP:C>T	1	representative_allele_is_somatic_truth
5627	44613513:150:SNP:C>T	1	representative_allele_is_somatic_truth
5628	44613516:53:SNP:C>T	1	representative_allele_is_somatic_truth
5632	44666807:193:SNP:C>T	1	representative_allele_is_somatic_truth
5634	44688564:105:SNP:A>G	1	representative_allele_is_somatic_truth
5640	44709202:213:SNP:C>T	1	representative_allele_is_somatic_truth
5641	44712272:190:SNP:G>A	1	representative_allele_is_somatic_truth
5643	44748172:61:SNP:G>T	1	representative_allele_is_somatic_truth
5644	44748436:0:SNP:G>A	1	representative_allele_is_somatic_truth
5645	44780845:82:SNP:G>A	1	representative_allele_is_somatic_truth
5650	44791241:160:SNP:G>A	1	representative_allele_is_somatic_truth
5649	44794107:142:SNP:A>T	1	representative_allele_is_somatic_truth
5647	44797103:252:SNP:C>G	1	representative_allele_is_somatic_truth
5646	44813044:6:SNP:G>T	1	representative_allele_is_somatic_truth
4642	44878298:25:SNP:G>C	1	representative_allele_is_somatic_truth
4643	44884104:35:SNP:G>A	1	representative_allele_is_somatic_truth
4644	44891941:14:SNP:C>A	1	representative_allele_is_somatic_truth
4645	44892430:70:SNP:C>T	1	representative_allele_is_somatic_truth
4646	44894279:203:SNP:C>G	1	representative_allele_is_somatic_truth
4647	44895901:120:SNP:G>T	1	representative_allele_is_somatic_truth
4648	44896123:43:SNP:A>T	1	representative_allele_is_somatic_truth
4653	44903724:275:SNP:C>T	1	representative_allele_is_somatic_truth
5654	44930749:337:SNP:T>A	1	representative_allele_is_somatic_truth
5656	44957345:286:SNP:C>A	1	representative_allele_is_somatic_truth
5657	44977635:36:SNP:G>A	1	representative_allele_is_somatic_truth
5658	44981766:98:SNP:A>T	1	representative_allele_is_somatic_truth
5659	44982322:34:SNP:G>C	1	representative_allele_is_somatic_truth
5660	44985790:366:SNP:C>T	1	representative_allele_is_somatic_truth
5661	44989483:77:SNP:C>T	1	representative_allele_is_somatic_truth
5667	45015764:44:SNP:G>T	1	representative_allele_is_somatic_truth
5668	45017585:76:SNP:C>G	1	representative_allele_is_somatic_truth
5670	45026161:25:SNP:G>T	1	representative_allele_is_somatic_truth
5671	45028013:396:SNP:T>G	1	representative_allele_is_somatic_truth
5675	45036426:293:SNP:G>C	1	representative_allele_is_somatic_truth
5677	45044772:65:SNP:C>G	1	representative_allele_is_somatic_truth
5682	45082317:73:SNP:C>G	1	representative_allele_is_somatic_truth
5683	45091408:199:SNP:G>A	1	representative_allele_is_somatic_truth
5684	45093929:85:SNP:C>A	1	representative_allele_is_somatic_truth
5685	45101378:306:SNP:G>A	1	representative_allele_is_somatic_truth
5688	45106772:69:SNP:C>T	1	representative_allele_is_somatic_truth
5689	45108890:30:SNP:C>T	1	representative_allele_is_somatic_truth
5694	45120770:10:SNP:A>G	1	representative_allele_is_somatic_truth
5696	45124140:84:SNP:A>C	1	representative_allele_is_somatic_truth
5700	45135004:0:SNP:G>A	1	representative_allele_is_somatic_truth
5703	45149217:0:SNP:G>A	1	representative_allele_is_somatic_truth
5704	45151229:67:SNP:T>C	1	representative_allele_is_somatic_truth
5708	45175900:102:SNP:A>G	1	representative_allele_is_somatic_truth
5711	45178425:61:SNP:C>A	1	representative_allele_is_somatic_truth
5712	45178425:62:SNP:T>A	1	representative_allele_is_somatic_truth
5714	45194141:105:SNP:C>A	1	representative_allele_is_somatic_truth
5717	45204214:433:SNP:G>T	1	representative_allele_is_somatic_truth
5719	45214348:22:SNP:A>G	1	representative_allele_is_somatic_truth
5720	45216505:82:SNP:C>A	1	representative_allele_is_somatic_truth
5721	45217081:115:SNP:G>C	1	representative_allele_is_somatic_truth
5723	45228054:158:SNP:G>C	1	representative_allele_is_somatic_truth
5724	45232303:306:SNP:G>A	1	representative_allele_is_somatic_truth
5725	45234875:186:SNP:G>A	1	representative_allele_is_somatic_truth
5727	45243807:137:SNP:G>A	1	representative_allele_is_somatic_truth
5738	45349124:250:SNP:A>G	1	representative_allele_is_somatic_truth
5739	45349574:1:SNP:T>A	1	representative_allele_is_somatic_truth
5740	45363366:61:SNP:C>T	1	representative_allele_is_somatic_truth
5743	45379320:226:SNP:G>A	1	representative_allele_is_somatic_truth
5751	45397797:0:SNP:A>T	1	representative_allele_is_somatic_truth
5753	45407790:22:SNP:C>A	1	representative_allele_is_somatic_truth
5755	45449844:623:SNP:G>T	1	representative_allele_is_somatic_truth
5756	45452664:1:SNP:C>T	1	representative_allele_is_somatic_truth
5757	45471529:187:SNP:C>T	1	representative_allele_is_somatic_truth
5758	45474044:19:SNP:T>G	1	representative_allele_is_somatic_truth
5761	45493081:87:SNP:G>A	1	representative_allele_is_somatic_truth
5767	45505286:265:SNP:T>A	1	representative_allele_is_somatic_truth
5769	45513955:626:SNP:G>A	1	representative_allele_is_somatic_truth
5771	45543496:0:SNP:G>C	1	representative_allele_is_somatic_truth
5775	45559114:296:SNP:G>A	1	representative_allele_is_somatic_truth
5777	45579520:0:SNP:A>C	1	representative_allele_is_somatic_truth
5778	45613647:0:SNP:A>T	1	representative_allele_is_somatic_truth
5779	45619385:756:SNP:T>C	1	representative_allele_is_somatic_truth
5780	45623867:71:SNP:G>A	1	representative_allele_is_somatic_truth
5781	45653390:10:SNP:C>T	1	representative_allele_is_somatic_truth
5786	45720279:196:SNP:C>T	1	representative_allele_is_somatic_truth
5788	45725259:30:SNP:T>A	1	representative_allele_is_somatic_truth
5789	45725259:31:SNP:C>A	1	representative_allele_is_somatic_truth
5790	45761600:130:SNP:G>A	1	representative_allele_is_somatic_truth
5794	45808283:101:SNP:C>A	1	representative_allele_is_somatic_truth
5795	45810819:182:SNP:A>G	1	representative_allele_is_somatic_truth
5797	45821519:145:SNP:G>T	1	representative_allele_is_somatic_truth
5798	45822056:76:SNP:C>T	1	representative_allele_is_somatic_truth
5799	45842323:135:SNP:T>C	1	representative_allele_is_somatic_truth
5801	45855886:7:SNP:G>A	1	representative_allele_is_somatic_truth
5802	45857705:63:SNP:C>T	1	representative_allele_is_somatic_truth
5804	45868307:11:SNP:G>A	1	representative_allele_is_somatic_truth
5807	45903511:466:SNP:C>G	1	representative_allele_is_somatic_truth
5808	45907368:64:SNP:C>A	1	representative_allele_is_somatic_truth
5809	45909898:42:SNP:G>A	1	representative_allele_is_somatic_truth
5810	45915733:203:SNP:G>T	1	representative_allele_is_somatic_truth
5812	45934946:53:SNP:C>A	1	representative_allele_is_somatic_truth
5813	45935885:110:SNP:A>C	1	representative_allele_is_somatic_truth
5822	45966398:121:SNP:C>A	1	representative_allele_is_somatic_truth
5824	45971255:71:SNP:A>C	1	representative_allele_is_somatic_truth
5827	45976314:3:SNP:G>A	1	representative_allele_is_somatic_truth
5833	46008822:114:SNP:T>C	1	representative_allele_is_somatic_truth
5834	46009463:7:SNP:G>A	1	representative_allele_is_somatic_truth
5837	46017170:339:SNP:G>A	1	representative_allele_is_somatic_truth
5865	46049814:135:SNP:T>G	1	representative_allele_is_somatic_truth
5867	46073567:20:SNP:A>G	1	representative_allele_is_somatic_truth
5870	46075584:8:SNP:G>C	1	representative_allele_is_somatic_truth
5872	46078501:80:SNP:C>T	1	representative_allele_is_somatic_truth
5873	46079088:228:SNP:G>A	1	representative_allele_is_somatic_truth
5883	46101469:153:SNP:T>G	1	representative_allele_is_somatic_truth
5884	46107301:252:SNP:C>A	1	representative_allele_is_somatic_truth
5887	46112628:25:SNP:G>A	1	representative_allele_is_somatic_truth
5889	46117945:90:SNP:G>T	1	representative_allele_is_somatic_truth
5892	46125989:25:SNP:T>G	1	representative_allele_is_somatic_truth
5893	46126165:154:SNP:C>T	1	representative_allele_is_somatic_truth
5895	46126716:701:SNP:T>A	1	representative_allele_is_somatic_truth
5896	46127381:163:SNP:T>G	1	representative_allele_is_somatic_truth
5897	46128113:70:SNP:T>C	1	representative_allele_is_somatic_truth
5900	46129016:66:SNP:C>T	1	representative_allele_is_somatic_truth
5902	46134034:51:SNP:C>A	1	representative_allele_is_somatic_truth
5904	46135254:51:SNP:T>C	1	representative_allele_is_somatic_truth
5905	46135322:13:SNP:G>T	1	representative_allele_is_somatic_truth
5906	46135712:148:SNP:A>G	1	representative_allele_is_somatic_truth
5907	46136626:56:SNP:C>T	1	representative_allele_is_somatic_truth
5909	46141187:217:SNP:G>A	1	representative_allele_is_somatic_truth
5911	46145552:98:SNP:C>T	1	representative_allele_is_somatic_truth
5912	46147373:425:SNP:A>G	1	representative_allele_is_somatic_truth
5914	46148765:46:SNP:G>A	1	representative_allele_is_somatic_truth
5915	46150171:227:SNP:A>C	1	representative_allele_is_somatic_truth
5917	46151676:154:SNP:A>T	1	representative_allele_is_somatic_truth
5919	46156349:54:SNP:C>T	1	representative_allele_is_somatic_truth
5921	46161118:372:SNP:G>T	1	representative_allele_is_somatic_truth
5926	46175447:222:SNP:C>G	1	representative_allele_is_somatic_truth
5927	46176487:24:SNP:C>T	1	representative_allele_is_somatic_truth
5928	46178578:103:SNP:G>T	1	representative_allele_is_somatic_truth
5929	46181012:298:SNP:C>G	1	representative_allele_is_somatic_truth
5931	46183383:226:SNP:C>T	1	representative_allele_is_somatic_truth
5932	46185294:19:SNP:G>A	1	representative_allele_is_somatic_truth
5933	46186225:306:SNP:C>G	1	representative_allele_is_somatic_truth
5935	46188671:173:SNP:C>A	1	representative_allele_is_somatic_truth
5936	46189554:193:SNP:A>G	1	representative_allele_is_somatic_truth
5937	46190370:0:SNP:G>T	1	representative_allele_is_somatic_truth
5938	46191476:68:SNP:C>A	1	representative_allele_is_somatic_truth
5939	46192166:127:SNP:G>T	1	representative_allele_is_somatic_truth
5940	46192166:128:SNP:G>T	1	representative_allele_is_somatic_truth
5943	46193870:8:SNP:A>G	1	representative_allele_is_somatic_truth
5944	46199482:3:SNP:G>A	1	representative_allele_is_somatic_truth
5946	46200812:158:SNP:A>G	1	representative_allele_is_somatic_truth
5947	46201370:272:SNP:G>C	1	representative_allele_is_somatic_truth
5948	46204259:128:SNP:C>A	1	representative_allele_is_somatic_truth
5950	46206242:108:SNP:G>A	1	representative_allele_is_somatic_truth
5952	46212093:344:SNP:C>T	1	representative_allele_is_somatic_truth
5955	46220727:18:SNP:G>A	1	representative_allele_is_somatic_truth
5956	46223853:191:SNP:G>T	1	representative_allele_is_somatic_truth
5960	46233021:80:SNP:G>A	1	representative_allele_is_somatic_truth
5962	46238630:135:SNP:A>G	1	representative_allele_is_somatic_truth
5963	46241946:78:SNP:T>A	1	representative_allele_is_somatic_truth
5964	46243164:243:SNP:G>A	1	representative_allele_is_somatic_truth
5965	46246751:34:SNP:C>G	1	representative_allele_is_somatic_truth
5968	46252807:80:SNP:C>T	1	representative_allele_is_somatic_truth
5969	46258280:55:SNP:C>G	1	representative_allele_is_somatic_truth
5970	46259124:242:SNP:G>A	1	representative_allele_is_somatic_truth
5976	46265333:547:SNP:C>T	1	representative_allele_is_somatic_truth
5978	46268151:263:SNP:T>A	1	representative_allele_is_somatic_truth
5980	46268913:164:SNP:C>T	1	representative_allele_is_somatic_truth
5983	46279250:277:SNP:G>T	1	representative_allele_is_somatic_truth
5984	46279427:100:SNP:A>T	1	representative_allele_is_somatic_truth
5989	46284728:2:SNP:C>T	1	representative_allele_is_somatic_truth
5990	46286162:133:SNP:C>A	1	representative_allele_is_somatic_truth
5991	46288998:93:SNP:A>C	1	representative_allele_is_somatic_truth
5992	46293205:26:SNP:G>A	1	representative_allele_is_somatic_truth
5993	46293950:36:SNP:G>T	1	representative_allele_is_somatic_truth
5994	46299148:117:SNP:G>A	1	representative_allele_is_somatic_truth
5996	46300208:591:SNP:C>A	1	representative_allele_is_somatic_truth
5997	46303302:141:SNP:G>A	1	representative_allele_is_somatic_truth
5998	46304705:132:SNP:A>T	1	representative_allele_is_somatic_truth
5999	46305120:31:SNP:G>A	1	representative_allele_is_somatic_truth
6000	46308551:259:SNP:C>G	1	representative_allele_is_somatic_truth
6001	46308551:372:SNP:C>T	1	representative_allele_is_somatic_truth
6002	46312167:19:SNP:G>A	1	representative_allele_is_somatic_truth
6006	46322719:16:SNP:G>A	1	representative_allele_is_somatic_truth
6007	46331932:80:SNP:C>G	1	representative_allele_is_somatic_truth
6010	46337838:304:SNP:C>T	1	representative_allele_is_somatic_truth
6011	46337838:425:SNP:C>G	1	representative_allele_is_somatic_truth
6012	46337838:442:SNP:C>T	1	representative_allele_is_somatic_truth
6013	46337841:191:SNP:C>T	1	representative_allele_is_somatic_truth
6014	46337841:228:SNP:C>G	1	representative_allele_is_somatic_truth
6017	46338596:11:SNP:A>C	1	representative_allele_is_somatic_truth
6018	46351642:71:SNP:G>C	1	representative_allele_is_somatic_truth
6019	46361210:0:SNP:A>T	1	representative_allele_is_somatic_truth
6020	46361689:38:SNP:G>A	1	representative_allele_is_somatic_truth
6022	46367420:64:SNP:C>A	1	representative_allele_is_somatic_truth
6025	46376244:170:SNP:C>G	1	representative_allele_is_somatic_truth
6026	46376465:36:SNP:T>C	1	representative_allele_is_somatic_truth
6028	46381130:85:SNP:A>T	1	representative_allele_is_somatic_truth
6029	46384700:178:SNP:C>G	1	representative_allele_is_somatic_truth
6032	46395905:54:SNP:T>G	1	representative_allele_is_somatic_truth
6033	46398489:935:SNP:A>G	1	representative_allele_is_somatic_truth
6034	46402245:23:SNP:G>A	1	representative_allele_is_somatic_truth
6129	46418818:182:SNP:G>A	1	representative_allele_is_somatic_truth
6131	46423427:0:SNP:G>A	1	representative_allele_is_somatic_truth
6132	46426955:136:SNP:G>C	1	representative_allele_is_somatic_truth
6133	46429312:120:SNP:T>A	1	representative_allele_is_somatic_truth
6136	46441434:291:SNP:G>T	1	representative_allele_is_somatic_truth
6138	46444997:120:SNP:T>A	1	representative_allele_is_somatic_truth
6139	46450523:326:SNP:C>T	1	representative_allele_is_somatic_truth
6144	46463654:41:SNP:G>T	1	representative_allele_is_somatic_truth
6145	46465757:22:SNP:T>G	1	representative_allele_is_somatic_truth
6146	46466257:319:SNP:G>A	1	representative_allele_is_somatic_truth
6148	46471356:188:SNP:C>T	1	representative_allele_is_somatic_truth
6149	46473320:280:SNP:G>T	1	representative_allele_is_somatic_truth
6151	46474074:147:SNP:G>T	1	representative_allele_is_somatic_truth
6153	46483660:7:SNP:A>T	1	representative_allele_is_somatic_truth
6154	46494076:27:SNP:G>T	1	representative_allele_is_somatic_truth
6156	46509379:61:SNP:C>G	1	representative_allele_is_somatic_truth
6164	46524349:110:SNP:T>C	1	representative_allele_is_somatic_truth
6166	46525714:26:SNP:T>A	1	representative_allele_is_somatic_truth
6168	46529927:147:SNP:G>A	1	representative_allele_is_somatic_truth
6169	46531596:83:SNP:C>T	1	representative_allele_is_somatic_truth
6172	46535971:150:SNP:G>A	1	representative_allele_is_somatic_truth
6174	46540361:39:SNP:A>T	1	representative_allele_is_somatic_truth
6175	46541549:203:SNP:G>C	1	representative_allele_is_somatic_truth
6176	46544470:25:SNP:G>A	1	representative_allele_is_somatic_truth
6177	46548430:548:SNP:G>C	1	representative_allele_is_somatic_truth
6179	46554516:0:SNP:T>C	1	representative_allele_is_somatic_truth
6181	46557561:127:SNP:G>A	1	representative_allele_is_somatic_truth
6182	46557847:63:SNP:G>A	1	representative_allele_is_somatic_truth
6183	46562904:9:SNP:C>T	1	representative_allele_is_somatic_truth
6185	46574564:283:SNP:G>T	1	representative_allele_is_somatic_truth
6188	46576383:113:SNP:G>A	1	representative_allele_is_somatic_truth
6189	46577474:96:SNP:G>A	1	representative_allele_is_somatic_truth
6190	46579067:64:SNP:T>C	1	representative_allele_is_somatic_truth
6191	46587289:60:SNP:G>A	1	representative_allele_is_somatic_truth
6193	46590679:104:SNP:G>A	1	representative_allele_is_somatic_truth
6202	46645539:77:SNP:G>A	1	representative_allele_is_somatic_truth
6204	46685377:8:SNP:G>T	1	representative_allele_is_somatic_truth
6211	46724509:144:SNP:C>T	1	representative_allele_is_somatic_truth
6213	46750474:171:SNP:G>A	1	representative_allele_is_somatic_truth
6214	46753264:1:SNP:G>A	1	representative_allele_is_somatic_truth
6217	46760462:189:SNP:A>G	1	representative_allele_is_somatic_truth
6218	46764238:83:SNP:C>T	1	representative_allele_is_somatic_truth
6219	46775018:35:SNP:T>A	1	representative_allele_is_somatic_truth
6220	46780651:30:SNP:G>C	1	representative_allele_is_somatic_truth
6221	46781107:41:SNP:T>C	1	representative_allele_is_somatic_truth
6225	46807085:257:SNP:G>C	1	representative_allele_is_somatic_truth
6226	46807987:10:SNP:T>A	1	representative_allele_is_somatic_truth
6227	46822755:239:SNP:G>T	1	representative_allele_is_somatic_truth
6231	46846621:196:SNP:G>T	1	representative_allele_is_somatic_truth
6233	46859261:66:SNP:T>A	1	representative_allele_is_somatic_truth
6238	46873569:134:SNP:C>T	1	representative_allele_is_somatic_truth
6240	46882922:72:SNP:T>C	1	representative_allele_is_somatic_truth
6241	46883967:132:SNP:G>A	1	representative_allele_is_somatic_truth
6243	46887132:64:SNP:C>T	1	representative_allele_is_somatic_truth
6246	46892100:236:SNP:G>A	1	representative_allele_is_somatic_truth
6248	46893841:246:SNP:G>A	1	representative_allele_is_somatic_truth
6250	46899361:118:SNP:T>G	1	representative_allele_is_somatic_truth
6251	46899361:216:SNP:G>T	1	representative_allele_is_somatic_truth
6252	46900528:72:SNP:G>A	1	representative_allele_is_somatic_truth
6253	46903541:20:SNP:C>G	1	representative_allele_is_somatic_truth
6254	46904784:15:SNP:C>T	1	representative_allele_is_somatic_truth
6261	46922515:113:SNP:C>T	1	representative_allele_is_somatic_truth
6263	46926290:95:SNP:G>A	1	representative_allele_is_somatic_truth
6264	46930251:3:SNP:T>G	1	representative_allele_is_somatic_truth
6270	46951080:292:SNP:A>T	1	representative_allele_is_somatic_truth
6271	46951080:293:SNP:G>T	1	representative_allele_is_somatic_truth
6276	46960735:179:SNP:A>T	1	representative_allele_is_somatic_truth
6277	46962462:37:SNP:C>T	1	representative_allele_is_somatic_truth
6278	46963238:228:SNP:A>G	1	representative_allele_is_somatic_truth
6279	46964605:223:SNP:C>T	1	representative_allele_is_somatic_truth
6280	46964957:85:SNP:A>T	1	representative_allele_is_somatic_truth
6282	46967627:0:SNP:G>A	1	representative_allele_is_somatic_truth
6283	46973638:69:SNP:C>G	1	representative_allele_is_somatic_truth
6284	46975135:137:SNP:T>C	1	representative_allele_is_somatic_truth
6285	46975135:138:SNP:G>T	1	representative_allele_is_somatic_truth
6286	46979555:89:SNP:T>G	1	representative_allele_is_somatic_truth
6290	46989333:223:SNP:C>G	1	representative_allele_is_somatic_truth
6291	46995612:241:SNP:C>T	1	representative_allele_is_somatic_truth
6292	47008707:31:SNP:G>A	1	representative_allele_is_somatic_truth
6294	47023098:23:SNP:C>T	1	representative_allele_is_somatic_truth
5652	47045053:68:SNP:C>G	1	representative_allele_is_somatic_truth
6342	47066388:0:SNP:G>T	1	representative_allele_is_somatic_truth
6343	47066388:1:SNP:A>C	1	representative_allele_is_somatic_truth
6341	47069698:12:SNP:G>A	1	representative_allele_is_somatic_truth
6336	47081950:394:SNP:G>A	1	representative_allele_is_somatic_truth
6335	47085882:191:SNP:G>A	1	representative_allele_is_somatic_truth
6333	47093554:47:SNP:A>T	1	representative_allele_is_somatic_truth
6332	47094770:488:SNP:C>T	1	representative_allele_is_somatic_truth
6330	47099409:38:SNP:T>A	1	representative_allele_is_somatic_truth
6328	47103234:127:SNP:C>G	1	representative_allele_is_somatic_truth
6324	47154619:73:SNP:G>C	1	representative_allele_is_somatic_truth
6322	47159802:124:SNP:G>T	1	representative_allele_is_somatic_truth
6319	47165256:667:SNP:A>C	1	representative_allele_is_somatic_truth
6318	47169510:57:SNP:C>T	1	representative_allele_is_somatic_truth
6315	47193978:14:SNP:G>A	1	representative_allele_is_somatic_truth
6309	47231440:65:SNP:T>G	1	representative_allele_is_somatic_truth
6308	47241146:4:SNP:C>T	1	representative_allele_is_somatic_truth
6307	47241518:59:SNP:C>T	1	representative_allele_is_somatic_truth
6305	47244548:354:SNP:C>T	1	representative_allele_is_somatic_truth
6303	47248642:164:SNP:G>A	1	representative_allele_is_somatic_truth
6300	47250656:33:SNP:C>A	1	representative_allele_is_somatic_truth
6301	47250656:34:SNP:A>C	1	representative_allele_is_somatic_truth
6296	47263437:25:SNP:C>T	1	representative_allele_is_somatic_truth
6372	47288224:117:SNP:G>T	1	representative_allele_is_somatic_truth
6363	47342836:421:SNP:T>C	1	representative_allele_is_somatic_truth
6362	47346589:38:SNP:C>A	1	representative_allele_is_somatic_truth
6360	47350627:0:SNP:C>A	1	representative_allele_is_somatic_truth
6356	47362166:44:SNP:A>G	1	representative_allele_is_somatic_truth
6355	47362566:244:SNP:G>C	1	representative_allele_is_somatic_truth
6354	47367095:694:SNP:C>T	1	representative_allele_is_somatic_truth
6353	47385715:11:SNP:G>A	1	representative_allele_is_somatic_truth
6351	47398822:79:SNP:G>C	1	representative_allele_is_somatic_truth
6350	47401707:362:SNP:C>T	1	representative_allele_is_somatic_truth
6349	47403210:32:SNP:A>T	1	representative_allele_is_somatic_truth
6347	47409607:83:SNP:G>A	1	representative_allele_is_somatic_truth
6427	47414046:12:SNP:C>T	1	representative_allele_is_somatic_truth
6431	47429517:285:SNP:G>A	1	representative_allele_is_somatic_truth
6433	47436015:72:SNP:A>G	1	representative_allele_is_somatic_truth
6436	47441983:86:SNP:A>T	1	representative_allele_is_somatic_truth
6445	47472281:30:SNP:C>A	1	representative_allele_is_somatic_truth
6446	47477853:390:SNP:C>T	1	representative_allele_is_somatic_truth
6449	47501114:45:SNP:G>A	1	representative_allele_is_somatic_truth
6450	47501713:13:SNP:G>A	1	representative_allele_is_somatic_truth
6451	47504444:0:SNP:G>T	1	representative_allele_is_somatic_truth
6452	47516111:42:SNP:G>A	1	representative_allele_is_somatic_truth
6453	47531803:70:SNP:C>T	1	representative_allele_is_somatic_truth
6126	47545433:23:SNP:G>A	1	representative_allele_is_somatic_truth
6125	47550306:254:SNP:T>A	1	representative_allele_is_somatic_truth
6121	47567323:462:SNP:G>A	1	representative_allele_is_somatic_truth
6118	47567807:64:SNP:C>T	1	representative_allele_is_somatic_truth
6115	47584568:38:SNP:C>T	1	representative_allele_is_somatic_truth
6114	47586507:255:SNP:C>A	1	representative_allele_is_somatic_truth
6113	47587380:96:SNP:A>G	1	representative_allele_is_somatic_truth
6112	47590919:63:SNP:G>A	1	representative_allele_is_somatic_truth
6111	47591652:67:SNP:A>T	1	representative_allele_is_somatic_truth
6105	47601235:191:SNP:T>A	1	representative_allele_is_somatic_truth
6103	47612770:8:SNP:A>T	1	representative_allele_is_somatic_truth
6101	47622077:555:SNP:C>T	1	representative_allele_is_somatic_truth
6092	47635669:344:SNP:C>T	1	representative_allele_is_somatic_truth
6091	47637926:201:SNP:G>C	1	representative_allele_is_somatic_truth
6090	47638826:6:SNP:C>A	1	representative_allele_is_somatic_truth
6089	47642872:8:SNP:A>T	1	representative_allele_is_somatic_truth
6086	47660068:76:SNP:G>A	1	representative_allele_is_somatic_truth
6085	47661439:388:SNP:C>T	1	representative_allele_is_somatic_truth
6082	47668219:51:SNP:T>A	1	representative_allele_is_somatic_truth
6081	47671588:129:SNP:C>G	1	representative_allele_is_somatic_truth
6079	47675115:155:SNP:G>A	1	representative_allele_is_somatic_truth
6076	47701537:41:SNP:G>C	1	representative_allele_is_somatic_truth
6074	47704498:81:SNP:A>G	1	representative_allele_is_somatic_truth
6071	47707684:0:SNP:G>A	1	representative_allele_is_somatic_truth
6068	47714322:215:SNP:C>T	1	representative_allele_is_somatic_truth
6066	47721585:215:SNP:G>A	1	representative_allele_is_somatic_truth
6065	47724589:310:SNP:T>A	1	representative_allele_is_somatic_truth
6064	47727647:82:SNP:G>C	1	representative_allele_is_somatic_truth
6061	47740468:383:SNP:T>C	1	representative_allele_is_somatic_truth
6060	47743195:58:SNP:C>A	1	representative_allele_is_somatic_truth
6058	47756130:18:SNP:T>C	1	representative_allele_is_somatic_truth
6056	47765027:275:SNP:G>A	1	representative_allele_is_somatic_truth
6054	47767207:138:SNP:G>T	1	representative_allele_is_somatic_truth
6053	47767372:246:SNP:C>A	1	representative_allele_is_somatic_truth
6052	47769697:35:SNP:A>T	1	representative_allele_is_somatic_truth
6049	47792300:124:SNP:G>T	1	representative_allele_is_somatic_truth
6044	47825419:12:SNP:G>A	1	representative_allele_is_somatic_truth
6043	47844541:105:SNP:A>T	1	representative_allele_is_somatic_truth
6040	47853967:0:SNP:A>G	1	representative_allele_is_somatic_truth
6039	47863434:21:SNP:C>T	1	representative_allele_is_somatic_truth
6038	47867460:95:SNP:A>G	1	representative_allele_is_somatic_truth
6036	47873706:14:SNP:G>T	1	representative_allele_is_somatic_truth
6403	47930711:632:SNP:A>C	1	representative_allele_is_somatic_truth
6402	47933482:22:SNP:G>A	1	representative_allele_is_somatic_truth
6401	47935736:7:SNP:G>C	1	representative_allele_is_somatic_truth
6400	47940731:104:SNP:G>C	1	representative_allele_is_somatic_truth
6399	47940949:145:SNP:G>A	1	representative_allele_is_somatic_truth
6394	47980544:3:SNP:G>C	1	representative_allele_is_somatic_truth
6392	47985657:9:SNP:G>C	1	representative_allele_is_somatic_truth
6391	47988567:23:SNP:G>A	1	representative_allele_is_somatic_truth
6386	48004210:9:SNP:C>T	1	representative_allele_is_somatic_truth
6384	48007308:373:SNP:C>T	1	representative_allele_is_somatic_truth
6383	48011678:25:SNP:G>T	1	representative_allele_is_somatic_truth
6378	48052897:99:SNP:T>C	1	representative_allele_is_somatic_truth
6376	48066296:24:SNP:C>A	1	representative_allele_is_somatic_truth
6375	48066586:143:SNP:G>A	1	representative_allele_is_somatic_truth
6374	48067998:35:SNP:G>C	1	representative_allele_is_somatic_truth
6463	48111382:193:SNP:G>A	1	representative_allele_is_somatic_truth
6461	48114869:75:SNP:G>A	1	representative_allele_is_somatic_truth
6459	48141564:136:SNP:G>A	1	representative_allele_is_somatic_truth
6457	48161709:47:SNP:T>C	1	representative_allele_is_somatic_truth
6455	48170639:15:SNP:G>A	1	representative_allele_is_somatic_truth
6412	48213902:22:SNP:C>A	1	representative_allele_is_somatic_truth
6411	48224607:347:SNP:G>T	1	representative_allele_is_somatic_truth
6407	48242208:81:SNP:G>A	1	representative_allele_is_somatic_truth
6405	48257820:5:SNP:A>C	1	representative_allele_is_somatic_truth
6404	48260258:58:SNP:G>A	1	representative_allele_is_somatic_truth
5862	48272500:178:SNP:G>A	1	representative_allele_is_somatic_truth
5861	48282609:72:SNP:C>T	1	representative_allele_is_somatic_truth
5860	48283850:37:SNP:A>T	1	representative_allele_is_somatic_truth
5859	48287794:16:SNP:G>A	1	representative_allele_is_somatic_truth
5858	48289802:233:SNP:C>G	1	representative_allele_is_somatic_truth
5857	48293582:35:SNP:T>C	1	representative_allele_is_somatic_truth
5854	48324197:164:SNP:C>G	1	representative_allele_is_somatic_truth
5853	48325809:187:SNP:C>T	1	representative_allele_is_somatic_truth
5852	48327352:38:SNP:T>C	1	representative_allele_is_somatic_truth
5844	48369656:33:SNP:C>T	1	representative_allele_is_somatic_truth
6423	48381411:25:SNP:G>A	1	representative_allele_is_somatic_truth
6422	48382340:264:SNP:T>C	1	representative_allele_is_somatic_truth
6418	48395334:5:SNP:T>G	1	representative_allele_is_somatic_truth
6416	48400681:75:SNP:G>C	1	representative_allele_is_somatic_truth
6464	48427077:4:SNP:G>A	1	representative_allele_is_somatic_truth
6467	48445040:27:SNP:C>G	1	representative_allele_is_somatic_truth
6469	48478481:3:SNP:G>A	1	representative_allele_is_somatic_truth
6470	48478814:98:SNP:G>A	1	representative_allele_is_somatic_truth
6471	48481995:37:SNP:T>C	1	representative_allele_is_somatic_truth
6472	48485812:25:SNP:C>A	1	representative_allele_is_somatic_truth
6473	48486203:227:SNP:G>A	1	representative_allele_is_somatic_truth
6475	48492153:12:SNP:G>C	1	representative_allele_is_somatic_truth
6476	48502235:200:SNP:G>C	1	representative_allele_is_somatic_truth
6479	48514087:16:SNP:T>C	1	representative_allele_is_somatic_truth
6480	48514087:17:SNP:C>G	1	representative_allele_is_somatic_truth
6481	48518602:0:SNP:A>T	1	representative_allele_is_somatic_truth
6483	48524759:9:SNP:G>A	1	representative_allele_is_somatic_truth
6486	48543202:106:SNP:G>T	1	representative_allele_is_somatic_truth
6487	48550699:187:SNP:A>G	1	representative_allele_is_somatic_truth
6489	48553452:38:SNP:G>C	1	representative_allele_is_somatic_truth
6490	48556866:19:SNP:C>T	1	representative_allele_is_somatic_truth
6491	48557459:478:SNP:T>C	1	representative_allele_is_somatic_truth
6492	48558311:1:SNP:G>C	1	representative_allele_is_somatic_truth
6493	48560668:127:SNP:C>T	1	representative_allele_is_somatic_truth
6497	48596515:78:SNP:A>T	1	representative_allele_is_somatic_truth
6499	48601577:128:SNP:G>A	1	representative_allele_is_somatic_truth
6500	48601611:47:SNP:G>C	1	representative_allele_is_somatic_truth
6504	48622076:57:SNP:C>T	1	representative_allele_is_somatic_truth
6505	48622076:68:SNP:C>G	1	representative_allele_is_somatic_truth
6506	48623954:301:SNP:G>A	1	representative_allele_is_somatic_truth
6959	48667683:31:SNP:A>T	1	representative_allele_is_somatic_truth
6988	48689596:0:SNP:T>A	1	representative_allele_is_somatic_truth
6989	48695289:233:SNP:A>T	1	representative_allele_is_somatic_truth
6990	48695532:23:SNP:C>G	1	representative_allele_is_somatic_truth
6991	48695535:33:SNP:C>A	1	representative_allele_is_somatic_truth
6992	48702233:131:SNP:G>A	1	representative_allele_is_somatic_truth
6994	48718299:16:SNP:G>T	1	representative_allele_is_somatic_truth
6999	48726524:16:SNP:T>C	1	representative_allele_is_somatic_truth
7000	48727514:94:SNP:C>T	1	representative_allele_is_somatic_truth
7003	48744783:0:SNP:T>A	1	representative_allele_is_somatic_truth
7008	48759437:1:SNP:T>A	1	representative_allele_is_somatic_truth
7010	48763496:73:SNP:C>T	1	representative_allele_is_somatic_truth
7011	48766113:36:SNP:G>A	1	representative_allele_is_somatic_truth
7012	48767948:106:SNP:T>A	1	representative_allele_is_somatic_truth
7014	48769826:262:SNP:C>G	1	representative_allele_is_somatic_truth
7025	48791923:19:SNP:G>A	1	representative_allele_is_somatic_truth
7032	48813703:150:SNP:C>A	1	representative_allele_is_somatic_truth
7042	48854052:48:SNP:G>A	1	representative_allele_is_somatic_truth
7045	48858897:1:SNP:T>C	1	representative_allele_is_somatic_truth
7047	48865069:213:SNP:C>T	1	representative_allele_is_somatic_truth
7048	48868525:163:SNP:C>G	1	representative_allele_is_somatic_truth
7049	48871868:79:SNP:T>C	1	representative_allele_is_somatic_truth
7050	48874492:78:SNP:A>T	1	representative_allele_is_somatic_truth
7051	48877166:635:SNP:G>C	1	representative_allele_is_somatic_truth
7052	48877169:162:SNP:G>A	1	representative_allele_is_somatic_truth
7053	48877169:166:SNP:G>A	1	representative_allele_is_somatic_truth
7054	48877176:66:SNP:G>A	1	representative_allele_is_somatic_truth
7055	48877176:90:SNP:G>A	1	representative_allele_is_somatic_truth
7056	48877196:66:SNP:G>A	1	representative_allele_is_somatic_truth
7057	48886063:5:SNP:C>T	1	representative_allele_is_somatic_truth
7058	48910206:36:SNP:C>T	1	representative_allele_is_somatic_truth
7060	48914828:4:SNP:G>A	1	representative_allele_is_somatic_truth
7061	48918602:134:SNP:G>A	1	representative_allele_is_somatic_truth
7064	48954942:421:SNP:A>G	1	representative_allele_is_somatic_truth
7065	48957264:233:SNP:T>A	1	representative_allele_is_somatic_truth
7067	48962997:35:SNP:C>T	1	representative_allele_is_somatic_truth
7073	48975108:181:SNP:C>T	1	representative_allele_is_somatic_truth
7076	48984129:275:SNP:G>A	1	representative_allele_is_somatic_truth
7077	48984942:9:SNP:A>G	1	representative_allele_is_somatic_truth
7079	48992048:35:SNP:G>T	1	representative_allele_is_somatic_truth
7083	49010852:40:SNP:G>A	1	representative_allele_is_somatic_truth
7085	49031059:26:SNP:C>T	1	representative_allele_is_somatic_truth
7087	49053904:15:SNP:G>A	1	representative_allele_is_somatic_truth
7088	49060957:0:SNP:A>G	1	representative_allele_is_somatic_truth
7090	49063201:58:SNP:G>A	1	representative_allele_is_somatic_truth
7093	49079826:76:SNP:C>A	1	representative_allele_is_somatic_truth
7094	49080934:20:SNP:A>G	1	representative_allele_is_somatic_truth
7095	49090706:83:SNP:C>T	1	representative_allele_is_somatic_truth
7096	49091625:10:SNP:A>T	1	representative_allele_is_somatic_truth
7097	49093339:86:SNP:A>G	1	representative_allele_is_somatic_truth
7098	49094566:172:SNP:A>G	1	representative_allele_is_somatic_truth
7099	49096068:88:SNP:G>A	1	representative_allele_is_somatic_truth
7101	49106220:43:SNP:A>G	1	representative_allele_is_somatic_truth
7102	49106818:183:SNP:C>T	1	representative_allele_is_somatic_truth
7104	49110497:57:SNP:G>T	1	representative_allele_is_somatic_truth
7105	49116104:446:SNP:C>A	1	representative_allele_is_somatic_truth
7106	49118893:128:SNP:G>T	1	representative_allele_is_somatic_truth
7107	49125066:79:SNP:C>A	1	representative_allele_is_somatic_truth
7108	49125340:56:SNP:G>C	1	representative_allele_is_somatic_truth
7110	49132021:9:SNP:C>A	1	representative_allele_is_somatic_truth
7113	49138627:47:SNP:G>A	1	representative_allele_is_somatic_truth
7115	49149699:422:SNP:G>A	1	representative_allele_is_somatic_truth
7116	49150429:68:SNP:G>C	1	representative_allele_is_somatic_truth
7118	49161037:131:SNP:G>A	1	representative_allele_is_somatic_truth
7119	49163055:107:SNP:A>T	1	representative_allele_is_somatic_truth
7120	49163094:117:SNP:G>T	1	representative_allele_is_somatic_truth
7122	49168714:240:SNP:A>G	1	representative_allele_is_somatic_truth
7123	49170207:64:SNP:C>T	1	representative_allele_is_somatic_truth
7126	49179746:328:SNP:G>C	1	representative_allele_is_somatic_truth
7127	49185757:180:SNP:G>A	1	representative_allele_is_somatic_truth
7128	49194450:161:SNP:G>T	1	representative_allele_is_somatic_truth
7130	49210290:296:SNP:T>A	1	representative_allele_is_somatic_truth
7132	49215809:291:SNP:G>A	1	representative_allele_is_somatic_truth
7135	49224573:63:SNP:G>A	1	representative_allele_is_somatic_truth
7139	49240892:51:SNP:C>A	1	representative_allele_is_somatic_truth
7140	49248379:66:SNP:C>T	1	representative_allele_is_somatic_truth
7141	49250591:263:SNP:G>A	1	representative_allele_is_somatic_truth
7142	49264927:13:SNP:C>T	1	representative_allele_is_somatic_truth
7146	49291764:69:SNP:C>A	1	representative_allele_is_somatic_truth
7147	49300096:210:SNP:C>G	1	representative_allele_is_somatic_truth
7154	49313833:201:SNP:C>A	1	representative_allele_is_somatic_truth
7158	49324756:58:SNP:G>T	1	representative_allele_is_somatic_truth
7160	49337785:294:SNP:T>A	1	representative_allele_is_somatic_truth
7161	49341728:481:SNP:C>A	1	representative_allele_is_somatic_truth
7168	49376868:45:SNP:C>T	1	representative_allele_is_somatic_truth
7172	49398834:92:SNP:G>A	1	representative_allele_is_somatic_truth
7173	49407753:17:SNP:C>A	1	representative_allele_is_somatic_truth
7174	49413055:348:SNP:C>A	1	representative_allele_is_somatic_truth
7176	49419870:316:SNP:C>T	1	representative_allele_is_somatic_truth
7178	49439865:36:SNP:G>A	1	representative_allele_is_somatic_truth
7181	49451209:12:SNP:G>T	1	representative_allele_is_somatic_truth
7205	49499865:454:SNP:T>G	1	representative_allele_is_somatic_truth
7209	49533345:145:SNP:G>T	1	representative_allele_is_somatic_truth
7210	49533345:146:SNP:A>T	1	representative_allele_is_somatic_truth
7213	49547636:78:SNP:G>C	1	representative_allele_is_somatic_truth
7214	49548099:132:SNP:G>C	1	representative_allele_is_somatic_truth
7219	49562116:92:SNP:C>T	1	representative_allele_is_somatic_truth
7223	49573837:168:SNP:C>T	1	representative_allele_is_somatic_truth
7226	49590835:106:SNP:A>T	1	representative_allele_is_somatic_truth
7230	49605475:278:SNP:G>A	1	representative_allele_is_somatic_truth
7232	49609074:180:SNP:A>T	1	representative_allele_is_somatic_truth
7234	49618197:233:SNP:G>C	1	representative_allele_is_somatic_truth
7235	49619503:261:SNP:T>G	1	representative_allele_is_somatic_truth
7236	49619885:172:SNP:C>T	1	representative_allele_is_somatic_truth
7238	49624141:102:SNP:T>A	1	representative_allele_is_somatic_truth
7239	49624796:561:SNP:G>A	1	representative_allele_is_somatic_truth
7240	49624880:432:SNP:G>A	1	representative_allele_is_somatic_truth
7241	49626875:22:SNP:C>A	1	representative_allele_is_somatic_truth
7244	49632512:30:SNP:T>A	1	representative_allele_is_somatic_truth
7247	49638576:126:SNP:G>A	1	representative_allele_is_somatic_truth
7248	49638807:346:SNP:T>A	1	representative_allele_is_somatic_truth
7253	49650854:403:SNP:T>A	1	representative_allele_is_somatic_truth
7255	49659478:181:SNP:A>G	1	representative_allele_is_somatic_truth
7258	49668994:52:SNP:C>T	1	representative_allele_is_somatic_truth
7259	49677698:169:SNP:T>G	1	representative_allele_is_somatic_truth
7260	49678636:25:SNP:T>A	1	representative_allele_is_somatic_truth
7262	49688847:96:SNP:G>A	1	representative_allele_is_somatic_truth
7264	49692148:657:SNP:G>C	1	representative_allele_is_somatic_truth
7268	49704116:239:SNP:C>T	1	representative_allele_is_somatic_truth
7269	49704737:21:SNP:A>C	1	representative_allele_is_somatic_truth
7271	49721694:376:SNP:C>T	1	representative_allele_is_somatic_truth
7272	49725026:0:SNP:G>T	1	representative_allele_is_somatic_truth
7275	49737064:144:SNP:G>T	1	representative_allele_is_somatic_truth
7276	49737934:37:SNP:C>T	1	representative_allele_is_somatic_truth
7277	49739281:129:SNP:C>A	1	representative_allele_is_somatic_truth
7278	49744138:188:SNP:C>A	1	representative_allele_is_somatic_truth
7279	49746355:360:SNP:C>A	1	representative_allele_is_somatic_truth
7283	49756486:117:SNP:G>C	1	representative_allele_is_somatic_truth
7287	49791648:74:SNP:C>T	1	representative_allele_is_somatic_truth
7288	49795225:19:SNP:T>G	1	representative_allele_is_somatic_truth
7289	49798713:106:SNP:G>C	1	representative_allele_is_somatic_truth
7290	49800925:0:SNP:A>C	1	representative_allele_is_somatic_truth
7291	49804958:454:SNP:G>A	1	representative_allele_is_somatic_truth
7292	49804961:535:SNP:G>T	1	representative_allele_is_somatic_truth
7293	49830232:103:SNP:T>C	1	representative_allele_is_somatic_truth
7294	49841503:91:SNP:G>A	1	representative_allele_is_somatic_truth
7295	49842424:259:SNP:G>A	1	representative_allele_is_somatic_truth
7296	49848378:2:SNP:G>C	1	representative_allele_is_somatic_truth
7297	49853345:61:SNP:A>C	1	representative_allele_is_somatic_truth
7309	49891320:77:SNP:C>T	1	representative_allele_is_somatic_truth
7310	49901771:387:SNP:G>A	1	representative_allele_is_somatic_truth
7312	49913843:339:SNP:C>T	1	representative_allele_is_somatic_truth
7313	49917953:81:SNP:T>C	1	representative_allele_is_somatic_truth
7314	49927207:84:SNP:A>T	1	representative_allele_is_somatic_truth
7316	49930848:249:SNP:G>A	1	representative_allele_is_somatic_truth
7317	49931687:38:SNP:C>A	1	representative_allele_is_somatic_truth
7320	49942924:2:SNP:G>T	1	representative_allele_is_somatic_truth
7321	49943831:99:SNP:C>A	1	representative_allele_is_somatic_truth
7324	49948841:45:SNP:G>T	1	representative_allele_is_somatic_truth
7326	49963210:2:SNP:G>A	1	representative_allele_is_somatic_truth
7330	49994290:0:SNP:G>A	1	representative_allele_is_somatic_truth
7333	49998717:0:SNP:C>A	1	representative_allele_is_somatic_truth
7334	49998718:0:SNP:C>A	1	representative_allele_is_somatic_truth
7338	50044661:57:SNP:G>A	1	representative_allele_is_somatic_truth
7339	50045592:52:SNP:C>T	1	representative_allele_is_somatic_truth
6986	50072452:65:SNP:G>A	1	representative_allele_is_somatic_truth
6985	50076097:4:SNP:C>A	1	representative_allele_is_somatic_truth
6984	50079514:296:SNP:C>T	1	representative_allele_is_somatic_truth
6983	50081306:34:SNP:C>A	1	representative_allele_is_somatic_truth
6977	50109533:154:SNP:A>T	1	representative_allele_is_somatic_truth
6974	50116077:69:SNP:A>G	1	representative_allele_is_somatic_truth
6973	50117743:0:SNP:T>A	1	representative_allele_is_somatic_truth
7341	50139293:577:SNP:G>A	1	representative_allele_is_somatic_truth
6509	50147340:19:SNP:C>G	1	representative_allele_is_somatic_truth
6511	50161275:1:SNP:G>C	1	representative_allele_is_somatic_truth
6512	50162980:19:SNP:G>C	1	representative_allele_is_somatic_truth
6513	50170329:307:SNP:G>C	1	representative_allele_is_somatic_truth
6515	50185737:24:SNP:C>T	1	representative_allele_is_somatic_truth
6516	50192988:556:SNP:G>T	1	representative_allele_is_somatic_truth
6517	50193554:435:SNP:C>T	1	representative_allele_is_somatic_truth
6518	50195517:389:SNP:A>C	1	representative_allele_is_somatic_truth
6520	50196194:219:SNP:G>C	1	representative_allele_is_somatic_truth
6522	50209238:55:SNP:A>G	1	representative_allele_is_somatic_truth
6525	50211698:89:SNP:C>T	1	representative_allele_is_somatic_truth
6526	50211718:66:SNP:C>G	1	representative_allele_is_somatic_truth
6527	50212196:27:SNP:C>T	1	representative_allele_is_somatic_truth
6529	50213832:668:SNP:T>C	1	representative_allele_is_somatic_truth
6530	50216218:0:SNP:G>T	1	representative_allele_is_somatic_truth
6532	50217701:364:SNP:C>A	1	representative_allele_is_somatic_truth
6535	50219651:65:SNP:T>C	1	representative_allele_is_somatic_truth
6538	50221693:26:SNP:C>A	1	representative_allele_is_somatic_truth
6539	50223024:214:SNP:C>G	1	representative_allele_is_somatic_truth
6542	50228535:4:SNP:C>T	1	representative_allele_is_somatic_truth
6546	50234399:46:SNP:C>T	1	representative_allele_is_somatic_truth
6548	50238348:18:SNP:C>A	1	representative_allele_is_somatic_truth
6550	50241258:450:SNP:T>C	1	representative_allele_is_somatic_truth
7343	50253040:69:SNP:C>T	1	representative_allele_is_somatic_truth
7344	50255755:49:SNP:T>A	1	representative_allele_is_somatic_truth
7345	50257657:90:SNP:C>G	1	representative_allele_is_somatic_truth
7346	50257670:387:SNP:G>T	1	representative_allele_is_somatic_truth
7348	50259822:60:SNP:G>A	1	representative_allele_is_somatic_truth
7351	50267921:58:SNP:A>C	1	representative_allele_is_somatic_truth
7354	50272978:265:SNP:T>C	1	representative_allele_is_somatic_truth
7355	50272978:266:SNP:C>A	1	representative_allele_is_somatic_truth
7359	50283396:55:SNP:G>A	1	representative_allele_is_somatic_truth
7364	50299154:100:SNP:T>A	1	representative_allele_is_somatic_truth
7365	50299551:121:SNP:C>T	1	representative_allele_is_somatic_truth
7370	50313238:93:SNP:G>C	1	representative_allele_is_somatic_truth
7372	50322342:16:SNP:T>C	1	representative_allele_is_somatic_truth
7373	50326235:22:SNP:T>C	1	representative_allele_is_somatic_truth
7376	50353349:116:SNP:T>G	1	representative_allele_is_somatic_truth
7377	50373927:19:SNP:C>T	1	representative_allele_is_somatic_truth
7378	50375178:80:SNP:A>C	1	representative_allele_is_somatic_truth
7380	50376921:14:SNP:C>T	1	representative_allele_is_somatic_truth
7381	50387940:91:SNP:T>G	1	representative_allele_is_somatic_truth
7387	50423531:5:SNP:G>A	1	representative_allele_is_somatic_truth
7389	50429679:55:SNP:C>A	1	representative_allele_is_somatic_truth
7391	50434359:188:SNP:T>G	1	representative_allele_is_somatic_truth
7392	50439066:365:SNP:C>A	1	representative_allele_is_somatic_truth
7393	50439066:367:SNP:A>T	1	representative_allele_is_somatic_truth
7394	50440236:119:SNP:C>T	1	representative_allele_is_somatic_truth
7396	50447332:32:SNP:A>G	1	representative_allele_is_somatic_truth
7399	50460424:289:SNP:G>C	1	representative_allele_is_somatic_truth
7400	50463732:71:SNP:T>A	1	representative_allele_is_somatic_truth
7405	50477990:82:SNP:G>A	1	representative_allele_is_somatic_truth
7406	50479157:181:SNP:C>T	1	representative_allele_is_somatic_truth
7409	50498808:0:SNP:C>T	1	representative_allele_is_somatic_truth
7410	50502815:82:SNP:A>T	1	representative_allele_is_somatic_truth
7411	50516895:97:SNP:G>A	1	representative_allele_is_somatic_truth
7412	50529085:14:SNP:G>C	1	representative_allele_is_somatic_truth
7413	50536111:137:SNP:C>T	1	representative_allele_is_somatic_truth
7414	50565494:59:SNP:A>C	1	representative_allele_is_somatic_truth
7417	50636200:20:SNP:A>G	1	representative_allele_is_somatic_truth
6965	50663616:49:SNP:C>G	1	representative_allele_is_somatic_truth
6966	50663711:41:SNP:C>A	1	representative_allele_is_somatic_truth
6967	50669072:21:SNP:G>A	1	representative_allele_is_somatic_truth
6968	50669906:48:SNP:G>T	1	representative_allele_is_somatic_truth
6969	50674669:226:SNP:C>T	1	representative_allele_is_somatic_truth
6971	50677363:167:SNP:T>A	1	representative_allele_is_somatic_truth
6930	50687893:51:SNP:T>G	1	representative_allele_is_somatic_truth
6931	50687893:52:SNP:G>T	1	representative_allele_is_somatic_truth
6928	50689444:0:SNP:A>T	1	representative_allele_is_somatic_truth
6927	50691113:112:SNP:G>C	1	representative_allele_is_somatic_truth
6925	50697972:268:SNP:A>C	1	representative_allele_is_somatic_truth
6920	50709907:1:SNP:G>A	1	representative_allele_is_somatic_truth
6916	50717120:146:SNP:C>T	1	representative_allele_is_somatic_truth
6915	50717266:44:SNP:C>T	1	representative_allele_is_somatic_truth
6912	50733355:463:SNP:G>T	1	representative_allele_is_somatic_truth
6911	50735890:2:SNP:T>G	1	representative_allele_is_somatic_truth
6910	50740607:51:SNP:A>G	1	representative_allele_is_somatic_truth
6908	50742460:154:SNP:C>T	1	representative_allele_is_somatic_truth
6907	50747340:148:SNP:G>A	1	representative_allele_is_somatic_truth
6906	50753540:254:SNP:C>A	1	representative_allele_is_somatic_truth
6904	50758064:374:SNP:T>C	1	representative_allele_is_somatic_truth
6901	50762281:14:SNP:G>A	1	representative_allele_is_somatic_truth
6899	50765927:614:SNP:C>T	1	representative_allele_is_somatic_truth
6897	50770188:56:SNP:G>T	1	representative_allele_is_somatic_truth
6896	50771444:30:SNP:C>T	1	representative_allele_is_somatic_truth
6895	50786804:21:SNP:C>A	1	representative_allele_is_somatic_truth
6894	50790810:0:SNP:G>A	1	representative_allele_is_somatic_truth
6893	50793321:92:SNP:G>A	1	representative_allele_is_somatic_truth
6891	50816814:0:SNP:A>T	1	representative_allele_is_somatic_truth
6890	50818687:184:SNP:C>A	1	representative_allele_is_somatic_truth
6889	50819105:91:SNP:C>T	1	representative_allele_is_somatic_truth
6888	50820458:4:SNP:T>C	1	representative_allele_is_somatic_truth
6887	50820666:78:SNP:G>T	1	representative_allele_is_somatic_truth
6880	50824975:21:SNP:A>T	1	representative_allele_is_somatic_truth
6879	50830550:0:SNP:G>A	1	representative_allele_is_somatic_truth
6876	50834945:80:SNP:T>C	1	representative_allele_is_somatic_truth
6870	50841378:14:SNP:C>G	1	representative_allele_is_somatic_truth
6864	50879609:211:SNP:G>C	1	representative_allele_is_somatic_truth
6862	50879976:404:SNP:A>G	1	representative_allele_is_somatic_truth
6861	50883567:18:SNP:G>T	1	representative_allele_is_somatic_truth
6856	50891475:190:SNP:C>T	1	representative_allele_is_somatic_truth
6853	50906712:310:SNP:C>T	1	representative_allele_is_somatic_truth
6852	50911571:20:SNP:C>T	1	representative_allele_is_somatic_truth
6850	50915259:167:SNP:C>T	1	representative_allele_is_somatic_truth
6849	50917284:149:SNP:G>C	1	representative_allele_is_somatic_truth
6847	50919342:30:SNP:C>T	1	representative_allele_is_somatic_truth
6845	50926708:149:SNP:C>T	1	representative_allele_is_somatic_truth
6844	50927077:296:SNP:C>T	1	representative_allele_is_somatic_truth
6843	50937908:850:SNP:G>A	1	representative_allele_is_somatic_truth
6832	50966659:15:SNP:G>A	1	representative_allele_is_somatic_truth
6831	50967435:24:SNP:C>T	1	representative_allele_is_somatic_truth
6828	50972705:118:SNP:C>A	1	representative_allele_is_somatic_truth
6825	50976286:99:SNP:G>A	1	representative_allele_is_somatic_truth
6821	50978343:665:SNP:G>T	1	representative_allele_is_somatic_truth
6818	50981986:74:SNP:A>G	1	representative_allele_is_somatic_truth
6812	50996545:1:SNP:C>G	1	representative_allele_is_somatic_truth
6811	50997003:58:SNP:G>A	1	representative_allele_is_somatic_truth
6808	50998565:206:SNP:C>T	1	representative_allele_is_somatic_truth
6804	51012924:7:SNP:G>A	1	representative_allele_is_somatic_truth
6803	51014294:48:SNP:C>T	1	representative_allele_is_somatic_truth
6802	51014763:126:SNP:G>A	1	representative_allele_is_somatic_truth
6801	51016688:14:SNP:C>G	1	representative_allele_is_somatic_truth
6798	51023103:186:SNP:T>C	1	representative_allele_is_somatic_truth
6797	51023137:699:SNP:G>T	1	representative_allele_is_somatic_truth
6796	51025137:171:SNP:G>T	1	representative_allele_is_somatic_truth
6794	51026953:210:SNP:A>G	1	representative_allele_is_somatic_truth
6793	51028833:188:SNP:G>A	1	representative_allele_is_somatic_truth
6792	51032239:35:SNP:C>A	1	representative_allele_is_somatic_truth
6791	51045136:97:SNP:C>A	1	representative_allele_is_somatic_truth
6786	51057475:87:SNP:G>T	1	representative_allele_is_somatic_truth
6784	51059293:26:SNP:T>G	1	representative_allele_is_somatic_truth
6782	51067392:96:SNP:G>A	1	representative_allele_is_somatic_truth
6779	51073892:89:SNP:C>T	1	representative_allele_is_somatic_truth
6778	51073897:168:SNP:C>T	1	representative_allele_is_somatic_truth
6776	51081627:230:SNP:G>T	1	representative_allele_is_somatic_truth
6775	51084681:235:SNP:T>A	1	representative_allele_is_somatic_truth
6774	51090564:39:SNP:G>A	1	representative_allele_is_somatic_truth
6773	51091435:94:SNP:C>T	1	representative_allele_is_somatic_truth
6770	51093064:5:SNP:G>A	1	representative_allele_is_somatic_truth
6768	51099900:22:SNP:G>A	1	representative_allele_is_somatic_truth
6767	51100551:124:SNP:G>A	1	representative_allele_is_somatic_truth
6765	51105624:46:SNP:A>G	1	representative_allele_is_somatic_truth
6764	51106105:199:SNP:C>T	1	representative_allele_is_somatic_truth
6762	51111276:188:SNP:G>A	1	representative_allele_is_somatic_truth
6761	51111399:355:SNP:G>A	1	representative_allele_is_somatic_truth
6759	51115453:196:SNP:G>T	1	representative_allele_is_somatic_truth
6756	51120136:138:SNP:T>A	1	representative_allele_is_somatic_truth
6755	51121515:16:SNP:T>G	1	representative_allele_is_somatic_truth
6754	51123935:180:SNP:C>A	1	representative_allele_is_somatic_truth
6753	51124015:100:SNP:G>T	1	representative_allele_is_somatic_truth
6750	51125291:186:SNP:A>C	1	representative_allele_is_somatic_truth
6749	51125994:19:SNP:A>T	1	representative_allele_is_somatic_truth
6747	51128076:0:SNP:A>T	1	representative_allele_is_somatic_truth
6746	51132807:127:SNP:C>G	1	representative_allele_is_somatic_truth
6744	51136995:200:SNP:G>C	1	representative_allele_is_somatic_truth
6743	51148028:9:SNP:T>A	1	representative_allele_is_somatic_truth
6742	51148986:11:SNP:C>T	1	representative_allele_is_somatic_truth
6740	51155063:77:SNP:T>A	1	representative_allele_is_somatic_truth
6739	51161522:358:SNP:C>A	1	representative_allele_is_somatic_truth
6737	51164785:194:SNP:C>T	1	representative_allele_is_somatic_truth
6735	51169073:127:SNP:C>A	1	representative_allele_is_somatic_truth
6734	51169917:4:SNP:C>A	1	representative_allele_is_somatic_truth
6733	51179676:97:SNP:C>T	1	representative_allele_is_somatic_truth
6732	51187154:150:SNP:T>A	1	representative_allele_is_somatic_truth
6731	51189887:61:SNP:A>G	1	representative_allele_is_somatic_truth
6730	51192052:25:SNP:G>C	1	representative_allele_is_somatic_truth
6727	51204952:102:SNP:C>G	1	representative_allele_is_somatic_truth
6726	51207302:9:SNP:C>G	1	representative_allele_is_somatic_truth
6724	51208296:327:SNP:T>C	1	representative_allele_is_somatic_truth
6723	51217332:24:SNP:A>C	1	representative_allele_is_somatic_truth
6721	51219671:15:SNP:A>G	1	representative_allele_is_somatic_truth
6717	51227810:3:SNP:T>A	1	representative_allele_is_somatic_truth
6716	51232239:291:SNP:G>T	1	representative_allele_is_somatic_truth
6714	51242740:0:SNP:C>T	1	representative_allele_is_somatic_truth
6713	51245993:113:SNP:G>C	1	representative_allele_is_somatic_truth
6705	51250667:7:SNP:A>T	1	representative_allele_is_somatic_truth
6703	51252385:55:SNP:G>A	1	representative_allele_is_somatic_truth
6702	51252388:64:SNP:G>C	1	representative_allele_is_somatic_truth
6701	51257961:52:SNP:C>T	1	representative_allele_is_somatic_truth
6700	51260873:130:SNP:C>T	1	representative_allele_is_somatic_truth
6699	51263559:18:SNP:G>A	1	representative_allele_is_somatic_truth
6697	51263927:27:SNP:G>A	1	representative_allele_is_somatic_truth
6696	51264036:194:SNP:G>A	1	representative_allele_is_somatic_truth
6693	51266925:104:SNP:A>G	1	representative_allele_is_somatic_truth
6691	51271288:414:SNP:T>A	1	representative_allele_is_somatic_truth
6690	51281589:146:SNP:A>G	1	representative_allele_is_somatic_truth
6689	51293241:1:SNP:T>A	1	representative_allele_is_somatic_truth
6684	51304236:20:SNP:T>C	1	representative_allele_is_somatic_truth
6679	51336589:19:SNP:G>A	1	representative_allele_is_somatic_truth
6676	51338189:298:SNP:G>A	1	representative_allele_is_somatic_truth
6674	51341849:11:SNP:G>A	1	representative_allele_is_somatic_truth
6673	51345567:96:SNP:G>A	1	representative_allele_is_somatic_truth
6671	51348556:190:SNP:A>T	1	representative_allele_is_somatic_truth
6672	51348556:191:SNP:T>A	1	representative_allele_is_somatic_truth
6666	51352328:126:SNP:T>G	1	representative_allele_is_somatic_truth
6664	51365523:178:SNP:T>C	1	representative_allele_is_somatic_truth
6662	51369650:225:SNP:C>A	1	representative_allele_is_somatic_truth
6657	51378280:302:SNP:G>A	1	representative_allele_is_somatic_truth
6655	51385331:428:SNP:C>G	1	representative_allele_is_somatic_truth
6649	51409303:270:SNP:G>A	1	representative_allele_is_somatic_truth
6645	51411978:184:SNP:A>T	1	representative_allele_is_somatic_truth
6639	51421165:119:SNP:C>T	1	representative_allele_is_somatic_truth
6633	51441578:0:SNP:G>A	1	representative_allele_is_somatic_truth
6632	51441708:41:SNP:A>G	1	representative_allele_is_somatic_truth
6626	51443037:10:SNP:C>A	1	representative_allele_is_somatic_truth
6627	51443037:37:SNP:C>A	1	representative_allele_is_somatic_truth
6628	51443037:76:SNP:C>A	1	representative_allele_is_somatic_truth
6629	51443037:80:SNP:C>T	1	representative_allele_is_somatic_truth
6630	51443037:112:SNP:C>G	1	representative_allele_is_somatic_truth
6631	51443037:131:SNP:C>G	1	representative_allele_is_somatic_truth
6625	51443041:499:SNP:C>G	1	representative_allele_is_somatic_truth
6623	51450670:15:SNP:C>A	1	representative_allele_is_somatic_truth
6622	51455060:43:SNP:G>A	1	representative_allele_is_somatic_truth
6621	51456134:95:SNP:C>T	1	representative_allele_is_somatic_truth
6619	51474843:67:SNP:G>C	1	representative_allele_is_somatic_truth
6618	51477480:14:SNP:C>A	1	representative_allele_is_somatic_truth
6617	51483111:163:SNP:G>T	1	representative_allele_is_somatic_truth
6616	51484905:39:SNP:A>T	1	representative_allele_is_somatic_truth
6611	51491087:6:SNP:T>C	1	representative_allele_is_somatic_truth
6606	51499514:88:SNP:G>A	1	representative_allele_is_somatic_truth
6604	51502585:34:SNP:C>T	1	representative_allele_is_somatic_truth
6602	51506181:62:SNP:T>C	1	representative_allele_is_somatic_truth
6601	51507149:25:SNP:C>T	1	representative_allele_is_somatic_truth
6600	51511597:43:SNP:A>C	1	representative_allele_is_somatic_truth
6599	51512384:32:SNP:G>A	1	representative_allele_is_somatic_truth
6598	51517045:0:SNP:C>A	1	representative_allele_is_somatic_truth
6597	51521676:191:SNP:G>A	1	representative_allele_is_somatic_truth
6596	51522806:1:SNP:C>T	1	representative_allele_is_somatic_truth
6595	51531420:64:SNP:G>T	1	representative_allele_is_somatic_truth
6594	51532352:143:SNP:A>C	1	representative_allele_is_somatic_truth
6593	51533264:2:SNP:G>C	1	representative_allele_is_somatic_truth
6962	51547694:122:SNP:G>A	1	representative_allele_is_somatic_truth
6963	51547722:36:SNP:C>T	1	representative_allele_is_somatic_truth
6964	51548245:29:SNP:A>T	1	representative_allele_is_somatic_truth
6956	51578983:346:SNP:A>T	1	representative_allele_is_somatic_truth
6952	51589781:0:SNP:C>T	1	representative_allele_is_somatic_truth
6951	51591314:0:SNP:C>T	1	representative_allele_is_somatic_truth
6933	51610712:3:SNP:T>C	1	representative_allele_is_somatic_truth
6934	51611819:573:SNP:C>T	1	representative_allele_is_somatic_truth
6937	51616691:163:SNP:C>T	1	representative_allele_is_somatic_truth
6938	51617608:16:SNP:G>A	1	representative_allele_is_somatic_truth
6941	51622377:103:SNP:C>A	1	representative_allele_is_somatic_truth
6943	51642637:14:SNP:A>G	1	representative_allele_is_somatic_truth
6944	51642637:15:SNP:G>T	1	representative_allele_is_somatic_truth
6945	51647354:249:SNP:C>T	1	representative_allele_is_somatic_truth
6946	51650061:17:SNP:C>T	1	representative_allele_is_somatic_truth
6947	51650295:11:SNP:C>T	1	representative_allele_is_somatic_truth
6949	51655155:109:SNP:C>G	1	representative_allele_is_somatic_truth
6558	51667286:32:SNP:C>T	1	representative_allele_is_somatic_truth
6557	51669584:371:SNP:G>A	1	representative_allele_is_somatic_truth
6556	51674729:6:SNP:C>A	1	representative_allele_is_somatic_truth
6555	51680153:27:SNP:C>T	1	representative_allele_is_somatic_truth
6551	51683428:14:SNP:A>G	1	representative_allele_is_somatic_truth
6589	51685823:180:SNP:A>C	1	representative_allele_is_somatic_truth
6587	51690042:81:SNP:G>T	1	representative_allele_is_somatic_truth
6583	51693130:152:SNP:G>C	1	representative_allele_is_somatic_truth
6582	51700455:5:SNP:T>C	1	representative_allele_is_somatic_truth
6581	51701232:491:SNP:G>C	1	representative_allele_is_somatic_truth
6578	51704154:27:SNP:G>T	1	representative_allele_is_somatic_truth
6577	51704654:80:SNP:G>A	1	representative_allele_is_somatic_truth
6576	51705542:54:SNP:C>T	1	representative_allele_is_somatic_truth
6574	51711518:33:SNP:G>T	1	representative_allele_is_somatic_truth
6571	51719626:102:SNP:G>A	1	representative_allele_is_somatic_truth
6569	51720565:7:SNP:G>C	1	representative_allele_is_somatic_truth
6568	51724796:13:SNP:G>A	1	representative_allele_is_somatic_truth
6567	51725020:68:SNP:A>G	1	representative_allele_is_somatic_truth
6566	51727478:8:SNP:G>C	1	representative_allele_is_somatic_truth
6563	51732310:103:SNP:G>A	1	representative_allele_is_somatic_truth
6561	51733890:144:SNP:C>A	1	representative_allele_is_somatic_truth
6560	51734787:225:SNP:G>A	1	representative_allele_is_somatic_truth
6559	51735979:125:SNP:C>G	1	representative_allele_is_somatic_truth
7187	51761230:102:SNP:T>A	1	representative_allele_is_somatic_truth
7188	51765326:18:SNP:G>A	1	representative_allele_is_somatic_truth
7191	51770441:96:SNP:C>A	1	representative_allele_is_somatic_truth
7195	51777618:108:SNP:A>C	1	representative_allele_is_somatic_truth
7199	51787393:126:SNP:G>A	1	representative_allele_is_somatic_truth
7201	51795896:7:SNP:A>T	1	representative_allele_is_somatic_truth
7203	51802811:299:SNP:C>A	1	representative_allele_is_somatic_truth
7465	51827420:14:SNP:C>A	1	representative_allele_is_somatic_truth
7461	51838748:65:SNP:G>T	1	representative_allele_is_somatic_truth
7459	51845916:24:SNP:G>A	1	representative_allele_is_somatic_truth
7458	51846702:14:SNP:G>A	1	representative_allele_is_somatic_truth
7456	51854800:25:SNP:T>A	1	representative_allele_is_somatic_truth
7447	51871890:37:SNP:G>A	1	representative_allele_is_somatic_truth
7444	51893271:47:SNP:G>T	1	representative_allele_is_somatic_truth
7443	51903614:12:SNP:G>A	1	representative_allele_is_somatic_truth
7527	51921140:103:SNP:C>T	1	representative_allele_is_somatic_truth
7524	51933509:219:SNP:G>A	1	representative_allele_is_somatic_truth
7522	51938532:75:SNP:C>T	1	representative_allele_is_somatic_truth
7511	52062462:74:SNP:T>A	1	representative_allele_is_somatic_truth
7509	52071462:107:SNP:T>C	1	representative_allele_is_somatic_truth
7510	52071462:130:SNP:A>C	1	representative_allele_is_somatic_truth
7505	52080292:30:SNP:G>A	1	representative_allele_is_somatic_truth
7504	52080757:76:SNP:T>A	1	representative_allele_is_somatic_truth
7499	52108405:130:SNP:C>G	1	representative_allele_is_somatic_truth
7638	52118597:27:SNP:A>G	1	representative_allele_is_somatic_truth
7637	52119976:162:SNP:G>C	1	representative_allele_is_somatic_truth
7636	52120297:39:SNP:G>A	1	representative_allele_is_somatic_truth
7635	52121573:0:SNP:C>T	1	representative_allele_is_somatic_truth
7634	52123095:76:SNP:A>G	1	representative_allele_is_somatic_truth
7936	52134304:185:SNP:C>T	1	representative_allele_is_somatic_truth
7938	52139818:57:SNP:A>T	1	representative_allele_is_somatic_truth
7939	52140897:43:SNP:C>A	1	representative_allele_is_somatic_truth
7944	52146865:57:SNP:G>A	1	representative_allele_is_somatic_truth
7945	52147517:230:SNP:T>G	1	representative_allele_is_somatic_truth
7946	52147517:231:SNP:G>T	1	representative_allele_is_somatic_truth
7948	52149431:84:SNP:G>T	1	representative_allele_is_somatic_truth
7951	52153568:116:SNP:G>A	1	representative_allele_is_somatic_truth
7952	52153613:209:SNP:G>T	1	representative_allele_is_somatic_truth
7958	52162198:403:SNP:A>C	1	representative_allele_is_somatic_truth
7961	52164138:7:SNP:T>C	1	representative_allele_is_somatic_truth
7966	52176037:0:SNP:T>A	1	representative_allele_is_somatic_truth
7967	52176167:48:SNP:G>A	1	representative_allele_is_somatic_truth
7968	52182711:24:SNP:G>T	1	representative_allele_is_somatic_truth
7969	52191797:276:SNP:G>A	1	representative_allele_is_somatic_truth
7971	52200138:3:SNP:A>C	1	representative_allele_is_somatic_truth
7973	52205032:69:SNP:T>G	1	representative_allele_is_somatic_truth
7975	52211606:248:SNP:T>C	1	representative_allele_is_somatic_truth
7976	52214421:97:SNP:A>G	1	representative_allele_is_somatic_truth
7977	52215988:146:SNP:C>G	1	representative_allele_is_somatic_truth
7986	52233532:16:SNP:G>T	1	representative_allele_is_somatic_truth
7987	52234262:81:SNP:T>C	1	representative_allele_is_somatic_truth
7988	52234598:78:SNP:T>C	1	representative_allele_is_somatic_truth
7996	52243263:42:SNP:C>T	1	representative_allele_is_somatic_truth
7997	52243633:5:SNP:C>A	1	representative_allele_is_somatic_truth
7999	52250159:63:SNP:G>T	1	representative_allele_is_somatic_truth
8000	52251195:269:SNP:C>A	1	representative_allele_is_somatic_truth
8005	52257379:176:SNP:C>A	1	representative_allele_is_somatic_truth
8006	52257556:78:SNP:G>A	1	representative_allele_is_somatic_truth
8012	52261344:24:SNP:C>A	1	representative_allele_is_somatic_truth
8013	52262309:30:SNP:C>A	1	representative_allele_is_somatic_truth
8014	52263343:16:SNP:C>T	1	representative_allele_is_somatic_truth
8017	52265506:110:SNP:A>T	1	representative_allele_is_somatic_truth
8019	52268196:193:SNP:G>T	1	representative_allele_is_somatic_truth
8020	52268929:585:SNP:G>T	1	representative_allele_is_somatic_truth
8021	52271790:31:SNP:G>A	1	representative_allele_is_somatic_truth
8022	52276114:27:SNP:G>A	1	representative_allele_is_somatic_truth
8023	52277452:72:SNP:A>G	1	representative_allele_is_somatic_truth
8029	52298118:166:SNP:G>C	1	representative_allele_is_somatic_truth
8030	52298118:167:SNP:G>A	1	representative_allele_is_somatic_truth
8031	52308562:336:SNP:A>G	1	representative_allele_is_somatic_truth
8035	52316659:42:SNP:C>A	1	representative_allele_is_somatic_truth
8036	52318135:97:SNP:C>T	1	representative_allele_is_somatic_truth
8038	52323032:143:SNP:C>A	1	representative_allele_is_somatic_truth
8039	52323032:144:SNP:A>G	1	representative_allele_is_somatic_truth
8041	52323690:276:SNP:T>C	1	representative_allele_is_somatic_truth
8043	52324943:4:SNP:C>A	1	representative_allele_is_somatic_truth
8045	52325456:86:SNP:C>A	1	representative_allele_is_somatic_truth
8046	52325456:87:SNP:A>T	1	representative_allele_is_somatic_truth
8049	52327763:180:SNP:G>A	1	representative_allele_is_somatic_truth
8050	52327780:78:SNP:C>T	1	representative_allele_is_somatic_truth
8054	52330306:385:SNP:A>T	1	representative_allele_is_somatic_truth
8056	52333055:9:SNP:G>T	1	representative_allele_is_somatic_truth
8058	52337504:42:SNP:G>T	1	representative_allele_is_somatic_truth
8060	52338119:16:SNP:C>T	1	representative_allele_is_somatic_truth
8065	52345906:75:SNP:C>T	1	representative_allele_is_somatic_truth
8066	52347236:154:SNP:G>A	1	representative_allele_is_somatic_truth
8070	52351328:102:SNP:C>T	1	representative_allele_is_somatic_truth
7442	52369198:48:SNP:T>G	1	representative_allele_is_somatic_truth
7441	52372314:53:SNP:G>T	1	representative_allele_is_somatic_truth
7439	52384797:27:SNP:C>T	1	representative_allele_is_somatic_truth
7431	52406151:15:SNP:A>G	1	representative_allele_is_somatic_truth
8073	52427831:68:SNP:C>T	1	representative_allele_is_somatic_truth
8074	52433027:308:SNP:A>T	1	representative_allele_is_somatic_truth
8076	52439883:60:SNP:G>A	1	representative_allele_is_somatic_truth
8079	52448302:155:SNP:G>T	1	representative_allele_is_somatic_truth
8081	52456054:635:SNP:A>G	1	representative_allele_is_somatic_truth
8082	52456541:14:SNP:C>G	1	representative_allele_is_somatic_truth
8083	52457558:59:SNP:G>A	1	representative_allele_is_somatic_truth
8085	52460738:183:SNP:T>A	1	representative_allele_is_somatic_truth
8088	52463228:113:SNP:G>C	1	representative_allele_is_somatic_truth
8090	52464555:169:SNP:G>A	1	representative_allele_is_somatic_truth
8092	52465863:107:SNP:G>A	1	representative_allele_is_somatic_truth
8096	52473526:46:SNP:T>C	1	representative_allele_is_somatic_truth
8099	52504473:30:SNP:G>A	1	representative_allele_is_somatic_truth
8100	52515586:0:SNP:G>A	1	representative_allele_is_somatic_truth
8102	52519258:422:SNP:G>A	1	representative_allele_is_somatic_truth
8105	52525488:70:SNP:T>C	1	representative_allele_is_somatic_truth
8106	52526960:51:SNP:G>C	1	representative_allele_is_somatic_truth
8108	52528794:168:SNP:A>T	1	representative_allele_is_somatic_truth
8110	52534692:269:SNP:G>T	1	representative_allele_is_somatic_truth
8111	52534828:121:SNP:G>A	1	representative_allele_is_somatic_truth
8114	52541054:52:SNP:G>A	1	representative_allele_is_somatic_truth
8116	52546706:93:SNP:A>C	1	representative_allele_is_somatic_truth
8117	52553930:21:SNP:C>T	1	representative_allele_is_somatic_truth
8118	52560717:45:SNP:C>A	1	representative_allele_is_somatic_truth
8120	52568849:413:SNP:C>A	1	representative_allele_is_somatic_truth
8122	52574765:223:SNP:C>T	1	representative_allele_is_somatic_truth
8123	52580462:187:SNP:C>T	1	representative_allele_is_somatic_truth
8129	52589875:65:SNP:C>G	1	representative_allele_is_somatic_truth
8130	52590186:46:SNP:G>A	1	representative_allele_is_somatic_truth
8131	52592205:10:SNP:C>T	1	representative_allele_is_somatic_truth
8137	52608403:7:SNP:G>C	1	representative_allele_is_somatic_truth
8138	52615560:85:SNP:G>A	1	representative_allele_is_somatic_truth
8145	52642113:52:SNP:A>G	1	representative_allele_is_somatic_truth
8148	52659088:158:SNP:C>T	1	representative_allele_is_somatic_truth
8150	52660842:125:SNP:C>T	1	representative_allele_is_somatic_truth
8151	52662232:366:SNP:C>A	1	representative_allele_is_somatic_truth
8154	52664889:93:SNP:C>G	1	representative_allele_is_somatic_truth
8155	52665311:94:SNP:G>A	1	representative_allele_is_somatic_truth
8156	52668147:210:SNP:C>G	1	representative_allele_is_somatic_truth
8159	52671671:161:SNP:T>C	1	representative_allele_is_somatic_truth
8162	52672456:92:SNP:C>A	1	representative_allele_is_somatic_truth
8164	52674275:395:SNP:G>A	1	representative_allele_is_somatic_truth
8166	52681242:30:SNP:G>A	1	representative_allele_is_somatic_truth
8167	52682387:75:SNP:G>T	1	representative_allele_is_somatic_truth
8168	52685453:203:SNP:C>G	1	representative_allele_is_somatic_truth
8170	52690210:343:SNP:T>G	1	representative_allele_is_somatic_truth
8171	52690776:259:SNP:A>C	1	representative_allele_is_somatic_truth
8174	52696010:3:SNP:C>T	1	representative_allele_is_somatic_truth
8177	52707574:289:SNP:A>C	1	representative_allele_is_somatic_truth
8178	52710151:172:SNP:A>G	1	representative_allele_is_somatic_truth
8184	52718219:88:SNP:G>A	1	representative_allele_is_somatic_truth
8185	52718419:29:SNP:G>T	1	representative_allele_is_somatic_truth
8187	52718665:3:SNP:C>A	1	representative_allele_is_somatic_truth
8188	52721964:178:SNP:T>A	1	representative_allele_is_somatic_truth
8189	52722333:123:SNP:C>T	1	representative_allele_is_somatic_truth
8192	52730120:30:SNP:C>A	1	representative_allele_is_somatic_truth
8194	52731566:225:SNP:T>A	1	representative_allele_is_somatic_truth
8196	52734914:118:SNP:C>A	1	representative_allele_is_somatic_truth
8197	52736235:227:SNP:C>T	1	representative_allele_is_somatic_truth
8202	52745393:470:SNP:A>T	1	representative_allele_is_somatic_truth
8203	52752052:37:SNP:G>T	1	representative_allele_is_somatic_truth
8204	52752100:83:SNP:C>G	1	representative_allele_is_somatic_truth
8215	52765741:80:SNP:C>T	1	representative_allele_is_somatic_truth
8217	52768505:624:SNP:A>G	1	representative_allele_is_somatic_truth
8220	52771577:191:SNP:C>T	1	representative_allele_is_somatic_truth
8222	52774263:7:SNP:A>T	1	representative_allele_is_somatic_truth
8224	52779780:213:SNP:C>T	1	representative_allele_is_somatic_truth
8225	52780472:124:SNP:A>C	1	representative_allele_is_somatic_truth
8226	52782169:95:SNP:C>A	1	representative_allele_is_somatic_truth
8227	52782169:96:SNP:T>A	1	representative_allele_is_somatic_truth
8229	52783939:124:SNP:C>G	1	representative_allele_is_somatic_truth
8231	52788484:285:SNP:G>T	1	representative_allele_is_somatic_truth
8232	52788852:157:SNP:T>A	1	representative_allele_is_somatic_truth
8234	52794892:78:SNP:A>T	1	representative_allele_is_somatic_truth
8235	52796204:80:SNP:C>T	1	representative_allele_is_somatic_truth
8236	52796695:112:SNP:C>A	1	representative_allele_is_somatic_truth
8239	52798800:228:SNP:C>G	1	representative_allele_is_somatic_truth
8240	52799129:160:SNP:G>T	1	representative_allele_is_somatic_truth
8241	52799646:92:SNP:T>A	1	representative_allele_is_somatic_truth
8242	52799967:73:SNP:C>A	1	representative_allele_is_somatic_truth
8243	52800059:527:SNP:C>A	1	representative_allele_is_somatic_truth
8244	52800226:144:SNP:G>C	1	representative_allele_is_somatic_truth
8245	52804201:77:SNP:A>G	1	representative_allele_is_somatic_truth
8246	52804201:78:SNP:G>T	1	representative_allele_is_somatic_truth
8247	52805347:34:SNP:G>A	1	representative_allele_is_somatic_truth
8249	52810372:163:SNP:C>G	1	representative_allele_is_somatic_truth
8251	52811699:202:SNP:C>A	1	representative_allele_is_somatic_truth
8252	52820364:362:SNP:C>A	1	representative_allele_is_somatic_truth
8253	52821171:88:SNP:C>A	1	representative_allele_is_somatic_truth
8255	52825399:50:SNP:T>C	1	representative_allele_is_somatic_truth
8257	52828010:495:SNP:G>A	1	representative_allele_is_somatic_truth
8258	52829202:0:SNP:A>C	-1	below_snv_min_af
8259	52830689:1:SNP:C>A	1	representative_allele_is_somatic_truth
8261	52832549:49:SNP:G>C	1	representative_allele_is_somatic_truth
8263	52835001:9:SNP:G>A	1	representative_allele_is_somatic_truth
8264	52835625:9:SNP:G>T	1	representative_allele_is_somatic_truth
8265	52835980:26:SNP:G>A	1	representative_allele_is_somatic_truth
8266	52839993:136:SNP:C>G	1	representative_allele_is_somatic_truth
8268	52842370:116:SNP:G>A	1	representative_allele_is_somatic_truth
8269	52843985:12:SNP:C>T	1	representative_allele_is_somatic_truth
8271	52847121:626:SNP:G>C	1	representative_allele_is_somatic_truth
8274	52853536:69:SNP:C>A	1	representative_allele_is_somatic_truth
8275	52853964:10:SNP:T>G	1	representative_allele_is_somatic_truth
8280	52860258:50:SNP:G>T	1	representative_allele_is_somatic_truth
8281	52861637:101:SNP:A>C	1	representative_allele_is_somatic_truth
8282	52864511:177:SNP:T>C	1	representative_allele_is_somatic_truth
8286	52867569:94:SNP:C>T	1	representative_allele_is_somatic_truth
8287	52870079:155:SNP:C>A	1	representative_allele_is_somatic_truth
8288	52871043:13:SNP:C>G	1	representative_allele_is_somatic_truth
8289	52871115:433:SNP:C>A	1	representative_allele_is_somatic_truth
8290	52871641:149:SNP:G>A	1	representative_allele_is_somatic_truth
8291	52873559:372:SNP:C>A	1	representative_allele_is_somatic_truth
8295	52875746:36:SNP:G>T	1	representative_allele_is_somatic_truth
8297	52876090:39:SNP:G>A	1	representative_allele_is_somatic_truth
8299	52878478:41:SNP:C>A	1	representative_allele_is_somatic_truth
8300	52880136:103:SNP:A>T	1	representative_allele_is_somatic_truth
8305	52884781:67:SNP:A>C	1	representative_allele_is_somatic_truth
8306	52885256:0:SNP:G>A	1	representative_allele_is_somatic_truth
8308	52887555:598:SNP:T>G	1	representative_allele_is_somatic_truth
8309	52888401:328:SNP:T>C	1	representative_allele_is_somatic_truth
8312	52896771:194:SNP:G>T	1	representative_allele_is_somatic_truth
8315	52903696:114:SNP:C>T	1	representative_allele_is_somatic_truth
8317	52904078:338:SNP:T>A	1	representative_allele_is_somatic_truth
8319	52907793:152:SNP:A>C	1	representative_allele_is_somatic_truth
8323	52924874:594:SNP:C>A	1	representative_allele_is_somatic_truth
8328	52939673:105:SNP:G>T	1	representative_allele_is_somatic_truth
8329	52943112:63:SNP:T>C	1	representative_allele_is_somatic_truth
8330	52946602:325:SNP:T>G	1	representative_allele_is_somatic_truth
8334	52950236:350:SNP:G>A	1	representative_allele_is_somatic_truth
8335	52950931:25:SNP:G>A	1	representative_allele_is_somatic_truth
8337	52959596:957:SNP:C>T	1	representative_allele_is_somatic_truth
8338	52959605:100:SNP:C>G	1	representative_allele_is_somatic_truth
8339	52983383:75:SNP:A>T	1	representative_allele_is_somatic_truth
8341	52985350:12:SNP:G>A	1	representative_allele_is_somatic_truth
8353	53024899:100:SNP:C>G	1	representative_allele_is_somatic_truth
8355	53035614:138:SNP:C>T	1	representative_allele_is_somatic_truth
8356	53037884:0:SNP:G>T	1	representative_allele_is_somatic_truth
8358	53049118:57:SNP:G>C	1	representative_allele_is_somatic_truth
8359	53052130:109:SNP:T>C	1	representative_allele_is_somatic_truth
8361	53057625:40:SNP:G>A	1	representative_allele_is_somatic_truth
8367	53102239:49:SNP:G>C	1	representative_allele_is_somatic_truth
8368	53108886:248:SNP:A>T	1	representative_allele_is_somatic_truth
8376	53123486:368:SNP:G>T	1	representative_allele_is_somatic_truth
8379	53147297:131:SNP:G>A	1	representative_allele_is_somatic_truth
8382	53159904:90:SNP:G>T	1	representative_allele_is_somatic_truth
8383	53160213:168:SNP:C>A	1	representative_allele_is_somatic_truth
8388	53168154:31:SNP:T>A	1	representative_allele_is_somatic_truth
8389	53168503:113:SNP:C>T	1	representative_allele_is_somatic_truth
8397	53187133:31:SNP:C>T	1	representative_allele_is_somatic_truth
8399	53189991:0:SNP:C>A	1	representative_allele_is_somatic_truth
8400	53192269:5:SNP:G>A	1	representative_allele_is_somatic_truth
8401	53192870:56:SNP:C>A	1	representative_allele_is_somatic_truth
8404	53197300:113:SNP:C>G	1	representative_allele_is_somatic_truth
8405	53198891:32:SNP:T>G	1	representative_allele_is_somatic_truth
8416	53221960:76:SNP:C>T	1	representative_allele_is_somatic_truth
8419	53230794:35:SNP:C>T	1	representative_allele_is_somatic_truth
8420	53235722:44:SNP:G>T	1	representative_allele_is_somatic_truth
8421	53237234:231:SNP:T>A	1	representative_allele_is_somatic_truth
8422	53241079:137:SNP:G>A	1	representative_allele_is_somatic_truth
8425	53244163:101:SNP:C>A	1	representative_allele_is_somatic_truth
8427	53251667:279:SNP:T>C	1	representative_allele_is_somatic_truth
8430	53257036:330:SNP:C>T	1	representative_allele_is_somatic_truth
8431	53258056:42:SNP:C>T	1	representative_allele_is_somatic_truth
8432	53258731:191:SNP:A>G	1	representative_allele_is_somatic_truth
8433	53259076:13:SNP:C>T	1	representative_allele_is_somatic_truth
8434	53259190:213:SNP:T>A	1	representative_allele_is_somatic_truth
8436	53260804:84:SNP:C>A	1	representative_allele_is_somatic_truth
8438	53265737:33:SNP:C>T	1	representative_allele_is_somatic_truth
8439	53267422:118:SNP:G>A	1	representative_allele_is_somatic_truth
8441	53276282:343:SNP:T>A	1	representative_allele_is_somatic_truth
8443	53282425:48:SNP:A>C	1	representative_allele_is_somatic_truth
8444	53286689:243:SNP:G>C	1	representative_allele_is_somatic_truth
7475	53316039:55:SNP:T>A	1	representative_allele_is_somatic_truth
7488	53380400:71:SNP:G>A	1	representative_allele_is_somatic_truth
7489	53380736:42:SNP:C>T	1	representative_allele_is_somatic_truth
7491	53383208:0:SNP:C>T	1	representative_allele_is_somatic_truth
7492	53391191:117:SNP:C>G	1	representative_allele_is_somatic_truth
7493	53393418:113:SNP:G>T	1	representative_allele_is_somatic_truth
7494	53395612:64:SNP:C>T	1	representative_allele_is_somatic_truth
7495	53396268:1:SNP:C>G	1	representative_allele_is_somatic_truth
7496	53403323:166:SNP:A>T	1	representative_allele_is_somatic_truth
7470	53406029:1:SNP:T>A	1	representative_allele_is_somatic_truth
7469	53406030:0:SNP:T>A	1	representative_allele_is_somatic_truth
7471	53471528:20:SNP:G>T	1	representative_allele_is_somatic_truth
7423	53601229:100:SNP:T>C	1	representative_allele_is_somatic_truth
7428	53648209:15:SNP:T>C	1	representative_allele_is_somatic_truth
7487	53671061:69:SNP:G>A	1	representative_allele_is_somatic_truth
8445	53672041:264:SNP:A>T	1	representative_allele_is_somatic_truth
8446	53672868:193:SNP:A>C	1	representative_allele_is_somatic_truth
8447	53674396:133:SNP:C>T	1	representative_allele_is_somatic_truth
8448	53674658:395:SNP:C>A	1	representative_allele_is_somatic_truth
8449	53674658:396:SNP:A>T	1	representative_allele_is_somatic_truth
8451	53678929:75:SNP:C>T	1	representative_allele_is_somatic_truth
8452	53679138:35:SNP:C>G	1	representative_allele_is_somatic_truth
8453	53680985:17:SNP:C>A	1	representative_allele_is_somatic_truth
8454	53681454:208:SNP:C>A	1	representative_allele_is_somatic_truth
8456	53686657:28:SNP:G>A	1	representative_allele_is_somatic_truth
8459	53688783:175:SNP:A>G	1	representative_allele_is_somatic_truth
8463	53696127:0:SNP:G>A	1	representative_allele_is_somatic_truth
8468	53706827:2:SNP:G>A	1	representative_allele_is_somatic_truth
8469	53711108:96:SNP:G>A	1	representative_allele_is_somatic_truth
8471	53715040:11:SNP:C>T	1	representative_allele_is_somatic_truth
8473	53717314:16:SNP:A>G	1	representative_allele_is_somatic_truth
8475	53723960:389:SNP:C>T	1	representative_allele_is_somatic_truth
8477	53730695:55:SNP:G>A	1	representative_allele_is_somatic_truth
8478	53730840:5:SNP:C>T	1	representative_allele_is_somatic_truth
8480	53753670:174:SNP:T>A	1	representative_allele_is_somatic_truth
8481	53759089:255:SNP:G>A	1	representative_allele_is_somatic_truth
8482	53765600:5:SNP:A>T	1	representative_allele_is_somatic_truth
8483	53766976:24:SNP:C>T	1	representative_allele_is_somatic_truth
8487	53777473:93:SNP:C>T	1	representative_allele_is_somatic_truth
8489	53797077:28:SNP:T>C	1	representative_allele_is_somatic_truth
8490	53798695:13:SNP:G>T	1	representative_allele_is_somatic_truth
8491	53798701:177:SNP:G>C	1	representative_allele_is_somatic_truth
8493	53801384:9:SNP:C>T	1	representative_allele_is_somatic_truth
8494	53829109:107:SNP:C>T	1	representative_allele_is_somatic_truth
8495	53834972:15:SNP:C>G	1	representative_allele_is_somatic_truth
8496	53841388:5:SNP:G>A	1	representative_allele_is_somatic_truth
8498	53850740:147:SNP:G>C	1	representative_allele_is_somatic_truth
7602	53875638:10:SNP:C>T	1	representative_allele_is_somatic_truth
7601	53875684:95:SNP:G>A	1	representative_allele_is_somatic_truth
7600	53878638:29:SNP:A>T	1	representative_allele_is_somatic_truth
7598	53887262:860:SNP:T>C	1	representative_allele_is_somatic_truth
7597	53887707:564:SNP:G>A	1	representative_allele_is_somatic_truth
7596	53891006:404:SNP:C>T	1	representative_allele_is_somatic_truth
7594	53891723:191:SNP:G>A	1	representative_allele_is_somatic_truth
7591	53900758:125:SNP:C>G	1	representative_allele_is_somatic_truth
7592	53900758:163:SNP:C>G	1	representative_allele_is_somatic_truth
7588	53907299:108:SNP:G>T	1	representative_allele_is_somatic_truth
7587	53908028:0:SNP:G>A	1	representative_allele_is_somatic_truth
7580	53917077:49:SNP:C>T	1	representative_allele_is_somatic_truth
7578	53919612:149:SNP:A>T	1	representative_allele_is_somatic_truth
7576	53925204:324:SNP:C>T	1	representative_allele_is_somatic_truth
7569	53943983:155:SNP:C>T	1	representative_allele_is_somatic_truth
7567	53947591:157:SNP:C>A	1	representative_allele_is_somatic_truth
7564	53967043:40:SNP:G>A	1	representative_allele_is_somatic_truth
7562	53981462:92:SNP:G>A	1	representative_allele_is_somatic_truth
7560	54000342:5:SNP:G>A	1	representative_allele_is_somatic_truth
7554	54044918:155:SNP:C>T	1	representative_allele_is_somatic_truth
7553	54051340:257:SNP:G>A	1	representative_allele_is_somatic_truth
7552	54064900:264:SNP:G>C	1	representative_allele_is_somatic_truth
7540	54119764:117:SNP:G>T	1	representative_allele_is_somatic_truth
7539	54129598:14:SNP:C>T	1	representative_allele_is_somatic_truth
7536	54143933:111:SNP:G>A	1	representative_allele_is_somatic_truth
7535	54153606:42:SNP:G>A	1	representative_allele_is_somatic_truth
7534	54165198:7:SNP:C>G	1	representative_allele_is_somatic_truth
7532	54168291:155:SNP:G>A	1	representative_allele_is_somatic_truth
7758	54225835:465:SNP:C>T	1	representative_allele_is_somatic_truth
7759	54226147:372:SNP:T>A	1	representative_allele_is_somatic_truth
7761	54227011:122:SNP:C>G	1	representative_allele_is_somatic_truth
7762	54228508:17:SNP:A>G	1	representative_allele_is_somatic_truth
7763	54237546:103:SNP:G>A	1	representative_allele_is_somatic_truth
7764	54241843:489:SNP:C>T	1	representative_allele_is_somatic_truth
7766	54243557:230:SNP:A>T	1	representative_allele_is_somatic_truth
7767	54245797:252:SNP:T>A	1	representative_allele_is_somatic_truth
7768	54245901:98:SNP:C>A	1	representative_allele_is_somatic_truth
7769	54247349:283:SNP:T>A	1	representative_allele_is_somatic_truth
7770	54248248:192:SNP:G>A	1	representative_allele_is_somatic_truth
7771	54250294:317:SNP:C>T	1	representative_allele_is_somatic_truth
7772	54252929:283:SNP:C>T	1	representative_allele_is_somatic_truth
7775	54259310:189:SNP:G>C	1	representative_allele_is_somatic_truth
7776	54263287:69:SNP:A>G	1	representative_allele_is_somatic_truth
7779	54265489:41:SNP:G>C	1	representative_allele_is_somatic_truth
7780	54267877:160:SNP:C>G	1	representative_allele_is_somatic_truth
7782	54274813:70:SNP:G>A	1	representative_allele_is_somatic_truth
7783	54276404:39:SNP:C>T	1	representative_allele_is_somatic_truth
7784	54278062:46:SNP:A>T	1	representative_allele_is_somatic_truth
7785	54305045:111:SNP:T>G	1	representative_allele_is_somatic_truth
7786	54305888:26:SNP:C>A	1	representative_allele_is_somatic_truth
7789	54313564:121:SNP:G>A	1	representative_allele_is_somatic_truth
7790	54321038:101:SNP:C>T	1	representative_allele_is_somatic_truth
7795	54325263:111:SNP:T>C	1	representative_allele_is_somatic_truth
7799	54327578:227:SNP:A>T	1	representative_allele_is_somatic_truth
7800	54327942:260:SNP:C>T	1	representative_allele_is_somatic_truth
7801	54328867:166:SNP:G>T	1	representative_allele_is_somatic_truth
7802	54329785:21:SNP:C>T	1	representative_allele_is_somatic_truth
7805	54333679:60:SNP:G>A	1	representative_allele_is_somatic_truth
7807	54340262:528:SNP:G>A	1	representative_allele_is_somatic_truth
7808	54341218:23:SNP:C>A	1	representative_allele_is_somatic_truth
7810	54344939:29:SNP:G>T	1	representative_allele_is_somatic_truth
7814	54351501:76:SNP:G>A	1	representative_allele_is_somatic_truth
7816	54352246:321:SNP:T>C	1	representative_allele_is_somatic_truth
7819	54359374:108:SNP:C>G	1	representative_allele_is_somatic_truth
7822	54361619:24:SNP:A>T	1	representative_allele_is_somatic_truth
7824	54368992:37:SNP:T>C	1	representative_allele_is_somatic_truth
7825	54370880:1:SNP:G>A	1	representative_allele_is_somatic_truth
7826	54373527:0:SNP:C>A	1	representative_allele_is_somatic_truth
7827	54378654:150:SNP:C>A	1	representative_allele_is_somatic_truth
7830	54379557:51:SNP:T>A	1	representative_allele_is_somatic_truth
7835	54390944:45:SNP:C>G	1	representative_allele_is_somatic_truth
7837	54399804:167:SNP:C>G	1	representative_allele_is_somatic_truth
7838	54401306:43:SNP:A>G	1	representative_allele_is_somatic_truth
7840	54404399:108:SNP:A>T	1	representative_allele_is_somatic_truth
7843	54406741:2:SNP:C>T	1	representative_allele_is_somatic_truth
7844	54410794:51:SNP:C>T	1	representative_allele_is_somatic_truth
7846	54411551:27:SNP:A>T	1	representative_allele_is_somatic_truth
7847	54412950:30:SNP:C>T	1	representative_allele_is_somatic_truth
7849	54416969:315:SNP:C>T	1	representative_allele_is_somatic_truth
7850	54416990:274:SNP:G>A	1	representative_allele_is_somatic_truth
7853	54421010:54:SNP:G>A	1	representative_allele_is_somatic_truth
7855	54424517:144:SNP:C>T	1	representative_allele_is_somatic_truth
7856	54429799:70:SNP:T>G	1	representative_allele_is_somatic_truth
7857	54433076:0:SNP:T>A	1	representative_allele_is_somatic_truth
7861	54434562:185:SNP:G>A	1	representative_allele_is_somatic_truth
7863	54436444:32:SNP:G>A	1	representative_allele_is_somatic_truth
7864	54437116:855:SNP:C>T	1	representative_allele_is_somatic_truth
7865	54439764:15:SNP:A>T	1	representative_allele_is_somatic_truth
7866	54440780:60:SNP:C>T	1	representative_allele_is_somatic_truth
7868	54447291:225:SNP:G>A	1	representative_allele_is_somatic_truth
7869	54447829:199:SNP:C>T	1	representative_allele_is_somatic_truth
7870	54448753:66:SNP:C>G	1	representative_allele_is_somatic_truth
7871	54448769:218:SNP:T>C	1	representative_allele_is_somatic_truth
7872	54450785:111:SNP:T>C	1	representative_allele_is_somatic_truth
7877	54466927:221:SNP:C>T	1	representative_allele_is_somatic_truth
7878	54471452:0:SNP:A>C	1	representative_allele_is_somatic_truth
7879	54474561:371:SNP:G>T	1	representative_allele_is_somatic_truth
7882	54479507:119:SNP:A>T	1	representative_allele_is_somatic_truth
7886	54493943:87:SNP:A>G	1	representative_allele_is_somatic_truth
7887	54494533:295:SNP:A>T	1	representative_allele_is_somatic_truth
7890	54508205:35:SNP:G>A	1	representative_allele_is_somatic_truth
7891	54510455:228:SNP:C>A	1	representative_allele_is_somatic_truth
7892	54514711:15:SNP:T>G	1	representative_allele_is_somatic_truth
7896	54517726:61:SNP:C>G	1	representative_allele_is_somatic_truth
7897	54520322:423:SNP:T>C	1	representative_allele_is_somatic_truth
7898	54520966:15:SNP:C>T	1	representative_allele_is_somatic_truth
7909	54534700:142:SNP:A>T	1	representative_allele_is_somatic_truth
7913	54539297:85:SNP:A>G	1	representative_allele_is_somatic_truth
7918	54544273:56:SNP:A>G	1	representative_allele_is_somatic_truth
7920	54553011:11:SNP:C>A	1	representative_allele_is_somatic_truth
7921	54553011:12:SNP:C>A	1	representative_allele_is_somatic_truth
7924	54557280:4:SNP:C>T	1	representative_allele_is_somatic_truth
7925	54559921:8:SNP:C>T	1	representative_allele_is_somatic_truth
7926	54560177:297:SNP:G>C	1	representative_allele_is_somatic_truth
7930	54563025:1:SNP:C>T	1	representative_allele_is_somatic_truth
7932	54564109:134:SNP:C>A	1	representative_allele_is_somatic_truth
7632	54574794:126:SNP:G>A	1	representative_allele_is_somatic_truth
7631	54587410:10:SNP:C>T	1	representative_allele_is_somatic_truth
7630	54588303:117:SNP:G>A	1	representative_allele_is_somatic_truth
7624	54617324:249:SNP:C>A	1	representative_allele_is_somatic_truth
7623	54617803:83:SNP:G>C	1	representative_allele_is_somatic_truth
7618	54633729:235:SNP:G>A	1	representative_allele_is_somatic_truth
7616	54637438:102:SNP:G>A	1	representative_allele_is_somatic_truth
7614	54642376:46:SNP:G>A	1	representative_allele_is_somatic_truth
7612	54652810:809:SNP:G>A	1	representative_allele_is_somatic_truth
7611	54655135:36:SNP:T>C	1	representative_allele_is_somatic_truth
7610	54658519:100:SNP:T>C	1	representative_allele_is_somatic_truth
7609	54659887:8:SNP:A>T	1	representative_allele_is_somatic_truth
7608	54662815:95:SNP:G>A	1	representative_allele_is_somatic_truth
7750	54687830:10:SNP:T>G	1	representative_allele_is_somatic_truth
7748	54690022:89:SNP:G>A	1	representative_allele_is_somatic_truth
7744	54694081:18:SNP:C>G	1	representative_allele_is_somatic_truth
7743	54694905:17:SNP:G>A	1	representative_allele_is_somatic_truth
7742	54695464:91:SNP:T>A	1	representative_allele_is_somatic_truth
7740	54698982:46:SNP:C>G	1	representative_allele_is_somatic_truth
7738	54703794:64:SNP:C>T	1	representative_allele_is_somatic_truth
7737	54705433:24:SNP:C>T	1	representative_allele_is_somatic_truth
7727	54718394:271:SNP:G>A	1	representative_allele_is_somatic_truth
7726	54719192:205:SNP:A>G	1	representative_allele_is_somatic_truth
7724	54720138:114:SNP:G>T	1	representative_allele_is_somatic_truth
7722	54725389:100:SNP:G>C	1	representative_allele_is_somatic_truth
7721	54726767:153:SNP:C>A	1	representative_allele_is_somatic_truth
7720	54726873:686:SNP:C>A	1	representative_allele_is_somatic_truth
7718	54729789:0:SNP:C>T	1	representative_allele_is_somatic_truth
7717	54731756:178:SNP:A>G	1	representative_allele_is_somatic_truth
7716	54731778:6:SNP:G>A	1	representative_allele_is_somatic_truth
7711	54741415:17:SNP:A>C	1	representative_allele_is_somatic_truth
7709	54750806:979:SNP:T>C	1	representative_allele_is_somatic_truth
7708	54751880:78:SNP:C>A	1	representative_allele_is_somatic_truth
7704	54764789:59:SNP:T>G	1	representative_allele_is_somatic_truth
7703	54765200:50:SNP:T>C	1	representative_allele_is_somatic_truth
7702	54766233:16:SNP:G>A	1	representative_allele_is_somatic_truth
7699	54769240:564:SNP:C>T	1	representative_allele_is_somatic_truth
7697	54780364:21:SNP:G>A	1	representative_allele_is_somatic_truth
7695	54785276:1:SNP:C>A	1	representative_allele_is_somatic_truth
7694	54787947:14:SNP:A>G	1	representative_allele_is_somatic_truth
7693	54790349:177:SNP:G>A	1	representative_allele_is_somatic_truth
7692	54790790:883:SNP:G>T	1	representative_allele_is_somatic_truth
7691	54791394:5:SNP:C>A	1	representative_allele_is_somatic_truth
7688	54794381:21:SNP:T>C	1	representative_allele_is_somatic_truth
7687	54796112:60:SNP:G>T	1	representative_allele_is_somatic_truth
7685	54798409:7:SNP:G>A	1	representative_allele_is_somatic_truth
7682	54804359:24:SNP:C>G	1	representative_allele_is_somatic_truth
7679	54811094:99:SNP:T>C	1	representative_allele_is_somatic_truth
7673	54822850:112:SNP:A>T	1	representative_allele_is_somatic_truth
7671	54825373:3:SNP:C>G	1	representative_allele_is_somatic_truth
7672	54825373:12:SNP:C>T	1	representative_allele_is_somatic_truth
7670	54825376:114:SNP:C>T	1	representative_allele_is_somatic_truth
7667	54836828:35:SNP:C>T	1	representative_allele_is_somatic_truth
7666	54839316:191:SNP:C>T	1	representative_allele_is_somatic_truth
7664	54840124:197:SNP:G>A	1	representative_allele_is_somatic_truth
7663	54840833:405:SNP:C>T	1	representative_allele_is_somatic_truth
7661	54841814:31:SNP:C>A	1	representative_allele_is_somatic_truth
7662	54841814:32:SNP:T>G	1	representative_allele_is_somatic_truth
7660	54844074:109:SNP:C>G	1	representative_allele_is_somatic_truth
7659	54844158:902:SNP:T>G	1	representative_allele_is_somatic_truth
7658	54845593:201:SNP:G>C	1	representative_allele_is_somatic_truth
7657	54845595:255:SNP:G>A	1	representative_allele_is_somatic_truth
7656	54848288:173:SNP:G>A	1	representative_allele_is_somatic_truth
7654	54852758:4:SNP:T>C	1	representative_allele_is_somatic_truth
7653	54853228:621:SNP:A>G	1	representative_allele_is_somatic_truth
7652	54854542:135:SNP:G>A	1	representative_allele_is_somatic_truth
7651	54854579:63:SNP:C>T	1	representative_allele_is_somatic_truth
7650	54854585:472:SNP:C>G	1	representative_allele_is_somatic_truth
7648	54857899:242:SNP:G>C	1	representative_allele_is_somatic_truth
7647	54860367:257:SNP:G>C	1	representative_allele_is_somatic_truth
7646	54861438:50:SNP:C>T	1	representative_allele_is_somatic_truth
7645	54863097:144:SNP:C>G	1	representative_allele_is_somatic_truth
7643	54866613:56:SNP:G>C	1	representative_allele_is_somatic_truth
7642	54869136:11:SNP:A>G	1	representative_allele_is_somatic_truth
7640	54871978:236:SNP:A>G	1	representative_allele_is_somatic_truth
7639	54872909:255:SNP:G>A	1	representative_allele_is_somatic_truth
7478	54886420:54:SNP:G>C	1	representative_allele_is_somatic_truth
7479	54906323:271:SNP:C>G	1	representative_allele_is_somatic_truth
7480	54911808:1:SNP:G>A	1	representative_allele_is_somatic_truth
7483	54923867:8:SNP:T>A	1	representative_allele_is_somatic_truth
7485	54925661:11:SNP:C>G	1	representative_allele_is_somatic_truth
16720	54981626:127:SNP:T>A	1	representative_allele_is_somatic_truth
16721	54981626:128:SNP:C>A	1	representative_allele_is_somatic_truth
16723	55001931:0:SNP:G>A	1	representative_allele_is_somatic_truth
16725	55011479:82:SNP:G>A	1	representative_allele_is_somatic_truth
16727	55022327:48:SNP:C>G	1	representative_allele_is_somatic_truth
16728	55026793:106:SNP:G>A	1	representative_allele_is_somatic_truth
16729	55033270:82:SNP:C>G	1	representative_allele_is_somatic_truth
16731	55063187:358:SNP:A>T	1	representative_allele_is_somatic_truth
16733	55099969:92:SNP:G>A	1	representative_allele_is_somatic_truth
16734	55101655:107:SNP:C>T	1	representative_allele_is_somatic_truth
16735	55109990:348:SNP:T>A	1	representative_allele_is_somatic_truth
16739	55142600:376:SNP:C>A	1	representative_allele_is_somatic_truth
16741	55159912:166:SNP:G>C	1	representative_allele_is_somatic_truth
16743	55167107:56:SNP:T>C	1	representative_allele_is_somatic_truth
16744	55179433:48:SNP:C>T	1	representative_allele_is_somatic_truth
16747	55191889:71:SNP:C>T	1	representative_allele_is_somatic_truth
16749	55202319:140:SNP:C>T	1	representative_allele_is_somatic_truth
16751	55215663:69:SNP:G>T	1	representative_allele_is_somatic_truth
16756	55235110:2:SNP:C>A	1	representative_allele_is_somatic_truth
16757	55244090:25:SNP:G>A	1	representative_allele_is_somatic_truth
16760	55262908:206:SNP:G>T	1	representative_allele_is_somatic_truth
16761	55266926:123:SNP:G>A	1	representative_allele_is_somatic_truth
16763	55268942:6:SNP:C>A	1	representative_allele_is_somatic_truth
16777	55322534:0:SNP:T>C	1	representative_allele_is_somatic_truth
16778	55329875:0:SNP:C>T	1	representative_allele_is_somatic_truth
16780	55343710:44:SNP:A>G	1	representative_allele_is_somatic_truth
16781	55346850:11:SNP:C>T	1	representative_allele_is_somatic_truth
16783	55364886:69:SNP:G>T	1	representative_allele_is_somatic_truth
16784	55368480:2:SNP:G>T	1	representative_allele_is_somatic_truth
16785	55373411:10:SNP:C>A	1	representative_allele_is_somatic_truth
16790	55398753:109:SNP:A>T	1	representative_allele_is_somatic_truth
16796	55419860:16:SNP:G>A	1	representative_allele_is_somatic_truth
16797	55423815:103:SNP:T>C	1	representative_allele_is_somatic_truth
16803	55462238:32:SNP:C>T	1	representative_allele_is_somatic_truth
16806	55484436:169:SNP:T>A	1	representative_allele_is_somatic_truth
16807	55488127:24:SNP:C>T	1	representative_allele_is_somatic_truth
16808	55490937:310:SNP:A>T	1	representative_allele_is_somatic_truth
16810	55510077:62:SNP:T>G	1	representative_allele_is_somatic_truth
16811	55516716:35:SNP:T>G	1	representative_allele_is_somatic_truth
16815	55526491:152:SNP:C>T	1	representative_allele_is_somatic_truth
16819	55533468:147:SNP:C>T	1	representative_allele_is_somatic_truth
16820	55534851:363:SNP:C>G	1	representative_allele_is_somatic_truth
16822	55542198:196:SNP:T>A	1	representative_allele_is_somatic_truth
16824	55545695:86:SNP:A>C	1	representative_allele_is_somatic_truth
16825	55548049:35:SNP:G>A	1	representative_allele_is_somatic_truth
16829	55565034:97:SNP:G>T	1	representative_allele_is_somatic_truth
16830	55570531:7:SNP:C>T	1	representative_allele_is_somatic_truth
16836	55579413:85:SNP:C>T	1	representative_allele_is_somatic_truth
16840	55583602:224:SNP:A>T	1	representative_allele_is_somatic_truth
16846	55592837:0:SNP:G>A	1	representative_allele_is_somatic_truth
16848	55619687:84:SNP:G>A	1	representative_allele_is_somatic_truth
16854	55638103:41:SNP:C>T	1	representative_allele_is_somatic_truth
16855	55638269:173:SNP:C>T	1	representative_allele_is_somatic_truth
16858	55647711:43:SNP:C>A	1	representative_allele_is_somatic_truth
16862	55661741:5:SNP:G>T	1	representative_allele_is_somatic_truth
16902	55813200:264:SNP:A>T	1	representative_allele_is_somatic_truth
16903	55813791:0:SNP:A>T	1	representative_allele_is_somatic_truth
16904	55819456:57:SNP:C>T	1	representative_allele_is_somatic_truth
16909	55847049:58:SNP:C>T	1	representative_allele_is_somatic_truth
16915	55866906:135:SNP:G>C	1	representative_allele_is_somatic_truth
16918	55890260:81:SNP:C>A	1	representative_allele_is_somatic_truth
16919	55894096:219:SNP:T>C	1	representative_allele_is_somatic_truth
16920	55897314:555:SNP:C>G	1	representative_allele_is_somatic_truth
16923	55908946:250:SNP:C>A	1	representative_allele_is_somatic_truth
16925	55912085:63:SNP:G>T	1	representative_allele_is_somatic_truth
16934	55932827:88:SNP:G>T	1	representative_allele_is_somatic_truth
16935	55934532:225:SNP:T>A	1	representative_allele_is_somatic_truth
16936	55934592:11:SNP:G>C	1	representative_allele_is_somatic_truth
16938	55940044:151:SNP:C>T	1	representative_allele_is_somatic_truth
16939	55940440:37:SNP:G>T	1	representative_allele_is_somatic_truth
16941	55951569:220:SNP:G>A	1	representative_allele_is_somatic_truth
16942	55956435:5:SNP:C>A	1	representative_allele_is_somatic_truth
16944	55974831:17:SNP:G>A	1	representative_allele_is_somatic_truth
16945	55979113:565:SNP:T>C	1	representative_allele_is_somatic_truth
16946	55980448:195:SNP:G>C	1	representative_allele_is_somatic_truth
16949	55988360:264:SNP:T>G	1	representative_allele_is_somatic_truth
16951	55992614:7:SNP:A>G	1	representative_allele_is_somatic_truth
16952	56002178:3:SNP:C>T	1	representative_allele_is_somatic_truth
16955	56017324:92:SNP:G>A	1	representative_allele_is_somatic_truth
16956	56020940:193:SNP:C>T	1	representative_allele_is_somatic_truth
16958	56024032:219:SNP:A>T	1	representative_allele_is_somatic_truth
16960	56027291:12:SNP:G>T	1	representative_allele_is_somatic_truth
16961	56029520:21:SNP:G>T	1	representative_allele_is_somatic_truth
16963	56031811:76:SNP:G>A	1	representative_allele_is_somatic_truth
16964	56032204:5:SNP:T>C	1	representative_allele_is_somatic_truth
16967	56038259:161:SNP:C>A	1	representative_allele_is_somatic_truth
16968	56040558:177:SNP:G>A	1	representative_allele_is_somatic_truth
16974	56075832:150:SNP:C>G	1	representative_allele_is_somatic_truth
16975	56077320:3:SNP:C>A	1	representative_allele_is_somatic_truth
17007	56098232:94:SNP:C>T	1	representative_allele_is_somatic_truth
17008	56098296:22:SNP:T>C	1	representative_allele_is_somatic_truth
17009	56101648:197:SNP:C>G	1	representative_allele_is_somatic_truth
17014	56120179:23:SNP:G>C	1	representative_allele_is_somatic_truth
17019	56149723:145:SNP:T>C	1	representative_allele_is_somatic_truth
17020	56150229:158:SNP:G>A	1	representative_allele_is_somatic_truth
17022	56159883:98:SNP:C>T	1	representative_allele_is_somatic_truth
17023	56159883:106:SNP:C>A	1	representative_allele_is_somatic_truth
17024	56160381:230:SNP:G>A	1	representative_allele_is_somatic_truth
17025	56174125:621:SNP:C>T	1	representative_allele_is_somatic_truth
17026	56175070:36:SNP:C>A	1	representative_allele_is_somatic_truth
17027	56175070:40:SNP:C>A	1	representative_allele_is_somatic_truth
17029	56180267:29:SNP:T>A	1	representative_allele_is_somatic_truth
17032	56193332:52:SNP:C>T	1	representative_allele_is_somatic_truth
17035	56198991:1:SNP:G>T	1	representative_allele_is_somatic_truth
17036	56198991:2:SNP:C>A	1	representative_allele_is_somatic_truth
17037	56258911:168:SNP:G>A	1	representative_allele_is_somatic_truth
17038	56259862:4:SNP:C>T	1	representative_allele_is_somatic_truth
17039	56261140:7:SNP:C>T	1	representative_allele_is_somatic_truth
17041	56280282:79:SNP:G>A	1	representative_allele_is_somatic_truth
17043	56284373:37:SNP:C>A	1	representative_allele_is_somatic_truth
17044	56296719:70:SNP:C>G	1	representative_allele_is_somatic_truth
17048	56306331:33:SNP:C>T	1	representative_allele_is_somatic_truth
17052	56315521:415:SNP:A>G	1	representative_allele_is_somatic_truth
17057	56331801:145:SNP:C>T	1	representative_allele_is_somatic_truth
17059	56354197:378:SNP:G>T	1	representative_allele_is_somatic_truth
17062	56375434:133:SNP:A>G	1	representative_allele_is_somatic_truth
17063	56375434:138:SNP:A>T	1	representative_allele_is_somatic_truth
17067	56442799:84:SNP:G>T	1	representative_allele_is_somatic_truth
17071	56462930:286:SNP:G>C	1	representative_allele_is_somatic_truth
17074	56477274:10:SNP:C>T	1	representative_allele_is_somatic_truth
17076	56480710:161:SNP:C>G	1	representative_allele_is_somatic_truth
17078	56482205:199:SNP:C>T	1	representative_allele_is_somatic_truth
17080	56527946:11:SNP:C>G	1	representative_allele_is_somatic_truth
17082	56533718:44:SNP:C>A	1	representative_allele_is_somatic_truth
17084	56535758:251:SNP:T>C	1	representative_allele_is_somatic_truth
17087	56556525:495:SNP:T>C	1	representative_allele_is_somatic_truth
17088	56559001:133:SNP:T>A	1	representative_allele_is_somatic_truth
17092	56569573:0:SNP:G>T	1	representative_allele_is_somatic_truth
17100	56603338:74:SNP:C>A	1	representative_allele_is_somatic_truth
17101	56607402:43:SNP:T>C	1	representative_allele_is_somatic_truth
17103	56616322:438:SNP:G>A	1	representative_allele_is_somatic_truth
17104	56617754:123:SNP:C>T	1	representative_allele_is_somatic_truth
17105	56618630:250:SNP:C>T	1	representative_allele_is_somatic_truth
17106	56620509:131:SNP:C>A	1	representative_allele_is_somatic_truth
17109	56624667:117:SNP:G>T	1	representative_allele_is_somatic_truth
17110	56624670:3:SNP:G>A	1	representative_allele_is_somatic_truth
17111	56629800:211:SNP:C>G	1	representative_allele_is_somatic_truth
17112	56630603:0:SNP:T>A	1	representative_allele_is_somatic_truth
17113	56636556:178:SNP:G>A	1	representative_allele_is_somatic_truth
17115	56643931:60:SNP:A>T	1	representative_allele_is_somatic_truth
17117	56651816:4:SNP:C>T	1	representative_allele_is_somatic_truth
17123	56669717:27:SNP:C>T	1	representative_allele_is_somatic_truth
17125	56671934:318:SNP:C>T	1	representative_allele_is_somatic_truth
17129	56678629:18:SNP:C>T	1	representative_allele_is_somatic_truth
16895	56744376:195:SNP:C>T	1	representative_allele_is_somatic_truth
16884	56783023:37:SNP:G>A	1	representative_allele_is_somatic_truth
16883	56785394:36:SNP:C>T	1	representative_allele_is_somatic_truth
16880	56800318:330:SNP:G>T	1	representative_allele_is_somatic_truth
16879	56824561:448:SNP:C>A	1	representative_allele_is_somatic_truth
16878	56833920:284:SNP:G>A	1	representative_allele_is_somatic_truth
16877	56834234:16:SNP:T>G	1	representative_allele_is_somatic_truth
16870	56879088:241:SNP:G>A	1	representative_allele_is_somatic_truth
16866	56901691:112:SNP:T>A	1	representative_allele_is_somatic_truth
16865	56902709:10:SNP:T>C	1	representative_allele_is_somatic_truth
17133	56939901:183:SNP:T>C	1	representative_allele_is_somatic_truth
17134	56948590:205:SNP:C>G	1	representative_allele_is_somatic_truth
17135	56958345:228:SNP:A>G	1	representative_allele_is_somatic_truth
17137	56960819:267:SNP:G>A	1	representative_allele_is_somatic_truth
17150	56980482:84:SNP:T>C	1	representative_allele_is_somatic_truth
17151	56984097:73:SNP:G>T	1	representative_allele_is_somatic_truth
17152	56987467:54:SNP:G>T	1	representative_allele_is_somatic_truth
17155	57008287:61:SNP:T>C	1	representative_allele_is_somatic_truth
17156	57017208:60:SNP:C>T	1	representative_allele_is_somatic_truth
17158	57031036:178:SNP:C>T	1	representative_allele_is_somatic_truth
17162	57096308:41:SNP:C>A	1	representative_allele_is_somatic_truth
17164	57126438:105:SNP:G>T	1	representative_allele_is_somatic_truth
17165	57126438:106:SNP:A>T	1	representative_allele_is_somatic_truth
17172	57138462:277:SNP:C>A	1	representative_allele_is_somatic_truth
17170	57142900:70:SNP:C>T	1	representative_allele_is_somatic_truth
17169	57146553:90:SNP:A>G	1	representative_allele_is_somatic_truth
17166	57150358:4:SNP:C>A	1	representative_allele_is_somatic_truth
17167	57150358:5:SNP:A>C	1	representative_allele_is_somatic_truth
17177	57162859:175:SNP:T>C	1	representative_allele_is_somatic_truth
17178	57162942:140:SNP:C>T	1	representative_allele_is_somatic_truth
17179	57162942:141:SNP:C>T	1	representative_allele_is_somatic_truth
17180	57162968:67:SNP:C>T	1	representative_allele_is_somatic_truth
17181	57163109:419:SNP:C>A	1	representative_allele_is_somatic_truth
17182	57173281:61:SNP:G>C	1	representative_allele_is_somatic_truth
17184	57204923:939:SNP:A>T	1	representative_allele_is_somatic_truth
16898	57260420:925:SNP:C>G	1	representative_allele_is_somatic_truth
16993	57274865:38:SNP:G>C	1	representative_allele_is_somatic_truth
16992	57278688:397:SNP:C>T	1	representative_allele_is_somatic_truth
16986	57312807:198:SNP:A>G	1	representative_allele_is_somatic_truth
16984	57314265:384:SNP:C>A	1	representative_allele_is_somatic_truth
16985	57314265:385:SNP:C>T	1	representative_allele_is_somatic_truth
16983	57315034:362:SNP:T>G	1	representative_allele_is_somatic_truth
16982	57316808:40:SNP:C>G	1	representative_allele_is_somatic_truth
16981	57318637:165:SNP:A>T	1	representative_allele_is_somatic_truth
16979	57328180:28:SNP:T>C	1	representative_allele_is_somatic_truth
16978	57330148:191:SNP:C>G	1	representative_allele_is_somatic_truth
16976	57339704:82:SNP:G>A	1	representative_allele_is_somatic_truth
16897	57355529:115:SNP:G>A	1	representative_allele_is_somatic_truth
17141	57368933:234:SNP:G>T	1	representative_allele_is_somatic_truth
17146	57403230:230:SNP:A>C	1	representative_allele_is_somatic_truth
16995	57427442:670:SNP:C>G	1	representative_allele_is_somatic_truth
16998	57456005:0:SNP:T>A	1	representative_allele_is_somatic_truth
16999	57456700:215:SNP:G>C	1	representative_allele_is_somatic_truth
17002	57517414:142:SNP:A>T	1	representative_allele_is_somatic_truth
17003	57517992:230:SNP:T>A	1	representative_allele_is_somatic_truth
17004	57519123:267:SNP:C>T	1	representative_allele_is_somatic_truth
17175	57629829:65:SNP:T>C	1	representative_allele_is_somatic_truth
8571	4602141:0:INS:>T	1	representative_allele_is_somatic_truth
8572	4603508:60:DEL:A>	1	representative_allele_is_somatic_truth
8574	4605364:37:DEL:A>	1	representative_allele_is_somatic_truth
8575	4606888:0:INS:>A	1	representative_allele_is_somatic_truth
8576	4607308:108:INS:>A	1	representative_allele_is_somatic_truth
8582	4614918:0:DEL:T>	1	representative_allele_is_somatic_truth
8582	4614921:0:DEL:T>	1	representative_allele_is_somatic_truth
8590	4633782:0:DEL:T>	1	representative_allele_is_somatic_truth
8600	4649449:0:INS:>A	1	representative_allele_is_somatic_truth
8604	4657041:0:INS:>T	1	representative_allele_is_somatic_truth
8606	4664740:0:INS:>ATATAT	1	representative_allele_is_somatic_truth
8607	4671750:0:DEL:TT>	1	representative_allele_is_somatic_truth
8627	4743361:0:DEL:A>	1	representative_allele_is_somatic_truth
8628	4743529:210:INS:>A	1	representative_allele_is_somatic_truth
8647	4777236:93:INS:>T	1	representative_allele_is_somatic_truth
8655	4783861:192:INS:>T	1	representative_allele_is_somatic_truth
8657	4788354:151:DEL:AA>	1	representative_allele_is_somatic_truth
8662	4798285:1:DEL:T>	1	representative_allele_is_somatic_truth
8668	4800474:85:DEL:A>	1	representative_allele_is_somatic_truth
8673	4818316:45:INS:>T	1	representative_allele_is_somatic_truth
8678	4829624:0:DEL:A>	1	representative_allele_is_somatic_truth
8686	4843795:121:DEL:C>	1	representative_allele_is_somatic_truth
8689	4850302:59:DEL:ATGGGTTGTAGAGC>	1	representative_allele_is_somatic_truth
8692	4850893:0:DEL:A>	1	representative_allele_is_somatic_truth
8693	4851927:0:DEL:A>	1	representative_allele_is_somatic_truth
8696	4860292:11:DEL:A>	1	representative_allele_is_somatic_truth
8699	4861902:387:INS:>T	1	representative_allele_is_somatic_truth
8702	4876852:41:DEL:A>	1	representative_allele_is_somatic_truth
8705	4881874:0:INS:>A	1	representative_allele_is_somatic_truth
8709	4893514:1:INS:>AA	1	representative_allele_is_somatic_truth
8712	4903245:187:INS:>T	1	representative_allele_is_somatic_truth
8817	4948231:21:DEL:AATGGAATGA>	1	representative_allele_is_somatic_truth
8816	4948236:79:DEL:GGAAA>	1	representative_allele_is_somatic_truth
8812	4981701:89:INS:>T	1	representative_allele_is_somatic_truth
8809	4989140:6:DEL:A>	1	representative_allele_is_somatic_truth
8824	5023236:0:INS:>A	1	representative_allele_is_somatic_truth
8829	5039835:3:INS:>T	1	representative_allele_is_somatic_truth
8832	5044143:0:DEL:T>	1	representative_allele_is_somatic_truth
8846	5132708:45:DEL:C>	1	representative_allele_is_somatic_truth
8847	5134642:76:INS:>AGAT	1	representative_allele_is_somatic_truth
8860	5171441:157:INS:>A	1	representative_allele_is_somatic_truth
8869	5210902:12:DEL:A>	1	representative_allele_is_somatic_truth
8873	5222742:76:DEL:A>	1	representative_allele_is_somatic_truth
8880	5250548:180:INS:>T	1	representative_allele_is_somatic_truth
8896	5275616:0:INS:>AA	1	representative_allele_is_somatic_truth
8902	5295327:115:INS:>T	1	representative_allele_is_somatic_truth
8903	5296325:31:DEL:A>	1	representative_allele_is_somatic_truth
8903	5296336:0:DEL:A>	1	representative_allele_is_somatic_truth
8905	5297033:84:DEL:T>	1	representative_allele_is_somatic_truth
8908	5298710:130:INS:>A	1	representative_allele_is_somatic_truth
8909	5299167:0:DEL:T>	1	representative_allele_is_somatic_truth
8998	5312097:105:INS:>T	1	representative_allele_is_somatic_truth
8996	5313108:0:DEL:A>	1	representative_allele_is_somatic_truth
8990	5323083:293:DEL:T>	1	representative_allele_is_somatic_truth
8978	5348202:14:INS:>T	1	representative_allele_is_somatic_truth
8961	5394031:22:DEL:T>	1	representative_allele_is_somatic_truth
8960	5399020:150:INS:>T	1	representative_allele_is_somatic_truth
8958	5410265:0:DEL:A>	1	representative_allele_is_somatic_truth
8956	5418214:216:DEL:T>	1	representative_allele_is_somatic_truth
8954	5424005:0:DEL:A>	1	representative_allele_is_somatic_truth
8954	5424007:1:DEL:A>	1	representative_allele_is_somatic_truth
8952	5427205:59:DEL:T>	1	representative_allele_is_somatic_truth
8946	5451555:277:DEL:G>	1	representative_allele_is_somatic_truth
8945	5451763:0:INS:>AC	1	representative_allele_is_somatic_truth
8939	5468984:0:DEL:T>	1	representative_allele_is_somatic_truth
8938	5472085:0:DEL:T>	1	representative_allele_is_somatic_truth
8914	5498494:89:DEL:GGA>	1	representative_allele_is_somatic_truth
9006	5507136:62:INS:>A	1	representative_allele_is_somatic_truth
9009	5514597:112:INS:>A	1	representative_allele_is_somatic_truth
9012	5520541:0:DEL:T>	1	representative_allele_is_somatic_truth
9015	5524619:37:DEL:T>	1	representative_allele_is_somatic_truth
9016	5525363:0:DEL:A>	1	representative_allele_is_somatic_truth
9037	5580142:0:INS:>ATAT	1	representative_allele_is_somatic_truth
9037	5580146:0:INS:>ATAT	1	representative_allele_is_somatic_truth
9045	5604660:113:INS:>T	1	representative_allele_is_somatic_truth
9055	5633796:46:DEL:AAAGGTAATTCTCCTTGTGGGA>@5633797+5633798	1	representative_allele_is_somatic_truth
9064	5655758:253:DEL:TACTCCCCCTGGGGAGGC>	1	representative_allele_is_somatic_truth
9065	5658339:97:INS:>A	1	representative_allele_is_somatic_truth
9073	5685434:8:DEL:AAGGAG>	1	representative_allele_is_somatic_truth
9075	5687256:0:INS:>T	1	representative_allele_is_somatic_truth
9080	5696770:0:INS:>T	1	representative_allele_is_somatic_truth
9085	5706354:100:DEL:G>	1	representative_allele_is_somatic_truth
9087	5709188:0:INS:>T	1	representative_allele_is_somatic_truth
9088	5711400:78:INS:>TTTT	1	representative_allele_is_somatic_truth
9090	5716840:186:INS:>TG	1	representative_allele_is_somatic_truth
9092	5723949:0:INS:>A	1	representative_allele_is_somatic_truth
9093	5726842:57:INS:>A	1	representative_allele_is_somatic_truth
9096	5732799:62:DEL:T>	1	representative_allele_is_somatic_truth
9099	5741974:156:DEL:T>	1	representative_allele_is_somatic_truth
9108	5772758:0:INS:>AA	1	representative_allele_is_somatic_truth
9259	5827808:0:DEL:A>	1	representative_allele_is_somatic_truth
9263	5831563:0:INS:>ATATAC	1	representative_allele_is_somatic_truth
9267	5836163:144:INS:>AA	1	representative_allele_is_somatic_truth
9268	5839489:0:DEL:T>	1	representative_allele_is_somatic_truth
9271	5851754:130:DEL:T>	1	representative_allele_is_somatic_truth
9272	5852966:108:INS:>T	1	representative_allele_is_somatic_truth
9273	5853840:160:INS:>A	1	representative_allele_is_somatic_truth
9274	5853955:17:INS:>A	1	representative_allele_is_somatic_truth
9275	5855883:4:INS:>T	1	representative_allele_is_somatic_truth
9282	5868495:14:DEL:A>	1	representative_allele_is_somatic_truth
9289	5892647:1:INS:>A	1	representative_allele_is_somatic_truth
9290	5895929:0:INS:>T	1	representative_allele_is_somatic_truth
9308	5925880:57:INS:>A	1	representative_allele_is_somatic_truth
9316	5933284:297:DEL:A>	1	representative_allele_is_somatic_truth
9321	5942681:22:INS:>T	1	representative_allele_is_somatic_truth
9322	5943605:0:INS:>T	1	representative_allele_is_somatic_truth
9324	5945701:0:INS:>A	1	representative_allele_is_somatic_truth
9328	5948169:0:INS:>T	1	representative_allele_is_somatic_truth
9329	5948987:0:DEL:T>	1	representative_allele_is_somatic_truth
9334	5956424:0:DEL:AA>	1	representative_allele_is_somatic_truth
9336	5956833:0:DEL:T>	1	representative_allele_is_somatic_truth
9340	5962744:0:DEL:A>	1	representative_allele_is_somatic_truth
9342	5966083:98:INS:>T	1	representative_allele_is_somatic_truth
9343	5968985:281:INS:>T	1	representative_allele_is_somatic_truth
9348	5973839:108:DEL:A>	1	representative_allele_is_somatic_truth
9350	5977996:121:DEL:A>	1	representative_allele_is_somatic_truth
9359	6003268:81:DEL:T>	1	representative_allele_is_somatic_truth
9362	6004837:12:INS:>T	1	representative_allele_is_somatic_truth
9363	6005812:0:INS:>A	1	representative_allele_is_somatic_truth
9370	6033206:92:INS:>A	1	representative_allele_is_somatic_truth
9375	6040056:121:INS:>T	1	representative_allele_is_somatic_truth
9381	6058729:565:INS:>A	1	representative_allele_is_somatic_truth
9389	6082795:49:DEL:A>	1	representative_allele_is_somatic_truth
9393	6092348:0:INS:>A	1	representative_allele_is_somatic_truth
9398	6110970:0:INS:>A	1	representative_allele_is_somatic_truth
9403	6121892:0:DEL:T>	1	representative_allele_is_somatic_truth
9405	6126207:7:DEL:A>	1	representative_allele_is_somatic_truth
9406	6126856:33:DEL:A>	1	representative_allele_is_somatic_truth
9407	6129799:354:INS:>T	1	representative_allele_is_somatic_truth
9421	6169907:12:INS:>T	1	representative_allele_is_somatic_truth
9423	6182799:8:INS:>TA	1	representative_allele_is_somatic_truth
9426	6199079:0:INS:>A	1	representative_allele_is_somatic_truth
9438	6245299:66:DEL:T>	1	representative_allele_is_somatic_truth
9443	6254604:0:DEL:T>	1	representative_allele_is_somatic_truth
9445	6255522:436:DEL:C>	1	representative_allele_is_somatic_truth
9452	6277357:262:DEL:GAGGATGTGATCGGCC>@6277358+6277359	1	representative_allele_is_somatic_truth
9479	6360299:47:INS:>A	1	representative_allele_is_somatic_truth
9480	6361585:74:DEL:AGCTTGGAAAACATCGCATTCAGC>	1	representative_allele_is_somatic_truth
9486	6384947:0:INS:>TATATATATATATATATATATA	1	representative_allele_is_somatic_truth
9491	6400310:0:DEL:T>	1	representative_allele_is_somatic_truth
9492	6406877:0:DEL:T>	1	representative_allele_is_somatic_truth
9494	6412859:0:DEL:A>	1	representative_allele_is_somatic_truth
9496	6418037:90:INS:>T	1	representative_allele_is_somatic_truth
9498	6420122:128:DEL:TTTGCTTCACACAA>	1	representative_allele_is_somatic_truth
9501	6434629:2:DEL:T>	1	representative_allele_is_somatic_truth
8731	6490812:232:DEL:A>	1	representative_allele_is_somatic_truth
8743	6518287:201:DEL:CTGATCTACAGCTTCAATGCATTCCAATAAAAATGC>	1	representative_allele_is_somatic_truth
8744	6518741:80:INS:>A	1	representative_allele_is_somatic_truth
8752	6545413:75:DEL:A>	1	representative_allele_is_somatic_truth
8757	6562539:0:INS:>T	1	representative_allele_is_somatic_truth
8766	6606366:204:DEL:T>	1	representative_allele_is_somatic_truth
8769	6635919:41:DEL:CCAGGCTGGA>	1	representative_allele_is_somatic_truth
8774	6650061:145:DEL:TT>	1	representative_allele_is_somatic_truth
8778	6669395:1:INS:>A	1	representative_allele_is_somatic_truth
8790	6719309:0:DEL:A>	1	representative_allele_is_somatic_truth
8791	6721972:105:DEL:CTCCAGACT>	1	representative_allele_is_somatic_truth
8795	6726408:0:DEL:A>	1	representative_allele_is_somatic_truth
8799	6730167:0:DEL:A>	1	representative_allele_is_somatic_truth
9535	6822343:19:INS:>T	1	representative_allele_is_somatic_truth
9183	6838580:2:DEL:CAC>	1	representative_allele_is_somatic_truth
9185	6844557:95:DEL:C>	1	representative_allele_is_somatic_truth
9118	6869340:0:INS:>T	1	representative_allele_is_somatic_truth
9124	6877933:0:DEL:A>	1	representative_allele_is_somatic_truth
9125	6878032:317:DEL:T>	1	representative_allele_is_somatic_truth
9130	6881537:88:DEL:T>	1	representative_allele_is_somatic_truth
9132	6882638:0:DEL:T>	1	representative_allele_is_somatic_truth
9134	6883994:0:DEL:T>	1	representative_allele_is_somatic_truth
9152	6923419:0:DEL:T>	1	representative_allele_is_somatic_truth
9153	6923927:0:DEL:T>	1	representative_allele_is_somatic_truth
9154	6926352:0:DEL:T>	1	representative_allele_is_somatic_truth
9156	6927921:69:DEL:CT>	1	representative_allele_is_somatic_truth
9161	6942149:0:INS:>A	1	representative_allele_is_somatic_truth
9162	6942323:121:INS:>T	1	representative_allele_is_somatic_truth
9169	6954127:121:INS:>A	1	representative_allele_is_somatic_truth
9172	6960175:0:DEL:A>	1	representative_allele_is_somatic_truth
9173	6960891:0:INS:>A	1	representative_allele_is_somatic_truth
9180	6983360:49:DEL:AAGG>	1	representative_allele_is_somatic_truth
8525	7117873:64:INS:>T	1	representative_allele_is_somatic_truth
8537	7172973:0:INS:>T	1	representative_allele_is_somatic_truth
8547	7189693:22:INS:>T	1	representative_allele_is_somatic_truth
8549	7194395:0:INS:>T	1	representative_allele_is_somatic_truth
8551	7198526:0:INS:>T	1	representative_allele_is_somatic_truth
8552	7200353:84:DEL:A>	1	representative_allele_is_somatic_truth
8555	7203648:0:INS:>T	1	representative_allele_is_somatic_truth
8556	7209591:0:INS:>A	1	representative_allele_is_somatic_truth
8557	7210773:95:INS:>A	1	representative_allele_is_somatic_truth
8558	7214296:0:DEL:T>	1	representative_allele_is_somatic_truth
8563	7227302:7:DEL:ATTT>	1	representative_allele_is_somatic_truth
9247	7247171:0:INS:>A	1	representative_allele_is_somatic_truth
9246	7249302:144:DEL:A>	1	representative_allele_is_somatic_truth
9240	7260932:277:DEL:ATGGTTTTAAACCTTAAATCT>	1	representative_allele_is_somatic_truth
9237	7272476:86:DEL:TC>	1	representative_allele_is_somatic_truth
9235	7278717:0:DEL:A>	1	representative_allele_is_somatic_truth
9230	7302140:0:DEL:T>	1	representative_allele_is_somatic_truth
9225	7326741:0:INS:>T	1	representative_allele_is_somatic_truth
9224	7326797:0:INS:>T	1	representative_allele_is_somatic_truth
9223	7328980:0:INS:>A	1	representative_allele_is_somatic_truth
9215	7339943:32:INS:>T	1	representative_allele_is_somatic_truth
9200	7366697:102:INS:>T	1	representative_allele_is_somatic_truth
9190	7402461:0:INS:>A	1	representative_allele_is_somatic_truth
9035	7433598:0:INS:>T	1	representative_allele_is_somatic_truth
9780	7446882:0:DEL:T>	1	representative_allele_is_somatic_truth
9778	7450948:267:DEL:T>	1	representative_allele_is_somatic_truth
9775	7454453:0:DEL:T>	1	representative_allele_is_somatic_truth
9773	7456297:32:DEL:TG>	1	representative_allele_is_somatic_truth
9769	7463563:0:DEL:A>	1	representative_allele_is_somatic_truth
9767	7465608:27:INS:>T	1	representative_allele_is_somatic_truth
9765	7465720:0:INS:>T	1	representative_allele_is_somatic_truth
9764	7466377:457:DEL:A>	1	representative_allele_is_somatic_truth
9762	7468764:158:DEL:A>	1	representative_allele_is_somatic_truth
9756	7478359:0:DEL:T>	1	representative_allele_is_somatic_truth
9738	7510849:0:DEL:A>	1	representative_allele_is_somatic_truth
9735	7513604:0:INS:>T	1	representative_allele_is_somatic_truth
9734	7513705:213:INS:>T	1	representative_allele_is_somatic_truth
9728	7546095:121:INS:>A	1	representative_allele_is_somatic_truth
9726	7549710:0:INS:>A	1	representative_allele_is_somatic_truth
9721	7570074:305:INS:>T	1	representative_allele_is_somatic_truth
9718	7570723:6:DEL:A>	1	representative_allele_is_somatic_truth
9717	7573191:0:INS:>A	1	representative_allele_is_somatic_truth
9714	7580530:54:DEL:TGA>	1	representative_allele_is_somatic_truth
9713	7595510:28:DEL:A>	1	representative_allele_is_somatic_truth
9706	7608098:14:DEL:A>	1	representative_allele_is_somatic_truth
9687	7647623:164:DEL:ACTGACATGCAGTT>	1	representative_allele_is_somatic_truth
9671	7682603:0:DEL:T>	1	representative_allele_is_somatic_truth
9665	7688529:0:DEL:T>	1	representative_allele_is_somatic_truth
9655	7735771:145:INS:>T	1	representative_allele_is_somatic_truth
9645	7767793:253:DEL:GAGTTAAGC>	1	representative_allele_is_somatic_truth
9637	7785153:174:DEL:T>	1	representative_allele_is_somatic_truth
9636	7787503:40:DEL:C>	1	representative_allele_is_somatic_truth
9627	7828498:101:INS:>A	1	representative_allele_is_somatic_truth
9606	7904753:0:INS:>T	1	representative_allele_is_somatic_truth
9605	7905492:16:INS:>A	1	representative_allele_is_somatic_truth
9604	7909486:2:DEL:AAAATACAAAAATTAGCCGGGCAT>	1	representative_allele_is_somatic_truth
9601	7918533:447:INS:>T	1	representative_allele_is_somatic_truth
9590	7968373:155:DEL:CAG>	1	representative_allele_is_somatic_truth
9586	7983183:100:INS:>T	1	representative_allele_is_somatic_truth
9585	7984019:257:DEL:T>	1	representative_allele_is_somatic_truth
9574	8003126:201:INS:>T	1	representative_allele_is_somatic_truth
9573	8003477:0:DEL:T>	1	representative_allele_is_somatic_truth
9572	8005461:0:DEL:A>	1	representative_allele_is_somatic_truth
9568	8014085:0:DEL:A>	1	representative_allele_is_somatic_truth
9566	8024538:65:DEL:CAAGGACTTTAGGTTCCAAAGGGAAGATC>	1	representative_allele_is_somatic_truth
9564	8028091:0:DEL:T>	1	representative_allele_is_somatic_truth
9558	8052346:0:DEL:T>	1	representative_allele_is_somatic_truth
9548	8090244:0:DEL:G>	1	representative_allele_is_somatic_truth
9540	8117525:437:INS:>TGA	1	representative_allele_is_somatic_truth
9810	8155166:138:DEL:A>	1	representative_allele_is_somatic_truth
9801	8190280:0:DEL:A>	1	representative_allele_is_somatic_truth
9782	8249224:0:DEL:A>	1	representative_allele_is_somatic_truth
9977	8259258:0:INS:>A	1	representative_allele_is_somatic_truth
9971	8272470:0:DEL:T>	1	representative_allele_is_somatic_truth
9967	8282385:43:DEL:TT>	1	representative_allele_is_somatic_truth
9960	8289533:553:DEL:G>	1	representative_allele_is_somatic_truth
10044	8307738:0:INS:>A	1	representative_allele_is_somatic_truth
10048	8327457:0:INS:>A	1	representative_allele_is_somatic_truth
10050	8330672:0:INS:>A	1	representative_allele_is_somatic_truth
10053	8335495:0:INS:>T	1	representative_allele_is_somatic_truth
10064	8396160:0:INS:>T	1	representative_allele_is_somatic_truth
10076	8434745:163:INS:>T	1	representative_allele_is_somatic_truth
10084	8439054:56:DEL:T>	1	representative_allele_is_somatic_truth
10089	8457968:79:INS:>T	1	representative_allele_is_somatic_truth
10091	8461943:20:INS:>AA	1	representative_allele_is_somatic_truth
10095	8468854:0:DEL:A>	1	representative_allele_is_somatic_truth
10096	8469050:47:INS:>T	1	representative_allele_is_somatic_truth
10099	8475073:140:INS:>A	1	representative_allele_is_somatic_truth
10100	8475915:0:INS:>T	1	representative_allele_is_somatic_truth
10104	8480838:0:INS:>T	1	representative_allele_is_somatic_truth
10105	8483680:32:DEL:A>	1	representative_allele_is_somatic_truth
10117	8502949:0:INS:>T	1	representative_allele_is_somatic_truth
10120	8512341:201:DEL:A>	1	representative_allele_is_somatic_truth
10135	8533504:34:DEL:T>	1	representative_allele_is_somatic_truth
10136	8533909:0:DEL:A>	1	representative_allele_is_somatic_truth
10137	8534593:0:DEL:A>	1	representative_allele_is_somatic_truth
10147	8550564:0:DEL:GAAGGAAG>@8550565+8550566+8550567	1	representative_allele_is_somatic_truth
10149	8551694:341:DEL:T>	1	representative_allele_is_somatic_truth
10151	8555474:0:INS:>T	1	representative_allele_is_somatic_truth
10158	8572595:56:INS:>T	1	representative_allele_is_somatic_truth
10162	8582986:174:INS:>A	1	representative_allele_is_somatic_truth
10166	8600592:54:INS:>A	1	representative_allele_is_somatic_truth
10167	8601069:209:INS:>A	1	representative_allele_is_somatic_truth
10172	8611074:0:DEL:T>	1	representative_allele_is_somatic_truth
10180	8626081:51:DEL:T>	1	representative_allele_is_somatic_truth
10182	8634020:82:INS:>A	1	representative_allele_is_somatic_truth
10190	8645156:0:DEL:T>	1	representative_allele_is_somatic_truth
10194	8652653:49:DEL:A>	1	representative_allele_is_somatic_truth
10204	8668390:718:INS:>T	1	representative_allele_is_somatic_truth
10209	8675836:0:INS:>TT	1	representative_allele_is_somatic_truth
10216	8693468:68:INS:>A	1	representative_allele_is_somatic_truth
10218	8695966:0:DEL:T>	1	representative_allele_is_somatic_truth
10220	8696691:0:DEL:A>	1	representative_allele_is_somatic_truth
10229	8712576:0:INS:>A	1	representative_allele_is_somatic_truth
10231	8722524:11:DEL:TACATCTCA>	1	representative_allele_is_somatic_truth
10237	8731257:114:INS:>CCT	1	representative_allele_is_somatic_truth
10239	8738155:0:INS:>T	1	representative_allele_is_somatic_truth
10242	8750897:94:DEL:A>	1	representative_allele_is_somatic_truth
10249	8769125:68:DEL:T>	1	representative_allele_is_somatic_truth
10250	8769176:0:DEL:A>	1	representative_allele_is_somatic_truth
10253	8783311:0:DEL:A>	1	representative_allele_is_somatic_truth
10257	8787119:0:DEL:A>	1	representative_allele_is_somatic_truth
10257	8787121:0:DEL:A>	1	representative_allele_is_somatic_truth
10263	8801700:0:INS:>TT	1	representative_allele_is_somatic_truth
10270	8807915:232:INS:>A	1	representative_allele_is_somatic_truth
10272	8810665:42:DEL:A>	1	representative_allele_is_somatic_truth
10278	8813732:0:DEL:T>	1	representative_allele_is_somatic_truth
10279	8814821:0:DEL:T>	1	representative_allele_is_somatic_truth
10280	8815998:0:DEL:A>	1	representative_allele_is_somatic_truth
10290	8825638:79:INS:>T	1	representative_allele_is_somatic_truth
10295	8830649:381:DEL:T>	1	representative_allele_is_somatic_truth
10299	8838526:0:DEL:TT>@8838527	1	representative_allele_is_somatic_truth
10301	8840313:0:DEL:A>	1	representative_allele_is_somatic_truth
10302	8840385:0:DEL:T>	1	representative_allele_is_somatic_truth
10303	8844875:0:INS:>T	1	representative_allele_is_somatic_truth
10304	8847059:28:INS:>T	1	representative_allele_is_somatic_truth
10305	8849728:30:INS:>T	1	representative_allele_is_somatic_truth
10308	8863844:256:INS:>A	1	representative_allele_is_somatic_truth
10319	8880592:0:DEL:A>	1	representative_allele_is_somatic_truth
10324	8898317:0:INS:>T	1	representative_allele_is_somatic_truth
10333	8932061:0:INS:>T	1	representative_allele_is_somatic_truth
10352	8975413:255:INS:>T	1	representative_allele_is_somatic_truth
10355	8979402:37:DEL:A>	1	representative_allele_is_somatic_truth
10356	8981790:1:DEL:A>	1	representative_allele_is_somatic_truth
10361	8993752:0:DEL:A>	1	representative_allele_is_somatic_truth
10363	9008798:0:DEL:A>	1	representative_allele_is_somatic_truth
10366	9024250:187:INS:>A	1	representative_allele_is_somatic_truth
10366	9024252:0:INS:>A	1	representative_allele_is_somatic_truth
10367	9024311:104:DEL:A>	1	representative_allele_is_somatic_truth
10375	9075551:0:INS:>T	1	representative_allele_is_somatic_truth
10379	9086644:121:INS:>T	1	representative_allele_is_somatic_truth
10381	9095522:180:INS:>A	1	representative_allele_is_somatic_truth
10387	9110354:0:DEL:A>	1	representative_allele_is_somatic_truth
10392	9128975:0:DEL:T>	1	representative_allele_is_somatic_truth
10394	9133043:195:DEL:A>	1	representative_allele_is_somatic_truth
10395	9139634:2:DEL:T>	1	representative_allele_is_somatic_truth
10396	9140422:0:INS:>T	1	representative_allele_is_somatic_truth
10397	9143746:0:INS:>A	1	representative_allele_is_somatic_truth
10399	9159405:184:INS:>TATTA	1	representative_allele_is_somatic_truth
10403	9176808:0:DEL:T>	1	representative_allele_is_somatic_truth
10408	9198037:254:DEL:A>	1	representative_allele_is_somatic_truth
10422	9283022:0:DEL:T>	1	representative_allele_is_somatic_truth
10429	9333429:0:DEL:T>	1	representative_allele_is_somatic_truth
10437	9368454:248:INS:>A	1	representative_allele_is_somatic_truth
10441	9374541:128:DEL:AC>	1	representative_allele_is_somatic_truth
10442	9375882:0:DEL:T>	1	representative_allele_is_somatic_truth
10450	9380826:48:DEL:A>	1	representative_allele_is_somatic_truth
10455	9392194:0:DEL:A>	1	representative_allele_is_somatic_truth
9957	9402550:0:DEL:T>	1	representative_allele_is_somatic_truth
9954	9411225:662:INS:>T	1	representative_allele_is_somatic_truth
9950	9414734:0:DEL:A>	1	representative_allele_is_somatic_truth
9948	9422705:4:INS:>T	1	representative_allele_is_somatic_truth
9945	9430895:0:INS:>A	1	representative_allele_is_somatic_truth
9944	9431648:7:DEL:A>	1	representative_allele_is_somatic_truth
9932	9464712:11:INS:>A	1	representative_allele_is_somatic_truth
9917	9536165:120:DEL:T>	1	representative_allele_is_somatic_truth
9915	9552413:7:INS:>AA	1	representative_allele_is_somatic_truth
9907	9563022:0:INS:>A	1	representative_allele_is_somatic_truth
9903	9568313:0:INS:>A	1	representative_allele_is_somatic_truth
9901	9568805:62:INS:>A	1	representative_allele_is_somatic_truth
9899	9571981:0:DEL:T>	1	representative_allele_is_somatic_truth
10018	9636297:321:INS:>TT	1	representative_allele_is_somatic_truth
10018	9636299:0:INS:>TT	1	representative_allele_is_somatic_truth
10020	9648298:30:DEL:T>	1	representative_allele_is_somatic_truth
10022	9655999:0:INS:>AA	1	representative_allele_is_somatic_truth
10035	9681291:47:DEL:TCCAC>	1	representative_allele_is_somatic_truth
10468	9726986:0:INS:>T	1	representative_allele_is_somatic_truth
10469	9728228:84:DEL:GGTGTGGGCCGCCTGGA>	1	representative_allele_is_somatic_truth
10471	9734165:0:INS:>T	1	representative_allele_is_somatic_truth
10473	9739532:26:DEL:T>	1	representative_allele_is_somatic_truth
10499	9794251:19:DEL:CA>	1	representative_allele_is_somatic_truth
10509	9815439:312:INS:>A	1	representative_allele_is_somatic_truth
10506	9820203:125:INS:>T	1	representative_allele_is_somatic_truth
10504	9826239:0:INS:>A	1	representative_allele_is_somatic_truth
9888	9843187:149:INS:>T	1	representative_allele_is_somatic_truth
9883	9852964:419:INS:>T	1	representative_allele_is_somatic_truth
9878	9874012:16:DEL:C>	1	representative_allele_is_somatic_truth
9876	9903888:0:INS:>A	1	representative_allele_is_somatic_truth
9864	9913923:16:DEL:TT>	1	representative_allele_is_somatic_truth
9863	9918213:188:DEL:AGGTT>	1	representative_allele_is_somatic_truth
9857	9929270:0:INS:>A	1	representative_allele_is_somatic_truth
9853	9931266:0:INS:>T	1	representative_allele_is_somatic_truth
9853	9931270:0:INS:>T	1	representative_allele_is_somatic_truth
9852	9931433:0:INS:>T	1	representative_allele_is_somatic_truth
9851	9932890:0:DEL:A>	1	representative_allele_is_somatic_truth
9849	9932999:0:DEL:T>	1	representative_allele_is_somatic_truth
9848	9940504:15:INS:>T	1	representative_allele_is_somatic_truth
9834	9957134:0:DEL:A>	1	representative_allele_is_somatic_truth
9832	9964732:33:DEL:A>	1	representative_allele_is_somatic_truth
9829	9968002:0:INS:>T	1	representative_allele_is_somatic_truth
9828	9968121:38:DEL:TT>	1	representative_allele_is_somatic_truth
9825	9973586:84:INS:>A	1	representative_allele_is_somatic_truth
9818	9994671:0:INS:>T	1	representative_allele_is_somatic_truth
9812	10011120:0:DEL:T>	1	representative_allele_is_somatic_truth
9894	10034724:17:DEL:GGAC>	1	representative_allele_is_somatic_truth
9896	10039568:0:INS:>T	1	representative_allele_is_somatic_truth
9981	10059962:0:INS:>T	1	representative_allele_is_somatic_truth
9982	10063145:0:INS:>AA	1	representative_allele_is_somatic_truth
9987	10076309:43:INS:>T	1	representative_allele_is_somatic_truth
9988	10078994:0:INS:>T	1	representative_allele_is_somatic_truth
9990	10090396:220:INS:>A	1	representative_allele_is_somatic_truth
9997	10123202:162:INS:>A	1	representative_allele_is_somatic_truth
10513	10137564:100:DEL:A>	1	representative_allele_is_somatic_truth
10521	10186456:0:INS:>T	1	representative_allele_is_somatic_truth
10523	10192505:0:INS:>T	1	representative_allele_is_somatic_truth
10534	10235228:0:INS:>T	1	representative_allele_is_somatic_truth
10535	10235743:24:DEL:AGTGC>	1	representative_allele_is_somatic_truth
10540	10247181:188:INS:>T	1	representative_allele_is_somatic_truth
10551	10272569:0:INS:>A	1	representative_allele_is_somatic_truth
10552	10273601:278:INS:>TATAT	1	representative_allele_is_somatic_truth
10556	10276542:0:INS:>T	1	representative_allele_is_somatic_truth
10557	10282413:5:INS:>T	1	representative_allele_is_somatic_truth
10559	10290872:465:INS:>T	1	representative_allele_is_somatic_truth
10562	10294004:0:INS:>T	1	representative_allele_is_somatic_truth
10563	10295514:562:DEL:T>	1	representative_allele_is_somatic_truth
10570	10330401:0:DEL:T>	1	representative_allele_is_somatic_truth
10573	10333770:0:INS:>T	1	representative_allele_is_somatic_truth
10574	10337810:0:INS:>AAA	1	representative_allele_is_somatic_truth
10579	10341817:0:INS:>A	1	representative_allele_is_somatic_truth
10583	10343951:36:INS:>T	1	representative_allele_is_somatic_truth
10584	10343961:0:DEL:T>	1	representative_allele_is_somatic_truth
10590	10381346:0:DEL:T>	1	representative_allele_is_somatic_truth
10592	10383647:0:DEL:T>	1	representative_allele_is_somatic_truth
10592	10383649:0:DEL:T>	1	representative_allele_is_somatic_truth
10594	10394964:150:DEL:TTTGATGGAGATAGTT>	1	representative_allele_is_somatic_truth
10597	10396764:24:DEL:ATATATATGCTCACATATATATGTGAGCATATATATATACACAC>@10396765+10396766+10396767+10396768+10396769+10396770+10396771	1	representative_allele_is_somatic_truth
10598	10403177:0:INS:>A	1	representative_allele_is_somatic_truth
10606	10427007:126:DEL:T>	1	representative_allele_is_somatic_truth
10615	10449364:23:INS:>A	1	representative_allele_is_somatic_truth
10622	10474047:339:DEL:TTAGTTGCTTCCAAGATTTGGCAATTATGAATAAAAGTTCTACAAATA>@10474048+10474049	1	representative_allele_is_somatic_truth
10623	10475610:274:DEL:G>	1	representative_allele_is_somatic_truth
10626	10482131:262:INS:>A	1	representative_allele_is_somatic_truth
10629	10491102:293:INS:>T	1	representative_allele_is_somatic_truth
10633	10504371:596:DEL:T>	1	representative_allele_is_somatic_truth
10727	10526306:0:DEL:A>	1	representative_allele_is_somatic_truth
10725	10527149:50:INS:>A	1	representative_allele_is_somatic_truth
10708	10542624:24:DEL:T>	1	representative_allele_is_somatic_truth
10699	10551532:0:INS:>A	1	representative_allele_is_somatic_truth
10698	10554193:0:DEL:A>	1	representative_allele_is_somatic_truth
10693	10567924:133:INS:>T	1	representative_allele_is_somatic_truth
10817	10574243:0:DEL:A>	1	representative_allele_is_somatic_truth
10830	10594083:12:INS:>T	1	representative_allele_is_somatic_truth
10841	10660269:223:INS:>T	1	representative_allele_is_somatic_truth
10847	10677420:385:DEL:AATAAATGTTAAAGTCTTACTTTA>@10677421+10677422	1	representative_allele_is_somatic_truth
10854	10736634:0:DEL:T>	1	representative_allele_is_somatic_truth
10858	10766301:0:INS:>T	1	representative_allele_is_somatic_truth
10870	10824843:283:DEL:A>	1	representative_allele_is_somatic_truth
10871	10824964:0:INS:>TTTCTTTCTC	1	representative_allele_is_somatic_truth
10878	10852713:302:INS:>T	1	representative_allele_is_somatic_truth
10880	10857738:238:DEL:T>	1	representative_allele_is_somatic_truth
10902	10962770:50:INS:>CT	1	representative_allele_is_somatic_truth
10918	11018694:0:INS:>C	1	representative_allele_is_somatic_truth
10919	11026068:246:DEL:T>	1	representative_allele_is_somatic_truth
10921	11030513:30:DEL:A>	1	representative_allele_is_somatic_truth
10925	11053636:0:INS:>A	1	representative_allele_is_somatic_truth
10927	11065480:78:DEL:TGT>	1	representative_allele_is_somatic_truth
10933	11079429:25:INS:>AA	1	representative_allele_is_somatic_truth
10933	11079431:0:INS:>AA	1	representative_allele_is_somatic_truth
10936	11083547:226:INS:>A	1	representative_allele_is_somatic_truth
10944	11135049:70:INS:>T	1	representative_allele_is_somatic_truth
10946	11136130:61:DEL:AAGCAAAAT>	1	representative_allele_is_somatic_truth
10950	11144939:26:DEL:ATCTC>	1	representative_allele_is_somatic_truth
10954	11156718:0:DEL:T>	1	representative_allele_is_somatic_truth
10955	11157275:0:DEL:T>	1	representative_allele_is_somatic_truth
10955	11157276:1:DEL:T>	1	representative_allele_is_somatic_truth
10957	11157369:8:DEL:T>	1	representative_allele_is_somatic_truth
10965	11189672:2:DEL:A>	1	representative_allele_is_somatic_truth
10970	11202887:67:INS:>T	1	representative_allele_is_somatic_truth
10974	11229678:0:DEL:T>	1	representative_allele_is_somatic_truth
10976	11232507:148:INS:>A	1	representative_allele_is_somatic_truth
10977	11240392:297:DEL:T>	1	representative_allele_is_somatic_truth
10980	11265863:0:DEL:T>	1	representative_allele_is_somatic_truth
10981	11267455:167:DEL:T>	1	representative_allele_is_somatic_truth
10984	11273899:0:DEL:T>	1	representative_allele_is_somatic_truth
10985	11276292:159:DEL:A>	1	representative_allele_is_somatic_truth
10990	11278006:0:INS:>T	1	representative_allele_is_somatic_truth
11003	11319673:0:DEL:A>	1	representative_allele_is_somatic_truth
11006	11327854:0:INS:>A	1	representative_allele_is_somatic_truth
11007	11327962:62:DEL:C>	1	representative_allele_is_somatic_truth
11014	11354953:0:INS:>T	1	representative_allele_is_somatic_truth
11023	11384814:217:INS:>A	1	representative_allele_is_somatic_truth
11028	11401138:0:INS:>TTT	1	representative_allele_is_somatic_truth
11030	11416896:94:DEL:A>	1	representative_allele_is_somatic_truth
11031	11417601:0:DEL:T>	1	representative_allele_is_somatic_truth
11048	11479679:0:DEL:T>	1	representative_allele_is_somatic_truth
11051	11483902:125:INS:>A	1	representative_allele_is_somatic_truth
11061	11554582:38:DEL:TT>	1	representative_allele_is_somatic_truth
11064	11590430:0:DEL:T>	1	representative_allele_is_somatic_truth
11073	11625736:0:INS:>T	1	representative_allele_is_somatic_truth
11079	11635103:223:DEL:A>	1	representative_allele_is_somatic_truth
11080	11637557:74:DEL:A>	1	representative_allele_is_somatic_truth
11082	11640452:66:DEL:A>	1	representative_allele_is_somatic_truth
11087	11649068:205:INS:>T	1	representative_allele_is_somatic_truth
11087	11649072:0:INS:>T	1	representative_allele_is_somatic_truth
11090	11656207:0:INS:>A	1	representative_allele_is_somatic_truth
11091	11656265:401:DEL:T>	1	representative_allele_is_somatic_truth
11094	11679438:0:DEL:AAAAA>@11679439+11679440	1	representative_allele_is_somatic_truth
11095	11683695:0:DEL:A>	1	representative_allele_is_somatic_truth
11096	11686880:188:INS:>T	1	representative_allele_is_somatic_truth
11109	11737863:132:INS:>A	1	representative_allele_is_somatic_truth
11115	11767209:0:DEL:T>	1	representative_allele_is_somatic_truth
11117	11776456:0:INS:>A	1	representative_allele_is_somatic_truth
11118	11785094:58:DEL:A>	1	representative_allele_is_somatic_truth
11128	11819810:67:INS:>AGAGAG	1	representative_allele_is_somatic_truth
11131	11836672:0:DEL:A>	1	representative_allele_is_somatic_truth
11136	11840284:0:INS:>A	1	representative_allele_is_somatic_truth
11138	11842609:317:DEL:T>	1	representative_allele_is_somatic_truth
11139	11846179:0:INS:>T	1	representative_allele_is_somatic_truth
11140	11851352:402:INS:>T	1	representative_allele_is_somatic_truth
11147	11868919:72:INS:>CCGCACCCCC	1	representative_allele_is_somatic_truth
11150	11881702:31:DEL:A>	1	representative_allele_is_somatic_truth
11152	11890327:0:DEL:C>	1	representative_allele_is_somatic_truth
11157	11903410:0:INS:>A	1	representative_allele_is_somatic_truth
11159	11908272:0:INS:>A	1	representative_allele_is_somatic_truth
11162	11927042:0:INS:>A	1	representative_allele_is_somatic_truth
11167	11937632:0:DEL:A>	1	representative_allele_is_somatic_truth
11177	11963955:0:DEL:TT>@11963956	1	representative_allele_is_somatic_truth
11183	11979422:0:DEL:A>	1	representative_allele_is_somatic_truth
11184	11979639:0:DEL:A>	1	representative_allele_is_somatic_truth
11189	11995423:58:DEL:T>	1	representative_allele_is_somatic_truth
11191	11996983:274:DEL:T>	1	representative_allele_is_somatic_truth
11193	11998845:97:INS:>T	1	representative_allele_is_somatic_truth
10690	12040877:161:DEL:A>	1	representative_allele_is_somatic_truth
10690	12040877:162:DEL:A>	1	representative_allele_is_somatic_truth
10686	12044046:0:DEL:T>	1	representative_allele_is_somatic_truth
10681	12050370:37:DEL:AGGAA>	1	representative_allele_is_somatic_truth
10675	12060716:109:INS:>A	1	representative_allele_is_somatic_truth
10673	12063665:0:DEL:T>	1	representative_allele_is_somatic_truth
10670	12066439:0:INS:>T	1	representative_allele_is_somatic_truth
10661	12082937:29:DEL:A>	1	representative_allele_is_somatic_truth
10657	12086344:0:DEL:T>	1	representative_allele_is_somatic_truth
10654	12089021:0:DEL:A>	1	representative_allele_is_somatic_truth
10653	12089978:220:DEL:CAAT>	1	representative_allele_is_somatic_truth
10641	12126676:59:DEL:A>	1	representative_allele_is_somatic_truth
11207	12219834:133:DEL:A>	1	representative_allele_is_somatic_truth
11212	12261475:11:DEL:A>	1	representative_allele_is_somatic_truth
11213	12261980:74:DEL:T>	1	representative_allele_is_somatic_truth
11216	12274964:0:DEL:A>	1	representative_allele_is_somatic_truth
11217	12275005:80:INS:>A	1	representative_allele_is_somatic_truth
11225	12290947:9:DEL:C>	1	representative_allele_is_somatic_truth
11229	12297488:0:DEL:T>	1	representative_allele_is_somatic_truth
11230	12297642:0:INS:>AAAAAAAAAAAAAAA	1	representative_allele_is_somatic_truth
11246	12315766:110:INS:>T	1	representative_allele_is_somatic_truth
11255	12356688:0:DEL:A>	1	representative_allele_is_somatic_truth
10812	12521490:249:INS:>A	1	representative_allele_is_somatic_truth
10793	12576927:94:INS:>A	1	representative_allele_is_somatic_truth
10792	12578237:83:INS:>T	1	representative_allele_is_somatic_truth
10791	12578254:0:DEL:A>	1	representative_allele_is_somatic_truth
10787	12588326:45:INS:>T	1	representative_allele_is_somatic_truth
10785	12616056:137:INS:>AA	1	representative_allele_is_somatic_truth
10778	12632245:0:INS:>A	1	representative_allele_is_somatic_truth
10777	12640175:21:DEL:AA>	1	representative_allele_is_somatic_truth
10776	12646793:28:INS:>C	1	representative_allele_is_somatic_truth
10775	12647027:333:DEL:T>	1	representative_allele_is_somatic_truth
10771	12650841:1:DEL:A>	1	representative_allele_is_somatic_truth
10766	12662069:0:DEL:A>	1	representative_allele_is_somatic_truth
10765	12663477:0:DEL:A>	1	representative_allele_is_somatic_truth
10756	12684001:70:DEL:A>	1	representative_allele_is_somatic_truth
10755	12688512:0:INS:>A	1	representative_allele_is_somatic_truth
10737	12735778:345:DEL:A>	1	representative_allele_is_somatic_truth
11305	12786846:0:INS:>T	1	representative_allele_is_somatic_truth
11304	12793779:0:DEL:T>	1	representative_allele_is_somatic_truth
11301	12809121:64:DEL:T>	1	representative_allele_is_somatic_truth
11298	12817259:0:INS:>A	1	representative_allele_is_somatic_truth
11296	12825981:94:INS:>A	1	representative_allele_is_somatic_truth
11278	12866654:67:DEL:G>	1	representative_allele_is_somatic_truth
11276	12874837:49:DEL:TATTCCCTGGCCTCCTCCATCCTGTGCAGCCCA>@12874836+12874835+12874833+12874832	1	representative_allele_is_somatic_truth
11272	12879598:117:DEL:A>	1	representative_allele_is_somatic_truth
11319	12909939:13:DEL:A>	1	representative_allele_is_somatic_truth
11322	12919643:0:DEL:C>	1	representative_allele_is_somatic_truth
11332	12962312:184:INS:>A	1	representative_allele_is_somatic_truth
11334	12968029:252:DEL:A>	1	representative_allele_is_somatic_truth
11338	12980174:0:INS:>A	1	representative_allele_is_somatic_truth
11345	12989365:279:DEL:A>	1	representative_allele_is_somatic_truth
11349	12999149:199:INS:>T	1	representative_allele_is_somatic_truth
11363	13061085:0:INS:>A	1	representative_allele_is_somatic_truth
11364	13062163:112:DEL:T>	1	representative_allele_is_somatic_truth
11365	13065539:0:INS:>AT	1	representative_allele_is_somatic_truth
11375	13077485:227:INS:>A	1	representative_allele_is_somatic_truth
11377	13082776:45:INS:>A	1	representative_allele_is_somatic_truth
11386	13095964:260:DEL:T>	1	representative_allele_is_somatic_truth
11387	13096318:5:INS:>T	1	representative_allele_is_somatic_truth
11388	13097881:23:DEL:A>	1	representative_allele_is_somatic_truth
11389	13098764:0:DEL:A>	1	representative_allele_is_somatic_truth
11399	13120177:0:DEL:A>	1	representative_allele_is_somatic_truth
11400	13126822:122:DEL:G>	1	representative_allele_is_somatic_truth
11407	13146121:118:INS:>A	1	representative_allele_is_somatic_truth
11413	13161923:0:DEL:T>	1	representative_allele_is_somatic_truth
11415	13164777:183:DEL:A>	1	representative_allele_is_somatic_truth
11416	13165953:184:DEL:T>	1	representative_allele_is_somatic_truth
11417	13169140:7:DEL:GT>	1	representative_allele_is_somatic_truth
11422	13176202:35:DEL:T>	1	representative_allele_is_somatic_truth
11477	13206865:0:DEL:A>	1	representative_allele_is_somatic_truth
11480	13220401:39:DEL:T>	1	representative_allele_is_somatic_truth
11620	13237772:184:INS:>A	1	representative_allele_is_somatic_truth
11629	13256149:26:DEL:ATATAT>	1	representative_allele_is_somatic_truth
11630	13256346:87:INS:>T	1	representative_allele_is_somatic_truth
11632	13261145:269:DEL:TTA>	1	representative_allele_is_somatic_truth
11639	13280677:23:DEL:TTTTTTAC>	1	representative_allele_is_somatic_truth
11642	13286503:90:DEL:C>	1	representative_allele_is_somatic_truth
11652	13299184:0:INS:>T	1	representative_allele_is_somatic_truth
11653	13303877:0:DEL:T>	1	representative_allele_is_somatic_truth
11656	13306356:0:DEL:T>	1	representative_allele_is_somatic_truth
11660	13310246:0:INS:>T	1	representative_allele_is_somatic_truth
11662	13314231:0:DEL:A>	1	representative_allele_is_somatic_truth
11662	13314233:0:DEL:A>	1	representative_allele_is_somatic_truth
11671	13330989:168:DEL:A>	1	representative_allele_is_somatic_truth
11672	13331035:70:DEL:T>	1	representative_allele_is_somatic_truth
11682	13344795:261:INS:>C	1	representative_allele_is_somatic_truth
11730	13352555:66:DEL:T>	1	representative_allele_is_somatic_truth
11736	13362492:27:INS:>T	1	representative_allele_is_somatic_truth
11739	13381559:286:DEL:A>	1	representative_allele_is_somatic_truth
11740	13392068:164:DEL:A>	1	representative_allele_is_somatic_truth
11742	13396331:29:INS:>T	1	representative_allele_is_somatic_truth
11745	13401276:28:INS:>A	1	representative_allele_is_somatic_truth
11753	13423258:0:DEL:A>	1	representative_allele_is_somatic_truth
11923	13436733:346:INS:>T	1	representative_allele_is_somatic_truth
11921	13440899:0:DEL:T>	1	representative_allele_is_somatic_truth
11913	13457434:44:INS:>T	1	representative_allele_is_somatic_truth
11912	13457692:452:DEL:GTTTTGA>	1	representative_allele_is_somatic_truth
11910	13469924:40:DEL:TGGTC>	1	representative_allele_is_somatic_truth
11907	13476416:124:INS:>A	1	representative_allele_is_somatic_truth
11905	13478865:0:DEL:T>	1	representative_allele_is_somatic_truth
11899	13485996:349:DEL:T>	1	representative_allele_is_somatic_truth
11884	13489108:59:DEL:TTGATC>	1	representative_allele_is_somatic_truth
11883	13492342:306:INS:>T	1	representative_allele_is_somatic_truth
11882	13492795:54:DEL:C>	1	representative_allele_is_somatic_truth
11877	13495136:0:INS:>A	1	representative_allele_is_somatic_truth
11870	13498264:51:INS:>A	1	representative_allele_is_somatic_truth
11860	13513973:271:INS:>TG	1	representative_allele_is_somatic_truth
11859	13515932:191:DEL:T>	1	representative_allele_is_somatic_truth
11856	13518761:0:DEL:A>	1	representative_allele_is_somatic_truth
11852	13520135:0:INS:>T	1	representative_allele_is_somatic_truth
11851	13523527:0:DEL:A>	1	representative_allele_is_somatic_truth
11850	13524977:78:INS:>T	1	representative_allele_is_somatic_truth
11846	13527314:0:DEL:T>	1	representative_allele_is_somatic_truth
11839	13533196:0:INS:>A	1	representative_allele_is_somatic_truth
11834	13546953:0:DEL:A>	1	representative_allele_is_somatic_truth
11832	13548997:455:DEL:G>	1	representative_allele_is_somatic_truth
11826	13564745:0:DEL:G>	1	representative_allele_is_somatic_truth
12155	13576739:301:INS:>AAAA	1	representative_allele_is_somatic_truth
12151	13588398:61:INS:>A	1	representative_allele_is_somatic_truth
12148	13596610:0:DEL:AC>	1	representative_allele_is_somatic_truth
12141	13615617:66:DEL:TTTT>	1	representative_allele_is_somatic_truth
12139	13619169:0:INS:>A	1	representative_allele_is_somatic_truth
12138	13619586:163:DEL:T>	1	representative_allele_is_somatic_truth
12126	13638478:0:INS:>T	1	representative_allele_is_somatic_truth
12118	13654851:91:INS:>A	1	representative_allele_is_somatic_truth
12117	13657943:0:DEL:A>	1	representative_allele_is_somatic_truth
12111	13668242:0:DEL:T>	1	representative_allele_is_somatic_truth
12093	13711440:189:INS:>T	1	representative_allele_is_somatic_truth
12090	13721187:0:DEL:A>	1	representative_allele_is_somatic_truth
12078	13741555:451:DEL:T>	1	representative_allele_is_somatic_truth
12184	13762666:0:DEL:T>	1	representative_allele_is_somatic_truth
12183	13762962:71:DEL:CACTCTCA>	1	representative_allele_is_somatic_truth
12171	13855318:0:DEL:A>	1	representative_allele_is_somatic_truth
12168	13868068:41:INS:>T	1	representative_allele_is_somatic_truth
12185	13921240:0:INS:>A	1	representative_allele_is_somatic_truth
11775	13933412:212:DEL:CT>	1	representative_allele_is_somatic_truth
11773	13936714:186:DEL:A>	1	representative_allele_is_somatic_truth
11768	13945245:0:INS:>A	1	representative_allele_is_somatic_truth
11765	13954221:0:INS:>TATA	1	representative_allele_is_somatic_truth
11762	13969054:260:DEL:TAAGATCA>	1	representative_allele_is_somatic_truth
11760	13975675:0:DEL:TT>@13975674	1	representative_allele_is_somatic_truth
11447	14024275:76:INS:>A	1	representative_allele_is_somatic_truth
11446	14035030:308:INS:>AA	1	representative_allele_is_somatic_truth
11444	14047470:0:DEL:A>	1	representative_allele_is_somatic_truth
12071	14065604:583:DEL:GA>	1	representative_allele_is_somatic_truth
11778	14071942:0:DEL:A>	1	representative_allele_is_somatic_truth
11785	14081431:0:INS:>A	1	representative_allele_is_somatic_truth
11792	14100837:0:DEL:A>	1	representative_allele_is_somatic_truth
11792	14100839:0:DEL:A>	1	representative_allele_is_somatic_truth
11802	14133201:0:DEL:A>	1	representative_allele_is_somatic_truth
11807	14136983:27:DEL:A>	1	representative_allele_is_somatic_truth
11809	14140984:0:INS:>T	1	representative_allele_is_somatic_truth
11813	14144512:73:DEL:T>	1	representative_allele_is_somatic_truth
11825	14161393:903:DEL:TTAA>	1	representative_allele_is_somatic_truth
11488	14182133:208:INS:>TTATTA	1	representative_allele_is_somatic_truth
11490	14187005:26:DEL:AA>	1	representative_allele_is_somatic_truth
11491	14189275:0:INS:>A	1	representative_allele_is_somatic_truth
11494	14190644:45:DEL:AAAC>	1	representative_allele_is_somatic_truth
11495	14198316:58:DEL:T>	1	representative_allele_is_somatic_truth
11500	14208133:0:INS:>T	1	representative_allele_is_somatic_truth
11514	14251690:3:DEL:C>	1	representative_allele_is_somatic_truth
11517	14269508:124:DEL:G>	1	representative_allele_is_somatic_truth
11523	14295088:82:DEL:A>	1	representative_allele_is_somatic_truth
11528	14305819:587:INS:>T	1	representative_allele_is_somatic_truth
11529	14307151:28:DEL:CA>	1	representative_allele_is_somatic_truth
11531	14316910:0:DEL:A>	1	representative_allele_is_somatic_truth
11532	14318261:0:DEL:TT>@14318262	1	representative_allele_is_somatic_truth
11535	14332918:0:DEL:AA>@14332919	1	representative_allele_is_somatic_truth
11538	14337684:0:INS:>A	1	representative_allele_is_somatic_truth
11540	14340816:54:DEL:A>	1	representative_allele_is_somatic_truth
11546	14367049:233:INS:>A	1	representative_allele_is_somatic_truth
11547	14367818:0:INS:>T	1	representative_allele_is_somatic_truth
11548	14367869:22:INS:>T	1	representative_allele_is_somatic_truth
11555	14386373:0:DEL:T>	1	representative_allele_is_somatic_truth
11558	14390677:398:DEL:T>	1	representative_allele_is_somatic_truth
11571	14403580:0:INS:>A	1	representative_allele_is_somatic_truth
11577	14411847:0:INS:>A	1	representative_allele_is_somatic_truth
11581	14415440:0:DEL:A>	1	representative_allele_is_somatic_truth
11587	14418392:0:INS:>TG	1	representative_allele_is_somatic_truth
11592	14422606:0:DEL:T>	1	representative_allele_is_somatic_truth
11593	14422610:406:DEL:A>	1	representative_allele_is_somatic_truth
11600	14427980:236:INS:>A	1	representative_allele_is_somatic_truth
11605	14431445:85:DEL:T>	1	representative_allele_is_somatic_truth
11728	14446010:0:INS:>A	1	representative_allele_is_somatic_truth
11721	14459108:179:DEL:T>	1	representative_allele_is_somatic_truth
11719	14466761:98:INS:>T	1	representative_allele_is_somatic_truth
11718	14468624:0:INS:>A	1	representative_allele_is_somatic_truth
11716	14470565:64:DEL:A>	1	representative_allele_is_somatic_truth
11712	14474887:109:INS:>A	1	representative_allele_is_somatic_truth
11708	14480021:0:DEL:G>	1	representative_allele_is_somatic_truth
11707	14481055:782:DEL:A>	1	representative_allele_is_somatic_truth
11705	14482630:211:DEL:T>	1	representative_allele_is_somatic_truth
11704	14482990:0:DEL:A>	1	representative_allele_is_somatic_truth
11691	14498456:22:INS:>T	1	representative_allele_is_somatic_truth
11685	14504532:0:DEL:A>	1	representative_allele_is_somatic_truth
11685	14504534:0:DEL:A>	1	representative_allele_is_somatic_truth
12057	14524825:68:INS:>A	1	representative_allele_is_somatic_truth
12054	14527621:0:DEL:A>	1	representative_allele_is_somatic_truth
12053	14529461:293:INS:>T	1	representative_allele_is_somatic_truth
12049	14540992:0:DEL:A>	1	representative_allele_is_somatic_truth
12029	14588852:0:INS:>T	1	representative_allele_is_somatic_truth
12028	14590157:64:INS:>A	1	representative_allele_is_somatic_truth
12023	14592710:0:DEL:A>	1	representative_allele_is_somatic_truth
12020	14599248:0:INS:>T	1	representative_allele_is_somatic_truth
12015	14606083:11:INS:>T	1	representative_allele_is_somatic_truth
12012	14615242:269:INS:>A	1	representative_allele_is_somatic_truth
12003	14622962:0:DEL:T>	1	representative_allele_is_somatic_truth
11994	14633209:131:INS:>T	1	representative_allele_is_somatic_truth
11989	14642355:0:DEL:T>	1	representative_allele_is_somatic_truth
11986	14645436:0:INS:>T	1	representative_allele_is_somatic_truth
11976	14659724:79:INS:>T	1	representative_allele_is_somatic_truth
11973	14664022:346:DEL:A>	1	representative_allele_is_somatic_truth
11972	14664365:0:INS:>A	1	representative_allele_is_somatic_truth
11963	14685094:238:DEL:T>	1	representative_allele_is_somatic_truth
11955	14693530:33:DEL:T>	1	representative_allele_is_somatic_truth
11955	14693530:35:DEL:T>	1	representative_allele_is_somatic_truth
11950	14700525:78:DEL:T>	1	representative_allele_is_somatic_truth
11947	14705933:171:INS:>ATAT	1	representative_allele_is_somatic_truth
11946	14707376:141:DEL:T>	1	representative_allele_is_somatic_truth
11943	14708006:0:DEL:A>	1	representative_allele_is_somatic_truth
11937	14715345:17:DEL:TTA>	1	representative_allele_is_somatic_truth
11936	14716363:70:INS:>T	1	representative_allele_is_somatic_truth
11933	14722331:0:DEL:T>	1	representative_allele_is_somatic_truth
12068	14736556:23:INS:>T	1	representative_allele_is_somatic_truth
12191	14857615:62:DEL:A>	1	representative_allele_is_somatic_truth
12195	14877972:0:DEL:T>	1	representative_allele_is_somatic_truth
12338	14910251:105:DEL:T>	1	representative_allele_is_somatic_truth
12336	14910481:0:INS:>AGAG	1	representative_allele_is_somatic_truth
12334	14912031:0:INS:>AA	1	representative_allele_is_somatic_truth
12322	14941201:0:INS:>T	1	representative_allele_is_somatic_truth
12320	14948623:524:DEL:T>	1	representative_allele_is_somatic_truth
12313	14977359:0:DEL:T>	1	representative_allele_is_somatic_truth
12305	14984442:76:INS:>T	1	representative_allele_is_somatic_truth
12304	14984698:563:INS:>A	1	representative_allele_is_somatic_truth
12296	15012883:0:INS:>T	1	representative_allele_is_somatic_truth
12293	15016733:56:DEL:CCAA>	1	representative_allele_is_somatic_truth
12291	15024118:0:DEL:A>	1	representative_allele_is_somatic_truth
12289	15031265:0:DEL:T>	1	representative_allele_is_somatic_truth
12281	15043722:0:DEL:A>	1	representative_allele_is_somatic_truth
12277	15049173:0:INS:>A	1	representative_allele_is_somatic_truth
12266	15063768:345:INS:>T	1	representative_allele_is_somatic_truth
12265	15064529:0:INS:>A	1	representative_allele_is_somatic_truth
12259	15069171:0:DEL:A>	1	representative_allele_is_somatic_truth
12253	15073666:299:INS:>T	1	representative_allele_is_somatic_truth
12251	15076124:0:INS:>T	1	representative_allele_is_somatic_truth
12250	15077812:0:INS:>A	1	representative_allele_is_somatic_truth
12246	15081645:0:DEL:T>	1	representative_allele_is_somatic_truth
12243	15088868:27:INS:>T	1	representative_allele_is_somatic_truth
12240	15096360:0:DEL:T>	1	representative_allele_is_somatic_truth
12239	15096664:194:INS:>T	1	representative_allele_is_somatic_truth
12236	15100200:121:INS:>A	1	representative_allele_is_somatic_truth
12230	15107291:132:DEL:A>	1	representative_allele_is_somatic_truth
12228	15110754:0:DEL:A>	1	representative_allele_is_somatic_truth
12223	15118528:118:INS:>A	1	representative_allele_is_somatic_truth
12221	15124764:0:INS:>A	1	representative_allele_is_somatic_truth
12216	15130087:0:DEL:T>	1	representative_allele_is_somatic_truth
12485	15173918:0:INS:>A	1	representative_allele_is_somatic_truth
12481	15186532:0:INS:>A	1	representative_allele_is_somatic_truth
12474	15199999:182:DEL:A>	1	representative_allele_is_somatic_truth
12471	15201698:0:INS:>A	1	representative_allele_is_somatic_truth
12469	15204504:0:DEL:GG>	1	representative_allele_is_somatic_truth
12466	15216627:242:INS:>A	1	representative_allele_is_somatic_truth
12464	15223079:310:DEL:A>	1	representative_allele_is_somatic_truth
12461	15231554:0:DEL:AA>@15231553	1	representative_allele_is_somatic_truth
12457	15243874:61:DEL:A>	1	representative_allele_is_somatic_truth
12456	15244065:203:DEL:A>	1	representative_allele_is_somatic_truth
12455	15244370:0:DEL:A>	1	representative_allele_is_somatic_truth
12453	15245818:60:DEL:CAACAACAACAACAT>	1	representative_allele_is_somatic_truth
12450	15248995:17:DEL:TTC>	1	representative_allele_is_somatic_truth
12446	15265073:0:DEL:A>	1	representative_allele_is_somatic_truth
12445	15265298:50:DEL:AAA>	1	representative_allele_is_somatic_truth
12441	15269221:47:INS:>T	1	representative_allele_is_somatic_truth
12439	15271509:190:DEL:T>	1	representative_allele_is_somatic_truth
12434	15278931:72:DEL:A>	1	representative_allele_is_somatic_truth
12433	15280802:41:INS:>A	1	representative_allele_is_somatic_truth
12432	15280953:48:DEL:A>	1	representative_allele_is_somatic_truth
12423	15307738:186:INS:>T	1	representative_allele_is_somatic_truth
12418	15319224:109:DEL:A>	1	representative_allele_is_somatic_truth
12417	15319367:229:DEL:G>	1	representative_allele_is_somatic_truth
12413	15328766:0:INS:>AT	1	representative_allele_is_somatic_truth
12412	15329119:0:DEL:A>	1	representative_allele_is_somatic_truth
12409	15333927:18:INS:>T	1	representative_allele_is_somatic_truth
12406	15339401:193:INS:>GA	1	representative_allele_is_somatic_truth
12403	15341709:87:DEL:A>	1	representative_allele_is_somatic_truth
12396	15353896:4:DEL:T>	1	representative_allele_is_somatic_truth
12391	15361528:0:DEL:A>	1	representative_allele_is_somatic_truth
12390	15363007:207:INS:>T	1	representative_allele_is_somatic_truth
12386	15368436:2:DEL:G>	1	representative_allele_is_somatic_truth
12385	15373213:0:DEL:T>	1	representative_allele_is_somatic_truth
12384	15373365:67:INS:>A	1	representative_allele_is_somatic_truth
12529	15402760:0:DEL:A>	1	representative_allele_is_somatic_truth
12526	15407273:0:DEL:T>	1	representative_allele_is_somatic_truth
12519	15419559:0:DEL:T>	1	representative_allele_is_somatic_truth
12518	15422190:138:INS:>TAA	1	representative_allele_is_somatic_truth
12515	15430248:303:INS:>A	1	representative_allele_is_somatic_truth
12506	15447945:305:DEL:A>	1	representative_allele_is_somatic_truth
12505	15448069:0:DEL:T>	1	representative_allele_is_somatic_truth
12501	15466650:0:INS:>TTC	1	representative_allele_is_somatic_truth
12490	15500768:5:INS:>T	1	representative_allele_is_somatic_truth
12669	15577592:152:DEL:GGACACAGGGAGGGGAACAACACACCTGGG>@15577593+15577594	1	representative_allele_is_somatic_truth
12671	15580149:0:DEL:T>	1	representative_allele_is_somatic_truth
12676	15589187:74:INS:>T	1	representative_allele_is_somatic_truth
12678	15589832:0:DEL:T>	1	representative_allele_is_somatic_truth
12679	15589992:54:INS:>TATA	1	representative_allele_is_somatic_truth
12680	15592073:0:DEL:TTT>	1	representative_allele_is_somatic_truth
12681	15593787:0:INS:>A	1	representative_allele_is_somatic_truth
12684	15595783:0:INS:>T	1	representative_allele_is_somatic_truth
12692	15600833:21:INS:>T	1	representative_allele_is_somatic_truth
12693	15602974:8:DEL:T>	1	representative_allele_is_somatic_truth
12703	15615980:0:DEL:A>	1	representative_allele_is_somatic_truth
12707	15619145:0:INS:>A	1	representative_allele_is_somatic_truth
12708	15619447:666:INS:>T	1	representative_allele_is_somatic_truth
12710	15622479:0:DEL:TATATATATT>@15622480+15622482+15622483+15622485+15622486+15622488+15622489+15622491+15622492	1	representative_allele_is_somatic_truth
12715	15646488:100:INS:>AC	1	representative_allele_is_somatic_truth
12716	15648612:0:INS:>A	1	representative_allele_is_somatic_truth
12717	15652524:0:INS:>A	1	representative_allele_is_somatic_truth
12720	15656477:57:INS:>A	1	representative_allele_is_somatic_truth
12726	15663363:0:DEL:A>	1	representative_allele_is_somatic_truth
12727	15665505:2:DEL:AAAC>@15665506	1	representative_allele_is_somatic_truth
12730	15669673:0:INS:>A	1	representative_allele_is_somatic_truth
12746	15682797:0:DEL:T>	1	representative_allele_is_somatic_truth
12752	15686990:49:DEL:TAACCTAC>	1	representative_allele_is_somatic_truth
12756	15690931:22:INS:>T	1	representative_allele_is_somatic_truth
12758	15694806:34:INS:>T	1	representative_allele_is_somatic_truth
12759	15699274:75:INS:>AA	1	representative_allele_is_somatic_truth
12763	15703436:71:DEL:GTG>	1	representative_allele_is_somatic_truth
12764	15705576:0:INS:>A	1	representative_allele_is_somatic_truth
12772	15711746:59:DEL:CAGAGAAA>	1	representative_allele_is_somatic_truth
12781	15723646:31:INS:>T	1	representative_allele_is_somatic_truth
12785	15726754:0:DEL:A>	1	representative_allele_is_somatic_truth
12787	15732252:5:DEL:A>	1	representative_allele_is_somatic_truth
12789	15735052:167:DEL:ATGG>	1	representative_allele_is_somatic_truth
12797	15751839:90:DEL:A>	1	representative_allele_is_somatic_truth
12798	15751906:29:INS:>T	1	representative_allele_is_somatic_truth
12800	15752673:381:DEL:T>	1	representative_allele_is_somatic_truth
12801	15753591:69:DEL:A>	1	representative_allele_is_somatic_truth
12810	15775453:316:DEL:A>	1	representative_allele_is_somatic_truth
12811	15779103:129:INS:>AC	1	representative_allele_is_somatic_truth
12813	15783201:0:INS:>T	1	representative_allele_is_somatic_truth
12816	15784594:253:DEL:T>	1	representative_allele_is_somatic_truth
12826	15813657:346:DEL:T>	1	representative_allele_is_somatic_truth
12836	15839986:65:INS:>A	1	representative_allele_is_somatic_truth
12838	15845743:68:DEL:CA>	1	representative_allele_is_somatic_truth
12841	15853764:0:INS:>AT	1	representative_allele_is_somatic_truth
12847	15873500:22:INS:>T	1	representative_allele_is_somatic_truth
12375	15881878:270:INS:>T	1	representative_allele_is_somatic_truth
12374	15882141:48:INS:>T	1	representative_allele_is_somatic_truth
12368	15915323:91:DEL:A>	1	representative_allele_is_somatic_truth
12366	15917866:603:DEL:T>	1	representative_allele_is_somatic_truth
12363	15923884:0:INS:>A	1	representative_allele_is_somatic_truth
12362	15929352:73:DEL:AAACTAATGAGAAGGATACTTAAATAGAAGG>	1	representative_allele_is_somatic_truth
12358	15940157:0:DEL:T>	1	representative_allele_is_somatic_truth
12356	15943966:840:DEL:TG>	1	representative_allele_is_somatic_truth
12348	15955564:4:INS:>T	1	representative_allele_is_somatic_truth
12341	15962639:313:DEL:AT>	1	representative_allele_is_somatic_truth
12340	15970928:33:INS:>A	1	representative_allele_is_somatic_truth
12848	15979720:0:INS:>T	1	representative_allele_is_somatic_truth
12859	16009783:0:DEL:A>	1	representative_allele_is_somatic_truth
12865	16021835:0:INS:>TT	1	representative_allele_is_somatic_truth
12868	16026197:45:DEL:A>	1	representative_allele_is_somatic_truth
12880	16051618:183:INS:>T	1	representative_allele_is_somatic_truth
12881	16057354:51:INS:>A	1	representative_allele_is_somatic_truth
12884	16059881:0:DEL:CT>@16059882	1	representative_allele_is_somatic_truth
12888	16065467:82:DEL:CTTAGGGCTTTCTCAGTTTTAATACTGAAAGTCTGAA>	1	representative_allele_is_somatic_truth
12889	16066720:0:INS:>T	1	representative_allele_is_somatic_truth
12890	16067929:0:DEL:C>	1	representative_allele_is_somatic_truth
12891	16069510:124:INS:>A	1	representative_allele_is_somatic_truth
12894	16074913:20:INS:>A	1	representative_allele_is_somatic_truth
12895	16080886:0:DEL:T>	1	representative_allele_is_somatic_truth
12900	16085948:186:INS:>A	1	representative_allele_is_somatic_truth
12904	16090378:35:DEL:AAAAAATTAATTAA>	1	representative_allele_is_somatic_truth
12905	16090440:0:INS:>T	1	representative_allele_is_somatic_truth
12912	16105127:0:INS:>TT	1	representative_allele_is_somatic_truth
12913	16107606:70:DEL:TATATGTATTTATATTTTTATACATATAAA>@16107607+16107608+16107609+16107610	1	representative_allele_is_somatic_truth
12920	16139886:1:DEL:GTGGCTCATGCCT>	1	representative_allele_is_somatic_truth
12921	16139893:51:DEL:A>	1	representative_allele_is_somatic_truth
12922	16140108:0:INS:>T	1	representative_allele_is_somatic_truth
12923	16142375:0:DEL:G>	1	representative_allele_is_somatic_truth
12933	16175638:0:INS:>T	1	representative_allele_is_somatic_truth
12935	16183831:0:INS:>A	1	representative_allele_is_somatic_truth
12939	16199096:0:DEL:A>	1	representative_allele_is_somatic_truth
12941	16201881:113:DEL:T>	1	representative_allele_is_somatic_truth
12944	16247059:30:DEL:T>	1	representative_allele_is_somatic_truth
12546	16342050:22:DEL:AGAA>	1	representative_allele_is_somatic_truth
12562	16384858:16:DEL:T>	1	representative_allele_is_somatic_truth
12566	16393479:86:DEL:T>	1	representative_allele_is_somatic_truth
12578	16433229:0:INS:>T	1	representative_allele_is_somatic_truth
12580	16438411:0:INS:>T	1	representative_allele_is_somatic_truth
12585	16442540:0:INS:>A	1	representative_allele_is_somatic_truth
12586	16443083:0:INS:>T	1	representative_allele_is_somatic_truth
12600	16453884:47:DEL:TCTA>	1	representative_allele_is_somatic_truth
12604	16470937:0:INS:>A	1	representative_allele_is_somatic_truth
12610	16488436:0:INS:>A	1	representative_allele_is_somatic_truth
12614	16494012:0:INS:>A	1	representative_allele_is_somatic_truth
12617	16497904:0:DEL:C>	1	representative_allele_is_somatic_truth
12621	16511644:177:DEL:A>	1	representative_allele_is_somatic_truth
12622	16513548:50:DEL:TAAGAGACTTGGGTCAG>	1	representative_allele_is_somatic_truth
12629	16525505:445:DEL:T>	1	representative_allele_is_somatic_truth
12632	16530364:0:DEL:T>	1	representative_allele_is_somatic_truth
12540	16593815:0:INS:>T	1	representative_allele_is_somatic_truth
12541	16595993:28:DEL:T>	1	representative_allele_is_somatic_truth
13358	16630343:834:INS:>A	1	representative_allele_is_somatic_truth
13369	16656467:0:INS:>T	1	representative_allele_is_somatic_truth
13372	16675358:403:DEL:A>	1	representative_allele_is_somatic_truth
13381	16707514:0:INS:>T	1	representative_allele_is_somatic_truth
13382	16713162:24:DEL:A>	1	representative_allele_is_somatic_truth
13385	16719729:93:INS:>T	1	representative_allele_is_somatic_truth
13393	16731054:0:INS:>A	1	representative_allele_is_somatic_truth
13414	16737647:16:INS:>A	1	representative_allele_is_somatic_truth
13410	16741694:14:INS:>A	1	representative_allele_is_somatic_truth
13408	16743315:23:INS:>T	1	representative_allele_is_somatic_truth
13405	16747647:0:INS:>T	1	representative_allele_is_somatic_truth
13403	16747988:12:DEL:T>	1	representative_allele_is_somatic_truth
13401	16749281:285:INS:>A	1	representative_allele_is_somatic_truth
13398	16752357:660:DEL:A>	1	representative_allele_is_somatic_truth
12959	16856835:0:INS:>A	1	representative_allele_is_somatic_truth
12961	16857110:0:INS:>A	1	representative_allele_is_somatic_truth
12964	16870642:206:DEL:T>	1	representative_allele_is_somatic_truth
12965	16874633:0:DEL:AA>	1	representative_allele_is_somatic_truth
12972	16897628:0:INS:>A	1	representative_allele_is_somatic_truth
12975	16903319:127:DEL:G>	1	representative_allele_is_somatic_truth
12983	16929732:23:INS:>A	1	representative_allele_is_somatic_truth
13004	16969495:0:DEL:A>	1	representative_allele_is_somatic_truth
13012	16982244:43:DEL:A>	1	representative_allele_is_somatic_truth
13020	16987148:73:DEL:T>	1	representative_allele_is_somatic_truth
13023	16988228:228:DEL:A>	1	representative_allele_is_somatic_truth
13067	17004501:15:DEL:GTAAAT>	1	representative_allele_is_somatic_truth
13074	17025153:0:INS:>C	1	representative_allele_is_somatic_truth
13083	17062494:0:DEL:A>	1	representative_allele_is_somatic_truth
13089	17079005:838:DEL:A>	1	representative_allele_is_somatic_truth
13097	17096351:0:DEL:AG>@17096352	1	representative_allele_is_somatic_truth
13102	17104026:168:INS:>ACA	1	representative_allele_is_somatic_truth
13106	17108524:0:DEL:A>	1	representative_allele_is_somatic_truth
13107	17109189:65:DEL:T>	1	representative_allele_is_somatic_truth
13109	17123161:0:INS:>T	1	representative_allele_is_somatic_truth
13110	17123709:114:DEL:GTCTG>	1	representative_allele_is_somatic_truth
13116	17132528:0:INS:>AT	1	representative_allele_is_somatic_truth
13126	17178706:0:DEL:A>	1	representative_allele_is_somatic_truth
13126	17178708:0:DEL:A>	1	representative_allele_is_somatic_truth
13127	17184964:0:INS:>A	1	representative_allele_is_somatic_truth
13311	17287934:82:DEL:A>	1	representative_allele_is_somatic_truth
13313	17294093:0:INS:>AC	1	representative_allele_is_somatic_truth
13315	17294949:0:INS:>T	1	representative_allele_is_somatic_truth
13320	17322488:0:INS:>T	1	representative_allele_is_somatic_truth
13322	17324267:58:INS:>A	1	representative_allele_is_somatic_truth
13331	17354342:0:INS:>A	1	representative_allele_is_somatic_truth
13335	17357640:195:DEL:T>	1	representative_allele_is_somatic_truth
13339	17365613:87:INS:>T	1	representative_allele_is_somatic_truth
13343	17379396:68:DEL:TGGGGAG>	1	representative_allele_is_somatic_truth
13344	17383366:0:DEL:T>	1	representative_allele_is_somatic_truth
13345	17383718:9:DEL:AAAA>	1	representative_allele_is_somatic_truth
13346	17386539:168:INS:>A	1	representative_allele_is_somatic_truth
13348	17394153:10:INS:>A	1	representative_allele_is_somatic_truth
13353	17405441:0:INS:>A	1	representative_allele_is_somatic_truth
13419	17434094:16:INS:>A	1	representative_allele_is_somatic_truth
13300	17473049:158:INS:>A	1	representative_allele_is_somatic_truth
13292	17529738:83:DEL:T>	1	representative_allele_is_somatic_truth
13288	17551319:21:INS:>T	1	representative_allele_is_somatic_truth
13275	17585284:0:INS:>T	1	representative_allele_is_somatic_truth
13272	17596515:204:INS:>A	1	representative_allele_is_somatic_truth
13269	17609433:0:DEL:T>	1	representative_allele_is_somatic_truth
13266	17612580:123:INS:>T	1	representative_allele_is_somatic_truth
13265	17617086:276:DEL:A>	1	representative_allele_is_somatic_truth
13263	17626786:2:INS:>TCTATCTA	1	representative_allele_is_somatic_truth
13260	17639975:0:INS:>A	1	representative_allele_is_somatic_truth
13259	17640097:78:INS:>A	1	representative_allele_is_somatic_truth
13252	17654130:106:INS:>A	1	representative_allele_is_somatic_truth
13248	17679424:0:INS:>A	1	representative_allele_is_somatic_truth
13246	17681269:137:INS:>A	1	representative_allele_is_somatic_truth
13236	17721042:25:DEL:T>	1	representative_allele_is_somatic_truth
13231	17734303:0:INS:>ATAT	1	representative_allele_is_somatic_truth
13225	17740800:0:DEL:C>	1	representative_allele_is_somatic_truth
13224	17747080:104:DEL:ATAATTAAGTGTG>	1	representative_allele_is_somatic_truth
13215	17767813:0:DEL:T>	1	representative_allele_is_somatic_truth
13213	17772679:0:INS:>A	1	representative_allele_is_somatic_truth
13201	17819814:43:INS:>A	1	representative_allele_is_somatic_truth
13198	17823447:0:DEL:A>	1	representative_allele_is_somatic_truth
13195	17828288:70:DEL:T>	1	representative_allele_is_somatic_truth
13193	17830595:30:DEL:T>	1	representative_allele_is_somatic_truth
13189	17840756:0:DEL:C>	1	representative_allele_is_somatic_truth
13188	17841208:148:DEL:A>	1	representative_allele_is_somatic_truth
13187	17841818:89:INS:>A	1	representative_allele_is_somatic_truth
13184	17844874:316:INS:>T	1	representative_allele_is_somatic_truth
13183	17847619:0:DEL:A>	1	representative_allele_is_somatic_truth
13181	17848480:0:DEL:T>	1	representative_allele_is_somatic_truth
13178	17851051:0:INS:>A	1	representative_allele_is_somatic_truth
13173	17854913:26:DEL:C>	1	representative_allele_is_somatic_truth
13172	17858398:11:INS:>AC	1	representative_allele_is_somatic_truth
13170	17861445:0:INS:>TT	1	representative_allele_is_somatic_truth
13155	17869105:0:DEL:A>	1	representative_allele_is_somatic_truth
13150	17882316:185:INS:>T	1	representative_allele_is_somatic_truth
13147	17884782:104:DEL:T>	1	representative_allele_is_somatic_truth
13143	17890319:531:DEL:G>	1	representative_allele_is_somatic_truth
13457	17935618:11:INS:>T	1	representative_allele_is_somatic_truth
13452	17958961:66:INS:>A	1	representative_allele_is_somatic_truth
13450	17961868:296:DEL:T>	1	representative_allele_is_somatic_truth
13444	17967080:44:INS:>G	1	representative_allele_is_somatic_truth
13441	17981110:0:INS:>A	1	representative_allele_is_somatic_truth
13440	17981129:23:DEL:A>	1	representative_allele_is_somatic_truth
13438	17983084:0:INS:>A	1	representative_allele_is_somatic_truth
13437	17984654:0:DEL:T>	1	representative_allele_is_somatic_truth
13436	17985122:0:INS:>T	1	representative_allele_is_somatic_truth
13435	17985827:0:DEL:T>	1	representative_allele_is_somatic_truth
13431	17988346:23:DEL:AC>	1	representative_allele_is_somatic_truth
13430	17988809:0:DEL:T>	1	representative_allele_is_somatic_truth
13426	17991349:0:DEL:T>	1	representative_allele_is_somatic_truth
13424	18000158:32:DEL:A>	1	representative_allele_is_somatic_truth
13423	18002975:0:DEL:T>	1	representative_allele_is_somatic_truth
13421	18008706:25:DEL:TT>	1	representative_allele_is_somatic_truth
13471	18035789:0:INS:>T	1	representative_allele_is_somatic_truth
13470	18036943:246:INS:>A	1	representative_allele_is_somatic_truth
13462	18060887:0:INS:>T	1	representative_allele_is_somatic_truth
13460	18066407:0:INS:>A	1	representative_allele_is_somatic_truth
13060	18086592:32:DEL:T>	1	representative_allele_is_somatic_truth
13062	18087313:87:DEL:TGGC>	1	representative_allele_is_somatic_truth
13040	18098892:0:DEL:A>	1	representative_allele_is_somatic_truth
13040	18098895:85:DEL:A>	1	representative_allele_is_somatic_truth
13036	18111888:0:DEL:AA>	1	representative_allele_is_somatic_truth
13050	18146795:0:INS:>T	1	representative_allele_is_somatic_truth
13051	18149580:0:DEL:A>	1	representative_allele_is_somatic_truth
13045	18164226:218:DEL:A>	1	representative_allele_is_somatic_truth
13415	18178237:8:INS:>AACAGGAGGAGAGGCTGTGTA	1	representative_allele_is_somatic_truth
13483	18195129:0:DEL:A>	1	representative_allele_is_somatic_truth
13485	18205767:0:DEL:A>	1	representative_allele_is_somatic_truth
13488	18219984:13:INS:>AA	1	representative_allele_is_somatic_truth
13489	18221910:0:INS:>T	1	representative_allele_is_somatic_truth
13491	18229883:0:INS:>T	1	representative_allele_is_somatic_truth
13494	18233388:130:INS:>A	1	representative_allele_is_somatic_truth
13497	18251144:0:DEL:G>	1	representative_allele_is_somatic_truth
13502	18256442:30:INS:>T	1	representative_allele_is_somatic_truth
13512	18268286:210:DEL:C>	1	representative_allele_is_somatic_truth
13513	18269446:255:DEL:C>	1	representative_allele_is_somatic_truth
13524	18288259:0:DEL:A>	1	representative_allele_is_somatic_truth
13527	18291230:0:DEL:T>	1	representative_allele_is_somatic_truth
13531	18294692:0:DEL:TT>	1	representative_allele_is_somatic_truth
13534	18298755:0:DEL:A>	1	representative_allele_is_somatic_truth
13535	18299320:0:DEL:A>	1	representative_allele_is_somatic_truth
13536	18300186:420:DEL:CA>	1	representative_allele_is_somatic_truth
13538	18304646:0:INS:>CCTG	1	representative_allele_is_somatic_truth
13542	18307617:106:INS:>T	1	representative_allele_is_somatic_truth
13547	18317344:211:DEL:T>	1	representative_allele_is_somatic_truth
13557	18365479:6:INS:>A	1	representative_allele_is_somatic_truth
13559	18368020:48:DEL:TT>	1	representative_allele_is_somatic_truth
13571	18436582:76:INS:>A	1	representative_allele_is_somatic_truth
13615	18477684:403:DEL:T>	1	representative_allele_is_somatic_truth
13614	18482081:0:DEL:T>	1	representative_allele_is_somatic_truth
13613	18483259:132:DEL:G>	1	representative_allele_is_somatic_truth
13610	18497719:48:DEL:A>	1	representative_allele_is_somatic_truth
13605	18511320:29:INS:>A	1	representative_allele_is_somatic_truth
13603	18520535:16:INS:>T	1	representative_allele_is_somatic_truth
13601	18531787:0:DEL:A>	1	representative_allele_is_somatic_truth
13600	18533266:0:INS:>T	1	representative_allele_is_somatic_truth
13599	18533334:12:DEL:T>	1	representative_allele_is_somatic_truth
13591	18549173:5:INS:>T	1	representative_allele_is_somatic_truth
13588	18553558:0:INS:>T	1	representative_allele_is_somatic_truth
13582	18580782:0:DEL:A>	1	representative_allele_is_somatic_truth
13628	18727216:0:INS:>T	1	representative_allele_is_somatic_truth
13631	18731068:0:DEL:T>	1	representative_allele_is_somatic_truth
13632	18736587:170:DEL:T>	1	representative_allele_is_somatic_truth
13654	18802855:127:INS:>A	1	representative_allele_is_somatic_truth
13647	18825118:79:DEL:A>	1	representative_allele_is_somatic_truth
13646	18825981:86:DEL:T>	1	representative_allele_is_somatic_truth
13645	18831767:0:DEL:A>	1	representative_allele_is_somatic_truth
13662	18862902:0:DEL:A>	1	representative_allele_is_somatic_truth
13665	18870020:0:DEL:T>	1	representative_allele_is_somatic_truth
13667	18870487:36:DEL:GGGTATG>	1	representative_allele_is_somatic_truth
13710	18915444:0:INS:>T	1	representative_allele_is_somatic_truth
13711	18921189:0:INS:>T	1	representative_allele_is_somatic_truth
13712	18921661:191:INS:>A	1	representative_allele_is_somatic_truth
13746	19139900:756:INS:>T	1	representative_allele_is_somatic_truth
13753	19145817:47:INS:>A	1	representative_allele_is_somatic_truth
13755	19148302:279:INS:>AT	1	representative_allele_is_somatic_truth
13756	19148783:0:INS:>T	1	representative_allele_is_somatic_truth
13757	19149856:0:DEL:G>	1	representative_allele_is_somatic_truth
13762	19169361:0:INS:>A	1	representative_allele_is_somatic_truth
13766	19176107:0:INS:>T	1	representative_allele_is_somatic_truth
13776	19203323:142:INS:>A	1	representative_allele_is_somatic_truth
13777	19203605:0:DEL:T>	1	representative_allele_is_somatic_truth
13781	19210124:0:DEL:T>	1	representative_allele_is_somatic_truth
13784	19219166:57:DEL:A>	1	representative_allele_is_somatic_truth
13785	19222201:31:DEL:CTAATGGCTCAGACAATAACAAAGCAA>	1	representative_allele_is_somatic_truth
13786	19222481:0:INS:>T	1	representative_allele_is_somatic_truth
13792	19236169:81:DEL:G>	1	representative_allele_is_somatic_truth
13796	19244013:43:DEL:CTATAATTCCAGCTACTCAGGAGG>@19244014+19244016	1	representative_allele_is_somatic_truth
13801	19252381:284:DEL:C>	1	representative_allele_is_somatic_truth
13803	19257505:2:DEL:T>	1	representative_allele_is_somatic_truth
13807	19263304:0:DEL:A>	1	representative_allele_is_somatic_truth
13809	19268635:288:DEL:T>	1	representative_allele_is_somatic_truth
13815	19287165:0:INS:>A	1	representative_allele_is_somatic_truth
13822	19310206:0:DEL:TCTACTGTT>	1	representative_allele_is_somatic_truth
13825	19312924:0:INS:>A	1	representative_allele_is_somatic_truth
13839	19359565:0:DEL:T>	1	representative_allele_is_somatic_truth
13840	19366309:74:DEL:T>	1	representative_allele_is_somatic_truth
13849	19378061:184:DEL:GCCAGGAGTTTAAGACCAGCCTG>	1	representative_allele_is_somatic_truth
13851	19385216:0:DEL:T>	1	representative_allele_is_somatic_truth
13859	19395564:228:INS:>A	1	representative_allele_is_somatic_truth
13877	19416735:192:DEL:GA>	1	representative_allele_is_somatic_truth
13878	19417628:0:INS:>A	1	representative_allele_is_somatic_truth
13879	19417731:490:INS:>AT	1	representative_allele_is_somatic_truth
13885	19419815:287:INS:>A	1	representative_allele_is_somatic_truth
13888	19423317:21:DEL:A>	1	representative_allele_is_somatic_truth
13894	19429200:86:DEL:A>	1	representative_allele_is_somatic_truth
13898	19431708:74:DEL:T>	1	representative_allele_is_somatic_truth
13899	19431790:0:DEL:T>	1	representative_allele_is_somatic_truth
13901	19433869:0:DEL:A>	1	representative_allele_is_somatic_truth
13908	19445104:60:INS:>T	1	representative_allele_is_somatic_truth
13919	19465172:416:DEL:TTTCTCC>	1	representative_allele_is_somatic_truth
13921	19465588:532:DEL:T>	1	representative_allele_is_somatic_truth
13923	19469450:0:INS:>A	1	representative_allele_is_somatic_truth
13927	19479996:8:INS:>TT	1	representative_allele_is_somatic_truth
13934	19491061:217:INS:>A	1	representative_allele_is_somatic_truth
13935	19493002:583:INS:>T	1	representative_allele_is_somatic_truth
13940	19508250:67:INS:>A	1	representative_allele_is_somatic_truth
13948	19525530:416:INS:>A	1	representative_allele_is_somatic_truth
13959	19550801:2:INS:>CAC	1	representative_allele_is_somatic_truth
13960	19554395:264:INS:>A	1	representative_allele_is_somatic_truth
13963	19568143:55:INS:>T	1	representative_allele_is_somatic_truth
13964	19572944:148:INS:>T	1	representative_allele_is_somatic_truth
13576	19603119:0:DEL:A>	1	representative_allele_is_somatic_truth
13660	19621150:0:DEL:A>	1	representative_allele_is_somatic_truth
13974	19634625:870:DEL:T>	1	representative_allele_is_somatic_truth
13975	19634856:0:DEL:A>	1	representative_allele_is_somatic_truth
13979	19637942:0:INS:>T	1	representative_allele_is_somatic_truth
13984	19648605:0:INS:>A	1	representative_allele_is_somatic_truth
13986	19649909:11:DEL:G>	1	representative_allele_is_somatic_truth
13996	19657859:217:INS:>A	1	representative_allele_is_somatic_truth
13997	19663038:0:DEL:A>	1	representative_allele_is_somatic_truth
14000	19666539:0:DEL:T>	1	representative_allele_is_somatic_truth
14006	19671619:7:DEL:A>	1	representative_allele_is_somatic_truth
14008	19675103:1:INS:>T	1	representative_allele_is_somatic_truth
14010	19685345:132:INS:>T	1	representative_allele_is_somatic_truth
14082	19711095:0:INS:>A	1	representative_allele_is_somatic_truth
14079	19724888:135:INS:>G	1	representative_allele_is_somatic_truth
14077	19742088:0:INS:>T	1	representative_allele_is_somatic_truth
14068	19783420:0:DEL:T>	1	representative_allele_is_somatic_truth
14064	19803508:211:INS:>TC	1	representative_allele_is_somatic_truth
14057	19855783:0:INS:>A	1	representative_allele_is_somatic_truth
14053	19876943:0:INS:>A	1	representative_allele_is_somatic_truth
14051	19881209:32:INS:>TTT	1	representative_allele_is_somatic_truth
14047	19893014:33:DEL:AAAA>	1	representative_allele_is_somatic_truth
14045	19898123:31:DEL:TGGGCAACTTTCTT>	1	representative_allele_is_somatic_truth
14046	19898123:50:DEL:CTCTGA>	1	representative_allele_is_somatic_truth
14043	19900528:0:INS:>T	1	representative_allele_is_somatic_truth
14037	19921654:20:INS:>GTAGCGGT	1	representative_allele_is_somatic_truth
14032	19952540:28:DEL:T>	1	representative_allele_is_somatic_truth
14028	19965802:0:DEL:G>	1	representative_allele_is_somatic_truth
14027	19966957:0:DEL:A>	1	representative_allele_is_somatic_truth
14022	19975623:0:DEL:TT>	1	representative_allele_is_somatic_truth
14017	19984306:0:DEL:T>	1	representative_allele_is_somatic_truth
14014	20000739:0:DEL:T>	1	representative_allele_is_somatic_truth
14013	20005167:0:INS:>TG	1	representative_allele_is_somatic_truth
14093	20065414:162:INS:>T	1	representative_allele_is_somatic_truth
14086	20097958:95:DEL:CTTTCCCTCTA>	1	representative_allele_is_somatic_truth
13718	20131475:0:INS:>A	1	representative_allele_is_somatic_truth
13702	20157018:0:DEL:A>	1	representative_allele_is_somatic_truth
13701	20158683:0:INS:>A	1	representative_allele_is_somatic_truth
13684	20198640:139:DEL:A>	1	representative_allele_is_somatic_truth
13682	20205932:0:INS:>T	1	representative_allele_is_somatic_truth
13675	20228798:0:DEL:T>	1	representative_allele_is_somatic_truth
13709	20259995:43:INS:>A	1	representative_allele_is_somatic_truth
13723	20292051:0:DEL:CATTCGATGATGATTCCATTCGAGTCCATTCCATGATTCCATTTGATTG>	1	representative_allele_is_somatic_truth
13721	20293569:0:INS:>TATA	1	representative_allele_is_somatic_truth
13731	20298194:505:INS:>T	1	representative_allele_is_somatic_truth
13733	20299199:0:DEL:T>	1	representative_allele_is_somatic_truth
13734	20299626:70:INS:>AT	1	representative_allele_is_somatic_truth
13735	20299933:224:INS:>T	1	representative_allele_is_somatic_truth
13739	20300930:50:DEL:T>	1	representative_allele_is_somatic_truth
13740	20301407:0:DEL:A>	1	representative_allele_is_somatic_truth
13741	20302500:1:INS:>T	1	representative_allele_is_somatic_truth
13644	20406835:0:INS:>TT	1	representative_allele_is_somatic_truth
13729	20428209:16:DEL:TT>	1	representative_allele_is_somatic_truth
14112	20529547:418:DEL:A>	1	representative_allele_is_somatic_truth
14124	20660775:23:DEL:G>	1	representative_allele_is_somatic_truth
14132	20683563:0:INS:>A	1	representative_allele_is_somatic_truth
14135	20688431:106:INS:>T	1	representative_allele_is_somatic_truth
14136	20694939:120:INS:>A	1	representative_allele_is_somatic_truth
14139	20712561:0:DEL:A>	1	representative_allele_is_somatic_truth
14149	20739768:49:DEL:T>	1	representative_allele_is_somatic_truth
14160	20764688:2:DEL:T>	1	representative_allele_is_somatic_truth
14167	20791660:0:INS:>T	1	representative_allele_is_somatic_truth
14180	20841033:0:DEL:A>	1	representative_allele_is_somatic_truth
14182	20848680:47:INS:>T	1	representative_allele_is_somatic_truth
14186	20854715:97:INS:>TT	1	representative_allele_is_somatic_truth
14193	20895035:108:DEL:T>	1	representative_allele_is_somatic_truth
14197	20926680:65:DEL:T>	1	representative_allele_is_somatic_truth
14199	20930453:0:INS:>T	1	representative_allele_is_somatic_truth
14201	20938337:6:INS:>T	1	representative_allele_is_somatic_truth
14270	21002989:0:INS:>T	1	representative_allele_is_somatic_truth
14278	21070273:19:DEL:T>	1	representative_allele_is_somatic_truth
14278	21070278:0:DEL:T>	1	representative_allele_is_somatic_truth
14317	21094069:39:INS:>A	1	representative_allele_is_somatic_truth
14318	21101381:22:INS:>T	1	representative_allele_is_somatic_truth
14319	21118294:53:INS:>A	1	representative_allele_is_somatic_truth
14320	21133294:0:DEL:T>	1	representative_allele_is_somatic_truth
14321	21134134:155:DEL:TC>	1	representative_allele_is_somatic_truth
14323	21140254:0:INS:>A	1	representative_allele_is_somatic_truth
14326	21183866:208:DEL:TA>	1	representative_allele_is_somatic_truth
14329	21201133:212:DEL:AATAATAAAATAAAGACC>	1	representative_allele_is_somatic_truth
14337	21291117:21:INS:>T	1	representative_allele_is_somatic_truth
14338	21294295:107:INS:>A	1	representative_allele_is_somatic_truth
14338	21294303:0:INS:>A	1	representative_allele_is_somatic_truth
14341	21320757:184:DEL:CACACACA>@21320758+21320759	1	representative_allele_is_somatic_truth
14343	21327212:1:INS:>A	1	representative_allele_is_somatic_truth
14350	21346464:1:DEL:A>	1	representative_allele_is_somatic_truth
14353	21370296:0:INS:>A	1	representative_allele_is_somatic_truth
14359	21425126:56:INS:>T	1	representative_allele_is_somatic_truth
14361	21427902:0:INS:>T	1	representative_allele_is_somatic_truth
14363	21441491:30:DEL:GGGAA>	1	representative_allele_is_somatic_truth
14365	21444138:198:INS:>A	1	representative_allele_is_somatic_truth
14383	21608327:0:INS:>T	1	representative_allele_is_somatic_truth
14211	21731263:29:DEL:ATGGGATGGCT>	1	representative_allele_is_somatic_truth
14212	21732398:0:INS:>A	1	representative_allele_is_somatic_truth
14214	21741571:0:INS:>T	1	representative_allele_is_somatic_truth
14255	21745379:421:INS:>T	1	representative_allele_is_somatic_truth
14284	21781315:0:INS:>A	1	representative_allele_is_somatic_truth
14294	21821302:185:INS:>A	1	representative_allele_is_somatic_truth
14296	21829416:0:DEL:T>	1	representative_allele_is_somatic_truth
14297	21830528:0:DEL:A>	1	representative_allele_is_somatic_truth
14302	21861368:108:DEL:A>	1	representative_allele_is_somatic_truth
14303	21864469:27:DEL:A>	1	representative_allele_is_somatic_truth
14311	21877617:0:INS:>A	1	representative_allele_is_somatic_truth
14247	21946833:0:INS:>T	1	representative_allele_is_somatic_truth
14245	21959444:310:INS:>A	1	representative_allele_is_somatic_truth
14243	21964629:68:INS:>A	1	representative_allele_is_somatic_truth
14237	21992807:175:DEL:ATG>@21992806+21992805	1	representative_allele_is_somatic_truth
14228	22021851:187:INS:>T	1	representative_allele_is_somatic_truth
14227	22022288:0:INS:>T	1	representative_allele_is_somatic_truth
14378	22044933:186:DEL:AT>	1	representative_allele_is_somatic_truth
14380	22076235:39:DEL:AGGGCTGAAAG>	1	representative_allele_is_somatic_truth
14224	22088821:184:INS:>A	1	representative_allele_is_somatic_truth
14279	22134629:182:DEL:CCT>	1	representative_allele_is_somatic_truth
14448	22162048:0:DEL:A>	1	representative_allele_is_somatic_truth
14451	22164864:13:DEL:A>	1	representative_allele_is_somatic_truth
14452	22166016:18:INS:>A	1	representative_allele_is_somatic_truth
14457	22177823:0:DEL:A>	1	representative_allele_is_somatic_truth
14466	22214686:200:INS:>AA	1	representative_allele_is_somatic_truth
14471	22236730:141:DEL:T>	1	representative_allele_is_somatic_truth
14473	22241443:56:DEL:AGGG>	1	representative_allele_is_somatic_truth
14475	22249762:0:INS:>T	1	representative_allele_is_somatic_truth
14477	22252846:20:INS:>A	1	representative_allele_is_somatic_truth
14479	22258951:0:INS:>A	1	representative_allele_is_somatic_truth
14484	22267408:97:INS:>T	1	representative_allele_is_somatic_truth
14506	22330783:29:DEL:C>	1	representative_allele_is_somatic_truth
14519	22352469:230:DEL:AGT>	1	representative_allele_is_somatic_truth
14520	22352719:36:DEL:T>	1	representative_allele_is_somatic_truth
14521	22353221:61:DEL:T>	1	representative_allele_is_somatic_truth
14569	22378774:0:DEL:A>	1	representative_allele_is_somatic_truth
14573	22382069:0:DEL:T>	1	representative_allele_is_somatic_truth
14578	22387840:47:DEL:C>	1	representative_allele_is_somatic_truth
14585	22390949:0:DEL:T>	1	representative_allele_is_somatic_truth
14586	22394729:0:INS:>T	1	representative_allele_is_somatic_truth
14592	22404791:0:INS:>A	1	representative_allele_is_somatic_truth
14593	22408356:29:INS:>T	1	representative_allele_is_somatic_truth
14656	22447263:0:DEL:T>	1	representative_allele_is_somatic_truth
14655	22447774:215:DEL:T>	1	representative_allele_is_somatic_truth
14654	22450431:2:DEL:T>	1	representative_allele_is_somatic_truth
14652	22455233:0:DEL:T>	1	representative_allele_is_somatic_truth
14651	22463946:119:INS:>T	1	representative_allele_is_somatic_truth
14650	22468379:0:INS:>A	1	representative_allele_is_somatic_truth
14702	22513675:0:INS:>T	1	representative_allele_is_somatic_truth
14704	22519601:0:INS:>T	1	representative_allele_is_somatic_truth
14708	22532315:85:INS:>T	1	representative_allele_is_somatic_truth
14713	22582253:167:INS:>AG	1	representative_allele_is_somatic_truth
14719	22617943:99:INS:>A	1	representative_allele_is_somatic_truth
14721	22626010:319:INS:>A	1	representative_allele_is_somatic_truth
14724	22640074:44:DEL:T>	1	representative_allele_is_somatic_truth
14728	22651920:0:DEL:T>	1	representative_allele_is_somatic_truth
14737	22677094:0:INS:>TT	1	representative_allele_is_somatic_truth
14750	22723343:70:DEL:A>	1	representative_allele_is_somatic_truth
14751	22742159:0:INS:>AA	1	representative_allele_is_somatic_truth
14753	22761297:0:INS:>T	1	representative_allele_is_somatic_truth
14765	22807134:196:DEL:T>	1	representative_allele_is_somatic_truth
14768	22816667:298:INS:>A	1	representative_allele_is_somatic_truth
14770	22818816:0:DEL:AT>	1	representative_allele_is_somatic_truth
14773	22824851:0:INS:>G	1	representative_allele_is_somatic_truth
14786	22885223:51:INS:>T	1	representative_allele_is_somatic_truth
14787	22891844:233:INS:>T	1	representative_allele_is_somatic_truth
14790	22899979:60:INS:>A	1	representative_allele_is_somatic_truth
14798	22913296:118:DEL:A>	1	representative_allele_is_somatic_truth
14806	22937523:0:DEL:A>	1	representative_allele_is_somatic_truth
14807	22938326:0:DEL:A>	1	representative_allele_is_somatic_truth
14813	22971443:0:DEL:A>	1	representative_allele_is_somatic_truth
14818	22985981:127:DEL:T>	1	representative_allele_is_somatic_truth
14819	22987468:22:DEL:A>	1	representative_allele_is_somatic_truth
14824	23009795:0:INS:>T	1	representative_allele_is_somatic_truth
14825	23021957:165:INS:>TT	1	representative_allele_is_somatic_truth
14835	23064134:110:INS:>A	1	representative_allele_is_somatic_truth
14839	23068162:0:INS:>T	1	representative_allele_is_somatic_truth
14841	23077194:0:INS:>T	1	representative_allele_is_somatic_truth
14866	23188547:26:DEL:TCTCCT>	1	representative_allele_is_somatic_truth
14875	23238226:0:DEL:A>	1	representative_allele_is_somatic_truth
14877	23258632:0:INS:>T	1	representative_allele_is_somatic_truth
14616	23290426:0:DEL:T>	1	representative_allele_is_somatic_truth
14539	23333953:284:INS:>T	1	representative_allele_is_somatic_truth
14542	23337769:84:INS:>A	1	representative_allele_is_somatic_truth
14544	23340375:215:DEL:AA>	1	representative_allele_is_somatic_truth
14545	23345952:8:DEL:T>	1	representative_allele_is_somatic_truth
14547	23350895:187:DEL:A>	1	representative_allele_is_somatic_truth
14554	23366467:8:INS:>A	1	representative_allele_is_somatic_truth
14559	23382021:0:DEL:A>	1	representative_allele_is_somatic_truth
14563	23392772:17:DEL:AA>	1	representative_allele_is_somatic_truth
14599	23404207:31:INS:>A	1	representative_allele_is_somatic_truth
14602	23407583:34:DEL:TT>	1	representative_allele_is_somatic_truth
14608	23416335:0:INS:>T	1	representative_allele_is_somatic_truth
14392	23460752:0:INS:>T	1	representative_allele_is_somatic_truth
14401	23471995:77:DEL:A>	1	representative_allele_is_somatic_truth
14406	23484663:8:DEL:C>	1	representative_allele_is_somatic_truth
14407	23489816:296:DEL:GGAA>	1	representative_allele_is_somatic_truth
14410	23498080:70:INS:>T	1	representative_allele_is_somatic_truth
14413	23519669:284:INS:>T	1	representative_allele_is_somatic_truth
14414	23520882:0:DEL:TT>@23520883	1	representative_allele_is_somatic_truth
14417	23532324:180:INS:>AG	1	representative_allele_is_somatic_truth
14418	23532458:0:DEL:T>	1	representative_allele_is_somatic_truth
14419	23534829:0:DEL:A>	1	representative_allele_is_somatic_truth
14428	23555137:180:DEL:A>	1	representative_allele_is_somatic_truth
14431	23561604:120:DEL:T>	1	representative_allele_is_somatic_truth
14437	23571839:120:DEL:TC>	1	representative_allele_is_somatic_truth
14438	23572960:384:DEL:T>	1	representative_allele_is_somatic_truth
14439	23573015:41:INS:>T	1	representative_allele_is_somatic_truth
14440	23574918:136:DEL:CT>	1	representative_allele_is_somatic_truth
14446	23586759:92:INS:>A	1	representative_allele_is_somatic_truth
14641	23590052:154:INS:>A	1	representative_allele_is_somatic_truth
14638	23595778:0:DEL:T>	1	representative_allele_is_somatic_truth
14634	23603396:147:INS:>T	1	representative_allele_is_somatic_truth
14632	23610249:0:INS:>A	1	representative_allele_is_somatic_truth
14628	23629215:2:DEL:GGAAG>	1	representative_allele_is_somatic_truth
14627	23635597:0:INS:>TG	1	representative_allele_is_somatic_truth
14621	23656933:0:DEL:A>	1	representative_allele_is_somatic_truth
14664	23682253:32:DEL:TATT>	1	representative_allele_is_somatic_truth
14666	23687005:58:DEL:AAT>	1	representative_allele_is_somatic_truth
14669	23691233:642:DEL:T>	1	representative_allele_is_somatic_truth
14672	23699046:0:INS:>T	1	representative_allele_is_somatic_truth
14682	23721873:0:DEL:A>	1	representative_allele_is_somatic_truth
14683	23723005:0:INS:>A	1	representative_allele_is_somatic_truth
14684	23723796:191:DEL:TATG>	1	representative_allele_is_somatic_truth
14685	23725076:0:DEL:A>	1	representative_allele_is_somatic_truth
14694	23759574:0:DEL:A>	1	representative_allele_is_somatic_truth
14698	23768259:0:DEL:T>	1	representative_allele_is_somatic_truth
14898	23903053:0:DEL:T>	1	representative_allele_is_somatic_truth
14903	23937545:92:INS:>A	1	representative_allele_is_somatic_truth
14905	23968338:0:DEL:A>	1	representative_allele_is_somatic_truth
14906	23976848:45:INS:>T	1	representative_allele_is_somatic_truth
14910	23986131:0:INS:>A	1	representative_allele_is_somatic_truth
14912	23996855:0:INS:>T	1	representative_allele_is_somatic_truth
14915	24022840:205:DEL:TT>	1	representative_allele_is_somatic_truth
14919	24036751:0:DEL:A>	1	representative_allele_is_somatic_truth
14926	24064551:283:INS:>TA	1	representative_allele_is_somatic_truth
14927	24072822:0:DEL:A>	1	representative_allele_is_somatic_truth
14949	24157316:76:INS:>T	1	representative_allele_is_somatic_truth
14952	24167521:0:DEL:AA>@24167522	1	representative_allele_is_somatic_truth
14955	24186755:0:DEL:T>	1	representative_allele_is_somatic_truth
14962	24230677:0:INS:>T	1	representative_allele_is_somatic_truth
14968	24273265:0:INS:>T	1	representative_allele_is_somatic_truth
14975	24291911:0:INS:>T	1	representative_allele_is_somatic_truth
14982	24323609:16:DEL:T>	1	representative_allele_is_somatic_truth
14983	24324878:0:DEL:A>	1	representative_allele_is_somatic_truth
14984	24324978:69:DEL:A>	1	representative_allele_is_somatic_truth
14991	24343669:181:DEL:T>	1	representative_allele_is_somatic_truth
14992	24346256:42:INS:>T	1	representative_allele_is_somatic_truth
14993	24346590:173:INS:>A	1	representative_allele_is_somatic_truth
14996	24349165:0:DEL:C>	1	representative_allele_is_somatic_truth
15092	24440088:0:INS:>AT	1	representative_allele_is_somatic_truth
15098	24496535:0:DEL:T>	1	representative_allele_is_somatic_truth
15099	24511476:0:DEL:T>	1	representative_allele_is_somatic_truth
15112	24608605:0:DEL:A>	1	representative_allele_is_somatic_truth
15118	24681613:0:DEL:T>	1	representative_allele_is_somatic_truth
15120	24709518:0:DEL:T>	1	representative_allele_is_somatic_truth
15130	24780019:0:DEL:TT>@24780020	1	representative_allele_is_somatic_truth
15133	24808772:0:INS:>A	1	representative_allele_is_somatic_truth
15010	24919342:0:DEL:A>	1	representative_allele_is_somatic_truth
15014	24953609:0:INS:>TATATATA	1	representative_allele_is_somatic_truth
15019	24961784:0:DEL:T>	1	representative_allele_is_somatic_truth
15024	24965877:0:INS:>A	1	representative_allele_is_somatic_truth
15028	24980562:0:DEL:T>	1	representative_allele_is_somatic_truth
15029	24981984:0:INS:>TA	1	representative_allele_is_somatic_truth
15035	25024636:15:INS:>T	1	representative_allele_is_somatic_truth
15036	25026276:0:DEL:T>	1	representative_allele_is_somatic_truth
15037	25027611:0:INS:>A	1	representative_allele_is_somatic_truth
15038	25027900:0:DEL:A>	1	representative_allele_is_somatic_truth
15043	25065499:0:INS:>A	1	representative_allele_is_somatic_truth
15047	25085282:91:INS:>A	1	representative_allele_is_somatic_truth
15049	25089898:0:INS:>A	1	representative_allele_is_somatic_truth
15051	25097852:25:INS:>T	1	representative_allele_is_somatic_truth
15076	25165253:0:INS:>A	1	representative_allele_is_somatic_truth
15079	25177356:112:DEL:T>	1	representative_allele_is_somatic_truth
15066	25258177:220:DEL:G>	1	representative_allele_is_somatic_truth
0	23307:4:DEL:GCC>	1	representative_allele_is_somatic_truth
8	45299:240:DEL:TAGTTT>	1	representative_allele_is_somatic_truth
22	163487:21:INS:>A	1	representative_allele_is_somatic_truth
25	167125:0:DEL:GGAGGTTGCAGTGAGCTGAGATGACACCACTGCACTCCAGCCTGGGT>@167126	1	representative_allele_is_somatic_truth
30	187384:43:INS:>A	1	representative_allele_is_somatic_truth
41	242038:0:INS:>T	1	representative_allele_is_somatic_truth
45	254407:0:INS:>A	1	representative_allele_is_somatic_truth
48	262317:0:DEL:T>	1	representative_allele_is_somatic_truth
57	312358:0:DEL:TT>@312359	1	representative_allele_is_somatic_truth
63	344244:81:INS:>TT	1	representative_allele_is_somatic_truth
121	357366:41:DEL:T>	1	representative_allele_is_somatic_truth
126	382890:0:INS:>T	1	representative_allele_is_somatic_truth
127	391298:296:INS:>T	1	representative_allele_is_somatic_truth
140	475276:174:INS:>A	1	representative_allele_is_somatic_truth
146	524587:351:INS:>T	1	representative_allele_is_somatic_truth
148	542814:0:DEL:A>	1	representative_allele_is_somatic_truth
149	557717:22:INS:>T	1	representative_allele_is_somatic_truth
150	561052:131:DEL:T>	1	representative_allele_is_somatic_truth
162	649044:0:INS:>T	1	representative_allele_is_somatic_truth
168	656564:0:DEL:T>	1	representative_allele_is_somatic_truth
172	663998:454:INS:>A	1	representative_allele_is_somatic_truth
176	678749:0:INS:>A	1	representative_allele_is_somatic_truth
180	706834:568:INS:>A	1	representative_allele_is_somatic_truth
184	744260:242:INS:>T	1	representative_allele_is_somatic_truth
195	777813:0:INS:>T	1	representative_allele_is_somatic_truth
199	792798:0:INS:>AC	1	representative_allele_is_somatic_truth
207	832573:0:INS:>T	1	representative_allele_is_somatic_truth
208	836583:0:INS:>T	1	representative_allele_is_somatic_truth
209	839312:0:INS:>TA	1	representative_allele_is_somatic_truth
211	843855:0:INS:>A	1	representative_allele_is_somatic_truth
217	880595:0:DEL:T>	1	representative_allele_is_somatic_truth
218	881835:183:DEL:T>	1	representative_allele_is_somatic_truth
227	938256:0:DEL:T>	1	representative_allele_is_somatic_truth
232	953193:134:DEL:TTT>	1	representative_allele_is_somatic_truth
245	1005696:20:INS:>A	1	representative_allele_is_somatic_truth
246	1007821:28:DEL:T>	1	representative_allele_is_somatic_truth
247	1011305:0:DEL:T>	1	representative_allele_is_somatic_truth
248	1012333:0:INS:>A	1	representative_allele_is_somatic_truth
256	1024478:0:DEL:A>	1	representative_allele_is_somatic_truth
258	1025930:101:INS:>A	1	representative_allele_is_somatic_truth
260	1034718:156:DEL:A>	1	representative_allele_is_somatic_truth
267	1042297:220:DEL:TTA>	1	representative_allele_is_somatic_truth
270	1047807:49:DEL:T>	1	representative_allele_is_somatic_truth
274	1058177:0:DEL:A>	1	representative_allele_is_somatic_truth
279	1070945:0:DEL:AA>@1070946	1	representative_allele_is_somatic_truth
280	1072588:25:INS:>T	1	representative_allele_is_somatic_truth
281	1076117:78:INS:>T	1	representative_allele_is_somatic_truth
290	1103591:0:DEL:TATA>@1103592+1103593+1103594	1	representative_allele_is_somatic_truth
355	1127936:99:INS:>A	1	representative_allele_is_somatic_truth
354	1133391:0:INS:>A	1	representative_allele_is_somatic_truth
351	1157471:0:DEL:A>	1	representative_allele_is_somatic_truth
348	1169249:50:INS:>A	1	representative_allele_is_somatic_truth
343	1179844:0:INS:>A	1	representative_allele_is_somatic_truth
338	1188227:60:INS:>A	1	representative_allele_is_somatic_truth
336	1198738:0:INS:>A	1	representative_allele_is_somatic_truth
335	1202784:26:INS:>A	1	representative_allele_is_somatic_truth
334	1202804:96:DEL:A>	1	representative_allele_is_somatic_truth
333	1205511:0:DEL:T>	1	representative_allele_is_somatic_truth
329	1218147:109:DEL:C>	1	representative_allele_is_somatic_truth
329	1218147:110:DEL:C>	1	representative_allele_is_somatic_truth
323	1226082:0:DEL:T>	1	representative_allele_is_somatic_truth
322	1230135:113:DEL:TTAGTGGTGA>	1	representative_allele_is_somatic_truth
320	1231296:150:DEL:TC>	1	representative_allele_is_somatic_truth
309	1257320:97:INS:>A	1	representative_allele_is_somatic_truth
296	1286899:133:INS:>A	1	representative_allele_is_somatic_truth
293	1296104:252:DEL:C>	1	representative_allele_is_somatic_truth
363	1326077:74:DEL:TTATGAAGGTCTTTTTCTTAAGAGCTAAAAAACAAGCA>	1	representative_allele_is_somatic_truth
381	1415489:0:INS:>A	1	representative_allele_is_somatic_truth
387	1457534:39:INS:>A	1	representative_allele_is_somatic_truth
391	1503387:6:INS:>T	1	representative_allele_is_somatic_truth
393	1508598:63:INS:>T	1	representative_allele_is_somatic_truth
395	1534888:4:DEL:GCACACACACAC>	1	representative_allele_is_somatic_truth
397	1542216:131:INS:>G	1	representative_allele_is_somatic_truth
398	1552625:11:DEL:T>	1	representative_allele_is_somatic_truth
407	1574967:0:INS:>A	1	representative_allele_is_somatic_truth
417	1597776:83:DEL:T>	1	representative_allele_is_somatic_truth
426	1648586:202:DEL:T>	1	representative_allele_is_somatic_truth
488	1712041:40:INS:>T	1	representative_allele_is_somatic_truth
487	1714626:0:DEL:T>	1	representative_allele_is_somatic_truth
552	1731261:490:DEL:AT>	1	representative_allele_is_somatic_truth
550	1741939:0:DEL:A>	1	representative_allele_is_somatic_truth
548	1745469:0:DEL:A>	1	representative_allele_is_somatic_truth
541	1759971:225:DEL:GTTG>	1	representative_allele_is_somatic_truth
540	1763675:151:DEL:A>	1	representative_allele_is_somatic_truth
533	1784500:187:DEL:T>	1	representative_allele_is_somatic_truth
532	1786669:0:INS:>T	1	representative_allele_is_somatic_truth
526	1795787:0:INS:>T	1	representative_allele_is_somatic_truth
599	1808841:43:INS:>T	1	representative_allele_is_somatic_truth
602	1817566:0:DEL:A>	1	representative_allele_is_somatic_truth
606	1832026:0:DEL:A>	1	representative_allele_is_somatic_truth
607	1832503:0:DEL:A>	1	representative_allele_is_somatic_truth
609	1835321:32:DEL:T>	1	representative_allele_is_somatic_truth
613	1854654:0:DEL:A>	1	representative_allele_is_somatic_truth
616	1868307:0:INS:>TT	1	representative_allele_is_somatic_truth
621	1876653:139:INS:>T	1	representative_allele_is_somatic_truth
624	1881474:0:DEL:A>	1	representative_allele_is_somatic_truth
625	1881868:127:INS:>A	1	representative_allele_is_somatic_truth
628	1884972:0:DEL:AA>@1884973	1	representative_allele_is_somatic_truth
630	1889109:0:INS:>A	1	representative_allele_is_somatic_truth
633	1891543:0:DEL:A>	1	representative_allele_is_somatic_truth
637	1906756:88:INS:>A	1	representative_allele_is_somatic_truth
638	1908538:0:DEL:A>	1	representative_allele_is_somatic_truth
642	1913608:63:INS:>T	1	representative_allele_is_somatic_truth
644	1936471:0:DEL:A>	1	representative_allele_is_somatic_truth
650	1957158:0:INS:>T	1	representative_allele_is_somatic_truth
652	1958508:0:INS:>A	1	representative_allele_is_somatic_truth
654	1962379:0:INS:>T	1	representative_allele_is_somatic_truth
657	1969145:0:INS:>A	1	representative_allele_is_somatic_truth
667	2003789:518:DEL:CCTTG>	1	representative_allele_is_somatic_truth
670	2004951:372:INS:>A	1	representative_allele_is_somatic_truth
696	2040503:0:INS:>AAAGAAAGAAAGAAAGAAAGAAAGAAAGAAAGAAAG	1	representative_allele_is_somatic_truth
709	2056738:150:DEL:T>	1	representative_allele_is_somatic_truth
712	2058272:578:INS:>T	1	representative_allele_is_somatic_truth
715	2058759:131:INS:>T	1	representative_allele_is_somatic_truth
716	2059750:121:DEL:T>	1	representative_allele_is_somatic_truth
718	2062924:214:DEL:T>	1	representative_allele_is_somatic_truth
723	2064253:45:INS:>A	1	representative_allele_is_somatic_truth
725	2065490:0:DEL:A>	1	representative_allele_is_somatic_truth
726	2066235:111:DEL:T>	1	representative_allele_is_somatic_truth
729	2077557:0:INS:>TA	1	representative_allele_is_somatic_truth
735	2089036:0:INS:>T	1	representative_allele_is_somatic_truth
759	2153992:0:INS:>A	1	representative_allele_is_somatic_truth
760	2155174:10:DEL:T>	1	representative_allele_is_somatic_truth
770	2179263:0:INS:>AA	1	representative_allele_is_somatic_truth
771	2184299:0:INS:>T	1	representative_allele_is_somatic_truth
772	2187679:0:INS:>T	1	representative_allele_is_somatic_truth
780	2214385:0:INS:>A	1	representative_allele_is_somatic_truth
788	2230228:0:DEL:A>	1	representative_allele_is_somatic_truth
790	2234219:0:DEL:A>	1	representative_allele_is_somatic_truth
802	2250908:137:DEL:A>	1	representative_allele_is_somatic_truth
805	2253403:452:DEL:AA>	1	representative_allele_is_somatic_truth
810	2262426:72:DEL:CCAGA>	1	representative_allele_is_somatic_truth
812	2264449:0:DEL:T>	1	representative_allele_is_somatic_truth
818	2272831:0:INS:>GT	1	representative_allele_is_somatic_truth
820	2276963:282:DEL:A>	1	representative_allele_is_somatic_truth
822	2277891:55:INS:>T	1	representative_allele_is_somatic_truth
830	2285017:14:INS:>T	1	representative_allele_is_somatic_truth
838	2294811:24:INS:>A	1	representative_allele_is_somatic_truth
843	2301505:396:DEL:T>	1	representative_allele_is_somatic_truth
855	2313647:0:INS:>T	1	representative_allele_is_somatic_truth
858	2319925:0:DEL:T>	1	representative_allele_is_somatic_truth
862	2322618:514:DEL:T>	1	representative_allele_is_somatic_truth
864	2325590:0:INS:>TT	1	representative_allele_is_somatic_truth
870	2330100:0:DEL:A>	1	representative_allele_is_somatic_truth
872	2331165:0:INS:>A	1	representative_allele_is_somatic_truth
873	2331888:19:DEL:A>	1	representative_allele_is_somatic_truth
874	2333224:382:DEL:A>	1	representative_allele_is_somatic_truth
878	2336767:346:DEL:CTTTTGGATTA>	1	representative_allele_is_somatic_truth
880	2344553:0:INS:>A	1	representative_allele_is_somatic_truth
886	2356203:0:INS:>T	1	representative_allele_is_somatic_truth
896	2387494:80:DEL:A>	1	representative_allele_is_somatic_truth
903	2401750:270:DEL:AA>	1	representative_allele_is_somatic_truth
905	2404412:0:INS:>A	1	representative_allele_is_somatic_truth
908	2411295:1:INS:>T	1	representative_allele_is_somatic_truth
909	2413508:842:INS:>T	1	representative_allele_is_somatic_truth
912	2416797:0:DEL:T>	1	representative_allele_is_somatic_truth
921	2440579:0:INS:>A	1	representative_allele_is_somatic_truth
923	2443232:43:DEL:C>	1	representative_allele_is_somatic_truth
925	2446960:391:DEL:AA>	1	representative_allele_is_somatic_truth
933	2463160:41:INS:>A	1	representative_allele_is_somatic_truth
935	2473689:212:INS:>A	1	representative_allele_is_somatic_truth
941	2493625:20:DEL:C>	1	representative_allele_is_somatic_truth
946	2516418:477:DEL:TGCCTTCT>	1	representative_allele_is_somatic_truth
1032	2543944:0:INS:>T	1	representative_allele_is_somatic_truth
1035	2552291:0:INS:>A	1	representative_allele_is_somatic_truth
1040	2555129:0:INS:>A	1	representative_allele_is_somatic_truth
1042	2566174:0:INS:>T	1	representative_allele_is_somatic_truth
1043	2569542:0:INS:>A	1	representative_allele_is_somatic_truth
1046	2575526:57:INS:>T	1	representative_allele_is_somatic_truth
68	2662221:65:INS:>ACACACACACACACACACACACACACACACAC	1	representative_allele_is_somatic_truth
75	2753325:46:INS:>A	1	representative_allele_is_somatic_truth
77	2758606:0:DEL:A>	1	representative_allele_is_somatic_truth
84	2801047:59:INS:>A	1	representative_allele_is_somatic_truth
87	2819090:102:INS:>T	1	representative_allele_is_somatic_truth
91	2835702:47:DEL:TCTGGGAGGCATC>	1	representative_allele_is_somatic_truth
1170	2900553:51:DEL:T>	1	representative_allele_is_somatic_truth
1166	2905180:55:INS:>A	1	representative_allele_is_somatic_truth
1159	2954691:0:INS:>C	1	representative_allele_is_somatic_truth
1181	3019050:59:DEL:GGAGCTGGTCAGCCCCA>	1	representative_allele_is_somatic_truth
1171	3042010:13:INS:>T	1	representative_allele_is_somatic_truth
1246	3076440:0:DEL:A>	1	representative_allele_is_somatic_truth
1252	3081676:0:INS:>A	1	representative_allele_is_somatic_truth
1254	3090084:74:INS:>A	1	representative_allele_is_somatic_truth
1259	3102511:41:DEL:A>	1	representative_allele_is_somatic_truth
1266	3123632:0:DEL:A>	1	representative_allele_is_somatic_truth
1283	3135065:71:DEL:A>	1	representative_allele_is_somatic_truth
1286	3140807:0:DEL:TTT>@3140808	1	representative_allele_is_somatic_truth
1291	3150305:21:DEL:A>	1	representative_allele_is_somatic_truth
1293	3151402:0:INS:>A	1	representative_allele_is_somatic_truth
1298	3157137:404:INS:>T	1	representative_allele_is_somatic_truth
1302	3162764:0:INS:>ATATATATATATAT	1	representative_allele_is_somatic_truth
1321	3244575:0:INS:>A	1	representative_allele_is_somatic_truth
1324	3254102:0:INS:>A	1	representative_allele_is_somatic_truth
1331	3271253:39:DEL:A>	1	representative_allele_is_somatic_truth
1332	3271334:10:INS:>A	1	representative_allele_is_somatic_truth
1337	3299314:112:INS:>A	1	representative_allele_is_somatic_truth
500	3334515:11:INS:>T	1	representative_allele_is_somatic_truth
497	3338168:415:DEL:C>	1	representative_allele_is_somatic_truth
591	3361713:0:INS:>A	1	representative_allele_is_somatic_truth
443	3402639:37:INS:>T	1	representative_allele_is_somatic_truth
445	3408087:255:INS:>T	1	representative_allele_is_somatic_truth
451	3439148:143:DEL:A>	1	representative_allele_is_somatic_truth
466	3535465:489:DEL:CAGGGACTATTACTCTGAGGCC>	1	representative_allele_is_somatic_truth
467	3539619:0:INS:>T	1	representative_allele_is_somatic_truth
469	3560593:370:DEL:CAGCAC>	1	representative_allele_is_somatic_truth
470	3565553:33:DEL:A>	1	representative_allele_is_somatic_truth
474	3613996:378:DEL:T>	1	representative_allele_is_somatic_truth
477	3614796:31:INS:>A	1	representative_allele_is_somatic_truth
1055	3650871:0:INS:>T	1	representative_allele_is_somatic_truth
1059	3654241:0:INS:>A	1	representative_allele_is_somatic_truth
1060	3655858:0:DEL:T>	1	representative_allele_is_somatic_truth
1063	3663154:0:INS:>A	1	representative_allele_is_somatic_truth
1064	3663356:79:DEL:A>	1	representative_allele_is_somatic_truth
1065	3663445:0:DEL:T>	1	representative_allele_is_somatic_truth
1067	3665279:29:INS:>A	1	representative_allele_is_somatic_truth
1069	3670478:0:DEL:AAA>@3670479+3670480	1	representative_allele_is_somatic_truth
1070	3671279:43:INS:>T	1	representative_allele_is_somatic_truth
1071	3671795:5:INS:>A	1	representative_allele_is_somatic_truth
1072	3673609:0:DEL:AA>@3673610	1	representative_allele_is_somatic_truth
1079	3687154:0:INS:>A	1	representative_allele_is_somatic_truth
1082	3693578:0:DEL:A>	1	representative_allele_is_somatic_truth
1089	3706513:0:INS:>A	1	representative_allele_is_somatic_truth
1092	3716855:0:INS:>T	1	representative_allele_is_somatic_truth
1095	3719789:0:INS:>T	1	representative_allele_is_somatic_truth
1097	3721003:171:INS:>A	1	representative_allele_is_somatic_truth
1102	3725820:0:INS:>A	1	representative_allele_is_somatic_truth
1107	3733473:0:DEL:A>	1	representative_allele_is_somatic_truth
1108	3737414:45:DEL:T>	1	representative_allele_is_somatic_truth
1114	3746043:99:DEL:A>	1	representative_allele_is_somatic_truth
1115	3753476:0:INS:>T	1	representative_allele_is_somatic_truth
1119	3769295:55:DEL:T>	1	representative_allele_is_somatic_truth
1136	3816171:0:DEL:TTT>@3816172+3816173	1	representative_allele_is_somatic_truth
1139	3830102:33:INS:>TT	1	representative_allele_is_somatic_truth
1146	3854904:195:INS:>TT	1	representative_allele_is_somatic_truth
1147	3862522:63:INS:>A	1	representative_allele_is_somatic_truth
1148	3864239:0:INS:>AA	1	representative_allele_is_somatic_truth
588	3887284:140:INS:>A	1	representative_allele_is_somatic_truth
586	3892973:0:DEL:A>	1	representative_allele_is_somatic_truth
583	3914543:50:DEL:A>	1	representative_allele_is_somatic_truth
582	3919033:240:DEL:CCTAGG>	1	representative_allele_is_somatic_truth
578	3933434:0:DEL:A>	1	representative_allele_is_somatic_truth
577	3934108:0:DEL:A>	1	representative_allele_is_somatic_truth
575	3939703:0:DEL:T>	1	representative_allele_is_somatic_truth
568	3957155:56:DEL:A>	1	representative_allele_is_somatic_truth
558	3979071:6:INS:>T	1	representative_allele_is_somatic_truth
555	3991139:0:INS:>T	1	representative_allele_is_somatic_truth
495	4027231:33:INS:>A	1	representative_allele_is_somatic_truth
510	4072339:78:INS:>A	1	representative_allele_is_somatic_truth
517	4111632:0:INS:>A	1	representative_allele_is_somatic_truth
950	4138444:0:INS:>T	1	representative_allele_is_somatic_truth
953	4141431:0:DEL:T>	1	representative_allele_is_somatic_truth
954	4150548:11:INS:>T	1	representative_allele_is_somatic_truth
955	4151061:183:INS:>T	1	representative_allele_is_somatic_truth
962	4176276:0:INS:>A	1	representative_allele_is_somatic_truth
968	4202958:0:INS:>T	1	representative_allele_is_somatic_truth
969	4203689:127:DEL:TCTC>	1	representative_allele_is_somatic_truth
977	4217025:663:DEL:T>	1	representative_allele_is_somatic_truth
981	4227791:0:DEL:A>	1	representative_allele_is_somatic_truth
984	4237173:54:DEL:T>	1	representative_allele_is_somatic_truth
986	4238486:301:DEL:A>	1	representative_allele_is_somatic_truth
998	4251639:45:INS:>A	1	representative_allele_is_somatic_truth
1010	4275343:450:DEL:T>	1	representative_allele_is_somatic_truth
1012	4277539:0:DEL:T>	1	representative_allele_is_somatic_truth
1014	4278699:283:INS:>A	1	representative_allele_is_somatic_truth
1016	4280533:0:DEL:A>	1	representative_allele_is_somatic_truth
1018	4288899:0:INS:>A	1	representative_allele_is_somatic_truth
1020	4292249:0:INS:>A	1	representative_allele_is_somatic_truth
1024	4296828:0:INS:>T	1	representative_allele_is_somatic_truth
1195	4332115:4:DEL:A>	1	representative_allele_is_somatic_truth
1203	4344292:0:DEL:T>	1	representative_allele_is_somatic_truth
1205	4356601:136:INS:>T	1	representative_allele_is_somatic_truth
1208	4368195:0:DEL:A>	1	representative_allele_is_somatic_truth
1226	4393337:0:INS:>T	1	representative_allele_is_somatic_truth
1234	4406577:78:DEL:T>	1	representative_allele_is_somatic_truth
1240	4420010:0:DEL:T>	1	representative_allele_is_somatic_truth
110	4508470:115:INS:>T	1	representative_allele_is_somatic_truth
112	4514015:44:DEL:T>	1	representative_allele_is_somatic_truth
115	4541706:0:INS:>G	1	representative_allele_is_somatic_truth
117	4544428:0:INS:>A	1	representative_allele_is_somatic_truth
1194	4583099:168:DEL:TC>	1	representative_allele_is_somatic_truth
15137	30192076:889:INS:>A	1	representative_allele_is_somatic_truth
15145	30274301:22:INS:>A	1	representative_allele_is_somatic_truth
15146	30278952:353:DEL:A>	1	representative_allele_is_somatic_truth
15155	30346020:0:DEL:C>	1	representative_allele_is_somatic_truth
15159	30372055:0:INS:>A	1	representative_allele_is_somatic_truth
15162	30384748:0:INS:>A	1	representative_allele_is_somatic_truth
15166	30403435:375:DEL:A>	1	representative_allele_is_somatic_truth
15172	30437131:51:INS:>T	1	representative_allele_is_somatic_truth
15180	30489343:144:DEL:T>	1	representative_allele_is_somatic_truth
15183	30494550:491:DEL:AA>	1	representative_allele_is_somatic_truth
15187	30530844:0:INS:>AA	1	representative_allele_is_somatic_truth
15194	30555542:0:DEL:A>	1	representative_allele_is_somatic_truth
15198	30592324:0:DEL:C>	1	representative_allele_is_somatic_truth
15199	30599376:0:DEL:A>	1	representative_allele_is_somatic_truth
15203	30605822:66:DEL:G>	1	representative_allele_is_somatic_truth
15212	30643829:345:INS:>T	1	representative_allele_is_somatic_truth
15237	30690467:118:DEL:CTTTGATGTG>	1	representative_allele_is_somatic_truth
15242	30741926:0:INS:>A	1	representative_allele_is_somatic_truth
15270	30757935:4:INS:>A	1	representative_allele_is_somatic_truth
15265	30767764:100:DEL:AA>	1	representative_allele_is_somatic_truth
15262	30777071:343:INS:>TC	1	representative_allele_is_somatic_truth
15257	30777157:426:INS:>T	1	representative_allele_is_somatic_truth
15273	30790216:388:DEL:TTAAATACT>	1	representative_allele_is_somatic_truth
15274	30795299:0:DEL:C>	1	representative_allele_is_somatic_truth
15279	30807201:26:INS:>T	1	representative_allele_is_somatic_truth
15282	30809345:369:INS:>TATC	1	representative_allele_is_somatic_truth
15292	30845150:0:INS:>T	1	representative_allele_is_somatic_truth
15295	30854250:0:INS:>T	1	representative_allele_is_somatic_truth
15299	30870162:73:DEL:TAGCATTTAT>	1	representative_allele_is_somatic_truth
15309	30888002:0:DEL:T>	1	representative_allele_is_somatic_truth
15310	30888992:150:DEL:TT>	1	representative_allele_is_somatic_truth
15317	30897754:161:DEL:A>	1	representative_allele_is_somatic_truth
15332	30927091:178:DEL:G>	1	representative_allele_is_somatic_truth
15358	30966352:51:INS:>T	1	representative_allele_is_somatic_truth
15371	30990464:5:INS:>A	1	representative_allele_is_somatic_truth
15373	31000314:24:INS:>T	1	representative_allele_is_somatic_truth
15380	31028846:290:DEL:T>	1	representative_allele_is_somatic_truth
15382	31055624:86:INS:>T	1	representative_allele_is_somatic_truth
15389	31078970:109:DEL:A>	1	representative_allele_is_somatic_truth
15390	31088379:250:INS:>T	1	representative_allele_is_somatic_truth
15393	31091412:122:INS:>A	1	representative_allele_is_somatic_truth
15406	31132959:151:DEL:T>	1	representative_allele_is_somatic_truth
15408	31141350:0:INS:>T	1	representative_allele_is_somatic_truth
15417	31152931:85:DEL:AA>@31152934	1	representative_allele_is_somatic_truth
15418	31153079:573:DEL:T>	1	representative_allele_is_somatic_truth
15421	31166797:13:DEL:GA>	1	representative_allele_is_somatic_truth
15430	31192247:0:INS:>T	1	representative_allele_is_somatic_truth
15433	31193584:0:DEL:A>	1	representative_allele_is_somatic_truth
15440	31205779:0:INS:>A	1	representative_allele_is_somatic_truth
15450	31216035:0:DEL:A>	1	representative_allele_is_somatic_truth
15451	31216185:0:INS:>A	1	representative_allele_is_somatic_truth
15454	31227373:10:INS:>AT	1	representative_allele_is_somatic_truth
15455	31231269:37:INS:>A	1	representative_allele_is_somatic_truth
15461	31245022:50:INS:>T	1	representative_allele_is_somatic_truth
15463	31245583:156:DEL:A>	1	representative_allele_is_somatic_truth
15478	31286373:43:INS:>T	1	representative_allele_is_somatic_truth
15485	31304570:0:INS:>A	1	representative_allele_is_somatic_truth
15489	31321383:0:INS:>GT	1	representative_allele_is_somatic_truth
15494	31328943:0:DEL:T>	1	representative_allele_is_somatic_truth
15501	31343967:0:DEL:A>	1	representative_allele_is_somatic_truth
15514	31379404:185:DEL:G>	1	representative_allele_is_somatic_truth
15250	31491137:276:INS:>AA	1	representative_allele_is_somatic_truth
15256	31550871:0:INS:>T	1	representative_allele_is_somatic_truth
15255	31552698:41:DEL:CT>	1	representative_allele_is_somatic_truth
15559	31662578:0:INS:>A	1	representative_allele_is_somatic_truth
15561	31670250:0:INS:>T	1	representative_allele_is_somatic_truth
15563	31677729:0:INS:>T	1	representative_allele_is_somatic_truth
15564	31680601:12:INS:>A	1	representative_allele_is_somatic_truth
15573	31696377:81:DEL:A>	1	representative_allele_is_somatic_truth
15578	31703569:0:DEL:T>	1	representative_allele_is_somatic_truth
15585	31730194:36:DEL:CA>	1	representative_allele_is_somatic_truth
15591	31752086:0:DEL:A>	1	representative_allele_is_somatic_truth
15592	31753831:45:INS:>A	1	representative_allele_is_somatic_truth
15593	31759727:0:INS:>AA	1	representative_allele_is_somatic_truth
15598	31765082:0:INS:>A	1	representative_allele_is_somatic_truth
15610	31797674:0:INS:>T	1	representative_allele_is_somatic_truth
15613	31812202:0:DEL:AA>@31812203	1	representative_allele_is_somatic_truth
15620	31829158:0:DEL:A>	1	representative_allele_is_somatic_truth
15624	31859623:58:INS:>T	1	representative_allele_is_somatic_truth
15630	31870521:0:DEL:T>	1	representative_allele_is_somatic_truth
15634	31878109:0:DEL:A>	1	representative_allele_is_somatic_truth
15640	31922808:28:DEL:TC>	1	representative_allele_is_somatic_truth
15697	32111457:925:INS:>TT	1	representative_allele_is_somatic_truth
15686	32169987:0:DEL:A>	1	representative_allele_is_somatic_truth
15685	32170111:0:INS:>A	1	representative_allele_is_somatic_truth
15683	32173713:0:DEL:A>	1	representative_allele_is_somatic_truth
15705	32252606:466:INS:>A	1	representative_allele_is_somatic_truth
15679	32316369:0:INS:>A	1	representative_allele_is_somatic_truth
15524	32333195:0:DEL:A>	1	representative_allele_is_somatic_truth
15530	32346235:126:DEL:T>	1	representative_allele_is_somatic_truth
15533	32403213:6:INS:>T	1	representative_allele_is_somatic_truth
15535	32407406:69:DEL:GAAA>	1	representative_allele_is_somatic_truth
15541	32422612:0:INS:>A	1	representative_allele_is_somatic_truth
15709	32575684:0:INS:>A	1	representative_allele_is_somatic_truth
15712	32586741:0:INS:>A	1	representative_allele_is_somatic_truth
15730	32704258:95:INS:>A	1	representative_allele_is_somatic_truth
15728	32713236:196:DEL:AAACAA>	1	representative_allele_is_somatic_truth
15723	32743397:0:DEL:A>	1	representative_allele_is_somatic_truth
15780	32791490:16:DEL:C>	1	representative_allele_is_somatic_truth
15779	32803038:0:DEL:A>	1	representative_allele_is_somatic_truth
15776	32812486:0:INS:>A	1	representative_allele_is_somatic_truth
15773	32839020:25:DEL:T>	1	representative_allele_is_somatic_truth
15766	32849469:163:DEL:T>	1	representative_allele_is_somatic_truth
15763	32863220:0:INS:>TG	1	representative_allele_is_somatic_truth
15753	32925474:0:DEL:T>	1	representative_allele_is_somatic_truth
15747	32947892:322:DEL:A>	1	representative_allele_is_somatic_truth
15746	32964892:31:INS:>A	1	representative_allele_is_somatic_truth
15743	33018015:271:INS:>A	1	representative_allele_is_somatic_truth
15740	33026388:4:INS:>A	1	representative_allele_is_somatic_truth
15739	33027679:0:INS:>T	1	representative_allele_is_somatic_truth
15737	33039007:15:INS:>T	1	representative_allele_is_somatic_truth
15735	33045235:0:INS:>T	1	representative_allele_is_somatic_truth
15784	33076122:0:INS:>T	1	representative_allele_is_somatic_truth
15791	33111844:0:DEL:T>	1	representative_allele_is_somatic_truth
15801	33175289:5:INS:>T	1	representative_allele_is_somatic_truth
15802	33175327:0:INS:>A	1	representative_allele_is_somatic_truth
15803	33177487:69:DEL:GG>	1	representative_allele_is_somatic_truth
15807	33261927:2:INS:>AA	1	representative_allele_is_somatic_truth
15835	33370214:0:INS:>A	1	representative_allele_is_somatic_truth
1343	25287419:0:INS:>T	1	representative_allele_is_somatic_truth
1353	25304828:0:DEL:T>	1	representative_allele_is_somatic_truth
1356	25320635:0:DEL:T>	1	representative_allele_is_somatic_truth
1378	25369177:0:DEL:A>	1	representative_allele_is_somatic_truth
1381	25398973:0:DEL:T>	1	representative_allele_is_somatic_truth
1383	25407653:0:DEL:A>	1	representative_allele_is_somatic_truth
1386	25414122:0:INS:>A	1	representative_allele_is_somatic_truth
1388	25415829:131:DEL:GAAAAACAG>	1	representative_allele_is_somatic_truth
1389	25417915:74:DEL:A>	1	representative_allele_is_somatic_truth
1396	25427596:199:INS:>A	1	representative_allele_is_somatic_truth
1403	25449314:0:INS:>A	1	representative_allele_is_somatic_truth
1413	25457925:0:INS:>TA	1	representative_allele_is_somatic_truth
1422	25481184:245:INS:>A	1	representative_allele_is_somatic_truth
1423	25482748:0:INS:>T	1	representative_allele_is_somatic_truth
1426	25488844:0:INS:>A	1	representative_allele_is_somatic_truth
1427	25499131:445:INS:>A	1	representative_allele_is_somatic_truth
1430	25503506:0:INS:>A	1	representative_allele_is_somatic_truth
1432	25508803:0:INS:>TT	1	representative_allele_is_somatic_truth
1443	25567824:0:DEL:TTTTTTTTTTTTT>@25567825+25567826+25567827	1	representative_allele_is_somatic_truth
1446	25570262:0:INS:>TT	1	representative_allele_is_somatic_truth
1455	25593577:32:INS:>A	1	representative_allele_is_somatic_truth
1465	25620204:181:DEL:TTTAA>	1	representative_allele_is_somatic_truth
1471	25632805:0:DEL:T>	1	representative_allele_is_somatic_truth
1472	25633406:472:DEL:ACCAGATTTAGCAAATAAAAATAC>	1	representative_allele_is_somatic_truth
1473	25635978:0:DEL:A>	1	representative_allele_is_somatic_truth
1475	25637927:88:DEL:GAG>	1	representative_allele_is_somatic_truth
1484	25660896:0:INS:>AC	1	representative_allele_is_somatic_truth
1485	25668588:0:DEL:A>	1	representative_allele_is_somatic_truth
1486	25669405:0:INS:>A	1	representative_allele_is_somatic_truth
1489	25676556:8:DEL:G>	1	representative_allele_is_somatic_truth
1493	25681252:0:DEL:A>	1	representative_allele_is_somatic_truth
1494	25681461:408:INS:>T	1	representative_allele_is_somatic_truth
1507	25714281:134:INS:>A	1	representative_allele_is_somatic_truth
1514	25741678:224:DEL:C>	1	representative_allele_is_somatic_truth
1518	25757573:180:DEL:T>	1	representative_allele_is_somatic_truth
1521	25761655:103:INS:>A	1	representative_allele_is_somatic_truth
1523	25765135:0:INS:>A	1	representative_allele_is_somatic_truth
1527	25768992:183:INS:>A	1	representative_allele_is_somatic_truth
1528	25769036:0:DEL:A>	1	representative_allele_is_somatic_truth
1531	25770660:0:DEL:T>	1	representative_allele_is_somatic_truth
1537	25776208:220:DEL:A>	1	representative_allele_is_somatic_truth
1540	25780336:0:DEL:A>	1	representative_allele_is_somatic_truth
1542	25781597:0:DEL:A>	1	representative_allele_is_somatic_truth
1547	25785306:1:INS:>G	1	representative_allele_is_somatic_truth
1550	25799639:266:DEL:GGGA>@25799640+25799641	1	representative_allele_is_somatic_truth
1553	25809612:0:DEL:AAA>	1	representative_allele_is_somatic_truth
1555	25822520:231:INS:>T	1	representative_allele_is_somatic_truth
1557	25825802:0:INS:>G	1	representative_allele_is_somatic_truth
1560	25838921:6:INS:>T	1	representative_allele_is_somatic_truth
1561	25839240:223:INS:>A	1	representative_allele_is_somatic_truth
1568	25865329:45:DEL:AAGGGAGG>	1	representative_allele_is_somatic_truth
1569	25867163:56:INS:>T	1	representative_allele_is_somatic_truth
1571	25880256:110:INS:>A	1	representative_allele_is_somatic_truth
1578	25899183:99:DEL:TATT>	1	representative_allele_is_somatic_truth
1592	25991759:0:DEL:T>	1	representative_allele_is_somatic_truth
1596	25998837:0:INS:>T	1	representative_allele_is_somatic_truth
1599	26011092:283:DEL:T>	1	representative_allele_is_somatic_truth
1604	26024728:45:DEL:T>	1	representative_allele_is_somatic_truth
1612	26036609:77:DEL:A>	1	representative_allele_is_somatic_truth
1613	26040174:8:DEL:TTAATATAATTAA>	1	representative_allele_is_somatic_truth
1624	26059656:0:DEL:TT>@26059657	1	representative_allele_is_somatic_truth
1633	26079207:149:DEL:CTC>	1	representative_allele_is_somatic_truth
1638	26096120:0:DEL:T>	1	representative_allele_is_somatic_truth
1645	26124490:67:DEL:TGTT>	1	representative_allele_is_somatic_truth
1648	26141907:98:DEL:CCAGTCTTGGGTATGTCTTTATTAGCAGCGTGAAAACA>	1	representative_allele_is_somatic_truth
1653	26144169:78:DEL:A>	1	representative_allele_is_somatic_truth
1657	26148646:93:DEL:T>	1	representative_allele_is_somatic_truth
1659	26157010:0:DEL:T>	1	representative_allele_is_somatic_truth
1660	26158497:0:DEL:A>	1	representative_allele_is_somatic_truth
1666	26178724:0:DEL:T>	1	representative_allele_is_somatic_truth
1667	26179502:44:INS:>A	1	representative_allele_is_somatic_truth
1670	26185464:73:INS:>A	1	representative_allele_is_somatic_truth
1672	26195289:197:INS:>A	1	representative_allele_is_somatic_truth
1678	26230095:0:DEL:A>	1	representative_allele_is_somatic_truth
1851	26245200:0:DEL:AC>	1	representative_allele_is_somatic_truth
1849	26250045:155:DEL:A>	1	representative_allele_is_somatic_truth
1848	26250592:0:DEL:A>	1	representative_allele_is_somatic_truth
1840	26291229:20:INS:>A	1	representative_allele_is_somatic_truth
1827	26350052:100:INS:>T	1	representative_allele_is_somatic_truth
1826	26352131:0:DEL:T>	1	representative_allele_is_somatic_truth
1825	26355671:213:INS:>T	1	representative_allele_is_somatic_truth
1823	26357136:0:INS:>TTTA	1	representative_allele_is_somatic_truth
1821	26357719:17:INS:>T	1	representative_allele_is_somatic_truth
1820	26360367:200:INS:>A	1	representative_allele_is_somatic_truth
1813	26383488:75:DEL:GAATCCAA>	1	representative_allele_is_somatic_truth
1812	26386551:0:INS:>T	1	representative_allele_is_somatic_truth
1808	26391087:67:INS:>A	1	representative_allele_is_somatic_truth
1800	26407386:145:INS:>A	1	representative_allele_is_somatic_truth
1796	26413126:65:DEL:G>	1	representative_allele_is_somatic_truth
1792	26419856:0:DEL:T>	1	representative_allele_is_somatic_truth
1790	26421281:117:INS:>A	1	representative_allele_is_somatic_truth
1779	26453837:391:INS:>T	1	representative_allele_is_somatic_truth
1776	26461113:43:DEL:ATTAGCA>	1	representative_allele_is_somatic_truth
1770	26493247:150:DEL:A>	1	representative_allele_is_somatic_truth
1769	26497360:0:INS:>A	1	representative_allele_is_somatic_truth
1767	26514090:141:INS:>A	1	representative_allele_is_somatic_truth
1766	26514372:179:DEL:A>	1	representative_allele_is_somatic_truth
1762	26534646:0:INS:>A	1	representative_allele_is_somatic_truth
1762	26534654:5:INS:>A	1	representative_allele_is_somatic_truth
1753	26552937:0:DEL:T>	1	representative_allele_is_somatic_truth
1748	26562686:266:DEL:A>	1	representative_allele_is_somatic_truth
1740	26567945:72:INS:>AT	1	representative_allele_is_somatic_truth
1737	26570137:44:DEL:A>	1	representative_allele_is_somatic_truth
1726	26584429:36:INS:>A	1	representative_allele_is_somatic_truth
1720	26587816:44:INS:>A	1	representative_allele_is_somatic_truth
1718	26590449:73:DEL:TACAGTCAGTCAGC>	1	representative_allele_is_somatic_truth
1716	26593062:291:DEL:CCTCCCAATTGCCA>@26593060+26593059+26593058+26593057	1	representative_allele_is_somatic_truth
1715	26593183:0:INS:>A	1	representative_allele_is_somatic_truth
1713	26593654:0:INS:>GG	1	representative_allele_is_somatic_truth
1707	26607386:179:DEL:T>	1	representative_allele_is_somatic_truth
1706	26607674:0:DEL:A>	1	representative_allele_is_somatic_truth
1705	26610910:50:INS:>T	1	representative_allele_is_somatic_truth
1704	26612882:94:DEL:G>	1	representative_allele_is_somatic_truth
1701	26619176:0:DEL:A>	1	representative_allele_is_somatic_truth
1701	26619180:0:DEL:A>	1	representative_allele_is_somatic_truth
1696	26625091:5:DEL:A>	1	representative_allele_is_somatic_truth
1691	26636167:0:INS:>A	1	representative_allele_is_somatic_truth
1684	26654438:0:INS:>A	1	representative_allele_is_somatic_truth
1854	26682217:135:DEL:T>	1	representative_allele_is_somatic_truth
1857	26689649:26:INS:>ATAT	1	representative_allele_is_somatic_truth
1858	26689913:0:DEL:A>	1	representative_allele_is_somatic_truth
1859	26690222:117:DEL:A>	1	representative_allele_is_somatic_truth
1861	26698485:0:INS:>T	1	representative_allele_is_somatic_truth
1864	26705036:0:INS:>T	1	representative_allele_is_somatic_truth
1866	26709582:0:INS:>A	1	representative_allele_is_somatic_truth
1867	26715321:100:INS:>T	1	representative_allele_is_somatic_truth
1873	26738129:393:DEL:A>	1	representative_allele_is_somatic_truth
1875	26746142:0:INS:>AA	1	representative_allele_is_somatic_truth
1896	26803743:0:DEL:T>	1	representative_allele_is_somatic_truth
1898	26810059:142:DEL:C>	1	representative_allele_is_somatic_truth
1901	26825632:216:DEL:T>	1	representative_allele_is_somatic_truth
1908	26832848:276:INS:>A	1	representative_allele_is_somatic_truth
1914	26840902:18:INS:>T	1	representative_allele_is_somatic_truth
1915	26843390:0:INS:>T	1	representative_allele_is_somatic_truth
1918	26846841:5:DEL:T>	1	representative_allele_is_somatic_truth
1923	26852545:6:DEL:T>	1	representative_allele_is_somatic_truth
1928	26857453:83:INS:>A	1	representative_allele_is_somatic_truth
1930	26866455:125:DEL:T>	1	representative_allele_is_somatic_truth
1932	26867958:160:INS:>A	1	representative_allele_is_somatic_truth
1939	26874212:80:DEL:T>	1	representative_allele_is_somatic_truth
1940	26875229:0:INS:>T	1	representative_allele_is_somatic_truth
1949	26887740:161:DEL:TTGG>	1	representative_allele_is_somatic_truth
1955	26894453:0:DEL:AA>@26894454	1	representative_allele_is_somatic_truth
1958	26896898:0:DEL:T>	1	representative_allele_is_somatic_truth
1966	26903662:64:INS:>T	1	representative_allele_is_somatic_truth
1973	26909124:89:DEL:T>	1	representative_allele_is_somatic_truth
1984	26924416:0:INS:>A	1	representative_allele_is_somatic_truth
1986	26929417:413:INS:>A	1	representative_allele_is_somatic_truth
1990	26930665:0:DEL:G>	1	representative_allele_is_somatic_truth
1994	26935664:152:DEL:T>	1	representative_allele_is_somatic_truth
2004	26955396:499:DEL:T>	1	representative_allele_is_somatic_truth
2009	26968397:85:DEL:TCAAGAAAAT>	1	representative_allele_is_somatic_truth
2011	26970053:85:INS:>T	1	representative_allele_is_somatic_truth
2017	26981806:0:INS:>T	1	representative_allele_is_somatic_truth
2021	26988677:0:DEL:A>	1	representative_allele_is_somatic_truth
2022	26990243:117:INS:>AC	1	representative_allele_is_somatic_truth
2026	27006152:0:INS:>A	1	representative_allele_is_somatic_truth
2032	27028593:230:INS:>A	1	representative_allele_is_somatic_truth
2033	27028951:85:INS:>T	1	representative_allele_is_somatic_truth
2043	27079058:0:INS:>A	1	representative_allele_is_somatic_truth
2072	27252176:297:INS:>A	1	representative_allele_is_somatic_truth
2074	27261845:0:DEL:T>	1	representative_allele_is_somatic_truth
2079	27268194:0:INS:>T	1	representative_allele_is_somatic_truth
2082	27278675:375:INS:>A	1	representative_allele_is_somatic_truth
2088	27294201:0:INS:>A	1	representative_allele_is_somatic_truth
2089	27301908:0:INS:>TT	1	representative_allele_is_somatic_truth
2097	27339518:34:INS:>A	1	representative_allele_is_somatic_truth
2099	27345653:27:DEL:C>	1	representative_allele_is_somatic_truth
2101	27352155:0:DEL:A>	1	representative_allele_is_somatic_truth
2104	27356574:114:INS:>A	1	representative_allele_is_somatic_truth
2105	27360089:0:DEL:A>	1	representative_allele_is_somatic_truth
2115	27405240:6:INS:>T	1	representative_allele_is_somatic_truth
2121	27415554:0:INS:>T	1	representative_allele_is_somatic_truth
2123	27420046:34:DEL:C>	1	representative_allele_is_somatic_truth
2125	27421621:0:INS:>T	1	representative_allele_is_somatic_truth
2130	27427347:0:DEL:A>	1	representative_allele_is_somatic_truth
2132	27433832:95:DEL:A>	1	representative_allele_is_somatic_truth
2133	27436917:31:INS:>CTGAAGATAT	1	representative_allele_is_somatic_truth
2141	27461978:0:INS:>A	1	representative_allele_is_somatic_truth
2142	27462524:19:DEL:TTATTATAATAGTTA>	1	representative_allele_is_somatic_truth
2257	27488757:0:INS:>A	1	representative_allele_is_somatic_truth
2258	27489401:53:INS:>A	1	representative_allele_is_somatic_truth
2259	27490178:7:INS:>T	1	representative_allele_is_somatic_truth
2261	27492546:0:INS:>T	1	representative_allele_is_somatic_truth
2262	27493988:261:INS:>A	1	representative_allele_is_somatic_truth
2273	27507114:4:DEL:AGACCATGAGG>	1	representative_allele_is_somatic_truth
2275	27508964:0:INS:>T	1	representative_allele_is_somatic_truth
2278	27512426:0:DEL:T>	1	representative_allele_is_somatic_truth
2279	27515687:169:DEL:T>	1	representative_allele_is_somatic_truth
2281	27517711:56:INS:>T	1	representative_allele_is_somatic_truth
2286	27524587:0:DEL:T>	1	representative_allele_is_somatic_truth
2288	27530353:157:DEL:T>	1	representative_allele_is_somatic_truth
2293	27535785:0:DEL:T>	1	representative_allele_is_somatic_truth
2296	27542999:0:DEL:T>	1	representative_allele_is_somatic_truth
2301	27549370:0:DEL:T>	1	representative_allele_is_somatic_truth
2301	27549372:0:DEL:T>	1	representative_allele_is_somatic_truth
2304	27569557:90:INS:>A	1	representative_allele_is_somatic_truth
2307	27576918:2:INS:>T	1	representative_allele_is_somatic_truth
2308	27577581:0:INS:>T	1	representative_allele_is_somatic_truth
2312	27596991:29:DEL:GTCTCGCTGT>	1	representative_allele_is_somatic_truth
2320	27604577:78:DEL:G>	1	representative_allele_is_somatic_truth
2326	27611022:36:INS:>T	1	representative_allele_is_somatic_truth
2327	27613047:11:DEL:TATATA>@27613048+27613049	1	representative_allele_is_somatic_truth
2328	27628447:8:INS:>T	1	representative_allele_is_somatic_truth
2332	27643136:0:DEL:A>	1	representative_allele_is_somatic_truth
2336	27651138:37:INS:>A	1	representative_allele_is_somatic_truth
2337	27651158:0:DEL:T>	1	representative_allele_is_somatic_truth
2343	27679359:188:INS:>T	1	representative_allele_is_somatic_truth
2367	27697726:202:DEL:T>	1	representative_allele_is_somatic_truth
2369	27699850:109:DEL:G>	1	representative_allele_is_somatic_truth
2374	27712993:68:DEL:T>	1	representative_allele_is_somatic_truth
2377	27728170:0:INS:>A	1	representative_allele_is_somatic_truth
2593	27783323:0:INS:>G	1	representative_allele_is_somatic_truth
2591	27792563:9:INS:>TA	1	representative_allele_is_somatic_truth
2589	27795382:0:INS:>A	1	representative_allele_is_somatic_truth
2571	27836710:78:INS:>A	1	representative_allele_is_somatic_truth
2569	27840603:29:INS:>T	1	representative_allele_is_somatic_truth
2562	27859720:0:INS:>AT	1	representative_allele_is_somatic_truth
2556	27864912:0:INS:>T	1	representative_allele_is_somatic_truth
2556	27864914:92:INS:>T	1	representative_allele_is_somatic_truth
2554	27868102:137:DEL:A>	1	representative_allele_is_somatic_truth
2552	27870237:0:DEL:T>	1	representative_allele_is_somatic_truth
2551	27871197:631:DEL:G>	1	representative_allele_is_somatic_truth
2545	27876875:83:INS:>T	1	representative_allele_is_somatic_truth
2544	27878775:238:INS:>TT	1	representative_allele_is_somatic_truth
2541	27883439:57:DEL:T>	1	representative_allele_is_somatic_truth
2530	27907964:77:DEL:AGCTCTTTCCTAC>	1	representative_allele_is_somatic_truth
2527	27912889:0:DEL:TTT>@27912888+27912887	1	representative_allele_is_somatic_truth
2526	27916655:82:DEL:T>	1	representative_allele_is_somatic_truth
2523	27921015:0:INS:>A	1	representative_allele_is_somatic_truth
2520	27926054:172:INS:>T	1	representative_allele_is_somatic_truth
2513	27949191:137:DEL:C>	1	representative_allele_is_somatic_truth
2514	27949191:141:DEL:TCAGCCTCAGCTCCCCAT>	1	representative_allele_is_somatic_truth
2512	27955148:0:DEL:T>	1	representative_allele_is_somatic_truth
2510	27958354:300:INS:>T	1	representative_allele_is_somatic_truth
2508	27970697:745:INS:>T	1	representative_allele_is_somatic_truth
2507	27980202:0:DEL:T>	1	representative_allele_is_somatic_truth
2500	27998100:37:DEL:A>	1	representative_allele_is_somatic_truth
2495	28008547:130:DEL:A>	1	representative_allele_is_somatic_truth
2484	28031934:17:DEL:A>	1	representative_allele_is_somatic_truth
2465	28050368:255:DEL:G>	1	representative_allele_is_somatic_truth
2462	28053559:0:DEL:A>	1	representative_allele_is_somatic_truth
2461	28062062:206:INS:>T	1	representative_allele_is_somatic_truth
2460	28063914:0:DEL:A>	1	representative_allele_is_somatic_truth
2456	28070067:0:DEL:A>	1	representative_allele_is_somatic_truth
2456	28070073:502:DEL:A>	1	representative_allele_is_somatic_truth
2455	28073251:197:INS:>A	1	representative_allele_is_somatic_truth
2453	28077162:0:DEL:T>	1	representative_allele_is_somatic_truth
2448	28089581:0:DEL:T>	1	representative_allele_is_somatic_truth
2444	28096323:37:INS:>A	1	representative_allele_is_somatic_truth
2440	28099992:0:DEL:ATTT>@28099991	1	representative_allele_is_somatic_truth
2438	28100425:0:INS:>T	1	representative_allele_is_somatic_truth
2428	28120002:0:DEL:T>	1	representative_allele_is_somatic_truth
2419	28133209:446:INS:>A	1	representative_allele_is_somatic_truth
2406	28149979:0:INS:>A	1	representative_allele_is_somatic_truth
2607	28190519:0:INS:>T	1	representative_allele_is_somatic_truth
2610	28193335:58:DEL:T>	1	representative_allele_is_somatic_truth
2611	28193994:22:DEL:A>	1	representative_allele_is_somatic_truth
2612	28194854:0:INS:>A	1	representative_allele_is_somatic_truth
2616	28198380:0:DEL:A>	1	representative_allele_is_somatic_truth
2620	28199790:0:DEL:T>	1	representative_allele_is_somatic_truth
2622	28202085:205:INS:>T	1	representative_allele_is_somatic_truth
2623	28202517:86:DEL:T>	1	representative_allele_is_somatic_truth
2628	28207671:0:DEL:T>	1	representative_allele_is_somatic_truth
2632	28219726:0:DEL:T>	1	representative_allele_is_somatic_truth
2635	28220832:70:DEL:T>	1	representative_allele_is_somatic_truth
2654	28254155:183:DEL:T>	1	representative_allele_is_somatic_truth
2659	28265071:0:INS:>T	1	representative_allele_is_somatic_truth
2662	28270355:0:INS:>C	1	representative_allele_is_somatic_truth
2666	28281499:69:DEL:G>	1	representative_allele_is_somatic_truth
2667	28294157:0:INS:>A	1	representative_allele_is_somatic_truth
2669	28301247:44:INS:>A	1	representative_allele_is_somatic_truth
2681	28349409:45:DEL:TAA>	1	representative_allele_is_somatic_truth
2682	28349599:60:DEL:T>	1	representative_allele_is_somatic_truth
2695	28398417:186:INS:>T	1	representative_allele_is_somatic_truth
2696	28399100:2:INS:>A	1	representative_allele_is_somatic_truth
2699	28404170:34:INS:>A	1	representative_allele_is_somatic_truth
2700	28404224:0:DEL:A>	1	representative_allele_is_somatic_truth
2702	28405311:274:DEL:A>	1	representative_allele_is_somatic_truth
2703	28405535:114:DEL:T>	1	representative_allele_is_somatic_truth
2704	28405565:142:DEL:A>	1	representative_allele_is_somatic_truth
2707	28414656:8:DEL:T>	1	representative_allele_is_somatic_truth
2712	28424295:19:INS:>TA	1	representative_allele_is_somatic_truth
2715	28428672:0:INS:>T	1	representative_allele_is_somatic_truth
2719	28439759:5:INS:>ATATATAT	1	representative_allele_is_somatic_truth
2725	28474538:149:DEL:T>	1	representative_allele_is_somatic_truth
2728	28478297:16:DEL:CT>	1	representative_allele_is_somatic_truth
2735	28486052:0:DEL:A>	1	representative_allele_is_somatic_truth
2736	28492749:88:DEL:A>	1	representative_allele_is_somatic_truth
2741	28514482:34:INS:>T	1	representative_allele_is_somatic_truth
2743	28517486:76:DEL:CTA>	1	representative_allele_is_somatic_truth
2745	28518013:398:INS:>T	1	representative_allele_is_somatic_truth
2746	28518697:0:DEL:A>	1	representative_allele_is_somatic_truth
2754	28536889:226:INS:>A	1	representative_allele_is_somatic_truth
2764	28565271:44:INS:>T	1	representative_allele_is_somatic_truth
2774	28573264:159:DEL:T>	1	representative_allele_is_somatic_truth
2776	28576736:0:DEL:T>	1	representative_allele_is_somatic_truth
2776	28576737:0:DEL:T>	1	representative_allele_is_somatic_truth
2778	28582140:0:INS:>AT	1	representative_allele_is_somatic_truth
2779	28582268:0:DEL:A>	1	representative_allele_is_somatic_truth
2784	28583346:47:INS:>A	1	representative_allele_is_somatic_truth
2787	28591242:43:INS:>T	1	representative_allele_is_somatic_truth
2795	28610684:0:INS:>TT	1	representative_allele_is_somatic_truth
2799	28621280:323:DEL:T>	1	representative_allele_is_somatic_truth
2809	28640458:0:DEL:T>	1	representative_allele_is_somatic_truth
2816	28662013:4:DEL:TAAC>@28662014	1	representative_allele_is_somatic_truth
2828	28703151:39:INS:>A	1	representative_allele_is_somatic_truth
2832	28708997:103:DEL:TAT>	1	representative_allele_is_somatic_truth
2834	28709698:5:DEL:G>	1	representative_allele_is_somatic_truth
2843	28726999:5:INS:>T	1	representative_allele_is_somatic_truth
2846	28733354:0:INS:>A	1	representative_allele_is_somatic_truth
2857	28769632:0:INS:>T	1	representative_allele_is_somatic_truth
2865	28780481:6:INS:>T	1	representative_allele_is_somatic_truth
2866	28780567:0:INS:>T	1	representative_allele_is_somatic_truth
2874	28807149:0:INS:>A	1	representative_allele_is_somatic_truth
2875	28808567:398:DEL:T>	1	representative_allele_is_somatic_truth
2878	28809094:0:INS:>A	1	representative_allele_is_somatic_truth
2879	28813006:240:INS:>A	1	representative_allele_is_somatic_truth
2883	28815877:20:DEL:T>	1	representative_allele_is_somatic_truth
2884	28825377:114:INS:>A	1	representative_allele_is_somatic_truth
2891	28852529:342:DEL:AT>	1	representative_allele_is_somatic_truth
2903	28874949:335:DEL:T>	1	representative_allele_is_somatic_truth
2908	28891210:32:INS:>T	1	representative_allele_is_somatic_truth
2909	28891706:0:INS:>A	1	representative_allele_is_somatic_truth
2913	28902291:0:INS:>T	1	representative_allele_is_somatic_truth
2929	28943081:71:INS:>A	1	representative_allele_is_somatic_truth
2934	28956587:0:DEL:T>	1	representative_allele_is_somatic_truth
2938	28967501:0:INS:>T	1	representative_allele_is_somatic_truth
2940	28974453:0:INS:>A	1	representative_allele_is_somatic_truth
2941	28974550:0:DEL:T>	1	representative_allele_is_somatic_truth
2945	28980770:0:INS:>T	1	representative_allele_is_somatic_truth
2946	28983594:34:DEL:C>	1	representative_allele_is_somatic_truth
2951	28989396:665:INS:>T	1	representative_allele_is_somatic_truth
2956	29004472:0:DEL:T>	1	representative_allele_is_somatic_truth
2957	29005592:0:DEL:A>	1	representative_allele_is_somatic_truth
2959	29007482:0:DEL:A>	1	representative_allele_is_somatic_truth
2965	29021888:176:DEL:A>	1	representative_allele_is_somatic_truth
2968	29025505:0:DEL:AA>@29025506	1	representative_allele_is_somatic_truth
2970	29029995:0:DEL:A>	1	representative_allele_is_somatic_truth
2974	29034610:0:INS:>T	1	representative_allele_is_somatic_truth
2979	29046478:0:INS:>T	1	representative_allele_is_somatic_truth
2980	29046935:0:DEL:A>	1	representative_allele_is_somatic_truth
2981	29048121:0:DEL:A>	1	representative_allele_is_somatic_truth
2982	29049600:214:INS:>T	1	representative_allele_is_somatic_truth
2983	29050408:6:DEL:C>	1	representative_allele_is_somatic_truth
2985	29057036:0:INS:>A	1	representative_allele_is_somatic_truth
2989	29061301:165:INS:>T	1	representative_allele_is_somatic_truth
3002	29105604:334:DEL:CACAACC>	1	representative_allele_is_somatic_truth
3004	29115093:58:INS:>A	1	representative_allele_is_somatic_truth
3012	29135433:51:DEL:G>	1	representative_allele_is_somatic_truth
3015	29141215:41:DEL:TCTT>	1	representative_allele_is_somatic_truth
2053	29168267:1:DEL:AG>@29168266	1	representative_allele_is_somatic_truth
3128	29186210:0:DEL:A>	1	representative_allele_is_somatic_truth
3136	29218350:136:INS:>A	1	representative_allele_is_somatic_truth
3138	29230681:0:INS:>T	1	representative_allele_is_somatic_truth
3143	29254511:74:INS:>T	1	representative_allele_is_somatic_truth
3148	29273829:0:INS:>A	1	representative_allele_is_somatic_truth
3151	29283833:0:DEL:T>	1	representative_allele_is_somatic_truth
3166	29365071:0:DEL:T>	1	representative_allele_is_somatic_truth
2062	29485562:36:INS:>T	1	representative_allele_is_somatic_truth
2063	29489307:141:DEL:A>	1	representative_allele_is_somatic_truth
2222	29520297:0:DEL:A>	1	representative_allele_is_somatic_truth
2226	29533487:22:INS:>A	1	representative_allele_is_somatic_truth
2232	29548139:0:DEL:G>	1	representative_allele_is_somatic_truth
2236	29566462:50:DEL:G>	1	representative_allele_is_somatic_truth
2237	29568821:0:DEL:T>	1	representative_allele_is_somatic_truth
2241	29578148:0:INS:>A	1	representative_allele_is_somatic_truth
2243	29581798:99:INS:>T	1	representative_allele_is_somatic_truth
2248	29590170:0:DEL:A>	1	representative_allele_is_somatic_truth
3123	29618005:14:INS:>A	1	representative_allele_is_somatic_truth
3119	29629364:245:DEL:T>	1	representative_allele_is_somatic_truth
3116	29644751:250:INS:>A	1	representative_allele_is_somatic_truth
3113	29654744:151:INS:>T	1	representative_allele_is_somatic_truth
3108	29667955:148:DEL:A>	1	representative_allele_is_somatic_truth
3099	29691795:0:INS:>T	1	representative_allele_is_somatic_truth
3097	29697679:5:INS:>A	1	representative_allele_is_somatic_truth
3089	29716645:39:INS:>T	1	representative_allele_is_somatic_truth
3088	29717054:0:INS:>A	1	representative_allele_is_somatic_truth
3073	29737189:42:DEL:AGCTTTATGAGCCTAT>	1	representative_allele_is_somatic_truth
3072	29737192:232:DEL:GC>	1	representative_allele_is_somatic_truth
3069	29748925:478:INS:>T	1	representative_allele_is_somatic_truth
3060	29758595:83:DEL:C>	1	representative_allele_is_somatic_truth
3062	29758595:90:DEL:TAAT>	1	representative_allele_is_somatic_truth
3058	29760652:0:INS:>A	1	representative_allele_is_somatic_truth
3057	29762323:0:INS:>A	1	representative_allele_is_somatic_truth
3053	29781220:0:DEL:A>	1	representative_allele_is_somatic_truth
3050	29784119:0:DEL:A>	1	representative_allele_is_somatic_truth
3046	29796628:0:DEL:TCTGT>@29796627	1	representative_allele_is_somatic_truth
3041	29808965:0:DEL:T>	1	representative_allele_is_somatic_truth
3037	29821788:33:DEL:A>	1	representative_allele_is_somatic_truth
3034	29827848:17:INS:>A	1	representative_allele_is_somatic_truth
3033	29827971:0:DEL:A>	1	representative_allele_is_somatic_truth
3031	29831892:0:DEL:A>	1	representative_allele_is_somatic_truth
3028	29841067:37:INS:>A	1	representative_allele_is_somatic_truth
3020	29862801:167:INS:>T	1	representative_allele_is_somatic_truth
3019	29865370:0:INS:>T	1	representative_allele_is_somatic_truth
3017	29867650:274:INS:>T	1	representative_allele_is_somatic_truth
2391	29875256:0:DEL:T>	1	representative_allele_is_somatic_truth
2394	29878199:0:DEL:A>	1	representative_allele_is_somatic_truth
2395	29878789:20:DEL:A>	1	representative_allele_is_somatic_truth
2400	29886425:219:DEL:A>	1	representative_allele_is_somatic_truth
2144	29957418:76:INS:>T	1	representative_allele_is_somatic_truth
2147	29972122:26:INS:>A	1	representative_allele_is_somatic_truth
2155	30019625:0:INS:>A	1	representative_allele_is_somatic_truth
2177	30041122:0:DEL:A>	1	representative_allele_is_somatic_truth
2180	30046979:127:DEL:A>	1	representative_allele_is_somatic_truth
2189	30054293:0:DEL:A>	1	representative_allele_is_somatic_truth
2190	30056487:0:DEL:A>	1	representative_allele_is_somatic_truth
2193	30058423:0:INS:>A	1	representative_allele_is_somatic_truth
2201	30072095:0:DEL:T>	1	representative_allele_is_somatic_truth
2213	30099423:0:INS:>A	1	representative_allele_is_somatic_truth
2215	30101799:495:INS:>A	1	representative_allele_is_somatic_truth
2217	30109829:0:DEL:T>	1	representative_allele_is_somatic_truth
3186	33506726:112:INS:>G	1	representative_allele_is_somatic_truth
3192	33517061:30:INS:>A	1	representative_allele_is_somatic_truth
3195	33520495:99:INS:>A	1	representative_allele_is_somatic_truth
3200	33540436:21:DEL:G>	1	representative_allele_is_somatic_truth
3201	33543677:0:DEL:A>	1	representative_allele_is_somatic_truth
3210	33571328:11:INS:>T	1	representative_allele_is_somatic_truth
3213	33607159:0:INS:>A	1	representative_allele_is_somatic_truth
3214	33608107:199:DEL:A>	1	representative_allele_is_somatic_truth
3216	33613659:0:DEL:A>	1	representative_allele_is_somatic_truth
3223	33640573:0:DEL:A>	1	representative_allele_is_somatic_truth
3225	33659143:0:INS:>A	1	representative_allele_is_somatic_truth
3226	33662198:161:INS:>T	1	representative_allele_is_somatic_truth
3231	33693068:0:DEL:T>	1	representative_allele_is_somatic_truth
3237	33716897:0:DEL:A>	1	representative_allele_is_somatic_truth
3239	33725034:0:INS:>A	1	representative_allele_is_somatic_truth
3242	33725938:101:DEL:C>	1	representative_allele_is_somatic_truth
3255	33758575:216:INS:>TA	1	representative_allele_is_somatic_truth
3261	33778452:163:INS:>A	1	representative_allele_is_somatic_truth
3263	33780806:125:DEL:A>	1	representative_allele_is_somatic_truth
3265	33794981:239:INS:>T	1	representative_allele_is_somatic_truth
3266	33812317:145:DEL:T>	1	representative_allele_is_somatic_truth
3268	33821509:0:INS:>A	1	representative_allele_is_somatic_truth
3272	33827658:0:INS:>A	1	representative_allele_is_somatic_truth
3278	33845640:56:DEL:CAGCGAGACC>	1	representative_allele_is_somatic_truth
3281	33848662:0:DEL:T>	1	representative_allele_is_somatic_truth
3287	33876829:198:DEL:A>	1	representative_allele_is_somatic_truth
3291	33891544:194:DEL:T>	1	representative_allele_is_somatic_truth
3297	33901436:0:INS:>A	1	representative_allele_is_somatic_truth
3300	33902113:48:DEL:TAAGAAACCAC>	1	representative_allele_is_somatic_truth
3301	33912810:0:DEL:A>	1	representative_allele_is_somatic_truth
3306	33928198:0:INS:>T	1	representative_allele_is_somatic_truth
3317	33954815:0:INS:>T	1	representative_allele_is_somatic_truth
3332	34016528:73:INS:>T	1	representative_allele_is_somatic_truth
3334	34028540:43:DEL:A>	1	representative_allele_is_somatic_truth
3336	34044246:0:INS:>A	1	representative_allele_is_somatic_truth
3337	34045143:32:INS:>TT	1	representative_allele_is_somatic_truth
3337	34045146:0:INS:>TT	1	representative_allele_is_somatic_truth
3353	34086675:34:DEL:AGAAA>	1	representative_allele_is_somatic_truth
3354	34091515:0:DEL:A>	1	representative_allele_is_somatic_truth
3355	34106727:59:DEL:TTGAAT>	1	representative_allele_is_somatic_truth
3356	34120325:300:DEL:A>	1	representative_allele_is_somatic_truth
3358	34127784:154:INS:>A	1	representative_allele_is_somatic_truth
3364	34161689:233:DEL:T>	1	representative_allele_is_somatic_truth
3366	34169344:0:DEL:T>	1	representative_allele_is_somatic_truth
3367	34170760:0:DEL:TT>	1	representative_allele_is_somatic_truth
3370	34182927:0:INS:>AA	1	representative_allele_is_somatic_truth
3374	34190975:0:DEL:A>	1	representative_allele_is_somatic_truth
3376	34194041:99:DEL:T>	1	representative_allele_is_somatic_truth
3378	34198984:0:DEL:AAGAAGAAG>@34198985+34198986	1	representative_allele_is_somatic_truth
3380	34215181:353:DEL:C>	1	representative_allele_is_somatic_truth
3385	34245176:0:INS:>A	1	representative_allele_is_somatic_truth
3386	34255867:0:DEL:A>	1	representative_allele_is_somatic_truth
3390	34330814:175:DEL:A>	1	representative_allele_is_somatic_truth
3395	34356921:0:DEL:AAA>@34356922	1	representative_allele_is_somatic_truth
3396	34369191:0:INS:>T	1	representative_allele_is_somatic_truth
3397	34372232:45:DEL:AGGCTGGAGAACAGTGGTGCG>	1	representative_allele_is_somatic_truth
3411	34433673:59:INS:>T	1	representative_allele_is_somatic_truth
3416	34475528:0:DEL:T>	1	representative_allele_is_somatic_truth
3423	34493039:23:DEL:A>	1	representative_allele_is_somatic_truth
3424	34494172:224:DEL:T>	1	representative_allele_is_somatic_truth
3436	34527428:61:INS:>A	1	representative_allele_is_somatic_truth
3444	34560347:119:DEL:T>	1	representative_allele_is_somatic_truth
3446	34562738:83:DEL:C>	1	representative_allele_is_somatic_truth
3451	34580205:150:INS:>A	1	representative_allele_is_somatic_truth
3452	34583018:324:DEL:A>	1	representative_allele_is_somatic_truth
3454	34584169:297:INS:>ATAT	1	representative_allele_is_somatic_truth
3457	34591370:0:DEL:A>	1	representative_allele_is_somatic_truth
3470	34649725:0:INS:>T	1	representative_allele_is_somatic_truth
3524	34669299:0:INS:>T	1	representative_allele_is_somatic_truth
3522	34671274:168:DEL:T>	1	representative_allele_is_somatic_truth
3520	34674781:43:DEL:T>	1	representative_allele_is_somatic_truth
3519	34680478:166:DEL:A>	1	representative_allele_is_somatic_truth
3518	34685840:0:DEL:A>	1	representative_allele_is_somatic_truth
3508	34710823:0:DEL:T>	1	representative_allele_is_somatic_truth
3503	34731033:123:DEL:A>	1	representative_allele_is_somatic_truth
3500	34750145:67:DEL:A>	1	representative_allele_is_somatic_truth
3489	34793770:0:INS:>A	1	representative_allele_is_somatic_truth
3484	34836490:243:INS:>T	1	representative_allele_is_somatic_truth
3480	34872920:0:INS:>T	1	representative_allele_is_somatic_truth
3479	34888157:101:INS:>T	1	representative_allele_is_somatic_truth
3527	34905021:0:DEL:A>	1	representative_allele_is_somatic_truth
3528	34905537:485:INS:>A	1	representative_allele_is_somatic_truth
3555	34994836:0:INS:>TA	1	representative_allele_is_somatic_truth
3556	34995501:0:DEL:A>	1	representative_allele_is_somatic_truth
3559	35002639:0:DEL:T>	1	representative_allele_is_somatic_truth
3559	35002641:0:DEL:T>	1	representative_allele_is_somatic_truth
3560	35002836:0:INS:>T	1	representative_allele_is_somatic_truth
3569	35027953:530:INS:>T	1	representative_allele_is_somatic_truth
3571	35037289:0:INS:>T	1	representative_allele_is_somatic_truth
3573	35038308:0:DEL:C>	1	representative_allele_is_somatic_truth
3574	35041444:323:DEL:A>	1	representative_allele_is_somatic_truth
3575	35041445:0:DEL:T>	1	representative_allele_is_somatic_truth
3576	35043625:27:DEL:A>	1	representative_allele_is_somatic_truth
3577	35046625:5:INS:>A	1	representative_allele_is_somatic_truth
3580	35054143:64:DEL:A>	1	representative_allele_is_somatic_truth
3585	35066690:0:INS:>A	1	representative_allele_is_somatic_truth
3595	35086902:0:DEL:A>	1	representative_allele_is_somatic_truth
3596	35087046:0:DEL:A>	1	representative_allele_is_somatic_truth
3605	35111402:0:DEL:T>	1	representative_allele_is_somatic_truth
3606	35111902:0:INS:>TTT	1	representative_allele_is_somatic_truth
3629	35177721:87:INS:>AA	1	representative_allele_is_somatic_truth
3932	35249716:0:INS:>A	1	representative_allele_is_somatic_truth
3920	35287154:166:INS:>A	1	representative_allele_is_somatic_truth
3915	35294990:0:DEL:A>	1	representative_allele_is_somatic_truth
3903	35304392:0:INS:>A	1	representative_allele_is_somatic_truth
3899	35331221:0:DEL:T>	1	representative_allele_is_somatic_truth
3898	35331959:91:INS:>AT	1	representative_allele_is_somatic_truth
3876	35369429:0:DEL:A>	1	representative_allele_is_somatic_truth
3861	35382779:21:INS:>AC	1	representative_allele_is_somatic_truth
3859	35384034:0:INS:>T	1	representative_allele_is_somatic_truth
3858	35385716:381:DEL:T>	1	representative_allele_is_somatic_truth
3854	35391580:84:INS:>A	1	representative_allele_is_somatic_truth
3849	35394786:0:DEL:T>	1	representative_allele_is_somatic_truth
3844	35401108:31:INS:>TA	1	representative_allele_is_somatic_truth
3824	35434507:3:DEL:T>	1	representative_allele_is_somatic_truth
3821	35449437:0:INS:>T	1	representative_allele_is_somatic_truth
3820	35456934:48:INS:>A	1	representative_allele_is_somatic_truth
3813	35485635:49:INS:>T	1	representative_allele_is_somatic_truth
3810	35499555:251:INS:>A	1	representative_allele_is_somatic_truth
3806	35512207:0:DEL:T>	1	representative_allele_is_somatic_truth
3805	35514499:68:DEL:TTACTTG>	1	representative_allele_is_somatic_truth
3803	35517759:0:DEL:A>	1	representative_allele_is_somatic_truth
3803	35517761:0:DEL:A>	1	representative_allele_is_somatic_truth
3800	35524136:17:DEL:TC>	1	representative_allele_is_somatic_truth
3797	35534074:115:DEL:GACTTTA>	1	representative_allele_is_somatic_truth
3795	35538203:37:DEL:G>	1	representative_allele_is_somatic_truth
3794	35538216:11:INS:>T	1	representative_allele_is_somatic_truth
3789	35548656:107:INS:>AAA	1	representative_allele_is_somatic_truth
3788	35563913:0:DEL:AACAT>@35563912	1	representative_allele_is_somatic_truth
3787	35573426:0:INS:>T	1	representative_allele_is_somatic_truth
3786	35580555:0:DEL:A>	1	representative_allele_is_somatic_truth
3783	35586733:0:DEL:A>	1	representative_allele_is_somatic_truth
3781	35588247:0:DEL:T>	1	representative_allele_is_somatic_truth
3776	35600968:139:INS:>A	1	representative_allele_is_somatic_truth
3775	35601314:84:INS:>A	1	representative_allele_is_somatic_truth
3770	35620270:7:DEL:A>	1	representative_allele_is_somatic_truth
3768	35621490:28:DEL:T>	1	representative_allele_is_somatic_truth
3767	35624507:0:DEL:T>	1	representative_allele_is_somatic_truth
3766	35624509:0:DEL:A>	1	representative_allele_is_somatic_truth
3765	35625109:0:DEL:T>	1	representative_allele_is_somatic_truth
3759	35631611:351:DEL:T>	1	representative_allele_is_somatic_truth
3756	35643000:0:INS:>ATATAT	1	representative_allele_is_somatic_truth
3752	35644894:0:INS:>A	1	representative_allele_is_somatic_truth
3751	35647712:158:INS:>T	1	representative_allele_is_somatic_truth
3750	35651382:0:DEL:A>	1	representative_allele_is_somatic_truth
3745	35655866:0:DEL:T>	1	representative_allele_is_somatic_truth
3740	35669105:55:INS:>T	1	representative_allele_is_somatic_truth
3739	35670740:0:INS:>T	1	representative_allele_is_somatic_truth
3967	35685634:0:DEL:T>	1	representative_allele_is_somatic_truth
3957	35718815:0:DEL:T>	1	representative_allele_is_somatic_truth
3954	35735252:43:DEL:T>	1	representative_allele_is_somatic_truth
3950	35742871:138:DEL:A>	1	representative_allele_is_somatic_truth
3947	35755903:0:INS:>T	1	representative_allele_is_somatic_truth
3984	35800617:0:INS:>TTTTT	1	representative_allele_is_somatic_truth
3986	35802485:298:DEL:CA>	1	representative_allele_is_somatic_truth
3988	35808946:0:DEL:A>	1	representative_allele_is_somatic_truth
3988	35808948:0:DEL:A>	1	representative_allele_is_somatic_truth
3990	35814640:0:INS:>A	1	representative_allele_is_somatic_truth
3991	35819351:48:DEL:AC>	1	representative_allele_is_somatic_truth
4007	35837706:201:INS:>A	1	representative_allele_is_somatic_truth
4013	35847609:39:DEL:A>	1	representative_allele_is_somatic_truth
4016	35856931:0:DEL:T>	1	representative_allele_is_somatic_truth
4016	35856932:0:DEL:T>	1	representative_allele_is_somatic_truth
4017	35858766:0:INS:>T	1	representative_allele_is_somatic_truth
4018	35862013:478:INS:>T	1	representative_allele_is_somatic_truth
4023	35870974:109:DEL:T>	1	representative_allele_is_somatic_truth
4024	35872146:0:INS:>A	1	representative_allele_is_somatic_truth
4025	35876806:0:INS:>TT	1	representative_allele_is_somatic_truth
4037	35916433:0:INS:>A	1	representative_allele_is_somatic_truth
4038	35916975:0:INS:>A	1	representative_allele_is_somatic_truth
4045	35931190:0:INS:>T	1	representative_allele_is_somatic_truth
4059	35978477:434:DEL:T>	1	representative_allele_is_somatic_truth
4060	35978710:0:INS:>T	1	representative_allele_is_somatic_truth
4061	35979404:0:INS:>T	1	representative_allele_is_somatic_truth
4069	35994650:195:DEL:T>	1	representative_allele_is_somatic_truth
4074	36005012:0:DEL:TT>@36005013	1	representative_allele_is_somatic_truth
4076	36006405:0:DEL:A>	1	representative_allele_is_somatic_truth
4082	36018102:244:INS:>G	1	representative_allele_is_somatic_truth
4083	36018500:0:DEL:T>	1	representative_allele_is_somatic_truth
4084	36020031:210:DEL:AAAATTTAAT>	1	representative_allele_is_somatic_truth
4085	36023759:31:DEL:T>	1	representative_allele_is_somatic_truth
4089	36029232:187:DEL:A>	1	representative_allele_is_somatic_truth
4091	36040666:305:INS:>T	1	representative_allele_is_somatic_truth
4101	36045716:0:DEL:GT>	1	representative_allele_is_somatic_truth
4104	36050132:71:INS:>A	1	representative_allele_is_somatic_truth
4106	36050711:0:DEL:T>	1	representative_allele_is_somatic_truth
4110	36067709:631:INS:>A	1	representative_allele_is_somatic_truth
4116	36085442:36:INS:>A	1	representative_allele_is_somatic_truth
4121	36090368:0:INS:>A	1	representative_allele_is_somatic_truth
4122	36090530:0:DEL:T>	1	representative_allele_is_somatic_truth
4124	36101798:0:INS:>T	1	representative_allele_is_somatic_truth
4126	36107771:406:INS:>T	1	representative_allele_is_somatic_truth
4127	36109364:439:DEL:A>	1	representative_allele_is_somatic_truth
4129	36110300:40:INS:>T	1	representative_allele_is_somatic_truth
4131	36110764:0:DEL:T>	1	representative_allele_is_somatic_truth
4138	36143614:128:INS:>A	1	representative_allele_is_somatic_truth
4149	36165247:1:DEL:A>	1	representative_allele_is_somatic_truth
4150	36171390:0:INS:>A	1	representative_allele_is_somatic_truth
4154	36174547:172:INS:>T	1	representative_allele_is_somatic_truth
4155	36175056:0:DEL:A>	1	representative_allele_is_somatic_truth
4156	36183792:0:INS:>A	1	representative_allele_is_somatic_truth
4158	36187065:24:DEL:A>	1	representative_allele_is_somatic_truth
4167	36200290:413:INS:>T	1	representative_allele_is_somatic_truth
4168	36201523:0:DEL:A>	1	representative_allele_is_somatic_truth
4170	36204436:30:DEL:TTTGCGA>	1	representative_allele_is_somatic_truth
4174	36222500:139:INS:>A	1	representative_allele_is_somatic_truth
4184	36233923:155:INS:>A	1	representative_allele_is_somatic_truth
4189	36245694:0:DEL:T>	1	representative_allele_is_somatic_truth
4194	36258901:0:INS:>TT	1	representative_allele_is_somatic_truth
4195	36259846:0:INS:>A	1	representative_allele_is_somatic_truth
4197	36260907:0:INS:>A	1	representative_allele_is_somatic_truth
4199	36261772:0:DEL:T>	1	representative_allele_is_somatic_truth
4206	36280050:48:DEL:T>	1	representative_allele_is_somatic_truth
4208	36282062:0:INS:>T	1	representative_allele_is_somatic_truth
4214	36295290:92:DEL:GT>	1	representative_allele_is_somatic_truth
4216	36297327:45:INS:>A	1	representative_allele_is_somatic_truth
4226	36315589:0:DEL:A>	1	representative_allele_is_somatic_truth
4232	36319146:19:DEL:TT>	1	representative_allele_is_somatic_truth
4235	36325239:19:DEL:A>	1	representative_allele_is_somatic_truth
4246	36337230:0:DEL:T>	1	representative_allele_is_somatic_truth
4248	36342073:0:DEL:T>	1	representative_allele_is_somatic_truth
4249	36342695:314:DEL:T>	1	representative_allele_is_somatic_truth
4250	36343206:0:DEL:A>	1	representative_allele_is_somatic_truth
4252	36343808:0:DEL:A>	1	representative_allele_is_somatic_truth
4253	36344210:0:DEL:A>	1	representative_allele_is_somatic_truth
4259	36350496:73:INS:>A	1	representative_allele_is_somatic_truth
4268	36362549:155:DEL:ATATATATAA>	1	representative_allele_is_somatic_truth
4273	36365281:0:DEL:A>	1	representative_allele_is_somatic_truth
4285	36366785:96:INS:>A	1	representative_allele_is_somatic_truth
4286	36367389:0:DEL:T>	1	representative_allele_is_somatic_truth
4289	36368758:0:DEL:T>	1	representative_allele_is_somatic_truth
4290	36369314:0:INS:>AT	1	representative_allele_is_somatic_truth
4291	36369944:39:INS:>T	1	representative_allele_is_somatic_truth
4298	36382026:144:DEL:T>	1	representative_allele_is_somatic_truth
4305	36394401:0:DEL:A>	1	representative_allele_is_somatic_truth
4306	36394999:0:DEL:A>	1	representative_allele_is_somatic_truth
4307	36395582:0:INS:>GGG	1	representative_allele_is_somatic_truth
4308	36398712:0:DEL:A>	1	representative_allele_is_somatic_truth
4309	36399391:9:INS:>T	1	representative_allele_is_somatic_truth
4313	36402949:205:INS:>A	1	representative_allele_is_somatic_truth
4322	36434714:0:INS:>T	1	representative_allele_is_somatic_truth
4323	36435179:0:INS:>ATATATATATATATATATAT	1	representative_allele_is_somatic_truth
4325	36441904:4:DEL:TA>	1	representative_allele_is_somatic_truth
4326	36459298:199:DEL:GGGCTATTG>	1	representative_allele_is_somatic_truth
4340	36491894:0:INS:>T	1	representative_allele_is_somatic_truth
4357	36523205:0:INS:>A	1	representative_allele_is_somatic_truth
4361	36527294:0:INS:>A	1	representative_allele_is_somatic_truth
4364	36528915:0:INS:>T	1	representative_allele_is_somatic_truth
4370	36539304:68:INS:>A	1	representative_allele_is_somatic_truth
4375	36547044:237:INS:>T	1	representative_allele_is_somatic_truth
4380	36561396:37:INS:>A	1	representative_allele_is_somatic_truth
4382	36566806:155:INS:>T	1	representative_allele_is_somatic_truth
4385	36568279:101:DEL:A>	1	representative_allele_is_somatic_truth
4386	36572238:248:INS:>T	1	representative_allele_is_somatic_truth
4401	36600732:0:INS:>T	1	representative_allele_is_somatic_truth
4406	36619291:0:INS:>A	1	representative_allele_is_somatic_truth
4412	36628251:0:INS:>T	1	representative_allele_is_somatic_truth
4415	36630536:198:DEL:T>	1	representative_allele_is_somatic_truth
4418	36633619:21:DEL:ATGA>	1	representative_allele_is_somatic_truth
4419	36637448:56:DEL:A>	1	representative_allele_is_somatic_truth
4430	36652374:124:DEL:T>	1	representative_allele_is_somatic_truth
4432	36658612:383:INS:>A	1	representative_allele_is_somatic_truth
4441	36683193:40:DEL:C>	1	representative_allele_is_somatic_truth
4443	36688557:452:DEL:GA>	1	representative_allele_is_somatic_truth
4444	36690450:0:INS:>T	1	representative_allele_is_somatic_truth
4445	36694999:0:DEL:T>	1	representative_allele_is_somatic_truth
4453	36735241:0:INS:>AA	1	representative_allele_is_somatic_truth
4457	36740287:57:DEL:AGAAGGC>	1	representative_allele_is_somatic_truth
4459	36746342:1:INS:>ACACACACAC	1	representative_allele_is_somatic_truth
4461	36752338:0:INS:>ATATAT	1	representative_allele_is_somatic_truth
4473	36797453:0:DEL:AT>@36797454	1	representative_allele_is_somatic_truth
4485	36861843:0:INS:>T	1	representative_allele_is_somatic_truth
4486	36869234:0:INS:>A	1	representative_allele_is_somatic_truth
4498	36922902:5:INS:>AAC	1	representative_allele_is_somatic_truth
4500	36926867:0:INS:>T	1	representative_allele_is_somatic_truth
4508	36948398:0:INS:>T	1	representative_allele_is_somatic_truth
4513	37024877:0:INS:>A	1	representative_allele_is_somatic_truth
4515	37034635:11:DEL:TCTCTTTCTTTCTT>	1	representative_allele_is_somatic_truth
4519	37055613:0:INS:>A	1	representative_allele_is_somatic_truth
4522	37060381:80:INS:>T	1	representative_allele_is_somatic_truth
3694	37100543:0:INS:>T	1	representative_allele_is_somatic_truth
3699	37104591:0:INS:>A	1	representative_allele_is_somatic_truth
3701	37109223:0:DEL:T>	1	representative_allele_is_somatic_truth
3721	37114639:23:INS:>T	1	representative_allele_is_somatic_truth
3725	37121039:23:DEL:A>	1	representative_allele_is_somatic_truth
3726	37130244:384:INS:>T	1	representative_allele_is_somatic_truth
3728	37146979:412:DEL:C>	1	representative_allele_is_somatic_truth
3669	37162909:0:DEL:T>	1	representative_allele_is_somatic_truth
3673	37167388:254:INS:>A	1	representative_allele_is_somatic_truth
3675	37171131:328:INS:>T	1	representative_allele_is_somatic_truth
3680	37175619:0:DEL:A>	1	representative_allele_is_somatic_truth
3683	37181965:8:DEL:A>	1	representative_allele_is_somatic_truth
3639	37195731:646:DEL:T>	1	representative_allele_is_somatic_truth
3640	37197522:25:INS:>T	1	representative_allele_is_somatic_truth
3641	37204573:25:INS:>A	1	representative_allele_is_somatic_truth
3643	37208897:21:INS:>A	1	representative_allele_is_somatic_truth
3646	37213151:63:INS:>T	1	representative_allele_is_somatic_truth
3650	37219688:131:INS:>T	1	representative_allele_is_somatic_truth
3651	37222581:185:DEL:A>	1	representative_allele_is_somatic_truth
3653	37227688:0:DEL:T>	1	representative_allele_is_somatic_truth
3654	37228157:0:DEL:A>	1	representative_allele_is_somatic_truth
3655	37230119:243:INS:>AAAT	1	representative_allele_is_somatic_truth
15864	37392698:6:INS:>ATATATATATATATATAT	1	representative_allele_is_somatic_truth
15867	37423069:0:INS:>A	1	representative_allele_is_somatic_truth
15870	37429295:164:DEL:ATTTT>	1	representative_allele_is_somatic_truth
15874	37436107:35:DEL:T>	1	representative_allele_is_somatic_truth
15882	37482179:0:DEL:A>	1	representative_allele_is_somatic_truth
15889	37505201:0:INS:>T	1	representative_allele_is_somatic_truth
15890	37513630:62:INS:>A	1	representative_allele_is_somatic_truth
15897	37533465:71:INS:>A	1	representative_allele_is_somatic_truth
15898	37533946:5:INS:>A	1	representative_allele_is_somatic_truth
15901	37541303:0:INS:>AA	1	representative_allele_is_somatic_truth
15904	37544635:0:DEL:A>	1	representative_allele_is_somatic_truth
15905	37562139:0:DEL:A>	1	representative_allele_is_somatic_truth
15910	37578193:0:DEL:A>	1	representative_allele_is_somatic_truth
15912	37592101:106:DEL:A>	1	representative_allele_is_somatic_truth
15922	37626521:0:INS:>AAAAA	1	representative_allele_is_somatic_truth
15925	37644846:0:DEL:T>	1	representative_allele_is_somatic_truth
15943	37729925:36:DEL:TT>	1	representative_allele_is_somatic_truth
15944	37735537:220:DEL:TATA>@37735540+37735541	1	representative_allele_is_somatic_truth
15945	37744023:0:DEL:A>	1	representative_allele_is_somatic_truth
15950	37761384:0:INS:>A	1	representative_allele_is_somatic_truth
15954	37770131:23:DEL:C>	1	representative_allele_is_somatic_truth
15958	37776525:177:DEL:T>	1	representative_allele_is_somatic_truth
15960	37785373:23:INS:>A	1	representative_allele_is_somatic_truth
15965	37800746:41:DEL:A>	1	representative_allele_is_somatic_truth
15966	37801451:86:DEL:T>	1	representative_allele_is_somatic_truth
15971	37835792:0:INS:>A	1	representative_allele_is_somatic_truth
15975	37851780:0:DEL:A>	1	representative_allele_is_somatic_truth
15976	37858839:0:DEL:A>	1	representative_allele_is_somatic_truth
15985	37869034:0:INS:>T	1	representative_allele_is_somatic_truth
15986	37872261:224:INS:>ATATATATAT	1	representative_allele_is_somatic_truth
15989	37876677:0:DEL:A>	1	representative_allele_is_somatic_truth
15990	37879855:59:DEL:A>	1	representative_allele_is_somatic_truth
15995	37894143:0:DEL:T>	1	representative_allele_is_somatic_truth
16001	37938815:309:DEL:T>	1	representative_allele_is_somatic_truth
16008	37951087:0:DEL:A>	1	representative_allele_is_somatic_truth
16018	37999021:21:INS:>T	1	representative_allele_is_somatic_truth
16022	38015665:0:INS:>A	1	representative_allele_is_somatic_truth
16023	38043800:0:DEL:T>	1	representative_allele_is_somatic_truth
16029	38069144:0:INS:>T	1	representative_allele_is_somatic_truth
16039	38097593:13:INS:>A	1	representative_allele_is_somatic_truth
16043	38121578:0:DEL:T>	1	representative_allele_is_somatic_truth
16050	38134503:0:DEL:A>	1	representative_allele_is_somatic_truth
16051	38136557:0:INS:>A	1	representative_allele_is_somatic_truth
16055	38141645:242:INS:>A	1	representative_allele_is_somatic_truth
16061	38168100:20:INS:>TT	1	representative_allele_is_somatic_truth
16113	38237253:170:INS:>T	1	representative_allele_is_somatic_truth
16121	38271948:0:DEL:A>	1	representative_allele_is_somatic_truth
16122	38274537:62:INS:>T	1	representative_allele_is_somatic_truth
16131	38313872:0:DEL:A>	1	representative_allele_is_somatic_truth
16133	38327289:0:DEL:T>	1	representative_allele_is_somatic_truth
16137	38348142:40:INS:>A	1	representative_allele_is_somatic_truth
16137	38348145:0:INS:>A	1	representative_allele_is_somatic_truth
16141	38377593:52:INS:>A	1	representative_allele_is_somatic_truth
16143	38389939:60:INS:>A	1	representative_allele_is_somatic_truth
16147	38405456:1:INS:>A	1	representative_allele_is_somatic_truth
16154	38450931:45:DEL:A>	1	representative_allele_is_somatic_truth
16162	38485032:0:INS:>A	1	representative_allele_is_somatic_truth
16170	38532940:0:INS:>T	1	representative_allele_is_somatic_truth
16173	38549451:254:DEL:ATTA>	1	representative_allele_is_somatic_truth
16176	38555893:111:DEL:A>	1	representative_allele_is_somatic_truth
16177	38563494:220:INS:>T	1	representative_allele_is_somatic_truth
16178	38572216:69:INS:>A	1	representative_allele_is_somatic_truth
16195	38680145:97:INS:>A	1	representative_allele_is_somatic_truth
16197	38685416:846:INS:>T	1	representative_allele_is_somatic_truth
16198	38694567:26:DEL:T>	1	representative_allele_is_somatic_truth
16201	38705335:0:INS:>A	1	representative_allele_is_somatic_truth
16205	38734349:0:DEL:A>	1	representative_allele_is_somatic_truth
16208	38737666:155:DEL:T>	1	representative_allele_is_somatic_truth
16214	38773317:23:DEL:A>	1	representative_allele_is_somatic_truth
16215	38774372:107:DEL:A>	1	representative_allele_is_somatic_truth
16217	38780073:0:DEL:T>	1	representative_allele_is_somatic_truth
16218	38780747:0:DEL:A>	1	representative_allele_is_somatic_truth
16233	38830542:0:DEL:A>	1	representative_allele_is_somatic_truth
16234	38835902:0:DEL:T>	1	representative_allele_is_somatic_truth
16241	38854710:126:INS:>T	1	representative_allele_is_somatic_truth
16247	38896024:394:DEL:T>	1	representative_allele_is_somatic_truth
16248	38901347:203:DEL:T>	1	representative_allele_is_somatic_truth
16249	38904564:0:DEL:T>	1	representative_allele_is_somatic_truth
16251	38910808:0:DEL:A>	1	representative_allele_is_somatic_truth
16251	38910810:0:DEL:A>	1	representative_allele_is_somatic_truth
16253	38922878:38:INS:>A	1	representative_allele_is_somatic_truth
16256	38930530:43:DEL:T>	1	representative_allele_is_somatic_truth
16259	38957378:219:INS:>T	1	representative_allele_is_somatic_truth
16262	38981300:160:DEL:G>	1	representative_allele_is_somatic_truth
16264	38996817:0:DEL:T>	1	representative_allele_is_somatic_truth
16273	39040846:221:DEL:A>	1	representative_allele_is_somatic_truth
16274	39041259:170:INS:>T	1	representative_allele_is_somatic_truth
16275	39041851:0:INS:>T	1	representative_allele_is_somatic_truth
16299	39130556:70:INS:>T	1	representative_allele_is_somatic_truth
16300	39130769:0:INS:>T	1	representative_allele_is_somatic_truth
16307	39156168:0:INS:>T	1	representative_allele_is_somatic_truth
16311	39167275:0:DEL:T>	1	representative_allele_is_somatic_truth
16317	39182846:286:DEL:A>	1	representative_allele_is_somatic_truth
16320	39196239:299:DEL:A>	1	representative_allele_is_somatic_truth
16323	39201838:0:INS:>T	1	representative_allele_is_somatic_truth
16331	39243721:0:INS:>T	1	representative_allele_is_somatic_truth
16333	39247859:37:DEL:T>	1	representative_allele_is_somatic_truth
16338	39260320:114:INS:>T	1	representative_allele_is_somatic_truth
16339	39266577:40:INS:>A	1	representative_allele_is_somatic_truth
16340	39267794:86:INS:>T	1	representative_allele_is_somatic_truth
16342	39277287:0:DEL:T>	1	representative_allele_is_somatic_truth
16352	39348514:15:INS:>A	1	representative_allele_is_somatic_truth
16360	39380936:0:DEL:TT>@39380937	1	representative_allele_is_somatic_truth
16364	39426874:13:DEL:AAAAAAAAAAA>@39426879	1	representative_allele_is_somatic_truth
16377	39465163:208:DEL:TT>	1	representative_allele_is_somatic_truth
16381	39482881:116:INS:>T	1	representative_allele_is_somatic_truth
16497	39536992:57:DEL:AT>	1	representative_allele_is_somatic_truth
16492	39556761:8:INS:>TA	1	representative_allele_is_somatic_truth
16477	39619850:120:DEL:T>	1	representative_allele_is_somatic_truth
15837	39679939:0:DEL:T>	1	representative_allele_is_somatic_truth
15839	39708027:0:INS:>T	1	representative_allele_is_somatic_truth
15848	39772302:0:INS:>TA	1	representative_allele_is_somatic_truth
15854	39792791:14:INS:>A	1	representative_allele_is_somatic_truth
15856	39813784:0:INS:>A	1	representative_allele_is_somatic_truth
15857	39822196:0:INS:>AT	1	representative_allele_is_somatic_truth
16687	39848070:0:DEL:A>	1	representative_allele_is_somatic_truth
16685	39866045:0:DEL:A>	1	representative_allele_is_somatic_truth
16676	39893104:41:INS:>T	1	representative_allele_is_somatic_truth
16671	39897202:22:INS:>T	1	representative_allele_is_somatic_truth
16664	39915003:0:INS:>T	1	representative_allele_is_somatic_truth
16663	39922297:0:INS:>A	1	representative_allele_is_somatic_truth
16660	39924687:105:INS:>T	1	representative_allele_is_somatic_truth
16655	39931395:0:DEL:A>	1	representative_allele_is_somatic_truth
16651	39947838:0:DEL:T>	1	representative_allele_is_somatic_truth
16648	39961026:0:DEL:T>	1	representative_allele_is_somatic_truth
16639	39991300:57:DEL:G>	1	representative_allele_is_somatic_truth
16638	39991806:3:DEL:T>	1	representative_allele_is_somatic_truth
16634	39997786:0:INS:>T	1	representative_allele_is_somatic_truth
16633	40002059:146:DEL:TTTAAA>	1	representative_allele_is_somatic_truth
16630	40010736:0:INS:>GTGT	1	representative_allele_is_somatic_truth
16629	40012133:167:INS:>A	1	representative_allele_is_somatic_truth
16612	40080088:0:DEL:T>	1	representative_allele_is_somatic_truth
16606	40089232:0:DEL:T>	1	representative_allele_is_somatic_truth
16605	40094906:0:INS:>T	1	representative_allele_is_somatic_truth
16600	40106939:0:DEL:T>	1	representative_allele_is_somatic_truth
16591	40141843:0:INS:>T	1	representative_allele_is_somatic_truth
16587	40158980:232:INS:>GTGT	1	representative_allele_is_somatic_truth
16586	40159278:0:INS:>A	1	representative_allele_is_somatic_truth
16584	40186080:115:INS:>T	1	representative_allele_is_somatic_truth
16581	40189215:0:DEL:A>	1	representative_allele_is_somatic_truth
16579	40199281:0:DEL:A>	1	representative_allele_is_somatic_truth
16571	40243827:0:DEL:A>	1	representative_allele_is_somatic_truth
16564	40263878:113:DEL:A>	1	representative_allele_is_somatic_truth
16551	40292565:408:INS:>A	1	representative_allele_is_somatic_truth
16549	40296582:0:DEL:AA>@40296581	1	representative_allele_is_somatic_truth
16546	40307299:0:DEL:A>	1	representative_allele_is_somatic_truth
16545	40310147:0:INS:>T	1	representative_allele_is_somatic_truth
16543	40313506:0:INS:>T	1	representative_allele_is_somatic_truth
16536	40345970:56:INS:>A	1	representative_allele_is_somatic_truth
16534	40352049:539:INS:>A	1	representative_allele_is_somatic_truth
16532	40355773:10:DEL:T>	1	representative_allele_is_somatic_truth
16529	40379715:0:INS:>T	1	representative_allele_is_somatic_truth
16528	40379937:21:DEL:A>	1	representative_allele_is_somatic_truth
16525	40392258:192:INS:>T	1	representative_allele_is_somatic_truth
16519	40416713:239:DEL:A>	1	representative_allele_is_somatic_truth
16506	40461641:151:DEL:TTTTTGTATT>	1	representative_allele_is_somatic_truth
16709	40514642:0:DEL:T>	1	representative_allele_is_somatic_truth
16711	40524405:0:INS:>A	1	representative_allele_is_somatic_truth
16106	40585199:0:DEL:T>	1	representative_allele_is_somatic_truth
16399	40622808:361:DEL:T>	1	representative_allele_is_somatic_truth
16403	40629493:221:INS:>T	1	representative_allele_is_somatic_truth
16404	40629948:27:DEL:CAT>	1	representative_allele_is_somatic_truth
16412	40667865:0:DEL:A>	1	representative_allele_is_somatic_truth
16421	40689537:0:DEL:T>	1	representative_allele_is_somatic_truth
16424	40691075:185:INS:>A	1	representative_allele_is_somatic_truth
16430	40703791:502:DEL:T>	1	representative_allele_is_somatic_truth
16432	40704187:0:INS:>A	1	representative_allele_is_somatic_truth
16433	40706471:0:DEL:A>	1	representative_allele_is_somatic_truth
16438	40732370:0:INS:>TA	1	representative_allele_is_somatic_truth
16439	40735094:18:DEL:T>	1	representative_allele_is_somatic_truth
16446	40740124:70:INS:>A	1	representative_allele_is_somatic_truth
16447	40740710:0:INS:>T	1	representative_allele_is_somatic_truth
16449	40742934:351:INS:>T	1	representative_allele_is_somatic_truth
16456	40781430:0:INS:>TT	1	representative_allele_is_somatic_truth
16459	40790644:0:INS:>A	1	representative_allele_is_somatic_truth
16462	40810859:0:DEL:AAAAAAAAAAAAAAAA>@40810860+40810861	1	representative_allele_is_somatic_truth
16475	40902243:1:DEL:A>	1	representative_allele_is_somatic_truth
16081	41027851:150:DEL:T>	1	representative_allele_is_somatic_truth
16086	41037020:0:DEL:T>	1	representative_allele_is_somatic_truth
16091	41050270:0:INS:>T	1	representative_allele_is_somatic_truth
16094	41063535:250:DEL:T>	1	representative_allele_is_somatic_truth
16099	41079797:34:INS:>T	1	representative_allele_is_somatic_truth
16100	41096835:0:DEL:A>	1	representative_allele_is_somatic_truth
16102	41107811:84:INS:>T	1	representative_allele_is_somatic_truth
16105	41114136:49:DEL:T>	1	representative_allele_is_somatic_truth
16699	41134657:0:DEL:A>	1	representative_allele_is_somatic_truth
16696	41160889:1:INS:>T	1	representative_allele_is_somatic_truth
4526	41263475:0:DEL:A>	1	representative_allele_is_somatic_truth
4533	41308579:0:INS:>A	1	representative_allele_is_somatic_truth
4544	41358953:0:INS:>T	1	representative_allele_is_somatic_truth
4551	41365282:0:INS:>A	1	representative_allele_is_somatic_truth
4552	41365496:0:DEL:A>	1	representative_allele_is_somatic_truth
4568	41400154:6:INS:>GA	1	representative_allele_is_somatic_truth
4578	41412193:0:DEL:A>	1	representative_allele_is_somatic_truth
4634	41430443:117:INS:>A	1	representative_allele_is_somatic_truth
4633	41430749:31:DEL:A>	1	representative_allele_is_somatic_truth
4608	41489874:136:INS:>A	1	representative_allele_is_somatic_truth
4600	41520875:53:INS:>T	1	representative_allele_is_somatic_truth
4590	41543648:0:DEL:A>	1	representative_allele_is_somatic_truth
4589	41545798:0:DEL:T>	1	representative_allele_is_somatic_truth
4585	41548513:0:DEL:A>	1	representative_allele_is_somatic_truth
4656	41559628:393:INS:>T	1	representative_allele_is_somatic_truth
4660	41564214:0:DEL:A>	1	representative_allele_is_somatic_truth
4661	41564807:0:INS:>ATAT	1	representative_allele_is_somatic_truth
4663	41565955:91:DEL:T>	1	representative_allele_is_somatic_truth
4667	41570766:0:DEL:T>	1	representative_allele_is_somatic_truth
4669	41576286:0:INS:>A	1	representative_allele_is_somatic_truth
4673	41600002:0:INS:>T	1	representative_allele_is_somatic_truth
4675	41601972:283:INS:>T	1	representative_allele_is_somatic_truth
4676	41606802:0:DEL:TTTTTTTTTT>@41606803+41606804+41606805+41606806+41606807+41606808+41606809+41606810	1	representative_allele_is_somatic_truth
4678	41617797:0:DEL:T>	1	representative_allele_is_somatic_truth
4680	41622722:0:INS:>TATA	1	representative_allele_is_somatic_truth
4684	41628771:0:DEL:A>	1	representative_allele_is_somatic_truth
4685	41633794:0:INS:>A	1	representative_allele_is_somatic_truth
4686	41637502:0:DEL:T>	1	representative_allele_is_somatic_truth
4688	41639565:0:DEL:A>	1	representative_allele_is_somatic_truth
4702	41663373:0:DEL:T>	1	representative_allele_is_somatic_truth
4714	41682656:0:DEL:AA>	1	representative_allele_is_somatic_truth
4715	41683299:43:DEL:T>	1	representative_allele_is_somatic_truth
4716	41683806:0:DEL:A>	1	representative_allele_is_somatic_truth
4717	41684910:0:DEL:T>	1	representative_allele_is_somatic_truth
4719	41687137:110:INS:>T	1	representative_allele_is_somatic_truth
4730	41708546:54:INS:>T	1	representative_allele_is_somatic_truth
4734	41714309:121:DEL:G>	1	representative_allele_is_somatic_truth
4744	41719715:92:INS:>T	1	representative_allele_is_somatic_truth
4748	41723579:337:DEL:A>	1	representative_allele_is_somatic_truth
4752	41731551:99:INS:>T	1	representative_allele_is_somatic_truth
4755	41738166:14:DEL:C>	1	representative_allele_is_somatic_truth
4773	41762249:0:DEL:T>	1	representative_allele_is_somatic_truth
4778	41769818:0:DEL:T>	1	representative_allele_is_somatic_truth
4783	41774599:185:DEL:AA>	1	representative_allele_is_somatic_truth
4791	41788216:0:INS:>A	1	representative_allele_is_somatic_truth
4793	41789492:264:INS:>T	1	representative_allele_is_somatic_truth
4797	41796109:0:DEL:T>	1	representative_allele_is_somatic_truth
4798	41797931:2:DEL:T>	1	representative_allele_is_somatic_truth
4799	41798357:0:INS:>T	1	representative_allele_is_somatic_truth
4807	41808884:0:DEL:AAAAAAAAAAAAA>@41808885	1	representative_allele_is_somatic_truth
4815	41817186:83:INS:>T	1	representative_allele_is_somatic_truth
4821	41825753:13:DEL:T>	1	representative_allele_is_somatic_truth
4824	41832365:0:INS:>A	1	representative_allele_is_somatic_truth
4832	41844844:17:INS:>T	1	representative_allele_is_somatic_truth
4838	41855387:0:INS:>T	1	representative_allele_is_somatic_truth
4844	41857782:0:DEL:A>	1	representative_allele_is_somatic_truth
4847	41862968:1:DEL:A>	1	representative_allele_is_somatic_truth
4848	41863261:0:INS:>A	1	representative_allele_is_somatic_truth
4854	41868424:0:DEL:T>	1	representative_allele_is_somatic_truth
4859	41872355:63:INS:>A	1	representative_allele_is_somatic_truth
4860	41872604:210:INS:>A	1	representative_allele_is_somatic_truth
4861	41872822:168:DEL:A>	1	representative_allele_is_somatic_truth
4869	41877663:0:DEL:T>	1	representative_allele_is_somatic_truth
4871	41878901:214:DEL:T>	1	representative_allele_is_somatic_truth
4872	41879620:0:INS:>AA	1	representative_allele_is_somatic_truth
4875	41883058:106:INS:>A	1	representative_allele_is_somatic_truth
4882	41890388:10:DEL:TT>	1	representative_allele_is_somatic_truth
4889	41894804:0:DEL:T>	1	representative_allele_is_somatic_truth
4893	41900459:0:DEL:T>	1	representative_allele_is_somatic_truth
4894	41901562:129:DEL:AA>	1	representative_allele_is_somatic_truth
4895	41904604:642:INS:>T	1	representative_allele_is_somatic_truth
4908	41921602:71:INS:>T	1	representative_allele_is_somatic_truth
4909	41925208:0:DEL:T>	1	representative_allele_is_somatic_truth
4917	41935763:45:INS:>T	1	representative_allele_is_somatic_truth
4921	41944382:0:DEL:T>	1	representative_allele_is_somatic_truth
4924	41946042:0:INS:>T	1	representative_allele_is_somatic_truth
4933	41966683:11:DEL:AAAAG>@41966684	1	representative_allele_is_somatic_truth
4935	41969593:5:INS:>CA	1	representative_allele_is_somatic_truth
4936	41970118:0:DEL:A>	1	representative_allele_is_somatic_truth
4938	41983293:0:DEL:T>	1	representative_allele_is_somatic_truth
4941	41989730:119:DEL:C>	1	representative_allele_is_somatic_truth
4943	41992336:0:DEL:A>	1	representative_allele_is_somatic_truth
4952	42011194:87:INS:>A	1	representative_allele_is_somatic_truth
4953	42011273:0:DEL:T>	1	representative_allele_is_somatic_truth
4953	42011275:0:DEL:T>	1	representative_allele_is_somatic_truth
4954	42012186:0:INS:>A	1	representative_allele_is_somatic_truth
4955	42013925:5:INS:>A	1	representative_allele_is_somatic_truth
4959	42029414:16:INS:>A	1	representative_allele_is_somatic_truth
4961	42040221:0:DEL:A>	1	representative_allele_is_somatic_truth
4968	42055733:0:DEL:T>	1	representative_allele_is_somatic_truth
4971	42061836:0:INS:>T	1	representative_allele_is_somatic_truth
4984	42103208:15:DEL:A>	1	representative_allele_is_somatic_truth
5005	42159232:143:INS:>A	1	representative_allele_is_somatic_truth
5008	42170697:29:DEL:A>	1	representative_allele_is_somatic_truth
5009	42171513:25:INS:>A	1	representative_allele_is_somatic_truth
5010	42173504:0:DEL:T>	1	representative_allele_is_somatic_truth
5015	42181715:214:DEL:A>	1	representative_allele_is_somatic_truth
5016	42189250:0:INS:>T	1	representative_allele_is_somatic_truth
5018	42191623:0:DEL:T>	1	representative_allele_is_somatic_truth
5019	42193786:0:INS:>T	1	representative_allele_is_somatic_truth
5019	42193787:0:INS:>T	1	representative_allele_is_somatic_truth
5021	42194493:0:INS:>T	1	representative_allele_is_somatic_truth
5022	42195717:30:INS:>AA	1	representative_allele_is_somatic_truth
5029	42207001:557:DEL:A>	1	representative_allele_is_somatic_truth
5036	42217130:324:DEL:T>	1	representative_allele_is_somatic_truth
5037	42218113:0:DEL:T>	1	representative_allele_is_somatic_truth
5040	42221590:0:DEL:T>	1	representative_allele_is_somatic_truth
5044	42226825:28:INS:>A	1	representative_allele_is_somatic_truth
5045	42227692:179:DEL:TT>	1	representative_allele_is_somatic_truth
5050	42239786:12:DEL:T>	1	representative_allele_is_somatic_truth
5056	42400588:82:INS:>A	1	representative_allele_is_somatic_truth
5060	42410336:0:INS:>A	1	representative_allele_is_somatic_truth
5062	42411987:81:DEL:A>	1	representative_allele_is_somatic_truth
5067	42417911:0:DEL:A>	1	representative_allele_is_somatic_truth
5073	42432479:4:DEL:T>	1	representative_allele_is_somatic_truth
5074	42434948:71:INS:>TT	1	representative_allele_is_somatic_truth
5083	42510057:170:INS:>A	1	representative_allele_is_somatic_truth
5087	42531550:0:DEL:TT>@42531551	1	representative_allele_is_somatic_truth
5091	42552787:0:INS:>T	1	representative_allele_is_somatic_truth
5098	42635342:0:INS:>A	1	representative_allele_is_somatic_truth
5101	42642741:138:DEL:A>	1	representative_allele_is_somatic_truth
5102	42644281:0:INS:>A	1	representative_allele_is_somatic_truth
5105	42660299:146:INS:>TATG	1	representative_allele_is_somatic_truth
5108	42680047:0:INS:>ATAT	1	representative_allele_is_somatic_truth
5109	42680637:1:DEL:A>	1	representative_allele_is_somatic_truth
5109	42680639:0:DEL:A>	1	representative_allele_is_somatic_truth
5111	42685725:0:INS:>A	1	representative_allele_is_somatic_truth
5114	42710855:0:INS:>T	1	representative_allele_is_somatic_truth
5116	42715556:217:DEL:T>	1	representative_allele_is_somatic_truth
5123	42750001:0:INS:>T	1	representative_allele_is_somatic_truth
5125	42765126:0:INS:>C	1	representative_allele_is_somatic_truth
5133	42818199:0:INS:>A	1	representative_allele_is_somatic_truth
5138	42855042:0:INS:>T	1	representative_allele_is_somatic_truth
5139	42855389:48:DEL:T>	1	representative_allele_is_somatic_truth
5141	42863506:0:INS:>T	1	representative_allele_is_somatic_truth
5142	42864934:174:INS:>A	1	representative_allele_is_somatic_truth
5148	42896040:241:INS:>T	1	representative_allele_is_somatic_truth
5149	42896190:0:DEL:A>	1	representative_allele_is_somatic_truth
5152	42901041:0:INS:>AA	1	representative_allele_is_somatic_truth
5157	42925605:0:DEL:T>	1	representative_allele_is_somatic_truth
5159	42937528:85:INS:>A	1	representative_allele_is_somatic_truth
5163	42944972:0:INS:>T	1	representative_allele_is_somatic_truth
5167	42958185:32:INS:>TT	1	representative_allele_is_somatic_truth
5175	42969673:202:INS:>T	1	representative_allele_is_somatic_truth
5176	42976375:0:DEL:T>	1	representative_allele_is_somatic_truth
5180	42984473:114:INS:>A	1	representative_allele_is_somatic_truth
5184	42992121:0:INS:>T	1	representative_allele_is_somatic_truth
5190	42999555:0:INS:>T	1	representative_allele_is_somatic_truth
5194	43007320:0:DEL:A>	1	representative_allele_is_somatic_truth
5196	43011832:82:DEL:A>	1	representative_allele_is_somatic_truth
5197	43014171:18:INS:>AT	1	representative_allele_is_somatic_truth
5198	43014590:50:INS:>T	1	representative_allele_is_somatic_truth
5202	43020256:0:DEL:T>	1	representative_allele_is_somatic_truth
5203	43021009:244:INS:>T	1	representative_allele_is_somatic_truth
5208	43024879:78:INS:>A	1	representative_allele_is_somatic_truth
5211	43031669:0:DEL:T>	1	representative_allele_is_somatic_truth
5216	43037347:0:INS:>A	1	representative_allele_is_somatic_truth
5217	43042756:0:DEL:A>	1	representative_allele_is_somatic_truth
5224	43047205:0:DEL:T>	1	representative_allele_is_somatic_truth
5227	43051534:0:DEL:T>	1	representative_allele_is_somatic_truth
5242	43098186:0:INS:>TT	1	representative_allele_is_somatic_truth
5243	43101520:81:DEL:T>	1	representative_allele_is_somatic_truth
5244	43105513:144:INS:>GT	1	representative_allele_is_somatic_truth
5245	43105549:0:INS:>A	1	representative_allele_is_somatic_truth
5249	43112664:91:DEL:ACA>	1	representative_allele_is_somatic_truth
5250	43115547:0:DEL:AA>@43115548	1	representative_allele_is_somatic_truth
5256	43121151:40:DEL:A>	1	representative_allele_is_somatic_truth
5258	43123045:0:INS:>A	1	representative_allele_is_somatic_truth
5262	43134030:159:DEL:TGAGCAGTATATTGTAATTCTC>	1	representative_allele_is_somatic_truth
5268	43155133:520:DEL:G>	1	representative_allele_is_somatic_truth
5269	43170835:109:DEL:A>	1	representative_allele_is_somatic_truth
5276	43202228:334:INS:>A	1	representative_allele_is_somatic_truth
5279	43209796:0:INS:>A	1	representative_allele_is_somatic_truth
5282	43227557:38:DEL:T>	1	representative_allele_is_somatic_truth
5285	43245226:100:DEL:T>	1	representative_allele_is_somatic_truth
5286	43252021:4:INS:>T	1	representative_allele_is_somatic_truth
5294	43270545:136:INS:>A	1	representative_allele_is_somatic_truth
5295	43271632:0:INS:>A	1	representative_allele_is_somatic_truth
5296	43274397:0:DEL:T>	1	representative_allele_is_somatic_truth
5308	43310937:64:INS:>A	1	representative_allele_is_somatic_truth
5319	43340299:0:DEL:A>	1	representative_allele_is_somatic_truth
5319	43340301:0:DEL:A>	1	representative_allele_is_somatic_truth
5322	43345152:59:DEL:T>	1	representative_allele_is_somatic_truth
5324	43347668:65:DEL:A>	1	representative_allele_is_somatic_truth
5328	43363538:92:DEL:T>	1	representative_allele_is_somatic_truth
5333	43405764:109:DEL:CCTCTTAAT>	1	representative_allele_is_somatic_truth
5342	43448481:15:DEL:A>	1	representative_allele_is_somatic_truth
5343	43449195:0:INS:>T	1	representative_allele_is_somatic_truth
5351	43507950:38:INS:>T	1	representative_allele_is_somatic_truth
5355	43517800:0:DEL:A>	1	representative_allele_is_somatic_truth
5371	43611049:0:DEL:A>	1	representative_allele_is_somatic_truth
5374	43635522:150:DEL:CTT>	1	representative_allele_is_somatic_truth
5375	43644836:29:DEL:A>	1	representative_allele_is_somatic_truth
5383	43665066:0:INS:>A	1	representative_allele_is_somatic_truth
5385	43670916:46:INS:>T	1	representative_allele_is_somatic_truth
5390	43720843:0:INS:>T	1	representative_allele_is_somatic_truth
5396	43728482:177:INS:>T	1	representative_allele_is_somatic_truth
5403	43754051:0:DEL:A>	1	representative_allele_is_somatic_truth
5410	43798313:49:INS:>T	1	representative_allele_is_somatic_truth
5411	43798889:0:DEL:T>	1	representative_allele_is_somatic_truth
5412	43802716:0:DEL:A>	1	representative_allele_is_somatic_truth
5421	43833214:33:INS:>T	1	representative_allele_is_somatic_truth
5423	43846017:39:DEL:A>	1	representative_allele_is_somatic_truth
5429	43860104:0:DEL:A>	1	representative_allele_is_somatic_truth
5433	43873836:133:INS:>A	1	representative_allele_is_somatic_truth
5435	43881994:100:DEL:T>	1	representative_allele_is_somatic_truth
5437	43900691:143:DEL:C>	1	representative_allele_is_somatic_truth
5439	43902487:0:DEL:A>	1	representative_allele_is_somatic_truth
5440	43903093:0:INS:>A	1	representative_allele_is_somatic_truth
5449	43958727:5:INS:>T	1	representative_allele_is_somatic_truth
5455	43998826:0:INS:>T	1	representative_allele_is_somatic_truth
5457	44010248:0:INS:>A	1	representative_allele_is_somatic_truth
5458	44012484:0:INS:>T	1	representative_allele_is_somatic_truth
5474	44121066:156:DEL:G>	1	representative_allele_is_somatic_truth
5479	44173753:89:INS:>A	1	representative_allele_is_somatic_truth
5492	44237217:0:INS:>AA	1	representative_allele_is_somatic_truth
5495	44248220:0:DEL:A>	1	representative_allele_is_somatic_truth
5499	44256333:0:INS:>A	1	representative_allele_is_somatic_truth
5502	44279358:36:INS:>A	1	representative_allele_is_somatic_truth
5505	44288239:0:DEL:A>	1	representative_allele_is_somatic_truth
5513	44302792:94:INS:>A	1	representative_allele_is_somatic_truth
5525	44349151:53:INS:>A	1	representative_allele_is_somatic_truth
5530	44366440:0:INS:>TATA	1	representative_allele_is_somatic_truth
5532	44372176:36:INS:>A	1	representative_allele_is_somatic_truth
5541	44410033:414:INS:>T	1	representative_allele_is_somatic_truth
5551	44440137:30:INS:>T	1	representative_allele_is_somatic_truth
5557	44459403:0:INS:>T	1	representative_allele_is_somatic_truth
5563	44467813:0:DEL:T>	1	representative_allele_is_somatic_truth
5564	44469188:0:INS:>T	1	representative_allele_is_somatic_truth
5571	44482827:0:DEL:A>	1	representative_allele_is_somatic_truth
5579	44490381:5:DEL:A>	1	representative_allele_is_somatic_truth
5582	44493296:104:DEL:T>	1	representative_allele_is_somatic_truth
5585	44499666:0:DEL:T>	1	representative_allele_is_somatic_truth
5587	44507000:0:DEL:A>	1	representative_allele_is_somatic_truth
5589	44510733:296:DEL:AA>	1	representative_allele_is_somatic_truth
5593	44532995:1:INS:>TG	1	representative_allele_is_somatic_truth
5601	44547128:41:DEL:C>	1	representative_allele_is_somatic_truth
5605	44558835:0:DEL:T>	1	representative_allele_is_somatic_truth
5607	44565820:0:DEL:T>	1	representative_allele_is_somatic_truth
5608	44567698:0:DEL:A>	1	representative_allele_is_somatic_truth
5614	44575661:0:DEL:A>	1	representative_allele_is_somatic_truth
5617	44580828:0:DEL:T>	1	representative_allele_is_somatic_truth
5619	44592164:0:DEL:T>	1	representative_allele_is_somatic_truth
5623	44600002:190:DEL:C>	1	representative_allele_is_somatic_truth
5624	44600836:0:INS:>A	1	representative_allele_is_somatic_truth
5625	44610548:135:DEL:GCTGTGCCCTCA>	1	representative_allele_is_somatic_truth
5629	44620685:0:INS:>TT	1	representative_allele_is_somatic_truth
5631	44647232:0:INS:>A	1	representative_allele_is_somatic_truth
5635	44692386:3:INS:>A	1	representative_allele_is_somatic_truth
5637	44700559:112:DEL:TT>@44700561	1	representative_allele_is_somatic_truth
5642	44737112:227:INS:>A	1	representative_allele_is_somatic_truth
5121	44875321:0:INS:>T	1	representative_allele_is_somatic_truth
5121	44875323:0:INS:>T	1	representative_allele_is_somatic_truth
4649	44897630:327:INS:>A	1	representative_allele_is_somatic_truth
4651	44900593:57:DEL:A>	1	representative_allele_is_somatic_truth
4654	44906045:0:DEL:A>	1	representative_allele_is_somatic_truth
5655	44943806:65:DEL:GCTTCCAAAA>	1	representative_allele_is_somatic_truth
5662	44995783:354:INS:>A	1	representative_allele_is_somatic_truth
5666	45014642:317:DEL:CTATGT>	1	representative_allele_is_somatic_truth
5669	45021206:0:DEL:A>	1	representative_allele_is_somatic_truth
5672	45029691:94:DEL:C>	1	representative_allele_is_somatic_truth
5673	45034102:0:INS:>A	1	representative_allele_is_somatic_truth
5674	45036087:0:DEL:TT>@45036088	1	representative_allele_is_somatic_truth
5679	45056177:92:DEL:TATTTTC>	1	representative_allele_is_somatic_truth
5687	45105913:75:INS:>A	1	representative_allele_is_somatic_truth
5695	45122296:0:INS:>A	1	representative_allele_is_somatic_truth
5702	45141276:59:INS:>A	1	representative_allele_is_somatic_truth
5706	45171599:0:DEL:T>	1	representative_allele_is_somatic_truth
5716	45203529:170:INS:>A	1	representative_allele_is_somatic_truth
5726	45237770:16:INS:>TT	1	representative_allele_is_somatic_truth
5729	45266775:0:INS:>A	1	representative_allele_is_somatic_truth
5732	45298135:86:DEL:ATTGTATGTACAATC>	1	representative_allele_is_somatic_truth
5733	45308997:0:DEL:A>	1	representative_allele_is_somatic_truth
5736	45324407:38:DEL:AGTCCTC>	1	representative_allele_is_somatic_truth
5741	45364684:98:DEL:TTG>	1	representative_allele_is_somatic_truth
5742	45374985:19:DEL:G>	1	representative_allele_is_somatic_truth
5744	45380613:30:INS:>T	1	representative_allele_is_somatic_truth
5750	45388893:0:DEL:AA>	1	representative_allele_is_somatic_truth
5754	45430597:10:DEL:AATATGAA>	1	representative_allele_is_somatic_truth
5759	45480359:0:DEL:T>	1	representative_allele_is_somatic_truth
5760	45480775:60:DEL:GACCAAAACAA>	1	representative_allele_is_somatic_truth
5763	45497889:0:DEL:T>	1	representative_allele_is_somatic_truth
5770	45519345:0:INS:>T	1	representative_allele_is_somatic_truth
5773	45556937:0:INS:>AA	1	representative_allele_is_somatic_truth
5774	45557882:121:INS:>T	1	representative_allele_is_somatic_truth
5776	45576161:51:INS:>T	1	representative_allele_is_somatic_truth
5783	45716921:0:INS:>A	1	representative_allele_is_somatic_truth
5787	45721738:0:DEL:A>	1	representative_allele_is_somatic_truth
5793	45803137:0:DEL:A>	1	representative_allele_is_somatic_truth
5815	45945452:0:INS:>A	1	representative_allele_is_somatic_truth
5820	45952760:778:INS:>T	1	representative_allele_is_somatic_truth
5823	45971211:0:INS:>T	1	representative_allele_is_somatic_truth
5828	45989846:40:DEL:TGGGAAACAGTCT>	1	representative_allele_is_somatic_truth
5829	45996302:16:INS:>A	1	representative_allele_is_somatic_truth
5830	45998315:0:DEL:T>	1	representative_allele_is_somatic_truth
5840	46022952:37:INS:>A	1	representative_allele_is_somatic_truth
5841	46030424:0:INS:>A	1	representative_allele_is_somatic_truth
5843	46045705:0:INS:>AT	1	representative_allele_is_somatic_truth
5875	46086385:0:DEL:A>	1	representative_allele_is_somatic_truth
5876	46091662:0:INS:>T	1	representative_allele_is_somatic_truth
5878	46095173:0:DEL:T>	1	representative_allele_is_somatic_truth
5879	46095892:0:DEL:T>	1	representative_allele_is_somatic_truth
5880	46097093:0:INS:>A	1	representative_allele_is_somatic_truth
5881	46100729:53:DEL:T>	1	representative_allele_is_somatic_truth
5882	46101380:0:DEL:AA>	1	representative_allele_is_somatic_truth
5885	46109362:37:DEL:A>	1	representative_allele_is_somatic_truth
5888	46112688:99:DEL:A>	1	representative_allele_is_somatic_truth
5890	46118198:134:DEL:A>	1	representative_allele_is_somatic_truth
5894	46126668:0:DEL:TA>@46126669	1	representative_allele_is_somatic_truth
5898	46128298:5:DEL:G>	1	representative_allele_is_somatic_truth
5899	46128829:0:INS:>T	1	representative_allele_is_somatic_truth
5903	46134699:56:INS:>A	1	representative_allele_is_somatic_truth
5910	46142517:0:INS:>A	1	representative_allele_is_somatic_truth
5918	46155160:256:DEL:T>	1	representative_allele_is_somatic_truth
5934	46187603:242:DEL:T>	1	representative_allele_is_somatic_truth
5941	46192452:27:INS:>A	1	representative_allele_is_somatic_truth
5949	46205533:750:INS:>T	1	representative_allele_is_somatic_truth
5951	46207984:25:INS:>T	1	representative_allele_is_somatic_truth
5953	46214425:308:DEL:A>	1	representative_allele_is_somatic_truth
5954	46217047:32:INS:>A	1	representative_allele_is_somatic_truth
5958	46227270:0:INS:>AT	1	representative_allele_is_somatic_truth
5966	46247236:0:DEL:A>	1	representative_allele_is_somatic_truth
5971	46259347:0:INS:>T	1	representative_allele_is_somatic_truth
5972	46261172:50:INS:>T	1	representative_allele_is_somatic_truth
5973	46261295:0:INS:>A	1	representative_allele_is_somatic_truth
5974	46262822:20:DEL:T>	1	representative_allele_is_somatic_truth
5975	46263551:0:DEL:A>	1	representative_allele_is_somatic_truth
5981	46269850:20:DEL:A>	1	representative_allele_is_somatic_truth
5985	46281271:0:DEL:T>	1	representative_allele_is_somatic_truth
5995	46299979:0:DEL:A>	1	representative_allele_is_somatic_truth
6003	46318844:175:DEL:A>	1	representative_allele_is_somatic_truth
6004	46319638:118:DEL:T>	1	representative_allele_is_somatic_truth
6005	46319729:137:INS:>T	1	representative_allele_is_somatic_truth
6008	46334766:23:INS:>ATAT	1	representative_allele_is_somatic_truth
6021	46364250:29:DEL:TATTTGTTTTT>	1	representative_allele_is_somatic_truth
6023	46373088:0:DEL:T>	1	representative_allele_is_somatic_truth
6027	46380526:0:DEL:T>	1	representative_allele_is_somatic_truth
6031	46393213:0:INS:>AC	1	representative_allele_is_somatic_truth
6127	46417000:0:DEL:TA>@46417001	1	representative_allele_is_somatic_truth
6134	46437121:5:INS:>A	1	representative_allele_is_somatic_truth
6142	46457574:138:INS:>A	1	representative_allele_is_somatic_truth
6143	46458613:0:DEL:AA>@46458614	1	representative_allele_is_somatic_truth
6160	46522119:0:DEL:A>	1	representative_allele_is_somatic_truth
6161	46523431:14:INS:>AT	1	representative_allele_is_somatic_truth
6163	46524260:0:DEL:A>	1	representative_allele_is_somatic_truth
6167	46529540:0:INS:>A	1	representative_allele_is_somatic_truth
6171	46534467:290:INS:>ATAT	1	representative_allele_is_somatic_truth
6173	46536971:28:INS:>A	1	representative_allele_is_somatic_truth
6180	46555744:0:INS:>T	1	representative_allele_is_somatic_truth
6187	46576011:0:DEL:T>	1	representative_allele_is_somatic_truth
6192	46590233:163:DEL:AAAAGAAATAACCAAGGCCAGAGCAGAATTAAATGA>	1	representative_allele_is_somatic_truth
6194	46595075:470:DEL:T>	1	representative_allele_is_somatic_truth
6195	46595182:0:INS:>A	1	representative_allele_is_somatic_truth
6196	46617313:262:DEL:G>	1	representative_allele_is_somatic_truth
6199	46630902:20:INS:>A	1	representative_allele_is_somatic_truth
6200	46637644:181:INS:>A	1	representative_allele_is_somatic_truth
6203	46680968:471:DEL:A>	1	representative_allele_is_somatic_truth
6205	46695290:30:DEL:TGTCACCTAGGTTGGAG>	1	representative_allele_is_somatic_truth
6206	46704211:32:DEL:TCTATTACCCAGGCTA>@46704212+46704214	1	representative_allele_is_somatic_truth
6207	46706479:156:INS:>A	1	representative_allele_is_somatic_truth
6209	46721869:2:INS:>T	1	representative_allele_is_somatic_truth
6210	46723013:0:DEL:T>	1	representative_allele_is_somatic_truth
6212	46743662:77:INS:>T	1	representative_allele_is_somatic_truth
6230	46839917:0:INS:>A	1	representative_allele_is_somatic_truth
6234	46866925:10:DEL:A>	1	representative_allele_is_somatic_truth
6237	46871101:0:INS:>A	1	representative_allele_is_somatic_truth
6245	46891345:0:INS:>T	1	representative_allele_is_somatic_truth
6249	46895420:159:INS:>T	1	representative_allele_is_somatic_truth
6259	46920282:23:DEL:A>	1	representative_allele_is_somatic_truth
6260	46922206:0:DEL:T>	1	representative_allele_is_somatic_truth
6262	46924914:20:INS:>A	1	representative_allele_is_somatic_truth
6265	46937000:23:INS:>T	1	representative_allele_is_somatic_truth
6272	46951089:0:DEL:A>	1	representative_allele_is_somatic_truth
6275	46954692:13:DEL:A>	1	representative_allele_is_somatic_truth
6281	46967334:292:INS:>T	1	representative_allele_is_somatic_truth
6289	46984545:185:DEL:A>	1	representative_allele_is_somatic_truth
6293	47008707:34:DEL:C>	1	representative_allele_is_somatic_truth
6346	47055615:0:INS:>T	1	representative_allele_is_somatic_truth
6345	47056852:0:INS:>A	1	representative_allele_is_somatic_truth
6338	47079330:0:DEL:GCAAAA>@47079329	1	representative_allele_is_somatic_truth
6337	47079747:10:DEL:ATAGGCATAAATATT>	1	representative_allele_is_somatic_truth
6331	47099140:0:INS:>T	1	representative_allele_is_somatic_truth
6329	47101032:0:DEL:T>	1	representative_allele_is_somatic_truth
6327	47103526:0:DEL:GTGTGT>@47103525	1	representative_allele_is_somatic_truth
6317	47173184:102:INS:>A	1	representative_allele_is_somatic_truth
6316	47189415:245:INS:>T	1	representative_allele_is_somatic_truth
6311	47211997:2:INS:>AC	1	representative_allele_is_somatic_truth
6306	47242432:28:DEL:A>	1	representative_allele_is_somatic_truth
6304	47246761:3:DEL:A>	1	representative_allele_is_somatic_truth
6299	47260889:20:DEL:CTTTT>	1	representative_allele_is_somatic_truth
6373	47280219:63:DEL:C>	1	representative_allele_is_somatic_truth
6371	47298495:0:INS:>CAACAA	1	representative_allele_is_somatic_truth
6369	47318860:444:INS:>A	1	representative_allele_is_somatic_truth
6368	47323390:0:INS:>TATATATATA	1	representative_allele_is_somatic_truth
6367	47325645:0:INS:>A	1	representative_allele_is_somatic_truth
6361	47349084:41:INS:>T	1	representative_allele_is_somatic_truth
6352	47392624:267:INS:>A	1	representative_allele_is_somatic_truth
6437	47449411:0:DEL:A>	1	representative_allele_is_somatic_truth
6439	47460074:0:INS:>AA	1	representative_allele_is_somatic_truth
6440	47461348:0:DEL:T>	1	representative_allele_is_somatic_truth
6441	47463027:0:INS:>A	1	representative_allele_is_somatic_truth
6444	47471531:0:DEL:A>	1	representative_allele_is_somatic_truth
6448	47489731:88:INS:>A	1	representative_allele_is_somatic_truth
6122	47558387:0:DEL:AA>	1	representative_allele_is_somatic_truth
6117	47574189:0:INS:>A	1	representative_allele_is_somatic_truth
6116	47580558:0:INS:>A	1	representative_allele_is_somatic_truth
6109	47593294:0:DEL:T>	1	representative_allele_is_somatic_truth
6107	47598308:153:DEL:A>	1	representative_allele_is_somatic_truth
6106	47599059:129:DEL:T>	1	representative_allele_is_somatic_truth
6102	47618277:2:DEL:C>	1	representative_allele_is_somatic_truth
6099	47623510:0:INS:>T	1	representative_allele_is_somatic_truth
6098	47623586:79:DEL:A>	1	representative_allele_is_somatic_truth
6096	47629064:347:INS:>ATCTGTAT	1	representative_allele_is_somatic_truth
6094	47629067:132:INS:>ATTTTATTT	1	representative_allele_is_somatic_truth
6095	47629067:171:DEL:T>	1	representative_allele_is_somatic_truth
6093	47631070:75:INS:>T	1	representative_allele_is_somatic_truth
6084	47664768:114:INS:>A	1	representative_allele_is_somatic_truth
6083	47667402:0:INS:>T	1	representative_allele_is_somatic_truth
6080	47673966:0:DEL:T>	1	representative_allele_is_somatic_truth
6077	47693563:298:INS:>T	1	representative_allele_is_somatic_truth
6069	47713912:0:INS:>A	1	representative_allele_is_somatic_truth
6067	47721318:179:INS:>C	1	representative_allele_is_somatic_truth
6063	47736040:198:INS:>A	1	representative_allele_is_somatic_truth
6062	47739068:0:INS:>A	1	representative_allele_is_somatic_truth
6057	47760858:0:INS:>A	1	representative_allele_is_somatic_truth
6050	47788401:0:INS:>A	1	representative_allele_is_somatic_truth
6048	47793648:102:INS:>AG	1	representative_allele_is_somatic_truth
6046	47801938:195:DEL:T>	1	representative_allele_is_somatic_truth
6035	47873854:139:INS:>AA	1	representative_allele_is_somatic_truth
6382	48014805:0:DEL:A>	1	representative_allele_is_somatic_truth
6380	48024085:0:INS:>A	1	representative_allele_is_somatic_truth
6379	48040477:0:INS:>TT	1	representative_allele_is_somatic_truth
6377	48053666:254:DEL:A>	1	representative_allele_is_somatic_truth
6460	48133065:0:INS:>T	1	representative_allele_is_somatic_truth
6456	48168586:0:INS:>G	1	representative_allele_is_somatic_truth
6454	48170940:0:INS:>A	1	representative_allele_is_somatic_truth
5863	48270908:0:DEL:A>	1	representative_allele_is_somatic_truth
5849	48329418:104:INS:>T	1	representative_allele_is_somatic_truth
5848	48331390:320:DEL:TA>	1	representative_allele_is_somatic_truth
6426	48375656:176:INS:>A	1	representative_allele_is_somatic_truth
6421	48392408:1023:INS:>T	1	representative_allele_is_somatic_truth
6419	48394275:0:INS:>TATA	1	representative_allele_is_somatic_truth
6465	48438783:0:INS:>TT	1	representative_allele_is_somatic_truth
6488	48553228:114:INS:>A	1	representative_allele_is_somatic_truth
6494	48579684:51:DEL:A>	1	representative_allele_is_somatic_truth
6496	48585839:13:INS:>A	1	representative_allele_is_somatic_truth
6498	48599425:25:INS:>A	1	representative_allele_is_somatic_truth
6503	48606991:43:INS:>T	1	representative_allele_is_somatic_truth
6957	48636004:6:INS:>A	1	representative_allele_is_somatic_truth
6996	48723448:0:INS:>T	1	representative_allele_is_somatic_truth
7001	48733810:9:INS:>A	1	representative_allele_is_somatic_truth
7004	48744917:0:DEL:T>	1	representative_allele_is_somatic_truth
7009	48762986:12:INS:>A	1	representative_allele_is_somatic_truth
7015	48770961:0:INS:>T	1	representative_allele_is_somatic_truth
7018	48780546:0:DEL:C>	1	representative_allele_is_somatic_truth
7019	48780766:0:DEL:T>	1	representative_allele_is_somatic_truth
7020	48781186:150:DEL:T>	1	representative_allele_is_somatic_truth
7026	48793146:0:DEL:A>	1	representative_allele_is_somatic_truth
7031	48811508:1:DEL:A>	1	representative_allele_is_somatic_truth
7034	48822506:0:DEL:AA>@48822507	1	representative_allele_is_somatic_truth
7036	48826515:522:INS:>T	1	representative_allele_is_somatic_truth
7037	48827501:292:DEL:A>	1	representative_allele_is_somatic_truth
7039	48833368:0:DEL:A>	1	representative_allele_is_somatic_truth
7063	48926725:25:DEL:C>	1	representative_allele_is_somatic_truth
7068	48964250:345:DEL:A>	1	representative_allele_is_somatic_truth
7069	48967231:0:DEL:T>	1	representative_allele_is_somatic_truth
7070	48968675:0:INS:>A	1	representative_allele_is_somatic_truth
7071	48971651:143:DEL:T>	1	representative_allele_is_somatic_truth
7072	48974446:95:DEL:A>	1	representative_allele_is_somatic_truth
7075	48984081:0:DEL:A>	1	representative_allele_is_somatic_truth
7092	49067128:18:INS:>T	1	representative_allele_is_somatic_truth
7103	49109205:181:INS:>T	1	representative_allele_is_somatic_truth
7112	49136715:103:DEL:C>	1	representative_allele_is_somatic_truth
7117	49158160:127:DEL:A>	1	representative_allele_is_somatic_truth
7121	49167429:0:INS:>T	1	representative_allele_is_somatic_truth
7124	49172888:0:INS:>T	1	representative_allele_is_somatic_truth
7133	49222077:0:INS:>T	1	representative_allele_is_somatic_truth
7136	49234007:13:DEL:T>	1	representative_allele_is_somatic_truth
7137	49237939:0:INS:>T	1	representative_allele_is_somatic_truth
7138	49238649:0:DEL:A>	1	representative_allele_is_somatic_truth
7143	49284476:0:INS:>TT	1	representative_allele_is_somatic_truth
7144	49287353:35:INS:>A	1	representative_allele_is_somatic_truth
7148	49306414:0:INS:>A	1	representative_allele_is_somatic_truth
7152	49310272:131:INS:>A	1	representative_allele_is_somatic_truth
7162	49350443:94:INS:>T	1	representative_allele_is_somatic_truth
7170	49383802:97:INS:>T	1	representative_allele_is_somatic_truth
7175	49414294:3:INS:>AG	1	representative_allele_is_somatic_truth
7177	49434365:0:DEL:T>	1	representative_allele_is_somatic_truth
7183	49466402:0:INS:>T	1	representative_allele_is_somatic_truth
7207	49521824:171:INS:>A	1	representative_allele_is_somatic_truth
7211	49540808:0:DEL:A>	1	representative_allele_is_somatic_truth
7215	49548970:0:INS:>A	1	representative_allele_is_somatic_truth
7216	49549964:124:DEL:G>	1	representative_allele_is_somatic_truth
7217	49552327:0:INS:>T	1	representative_allele_is_somatic_truth
7220	49565703:79:DEL:TTGGAGTTGAG>	1	representative_allele_is_somatic_truth
7222	49570047:0:DEL:T>	1	representative_allele_is_somatic_truth
7224	49575632:87:DEL:A>	1	representative_allele_is_somatic_truth
7227	49592419:0:INS:>T	1	representative_allele_is_somatic_truth
7229	49593888:60:DEL:A>	1	representative_allele_is_somatic_truth
7231	49605533:0:DEL:T>	1	representative_allele_is_somatic_truth
7249	49646874:101:DEL:T>	1	representative_allele_is_somatic_truth
7250	49647131:30:INS:>A	1	representative_allele_is_somatic_truth
7251	49647232:382:INS:>A	1	representative_allele_is_somatic_truth
7252	49648710:0:DEL:AA>	1	representative_allele_is_somatic_truth
7263	49690076:3:INS:>A	1	representative_allele_is_somatic_truth
7266	49698192:0:INS:>AA	1	representative_allele_is_somatic_truth
7267	49700218:0:INS:>T	1	representative_allele_is_somatic_truth
7280	49748322:0:DEL:T>	1	representative_allele_is_somatic_truth
7301	49862753:303:INS:>T	1	representative_allele_is_somatic_truth
7303	49871337:0:INS:>C	1	representative_allele_is_somatic_truth
7306	49885498:0:DEL:AT>	1	representative_allele_is_somatic_truth
7308	49890723:86:DEL:T>	1	representative_allele_is_somatic_truth
7315	49928942:0:DEL:T>	1	representative_allele_is_somatic_truth
7329	49967597:0:INS:>A	1	representative_allele_is_somatic_truth
7332	49996981:49:DEL:G>	1	representative_allele_is_somatic_truth
6982	50081306:31:DEL:GTC>	1	representative_allele_is_somatic_truth
6981	50082189:0:DEL:A>	1	representative_allele_is_somatic_truth
6978	50098190:129:DEL:A>	1	representative_allele_is_somatic_truth
6510	50154576:115:DEL:A>	1	representative_allele_is_somatic_truth
6519	50195769:0:DEL:T>	1	representative_allele_is_somatic_truth
6531	50216412:0:INS:>A	1	representative_allele_is_somatic_truth
6533	50218079:0:INS:>A	1	representative_allele_is_somatic_truth
6534	50218706:8:DEL:TTTG>	1	representative_allele_is_somatic_truth
6536	50219854:79:INS:>A	1	representative_allele_is_somatic_truth
6537	50220131:39:DEL:T>	1	representative_allele_is_somatic_truth
6540	50223317:170:INS:>T	1	representative_allele_is_somatic_truth
6549	50241252:114:DEL:A>	1	representative_allele_is_somatic_truth
7342	50248613:3:DEL:T>	1	representative_allele_is_somatic_truth
7350	50264641:0:INS:>T	1	representative_allele_is_somatic_truth
7352	50269469:0:INS:>T	1	representative_allele_is_somatic_truth
7356	50278737:0:INS:>A	1	representative_allele_is_somatic_truth
7357	50279135:48:INS:>T	1	representative_allele_is_somatic_truth
7358	50280058:0:DEL:A>	1	representative_allele_is_somatic_truth
7358	50280060:0:DEL:A>	1	representative_allele_is_somatic_truth
7361	50288400:0:DEL:T>	1	representative_allele_is_somatic_truth
7366	50302574:0:DEL:T>	1	representative_allele_is_somatic_truth
7368	50310738:0:INS:>T	1	representative_allele_is_somatic_truth
7374	50332226:0:INS:>A	1	representative_allele_is_somatic_truth
7379	50375752:0:INS:>A	1	representative_allele_is_somatic_truth
7384	50405449:0:INS:>TA	1	representative_allele_is_somatic_truth
7386	50423529:0:INS:>T	1	representative_allele_is_somatic_truth
7395	50445523:77:DEL:A>	1	representative_allele_is_somatic_truth
7401	50464017:0:DEL:T>	1	representative_allele_is_somatic_truth
7403	50468900:0:INS:>T	1	representative_allele_is_somatic_truth
7407	50486652:74:INS:>A	1	representative_allele_is_somatic_truth
7415	50608303:265:DEL:AGA>	1	representative_allele_is_somatic_truth
7418	50636851:35:INS:>T	1	representative_allele_is_somatic_truth
6970	50675526:26:INS:>A	1	representative_allele_is_somatic_truth
6932	50686497:0:DEL:A>	1	representative_allele_is_somatic_truth
6919	50714705:0:INS:>A	1	representative_allele_is_somatic_truth
6913	50729889:74:DEL:A>	1	representative_allele_is_somatic_truth
6909	50740797:0:INS:>T	1	representative_allele_is_somatic_truth
6905	50755345:0:DEL:T>	1	representative_allele_is_somatic_truth
6900	50762991:7:DEL:TTTC>	1	representative_allele_is_somatic_truth
6881	50824455:16:DEL:A>	1	representative_allele_is_somatic_truth
6878	50833262:83:DEL:T>	1	representative_allele_is_somatic_truth
6874	50839202:0:DEL:A>	1	representative_allele_is_somatic_truth
6872	50840216:195:INS:>A	1	representative_allele_is_somatic_truth
6869	50841942:147:DEL:TT>	1	representative_allele_is_somatic_truth
6868	50848140:647:DEL:A>	1	representative_allele_is_somatic_truth
6866	50876780:83:INS:>A	1	representative_allele_is_somatic_truth
6860	50886042:90:INS:>A	1	representative_allele_is_somatic_truth
6859	50887216:120:INS:>T	1	representative_allele_is_somatic_truth
6858	50888784:0:INS:>T	1	representative_allele_is_somatic_truth
6857	50889436:55:INS:>T	1	representative_allele_is_somatic_truth
6855	50902618:90:DEL:AATGA>	1	representative_allele_is_somatic_truth
6854	50904317:246:DEL:AAA>	1	representative_allele_is_somatic_truth
6848	50919291:0:INS:>A	1	representative_allele_is_somatic_truth
6846	50920144:0:INS:>A	1	representative_allele_is_somatic_truth
6841	50939759:66:INS:>T	1	representative_allele_is_somatic_truth
6836	50959791:18:DEL:A>	1	representative_allele_is_somatic_truth
6833	50963981:23:DEL:GTTCCCCAGAATAACCTT>	1	representative_allele_is_somatic_truth
6826	50975906:145:INS:>A	1	representative_allele_is_somatic_truth
6820	50979396:887:DEL:T>	1	representative_allele_is_somatic_truth
6816	50989746:30:INS:>A	1	representative_allele_is_somatic_truth
6815	50990995:236:DEL:T>	1	representative_allele_is_somatic_truth
6806	51004987:0:INS:>T	1	representative_allele_is_somatic_truth
6805	51009585:258:INS:>A	1	representative_allele_is_somatic_truth
6800	51017198:0:DEL:T>	1	representative_allele_is_somatic_truth
6800	51017200:0:DEL:T>	1	representative_allele_is_somatic_truth
6799	51018225:0:INS:>T	1	representative_allele_is_somatic_truth
6795	51025137:169:DEL:A>	1	representative_allele_is_somatic_truth
6783	51067320:106:INS:>T	1	representative_allele_is_somatic_truth
6781	51068449:71:DEL:G>	1	representative_allele_is_somatic_truth
6760	51113808:330:INS:>T	1	representative_allele_is_somatic_truth
6757	51116974:24:INS:>GT	1	representative_allele_is_somatic_truth
6751	51125271:446:INS:>A	1	representative_allele_is_somatic_truth
6745	51133913:0:INS:>T	1	representative_allele_is_somatic_truth
6741	51151500:0:DEL:A>	1	representative_allele_is_somatic_truth
6722	51217608:168:DEL:ACGG>	1	representative_allele_is_somatic_truth
6719	51224462:255:DEL:T>	1	representative_allele_is_somatic_truth
6710	51249175:313:DEL:T>	1	representative_allele_is_somatic_truth
6695	51264806:235:INS:>A	1	representative_allele_is_somatic_truth
6694	51265234:173:DEL:CAAGC>	1	representative_allele_is_somatic_truth
6692	51269391:250:DEL:T>	1	representative_allele_is_somatic_truth
6687	51294308:0:INS:>T	1	representative_allele_is_somatic_truth
6681	51327811:0:INS:>T	1	representative_allele_is_somatic_truth
6680	51328628:0:DEL:TT>@51328627	1	representative_allele_is_somatic_truth
6678	51336699:548:DEL:AA>	1	representative_allele_is_somatic_truth
6670	51348600:0:INS:>T	1	representative_allele_is_somatic_truth
6668	51349184:0:INS:>T	1	representative_allele_is_somatic_truth
6667	51351932:0:DEL:A>	1	representative_allele_is_somatic_truth
6660	51374966:0:INS:>AAG	1	representative_allele_is_somatic_truth
6656	51378308:0:DEL:T>	1	representative_allele_is_somatic_truth
6651	51408435:0:DEL:T>	1	representative_allele_is_somatic_truth
6644	51412107:0:DEL:A>	1	representative_allele_is_somatic_truth
6642	51416261:53:INS:>A	1	representative_allele_is_somatic_truth
6641	51418749:9:DEL:A>	1	representative_allele_is_somatic_truth
6640	51418805:225:DEL:TT>	1	representative_allele_is_somatic_truth
6638	51422965:99:DEL:T>	1	representative_allele_is_somatic_truth
6635	51434984:37:INS:>A	1	representative_allele_is_somatic_truth
6592	51533896:0:INS:>A	1	representative_allele_is_somatic_truth
6955	51579030:122:INS:>TT	1	representative_allele_is_somatic_truth
6954	51579122:373:DEL:A>	1	representative_allele_is_somatic_truth
6936	51615928:86:INS:>A	1	representative_allele_is_somatic_truth
6942	51624778:0:INS:>T	1	representative_allele_is_somatic_truth
6948	51653225:0:DEL:A>	1	representative_allele_is_somatic_truth
6950	51656675:0:DEL:T>	1	representative_allele_is_somatic_truth
6554	51680346:61:DEL:T>	1	representative_allele_is_somatic_truth
6588	51688192:26:INS:>A	1	representative_allele_is_somatic_truth
6579	51703748:0:INS:>A	1	representative_allele_is_somatic_truth
6575	51706012:38:INS:>A	1	representative_allele_is_somatic_truth
6573	51715427:114:DEL:T>	1	representative_allele_is_somatic_truth
6570	51719865:0:INS:>A	1	representative_allele_is_somatic_truth
6565	51731595:0:INS:>A	1	representative_allele_is_somatic_truth
6564	51731606:0:INS:>A	1	representative_allele_is_somatic_truth
7186	51757864:77:DEL:G>	1	representative_allele_is_somatic_truth
7193	51771036:13:DEL:T>	1	representative_allele_is_somatic_truth
7194	51771755:0:DEL:T>	1	representative_allele_is_somatic_truth
7200	51788464:0:DEL:A>	1	representative_allele_is_somatic_truth
7204	51804334:265:DEL:A>	1	representative_allele_is_somatic_truth
7460	51843861:13:INS:>A	1	representative_allele_is_somatic_truth
7454	51856310:55:DEL:A>	1	representative_allele_is_somatic_truth
7450	51864428:45:INS:>T	1	representative_allele_is_somatic_truth
7525	51932484:51:INS:>A	1	representative_allele_is_somatic_truth
7518	51987957:89:INS:>A	1	representative_allele_is_somatic_truth
7517	51989765:50:INS:>T	1	representative_allele_is_somatic_truth
7516	51994502:8:DEL:TTT>	1	representative_allele_is_somatic_truth
7514	52039087:15:INS:>AT	1	representative_allele_is_somatic_truth
7513	52040571:174:DEL:A>	1	representative_allele_is_somatic_truth
7512	52055392:32:DEL:T>	1	representative_allele_is_somatic_truth
7508	52073685:31:DEL:A>	1	representative_allele_is_somatic_truth
7507	52076930:23:DEL:T>	1	representative_allele_is_somatic_truth
7502	52083910:161:INS:>T	1	representative_allele_is_somatic_truth
7500	52102100:19:DEL:TATTTGTGGTCAA>	1	representative_allele_is_somatic_truth
7935	52134292:318:DEL:T>	1	representative_allele_is_somatic_truth
7940	52142676:405:DEL:T>	1	representative_allele_is_somatic_truth
7941	52143472:0:DEL:TC>@52143473	1	representative_allele_is_somatic_truth
7942	52146627:30:DEL:T>	1	representative_allele_is_somatic_truth
7943	52146739:406:INS:>T	1	representative_allele_is_somatic_truth
7955	52157855:41:INS:>A	1	representative_allele_is_somatic_truth
7956	52158918:171:INS:>T	1	representative_allele_is_somatic_truth
7957	52162169:23:DEL:T>	1	representative_allele_is_somatic_truth
7959	52163884:130:INS:>AT	1	representative_allele_is_somatic_truth
7962	52166243:58:DEL:T>	1	representative_allele_is_somatic_truth
7963	52168997:5:INS:>T	1	representative_allele_is_somatic_truth
7964	52171673:331:DEL:T>	1	representative_allele_is_somatic_truth
7965	52173871:9:DEL:T>	1	representative_allele_is_somatic_truth
7981	52225378:82:DEL:A>	1	representative_allele_is_somatic_truth
7982	52227931:148:DEL:T>	1	representative_allele_is_somatic_truth
7990	52239328:256:INS:>A	1	representative_allele_is_somatic_truth
7991	52240139:351:INS:>T	1	representative_allele_is_somatic_truth
7992	52240309:56:DEL:A>	1	representative_allele_is_somatic_truth
7993	52240811:0:DEL:A>	1	representative_allele_is_somatic_truth
7994	52241268:199:INS:>A	1	representative_allele_is_somatic_truth
7998	52248750:173:INS:>A	1	representative_allele_is_somatic_truth
8001	52252632:7:INS:>T	1	representative_allele_is_somatic_truth
8002	52253769:28:DEL:CTAGAGTTAAG>	1	representative_allele_is_somatic_truth
8011	52260689:10:INS:>A	1	representative_allele_is_somatic_truth
8015	52264355:129:DEL:A>	1	representative_allele_is_somatic_truth
8027	52286877:0:INS:>G	1	representative_allele_is_somatic_truth
8028	52297852:739:INS:>T	1	representative_allele_is_somatic_truth
8033	52309715:644:DEL:T>	1	representative_allele_is_somatic_truth
8040	52323334:423:INS:>T	1	representative_allele_is_somatic_truth
8047	52325768:0:DEL:T>	1	representative_allele_is_somatic_truth
8057	52335943:0:DEL:TTTT>@52335945	1	representative_allele_is_somatic_truth
8061	52338455:75:DEL:G>	1	representative_allele_is_somatic_truth
8063	52340917:182:DEL:A>	1	representative_allele_is_somatic_truth
8067	52349550:66:DEL:T>	1	representative_allele_is_somatic_truth
8068	52349919:8:DEL:A>	1	representative_allele_is_somatic_truth
7432	52405018:153:DEL:A>	1	representative_allele_is_somatic_truth
8077	52441028:168:INS:>T	1	representative_allele_is_somatic_truth
8093	52467768:22:INS:>ACACAC	1	representative_allele_is_somatic_truth
8095	52473121:15:INS:>T	1	representative_allele_is_somatic_truth
8103	52522996:369:INS:>T	1	representative_allele_is_somatic_truth
8104	52523227:6:DEL:A>	1	representative_allele_is_somatic_truth
8107	52527192:1:INS:>A	1	representative_allele_is_somatic_truth
8109	52534148:0:DEL:ACTACTG>@52534149	1	representative_allele_is_somatic_truth
8127	52586470:29:INS:>A	1	representative_allele_is_somatic_truth
8128	52589628:368:INS:>T	1	representative_allele_is_somatic_truth
8133	52598671:563:DEL:A>	1	representative_allele_is_somatic_truth
8142	52629547:14:INS:>AT	1	representative_allele_is_somatic_truth
8143	52635850:5:INS:>A	1	representative_allele_is_somatic_truth
8147	52657327:108:INS:>T	1	representative_allele_is_somatic_truth
8149	52659577:0:DEL:T>	1	representative_allele_is_somatic_truth
8152	52662603:43:INS:>AA	1	representative_allele_is_somatic_truth
8153	52664728:534:INS:>T	1	representative_allele_is_somatic_truth
8158	52671543:156:DEL:T>	1	representative_allele_is_somatic_truth
8161	52672128:68:INS:>A	1	representative_allele_is_somatic_truth
8163	52673864:120:INS:>T	1	representative_allele_is_somatic_truth
8165	52679012:346:DEL:T>	1	representative_allele_is_somatic_truth
8172	52690982:0:DEL:TTT>	1	representative_allele_is_somatic_truth
8176	52705459:24:INS:>T	1	representative_allele_is_somatic_truth
8193	52730364:72:INS:>A	1	representative_allele_is_somatic_truth
8195	52732588:65:DEL:T>	1	representative_allele_is_somatic_truth
8199	52742932:203:DEL:C>	1	representative_allele_is_somatic_truth
8200	52743976:434:INS:>T	1	representative_allele_is_somatic_truth
8206	52754366:34:INS:>T	1	representative_allele_is_somatic_truth
8208	52757571:105:INS:>A	1	representative_allele_is_somatic_truth
8209	52758834:142:INS:>T	1	representative_allele_is_somatic_truth
8211	52760001:420:DEL:A>	1	representative_allele_is_somatic_truth
8212	52761855:33:INS:>A	1	representative_allele_is_somatic_truth
8218	52768830:389:DEL:GGATCTCCTGCA>	1	representative_allele_is_somatic_truth
8219	52770775:0:DEL:T>	1	representative_allele_is_somatic_truth
8221	52772008:40:DEL:T>	1	representative_allele_is_somatic_truth
8228	52783088:11:INS:>ATATATA	1	representative_allele_is_somatic_truth
8230	52788318:0:DEL:TA>@52788319	1	representative_allele_is_somatic_truth
8233	52790704:7:INS:>T	1	representative_allele_is_somatic_truth
8237	52797216:145:INS:>T	1	representative_allele_is_somatic_truth
8250	52810855:286:INS:>T	1	representative_allele_is_somatic_truth
8254	52824640:216:DEL:T>	1	representative_allele_is_somatic_truth
8256	52826136:183:DEL:A>	1	representative_allele_is_somatic_truth
8260	52832246:0:DEL:T>	1	representative_allele_is_somatic_truth
8262	52833752:69:DEL:A>	1	representative_allele_is_somatic_truth
8270	52845838:612:DEL:A>	1	representative_allele_is_somatic_truth
8272	52849728:285:DEL:T>	1	representative_allele_is_somatic_truth
8276	52853994:2:DEL:T>	1	representative_allele_is_somatic_truth
8278	52856283:250:DEL:A>	1	representative_allele_is_somatic_truth
8292	52874582:40:DEL:T>	1	representative_allele_is_somatic_truth
8293	52874908:136:INS:>A	1	representative_allele_is_somatic_truth
8294	52875482:133:DEL:T>	1	representative_allele_is_somatic_truth
8296	52875829:0:INS:>T	1	representative_allele_is_somatic_truth
8303	52882898:0:DEL:TT>@52882899	1	representative_allele_is_somatic_truth
8313	52901107:94:INS:>A	1	representative_allele_is_somatic_truth
8314	52903105:4:DEL:A>	1	representative_allele_is_somatic_truth
8320	52907793:161:INS:>GT	1	representative_allele_is_somatic_truth
8321	52917821:103:INS:>T	1	representative_allele_is_somatic_truth
8322	52922777:123:DEL:ACAACAAACTATCATA>@52922778+52922779	1	representative_allele_is_somatic_truth
8327	52938066:40:DEL:T>	1	representative_allele_is_somatic_truth
8332	52947867:140:INS:>T	1	representative_allele_is_somatic_truth
8346	52991053:2:INS:>T	1	representative_allele_is_somatic_truth
8347	52991578:270:DEL:T>	1	representative_allele_is_somatic_truth
8348	52991962:200:DEL:T>	1	representative_allele_is_somatic_truth
8349	52997557:509:DEL:A>	1	representative_allele_is_somatic_truth
8350	52998178:142:INS:>T	1	representative_allele_is_somatic_truth
8360	53053929:130:INS:>A	1	representative_allele_is_somatic_truth
8363	53085854:29:INS:>AG	1	representative_allele_is_somatic_truth
8364	53092637:15:INS:>T	1	representative_allele_is_somatic_truth
8365	53095716:88:INS:>T	1	representative_allele_is_somatic_truth
8369	53114136:22:INS:>T	1	representative_allele_is_somatic_truth
8375	53121989:1:DEL:TA>@53121990	1	representative_allele_is_somatic_truth
8377	53125660:14:INS:>A	1	representative_allele_is_somatic_truth
8378	53140770:367:INS:>T	1	representative_allele_is_somatic_truth
8384	53163673:1:DEL:T>	1	representative_allele_is_somatic_truth
8385	53164494:37:DEL:A>	1	representative_allele_is_somatic_truth
8391	53173553:0:INS:>TG	1	representative_allele_is_somatic_truth
8392	53177004:0:INS:>T	1	representative_allele_is_somatic_truth
8395	53183058:28:INS:>A	1	representative_allele_is_somatic_truth
8396	53184331:9:INS:>A	1	representative_allele_is_somatic_truth
8398	53189517:114:DEL:CC>	1	representative_allele_is_somatic_truth
8402	53193408:141:INS:>A	1	representative_allele_is_somatic_truth
8407	53203884:9:INS:>T	1	representative_allele_is_somatic_truth
8417	53223110:139:DEL:T>	1	representative_allele_is_somatic_truth
8423	53242762:497:INS:>T	1	representative_allele_is_somatic_truth
8428	53252468:94:DEL:A>	1	representative_allele_is_somatic_truth
8440	53271275:52:DEL:T>	1	representative_allele_is_somatic_truth
8442	53279359:165:DEL:T>	1	representative_allele_is_somatic_truth
7477	53293320:8:INS:>A	1	representative_allele_is_somatic_truth
7476	53302127:39:INS:>ATATATATAT	1	representative_allele_is_somatic_truth
7467	53460123:0:INS:>T	1	representative_allele_is_somatic_truth
7425	53613134:10:DEL:A>	1	representative_allele_is_somatic_truth
7427	53615039:30:DEL:GTCACTGGA>	1	representative_allele_is_somatic_truth
8467	53704647:128:DEL:G>	1	representative_allele_is_somatic_truth
8476	53728017:46:DEL:AAAAAGTCAAGT>	1	representative_allele_is_somatic_truth
8479	53742998:67:DEL:AAC>	1	representative_allele_is_somatic_truth
8484	53774890:28:INS:>G	1	representative_allele_is_somatic_truth
7605	53873101:41:DEL:A>	1	representative_allele_is_somatic_truth
7603	53874769:542:DEL:T>	1	representative_allele_is_somatic_truth
7593	53894419:124:DEL:T>	1	representative_allele_is_somatic_truth
7584	53911063:477:DEL:T>	1	representative_allele_is_somatic_truth
7577	53924397:297:DEL:T>	1	representative_allele_is_somatic_truth
7573	53935099:27:INS:>A	1	representative_allele_is_somatic_truth
7571	53940141:60:DEL:T>	1	representative_allele_is_somatic_truth
7570	53943835:545:DEL:A>	1	representative_allele_is_somatic_truth
7558	54008417:4:INS:>A	1	representative_allele_is_somatic_truth
7557	54013426:0:DEL:C>	1	representative_allele_is_somatic_truth
7555	54034016:200:INS:>TT	1	representative_allele_is_somatic_truth
7545	54095713:20:DEL:A>	1	representative_allele_is_somatic_truth
7541	54119495:180:INS:>T	1	representative_allele_is_somatic_truth
7538	54143880:199:DEL:TGGG>	1	representative_allele_is_somatic_truth
7537	54143933:114:DEL:GCCA>	1	representative_allele_is_somatic_truth
8499	54203407:153:DEL:A>	1	representative_allele_is_somatic_truth
7754	54220373:84:DEL:TGTGTCCACA>	1	representative_allele_is_somatic_truth
7765	54242614:45:DEL:AA>	1	representative_allele_is_somatic_truth
7774	54258829:608:DEL:A>	1	representative_allele_is_somatic_truth
7778	54264789:0:DEL:T>	1	representative_allele_is_somatic_truth
7792	54322927:270:DEL:T>	1	representative_allele_is_somatic_truth
7793	54323973:0:DEL:G>	1	representative_allele_is_somatic_truth
7798	54327056:49:INS:>T	1	representative_allele_is_somatic_truth
7803	54332299:83:INS:>A	1	representative_allele_is_somatic_truth
7804	54332861:101:DEL:T>	1	representative_allele_is_somatic_truth
7806	54336609:35:INS:>A	1	representative_allele_is_somatic_truth
7811	54346037:491:DEL:CA>	1	representative_allele_is_somatic_truth
7812	54348871:47:INS:>T	1	representative_allele_is_somatic_truth
7813	54350014:82:DEL:T>	1	representative_allele_is_somatic_truth
7818	54356251:71:DEL:GCCTGG>	1	representative_allele_is_somatic_truth
7828	54379021:951:INS:>A	1	representative_allele_is_somatic_truth
7829	54379557:42:DEL:T>	1	representative_allele_is_somatic_truth
7832	54385539:95:DEL:G>	1	representative_allele_is_somatic_truth
7834	54386724:4:DEL:ATGG>	1	representative_allele_is_somatic_truth
7836	54397618:0:INS:>T	1	representative_allele_is_somatic_truth
7839	54401918:55:DEL:A>	1	representative_allele_is_somatic_truth
7842	54406350:12:INS:>A	1	representative_allele_is_somatic_truth
7848	54413359:163:INS:>A	1	representative_allele_is_somatic_truth
7867	54446696:31:DEL:A>	1	representative_allele_is_somatic_truth
7873	54450984:4:DEL:T>	1	representative_allele_is_somatic_truth
7880	54474687:38:INS:>A	1	representative_allele_is_somatic_truth
7884	54488272:71:INS:>C	1	representative_allele_is_somatic_truth
7885	54493500:0:INS:>T	1	representative_allele_is_somatic_truth
7894	54515286:6:INS:>T	1	representative_allele_is_somatic_truth
7899	54522072:358:DEL:CCCTG>	1	representative_allele_is_somatic_truth
7902	54522725:41:INS:>T	1	representative_allele_is_somatic_truth
7904	54525822:88:INS:>A	1	representative_allele_is_somatic_truth
7907	54534124:109:DEL:CCATGATGTCTTTGAGAGTGTG>	1	representative_allele_is_somatic_truth
7908	54534421:22:DEL:GCAGTG>	1	representative_allele_is_somatic_truth
7910	54534935:151:DEL:T>	1	representative_allele_is_somatic_truth
7911	54536022:13:DEL:A>	1	representative_allele_is_somatic_truth
7915	54539497:130:INS:>T	1	representative_allele_is_somatic_truth
7917	54543053:154:DEL:A>	1	representative_allele_is_somatic_truth
7922	54553557:141:DEL:A>	1	representative_allele_is_somatic_truth
7933	54565454:115:INS:>T	1	representative_allele_is_somatic_truth
7629	54590320:43:INS:>T	1	representative_allele_is_somatic_truth
7619	54629559:209:DEL:T>	1	representative_allele_is_somatic_truth
7613	54649196:32:INS:>A	1	representative_allele_is_somatic_truth
7606	54674666:80:DEL:CAA>	1	representative_allele_is_somatic_truth
7751	54682056:156:DEL:T>	1	representative_allele_is_somatic_truth
7747	54690158:14:DEL:T>	1	representative_allele_is_somatic_truth
7733	54714961:7:INS:>T	1	representative_allele_is_somatic_truth
7729	54717011:186:DEL:T>	1	representative_allele_is_somatic_truth
7728	54717861:127:DEL:T>	1	representative_allele_is_somatic_truth
7725	54719997:28:DEL:T>	1	representative_allele_is_somatic_truth
7723	54721740:24:DEL:A>	1	representative_allele_is_somatic_truth
7713	54738917:145:INS:>A	1	representative_allele_is_somatic_truth
7707	54756428:10:DEL:T>	1	representative_allele_is_somatic_truth
7690	54793244:12:INS:>A	1	representative_allele_is_somatic_truth
7689	54794334:247:INS:>TGTGTG	1	representative_allele_is_somatic_truth
7681	54804869:274:DEL:T>	1	representative_allele_is_somatic_truth
7680	54807847:141:INS:>T	1	representative_allele_is_somatic_truth
7678	54811977:17:INS:>A	1	representative_allele_is_somatic_truth
7676	54819084:18:INS:>TT	1	representative_allele_is_somatic_truth
7669	54831629:24:INS:>T	1	representative_allele_is_somatic_truth
7668	54831854:71:DEL:A>	1	representative_allele_is_somatic_truth
7655	54850167:0:INS:>T	1	representative_allele_is_somatic_truth
7644	54866127:67:INS:>A	1	representative_allele_is_somatic_truth
7482	54915828:20:INS:>A	1	representative_allele_is_somatic_truth
7484	54923935:0:DEL:TT>	1	representative_allele_is_somatic_truth
16722	54993204:0:INS:>A	1	representative_allele_is_somatic_truth
16726	55021411:0:DEL:A>	1	representative_allele_is_somatic_truth
16738	55131015:147:INS:>A	1	representative_allele_is_somatic_truth
16742	55162286:0:DEL:CCC>@55162287+55162288	1	representative_allele_is_somatic_truth
16745	55180593:101:INS:>A	1	representative_allele_is_somatic_truth
16752	55221583:8:DEL:A>	1	representative_allele_is_somatic_truth
16753	55222555:0:DEL:A>	1	representative_allele_is_somatic_truth
16775	55310616:0:DEL:A>	1	representative_allele_is_somatic_truth
16776	55311716:0:INS:>T	1	representative_allele_is_somatic_truth
16779	55331616:0:INS:>A	1	representative_allele_is_somatic_truth
16788	55393455:144:INS:>A	1	representative_allele_is_somatic_truth
16794	55414929:4:INS:>T	1	representative_allele_is_somatic_truth
16795	55415596:0:INS:>A	1	representative_allele_is_somatic_truth
16799	55439948:107:DEL:A>	1	representative_allele_is_somatic_truth
16800	55449309:33:INS:>T	1	representative_allele_is_somatic_truth
16801	55457257:0:DEL:T>	1	representative_allele_is_somatic_truth
16814	55524973:0:INS:>A	1	representative_allele_is_somatic_truth
16816	55527567:94:DEL:A>	1	representative_allele_is_somatic_truth
16818	55529591:57:INS:>A	1	representative_allele_is_somatic_truth
16821	55541907:0:DEL:T>	1	representative_allele_is_somatic_truth
16821	55541909:0:DEL:T>	1	representative_allele_is_somatic_truth
16823	55543228:333:INS:>T	1	representative_allele_is_somatic_truth
16826	55550086:63:DEL:A>	1	representative_allele_is_somatic_truth
16827	55552672:0:INS:>A	1	representative_allele_is_somatic_truth
16831	55571804:0:DEL:A>	1	representative_allele_is_somatic_truth
16832	55576370:0:DEL:T>	1	representative_allele_is_somatic_truth
16833	55576976:0:INS:>T	1	representative_allele_is_somatic_truth
16834	55579357:1:INS:>AAC	1	representative_allele_is_somatic_truth
16837	55580473:238:INS:>A	1	representative_allele_is_somatic_truth
16838	55580889:0:DEL:A>	1	representative_allele_is_somatic_truth
16839	55583602:223:INS:>T	1	representative_allele_is_somatic_truth
16841	55587344:0:INS:>T	1	representative_allele_is_somatic_truth
16842	55588979:407:INS:>A	1	representative_allele_is_somatic_truth
16843	55589053:0:INS:>A	1	representative_allele_is_somatic_truth
16847	55602875:0:INS:>T	1	representative_allele_is_somatic_truth
16849	55619733:0:INS:>T	1	representative_allele_is_somatic_truth
16851	55629058:0:DEL:A>	1	representative_allele_is_somatic_truth
16852	55634812:0:DEL:A>	1	representative_allele_is_somatic_truth
16859	55648724:112:DEL:T>	1	representative_allele_is_somatic_truth
16864	55664746:639:DEL:T>	1	representative_allele_is_somatic_truth
16900	55809381:152:INS:>T	1	representative_allele_is_somatic_truth
16913	55858430:8:INS:>T	1	representative_allele_is_somatic_truth
16913	55858433:0:INS:>T	1	representative_allele_is_somatic_truth
16917	55886319:0:DEL:TATATATATATATATATATA>@55886320	1	representative_allele_is_somatic_truth
16921	55900303:47:INS:>T	1	representative_allele_is_somatic_truth
16929	55921509:90:DEL:A>	1	representative_allele_is_somatic_truth
16931	55926030:8:DEL:A>	1	representative_allele_is_somatic_truth
16937	55938458:42:DEL:G>	1	representative_allele_is_somatic_truth
16940	55944246:45:INS:>A	1	representative_allele_is_somatic_truth
16948	55988338:214:INS:>T	1	representative_allele_is_somatic_truth
16953	56007176:0:INS:>A	1	representative_allele_is_somatic_truth
16954	56008255:118:DEL:C>	1	representative_allele_is_somatic_truth
16957	56022879:7:INS:>A	1	representative_allele_is_somatic_truth
16962	56031691:3:DEL:A>	1	representative_allele_is_somatic_truth
16966	56036595:0:DEL:A>	1	representative_allele_is_somatic_truth
16969	56040930:0:DEL:T>	1	representative_allele_is_somatic_truth
16970	56040978:0:DEL:TA>	1	representative_allele_is_somatic_truth
17012	56107012:0:INS:>CC	1	representative_allele_is_somatic_truth
17015	56125100:36:INS:>T	1	representative_allele_is_somatic_truth
17028	56180205:33:DEL:TTATAG>	1	representative_allele_is_somatic_truth
17040	56273541:42:INS:>T	1	representative_allele_is_somatic_truth
17042	56282699:0:INS:>T	1	representative_allele_is_somatic_truth
17046	56300432:0:DEL:A>	1	representative_allele_is_somatic_truth
17047	56301954:71:DEL:T>	1	representative_allele_is_somatic_truth
17049	56306771:0:DEL:T>	1	representative_allele_is_somatic_truth
17051	56312852:0:DEL:T>	1	representative_allele_is_somatic_truth
17056	56329903:0:INS:>A	1	representative_allele_is_somatic_truth
17070	56462534:15:INS:>A	1	representative_allele_is_somatic_truth
17075	56477480:0:INS:>A	1	representative_allele_is_somatic_truth
17081	56530004:39:INS:>T	1	representative_allele_is_somatic_truth
17085	56554720:66:INS:>T	1	representative_allele_is_somatic_truth
17090	56564684:562:DEL:TATT>	1	representative_allele_is_somatic_truth
17096	56597540:62:DEL:A>	1	representative_allele_is_somatic_truth
17097	56598670:0:DEL:T>	1	representative_allele_is_somatic_truth
17098	56601357:1:DEL:T>	1	representative_allele_is_somatic_truth
17099	56602726:0:INS:>T	1	representative_allele_is_somatic_truth
17107	56621522:49:DEL:CTG>	1	representative_allele_is_somatic_truth
17116	56646675:144:DEL:TCTCTCA>	1	representative_allele_is_somatic_truth
17118	56658364:7:INS:>A	1	representative_allele_is_somatic_truth
17119	56658422:21:INS:>A	1	representative_allele_is_somatic_truth
17120	56659366:130:DEL:T>	1	representative_allele_is_somatic_truth
17121	56668388:41:DEL:A>	1	representative_allele_is_somatic_truth
17122	56669023:110:DEL:A>	1	representative_allele_is_somatic_truth
17124	56670871:0:DEL:A>	1	representative_allele_is_somatic_truth
17128	56676939:0:INS:>A	1	representative_allele_is_somatic_truth
16894	56746017:129:INS:>A	1	representative_allele_is_somatic_truth
16892	56756930:31:INS:>A	1	representative_allele_is_somatic_truth
16890	56767331:11:INS:>T	1	representative_allele_is_somatic_truth
16886	56776876:498:INS:>T	1	representative_allele_is_somatic_truth
16874	56847300:180:DEL:T>	1	representative_allele_is_somatic_truth
16872	56870165:128:DEL:A>	1	representative_allele_is_somatic_truth
16868	56891326:176:INS:>T	1	representative_allele_is_somatic_truth
17139	56965910:0:INS:>ATAT	1	representative_allele_is_somatic_truth
17153	56989133:11:INS:>A	1	representative_allele_is_somatic_truth
17160	57041608:0:INS:>T	1	representative_allele_is_somatic_truth
17163	57109370:0:INS:>T	1	representative_allele_is_somatic_truth
17173	57137676:66:INS:>TTTTTC	1	representative_allele_is_somatic_truth
17183	57186159:33:DEL:CTCCC>	1	representative_allele_is_somatic_truth
16991	57285049:0:INS:>T	1	representative_allele_is_somatic_truth
16991	57285051:16:INS:>T	1	representative_allele_is_somatic_truth
16990	57289254:142:INS:>A	1	representative_allele_is_somatic_truth
16988	57300939:6:INS:>A	1	representative_allele_is_somatic_truth
16987	57305619:112:INS:>A	1	representative_allele_is_somatic_truth
16977	57335476:300:INS:>T	1	representative_allele_is_somatic_truth
16896	57356353:18:DEL:C>	1	representative_allele_is_somatic_truth
17142	57373206:474:INS:>T	1	representative_allele_is_somatic_truth
17143	57387962:46:INS:>A	1	representative_allele_is_somatic_truth
17145	57398499:214:DEL:GAGGCT>	1	representative_allele_is_somatic_truth
16997	57441607:768:DEL:CC>	1	representative_allele_is_somatic_truth
17000	57462092:0:INS:>TT	1	representative_allele_is_somatic_truth
