truth_id	chrom	vcf_pos	kind	passed	in_bed	v5_status	v5_class	v6_status	v6_class
0	chr1	978957	DEL	True	True	tensor_representative		tensor_representative	
8	chr1	1830137	DEL	True	False	tensor_representative		tensor_representative	
19	chr1	4508575	INS	True	False	no_candidate	I2_partly_in_graph_residual_edit	no_candidate	I2_partly_in_graph_residual_edit
22	chr1	4855445	INS	True	True	tensor_representative		tensor_representative	
25	chr1	5023298	DEL	True	True	no_candidate	I3_grch38_path_different_edit	tensor_representative	
26	chr1	5175534	DEL	True	True	no_candidate	I2_partly_in_graph_residual_edit	no_candidate	I2_partly_in_graph_residual_edit
30	chr1	5837950	INS	True	True	no_candidate	I1_allele_fully_in_graph	no_candidate	I1_allele_fully_in_graph
37	chr1	6767953	INS	True	True	filtered		filtered	
38	chr1	7284177	DEL	True	True	no_candidate	I1_allele_fully_in_graph	no_candidate	I1_allele_fully_in_graph
39	chr1	8007481	INS	True	True	no_candidate	I2_partly_in_graph_residual_edit	no_candidate	I2_partly_in_graph_residual_edit
41	chr1	8216405	INS	True	True	tensor_representative		tensor_representative	
42	chr1	8228965	INS	True	True	no_candidate	I2_partly_in_graph_residual_edit	no_candidate	I2_partly_in_graph_residual_edit
43	chr1	8559280	INS	True	True	no_candidate	I2_partly_in_graph_residual_edit	no_candidate	I2_partly_in_graph_residual_edit
45	chr1	8890333	INS	True	True	filtered		no_candidate	I1_allele_fully_in_graph
46	chr1	8930729	INS	True	True	filtered		filtered	
48	chr1	9206786	DEL	True	False	tensor_representative		tensor_representative	
57	chr1	11619716	DEL	True	True	no_candidate	I1_allele_fully_in_graph	no_candidate	I1_allele_fully_in_graph
59	chr1	11868119	DEL	True	True	tensor_representative		tensor_representative	
60	chr1	11898043	INS	True	True	no_candidate	I2_partly_in_graph_residual_edit	no_candidate	I1_allele_fully_in_graph
63	chr1	12854937	INS	True	True	filtered		tensor_non_representative_allele	
66	chr1	13389005	DEL	True	True	filtered		no_candidate	I2_partly_in_graph_residual_edit
67	chr1	15398784	INS	True	True	tensor_non_representative_allele		no_candidate	I2_partly_in_graph_residual_edit
68	chr1	15544151	INS	True	True	tensor_non_representative_allele		tensor_non_representative_allele	
69	chr1	16705437	INS	True	True	no_candidate	I2_partly_in_graph_residual_edit	no_candidate	I2_partly_in_graph_residual_edit
70	chr1	17049647	DEL	True	True	no_candidate	I2_partly_in_graph_residual_edit	no_candidate	I2_partly_in_graph_residual_edit
73	chr1	18208376	INS	True	True	no_candidate	I1_allele_fully_in_graph	no_candidate	I1_allele_fully_in_graph
74	chr1	18232209	INS	True	True	no_candidate	I2_partly_in_graph_residual_edit	no_candidate	I2_partly_in_graph_residual_edit
75	chr1	18258604	INS	True	True	tensor_representative		tensor_representative	
77	chr1	18502519	DEL	True	True	tensor_representative		tensor_representative	
84	chr1	20549949	INS	True	True	filtered		tensor_representative	
87	chr1	21496316	INS	True	True	tensor_representative		tensor_representative	
89	chr1	21780738	INS	True	True	filtered		no_candidate	I1_allele_fully_in_graph
91	chr1	22233367	DEL	True	True	tensor_representative		tensor_representative	
95	chr1	23017177	DEL	True	True	no_candidate	I1_allele_fully_in_graph	no_candidate	I1_allele_fully_in_graph
99	chr1	23942681	INS	True	True	no_candidate	I3_grch38_path_different_edit	no_candidate	I7_unclear
101	chr1	24564513	INS	True	True	no_candidate	I1_allele_fully_in_graph	no_candidate	I1_allele_fully_in_graph
102	chr1	24602569	INS	True	True	no_candidate	I2_partly_in_graph_residual_edit	no_candidate	I2_partly_in_graph_residual_edit
104	chr1	24738267	INS	True	True	no_candidate	I2_partly_in_graph_residual_edit	no_candidate	I2_partly_in_graph_residual_edit
105	chr1	26272642	INS	True	True	tensor_representative		filtered	
108	chr1	27003327	INS	True	True	filtered		filtered	
110	chr1	28347589	INS	True	True	filtered		tensor_representative	
112	chr1	28664185	DEL	True	True	tensor_representative		tensor_representative	
113	chr1	28723106	INS	True	True	filtered		filtered	
115	chr1	30100364	INS	True	True	tensor_representative		tensor_representative	
116	chr1	30115910	INS	True	True	filtered		no_candidate	I1_allele_fully_in_graph
117	chr1	30242555	INS	True	True	tensor_representative		tensor_representative	
119	chr1	31177641	INS	True	True	no_candidate	I2_partly_in_graph_residual_edit	no_candidate	I2_partly_in_graph_residual_edit
120	chr1	31291288	INS	True	True	no_candidate	I2_partly_in_graph_residual_edit	no_candidate	I2_partly_in_graph_residual_edit
121	chr1	32000771	DEL	True	True	tensor_representative		tensor_representative	
123	chr1	32405697	INS	True	True	filtered		no_candidate	I1_allele_fully_in_graph
126	chr1	33751785	INS	True	True	tensor_representative		tensor_representative	
127	chr1	34184834	INS	True	True	tensor_representative		tensor_representative	
128	chr1	34487152	DEL	True	True	no_candidate	I1_allele_fully_in_graph	no_candidate	I1_allele_fully_in_graph
129	chr1	34802227	INS	True	True	no_candidate	I6_longer_than_50bp	no_candidate	I6_longer_than_50bp
131	chr1	35198816	INS	True	True	tensor_representative		tensor_representative	
132	chr1	35261032	DEL	True	True	no_candidate	I2_partly_in_graph_residual_edit	no_candidate	I2_partly_in_graph_residual_edit
134	chr1	36580278	INS	True	True	no_candidate	I1_allele_fully_in_graph	no_candidate	I1_allele_fully_in_graph
136	chr1	37868312	INS	True	True	filtered		tensor_non_representative_allele	
138	chr1	38522283	INS	True	True	filtered		no_candidate	I1_allele_fully_in_graph
140	chr1	39065136	INS	True	True	tensor_representative		tensor_representative	
142	chr1	40113891	INS	True	True	no_candidate	I2_partly_in_graph_residual_edit	no_candidate	I2_partly_in_graph_residual_edit
144	chr1	41058378	INS	True	True	no_candidate	I1_allele_fully_in_graph	no_candidate	I1_allele_fully_in_graph
146	chr1	41835250	INS	True	True	tensor_representative		tensor_representative	
147	chr1	42620582	INS	True	True	filtered		filtered	
148	chr1	42935828	DEL	True	True	tensor_representative		tensor_representative	
149	chr1	43840030	INS	True	True	tensor_representative		tensor_representative	
150	chr1	44065405	DEL	True	True	tensor_representative		tensor_representative	
151	chr1	44108660	INS	True	True	no_candidate	I1_allele_fully_in_graph	no_candidate	I1_allele_fully_in_graph
153	chr1	46852633	INS	True	True	filtered		filtered	
156	chr1	48267752	INS	True	True	no_candidate	I1_allele_fully_in_graph	no_candidate	I1_allele_fully_in_graph
162	chr1	49665929	INS	True	True	tensor_representative		tensor_representative	
163	chr1	50002359	DEL	True	True	tensor_representative		tensor_representative	
167	chr1	50382613	INS	True	True	no_candidate	I1_allele_fully_in_graph	no_candidate	I1_allele_fully_in_graph
168	chr1	50388379	DEL	True	True	tensor_representative		tensor_representative	
170	chr1	50457865	INS	True	True	filtered		no_candidate	I1_allele_fully_in_graph
171	chr1	50931888	INS	True	True	no_candidate	I2_partly_in_graph_residual_edit	no_candidate	I2_partly_in_graph_residual_edit
172	chr1	51040005	INS	True	True	tensor_representative		tensor_representative	
175	chr1	51546696	INS	True	True	filtered		no_candidate	I1_allele_fully_in_graph
176	chr1	51971010	INS	True	True	tensor_representative		tensor_representative	
180	chr1	53516802	INS	True	True	tensor_representative		tensor_representative	
183	chr1	55285013	INS	True	True	filtered		no_candidate	I1_allele_fully_in_graph
184	chr1	55420073	INS	True	True	filtered		filtered	
187	chr1	55796112	INS	True	True	filtered		filtered	
191	chr1	56757694	INS	True	True	no_candidate	I3_grch38_path_different_edit	no_candidate	I3_grch38_path_different_edit
195	chr1	57173808	INS	True	True	tensor_representative		tensor_representative	
199	chr1	57980912	INS	True	True	tensor_representative		tensor_representative	
205	chr1	60157226	DEL	True	False	no_candidate	I1_allele_fully_in_graph	no_candidate	I1_allele_fully_in_graph
206	chr1	60163263	DEL	True	True	tensor_representative		tensor_representative	
207	chr1	60236811	INS	True	True	tensor_representative		tensor_representative	
208	chr1	60478726	INS	True	True	tensor_representative		tensor_representative	
209	chr1	60649512	INS	True	True	tensor_representative		tensor_representative	
210	chr1	60881813	DEL	True	True	no_candidate	I1_allele_fully_in_graph	no_candidate	I1_allele_fully_in_graph
211	chr1	60910257	INS	True	True	tensor_representative		tensor_representative	
216	chr1	62778958	DEL	True	True	no_candidate	I2_partly_in_graph_residual_edit	no_candidate	I2_partly_in_graph_residual_edit
217	chr1	62921182	DEL	True	True	tensor_representative		tensor_representative	
218	chr1	62983512	DEL	True	True	tensor_representative		tensor_representative	
221	chr1	64132760	DEL	True	True	no_candidate	I1_allele_fully_in_graph	no_candidate	I1_allele_fully_in_graph
224	chr1	64970761	INS	True	True	filtered		filtered	
225	chr1	65664313	INS	True	True	no_candidate	I1_allele_fully_in_graph	no_candidate	I1_allele_fully_in_graph
226	chr1	66141327	INS	True	True	no_candidate	I2_partly_in_graph_residual_edit	no_candidate	I2_partly_in_graph_residual_edit
227	chr1	66159405	DEL	True	True	tensor_representative		tensor_representative	
231	chr1	66742460	INS	True	True	no_candidate	I2_partly_in_graph_residual_edit	no_candidate	I2_partly_in_graph_residual_edit
232	chr1	66979414	DEL	True	False	tensor_representative		tensor_representative	
234	chr1	67428735	INS	True	True	tensor_representative		tensor_representative	
236	chr1	68236666	INS	True	True	tensor_representative		tensor_representative	
240	chr1	69127170	DEL	True	True	no_candidate	I1_allele_fully_in_graph	filtered	
242	chr1	69486290	INS	True	True	no_candidate	I4_no_or_few_alt_reads	no_candidate	I4_no_or_few_alt_reads
245	chr1	69952997	INS	True	True	filtered		tensor_representative	
246	chr1	70097454	DEL	True	True	tensor_representative		tensor_representative	
247	chr1	70387345	DEL	True	True	filtered		tensor_representative	
248	chr1	70457297	INS	True	True	tensor_representative		tensor_representative	
249	chr1	70653901	INS	True	True	filtered		filtered	
251	chr1	70748855	INS	True	True	no_candidate	I2_partly_in_graph_residual_edit	no_candidate	I1_allele_fully_in_graph
255	chr1	71039649	INS	True	True	filtered		no_candidate	I1_allele_fully_in_graph
256	chr1	71156211	DEL	True	True	filtered		tensor_representative	
258	chr1	71269206	INS	True	True	tensor_representative		tensor_representative	
260	chr1	71857626	DEL	True	True	tensor_representative		tensor_representative	
262	chr1	72040577	DEL	True	True	no_candidate	I2_partly_in_graph_residual_edit	no_candidate	I2_partly_in_graph_residual_edit
264	chr1	72093329	INS	True	True	no_candidate	I2_partly_in_graph_residual_edit	no_candidate	I2_partly_in_graph_residual_edit
265	chr1	72149879	INS	True	True	filtered		no_candidate	I1_allele_fully_in_graph
267	chr1	72284593	DEL	True	True	tensor_representative		tensor_representative	
269	chr1	72386968	DEL	True	True	no_candidate	I2_partly_in_graph_residual_edit	no_candidate	I2_partly_in_graph_residual_edit
270	chr1	72622524	DEL	True	True	tensor_representative		tensor_representative	
273	chr1	73127428	INS	True	True	filtered		filtered	
274	chr1	73228717	DEL	True	True	tensor_representative		tensor_representative	
275	chr1	73265653	DEL	True	True	tensor_representative		tensor_non_representative_allele	
279	chr1	74016690	DEL	True	True	tensor_representative		tensor_non_representative_allele	
280	chr1	74120124	INS	True	True	tensor_representative		tensor_representative	
281	chr1	74363709	INS	True	True	tensor_representative		tensor_representative	
282	chr1	74500603	DEL	True	True	no_candidate	I2_partly_in_graph_residual_edit	no_candidate	I2_partly_in_graph_residual_edit
285	chr1	74943418	INS	True	True	no_candidate	I3_grch38_path_different_edit	no_candidate	I3_grch38_path_different_edit
287	chr1	75161669	INS	True	True	no_candidate	I2_partly_in_graph_residual_edit	no_candidate	I2_partly_in_graph_residual_edit
289	chr1	75661387	INS	True	True	no_candidate	I2_partly_in_graph_residual_edit	no_candidate	I2_partly_in_graph_residual_edit
290	chr1	75902673	DEL	True	True	filtered		tensor_representative	
293	chr1	76387746	DEL	True	True	tensor_representative		tensor_representative	
295	chr1	76699297	INS	True	True	no_candidate	I2_partly_in_graph_residual_edit	no_candidate	I2_partly_in_graph_residual_edit
296	chr1	76948453	INS	True	True	tensor_representative		tensor_representative	
300	chr1	77052917	DEL	True	True	no_candidate	I1_allele_fully_in_graph	no_candidate	I1_allele_fully_in_graph
303	chr1	77306493	DEL	True	True	no_candidate	I1_allele_fully_in_graph	no_candidate	I1_allele_fully_in_graph
305	chr1	77454821	DEL	True	False	no_candidate	I2_partly_in_graph_residual_edit	filtered	
306	chr1	78182937	DEL	True	True	filtered		filtered	
307	chr1	78729313	DEL	True	True	no_candidate	I1_allele_fully_in_graph	no_candidate	I1_allele_fully_in_graph
309	chr1	78788813	INS	True	True	tensor_representative		tensor_representative	
310	chr1	78865510	INS	True	True	no_candidate	I6_longer_than_50bp	no_candidate	I6_longer_than_50bp
313	chr1	79029181	INS	True	True	filtered		no_candidate	I2_partly_in_graph_residual_edit
315	chr1	79681271	INS	True	True	no_candidate	I2_partly_in_graph_residual_edit	filtered	
316	chr1	79720612	INS	True	True	no_candidate	I2_partly_in_graph_residual_edit	no_candidate	I2_partly_in_graph_residual_edit
317	chr1	79883783	INS	True	True	no_candidate	I1_allele_fully_in_graph	no_candidate	I1_allele_fully_in_graph
319	chr1	80009763	INS	True	True	tensor_representative		tensor_non_representative_allele	
320	chr1	80009956	DEL	True	True	tensor_representative		tensor_representative	
322	chr1	80071663	DEL	True	True	tensor_representative		tensor_representative	
323	chr1	80274186	DEL	True	True	tensor_representative		tensor_representative	
325	chr1	80382039	INS	True	True	tensor_representative		tensor_representative	
328	chr1	80573480	INS	True	True	no_candidate	I1_allele_fully_in_graph	no_candidate	I1_allele_fully_in_graph
329	chr1	80600219	DEL	True	True	tensor_representative		tensor_representative	
332	chr1	81119123	INS	True	True	tensor_representative		no_candidate	I2_partly_in_graph_residual_edit
333	chr1	81209459	DEL	True	True	tensor_representative		tensor_representative	
334	chr1	81324508	DEL	True	True	tensor_representative		tensor_representative	
335	chr1	81325829	INS	True	True	tensor_representative		tensor_representative	
336	chr1	81524196	INS	True	True	tensor_representative		tensor_representative	
337	chr1	81994857	INS	True	True	no_candidate	I3_grch38_path_different_edit	no_candidate	I3_grch38_path_different_edit
338	chr1	82092313	INS	True	True	tensor_representative		tensor_representative	
343	chr1	82562495	INS	True	True	tensor_representative		tensor_representative	
345	chr1	82686653	DEL	True	True	no_candidate	I1_allele_fully_in_graph	no_candidate	I1_allele_fully_in_graph
348	chr1	83128401	INS	True	True	tensor_representative		tensor_representative	
351	chr1	83764422	DEL	True	True	tensor_representative		tensor_representative	
354	chr1	85239156	INS	True	True	tensor_representative		tensor_representative	
355	chr1	85565040	INS	True	True	tensor_representative		tensor_representative	
356	chr1	85725272	DEL	True	True	no_candidate	I1_allele_fully_in_graph	no_candidate	I1_allele_fully_in_graph
363	chr1	88109114	DEL	True	True	tensor_representative		tensor_representative	
364	chr1	88140834	INS	True	False	no_candidate	I2_partly_in_graph_residual_edit	no_candidate	I2_partly_in_graph_residual_edit
370	chr1	90757450	DEL	True	True	tensor_representative		tensor_representative	
371	chr1	90802248	DEL	True	True	no_candidate	I2_partly_in_graph_residual_edit	no_candidate	I2_partly_in_graph_residual_edit
372	chr1	91264361	INS	True	True	tensor_non_representative_allele		tensor_non_representative_allele	
375	chr1	92230615	INS	True	True	tensor_representative		tensor_representative	
376	chr1	92428850	DEL	True	True	tensor_representative		tensor_representative	
381	chr1	93568185	INS	True	True	tensor_representative		tensor_representative	
382	chr1	93573617	DEL	True	True	filtered		filtered	
386	chr1	95577283	INS	True	True	no_candidate	I2_partly_in_graph_residual_edit	no_candidate	I2_partly_in_graph_residual_edit
387	chr1	96063846	INS	True	True	tensor_representative		tensor_representative	
389	chr1	98541750	INS	True	True	tensor_representative		tensor_representative	
390	chr1	98663252	DEL	True	True	filtered		filtered	
391	chr1	99077339	INS	True	True	tensor_representative		tensor_representative	
392	chr1	99159171	INS	True	True	no_candidate	I2_partly_in_graph_residual_edit	no_candidate	I2_partly_in_graph_residual_edit
393	chr1	99357628	INS	True	True	tensor_representative		tensor_representative	
395	chr1	100854157	DEL	True	True	tensor_representative		tensor_representative	
397	chr1	101331466	INS	True	True	tensor_representative		tensor_representative	
398	chr1	101786256	DEL	True	True	tensor_representative		tensor_representative	
401	chr1	102429021	DEL	True	True	filtered		filtered	
402	chr1	102641539	INS	True	True	tensor_non_representative_allele		tensor_non_representative_allele	
403	chr1	102664951	INS	True	True	no_candidate	I1_allele_fully_in_graph	no_candidate	I1_allele_fully_in_graph
407	chr1	102863585	INS	True	True	tensor_representative		tensor_representative	
414	chr1	103465979	INS	True	True	no_candidate	I1_allele_fully_in_graph	no_candidate	I1_allele_fully_in_graph
417	chr1	104016395	DEL	True	True	tensor_representative		tensor_representative	
418	chr1	104077082	DEL	True	True	no_candidate	I2_partly_in_graph_residual_edit	no_candidate	I1_allele_fully_in_graph
420	chr1	104641776	DEL	True	True	tensor_representative		tensor_representative	
426	chr1	106003351	DEL	True	True	tensor_representative		tensor_representative	
427	chr1	106044878	DEL	True	True	tensor_representative		tensor_representative	
432	chr1	106823345	INS	True	True	no_candidate	I1_allele_fully_in_graph	no_candidate	I1_allele_fully_in_graph
436	chr1	107501915	DEL	True	True	no_candidate	I2_partly_in_graph_residual_edit	no_candidate	I2_partly_in_graph_residual_edit
439	chr1	108089651	DEL	True	True	no_candidate	I1_allele_fully_in_graph	no_candidate	I1_allele_fully_in_graph
440	chr1	108112944	INS	True	True	tensor_non_representative_allele		tensor_non_representative_allele	
443	chr1	108906236	INS	True	True	tensor_representative		tensor_representative	
444	chr1	109183347	DEL	True	True	no_candidate	I2_partly_in_graph_residual_edit	no_candidate	I1_allele_fully_in_graph
445	chr1	109204352	INS	True	True	tensor_representative		tensor_representative	
447	chr1	110304445	INS	True	True	no_candidate	I1_allele_fully_in_graph	no_candidate	I1_allele_fully_in_graph
449	chr1	110806296	INS	True	True	no_candidate	I1_allele_fully_in_graph	no_candidate	I1_allele_fully_in_graph
451	chr1	111011502	DEL	True	True	tensor_representative		tensor_representative	
453	chr1	112082789	INS	True	True	no_candidate	I1_allele_fully_in_graph	no_candidate	I2_partly_in_graph_residual_edit
455	chr1	112233484	INS	True	True	no_candidate	I1_allele_fully_in_graph	no_candidate	I1_allele_fully_in_graph
459	chr1	112741370	INS	True	True	no_candidate	I1_allele_fully_in_graph	no_candidate	I1_allele_fully_in_graph
460	chr1	112973660	INS	True	True	filtered		no_candidate	I2_partly_in_graph_residual_edit
461	chr1	113033910	INS	True	True	no_candidate	I1_allele_fully_in_graph	no_candidate	I1_allele_fully_in_graph
462	chr1	114318880	INS	True	True	no_candidate	I2_partly_in_graph_residual_edit	no_candidate	I2_partly_in_graph_residual_edit
463	chr1	114331680	INS	True	True	no_candidate	I1_allele_fully_in_graph	no_candidate	I1_allele_fully_in_graph
464	chr1	114789899	DEL	True	True	tensor_representative		tensor_representative	
466	chr1	116497678	DEL	True	True	tensor_representative		tensor_representative	
467	chr1	116794589	INS	True	True	tensor_representative		tensor_representative	
468	chr1	117332504	INS	True	True	no_candidate	I2_partly_in_graph_residual_edit	no_candidate	I2_partly_in_graph_residual_edit
469	chr1	118068535	DEL	True	True	tensor_representative		tensor_representative	
470	chr1	118404266	DEL	True	True	tensor_representative		tensor_representative	
471	chr1	118998635	INS	True	True	no_candidate	I2_partly_in_graph_residual_edit	no_candidate	I2_partly_in_graph_residual_edit
474	chr1	121069860	DEL	True	True	tensor_representative		tensor_representative	
477	chr1	121130667	INS	True	True	tensor_representative		tensor_representative	
481	chr1	125141874	INS	True	True	tensor_representative		tensor_representative	
484	chr1	143636217	INS	True	True	filtered		no_candidate	I1_allele_fully_in_graph
486	chr1	143712467	INS	True	True	tensor_representative		tensor_representative	
487	chr1	143797416	DEL	True	True	no_candidate	I5_low_mapq_or_no_reads	no_candidate	I5_low_mapq_or_no_reads
488	chr1	143948937	INS	True	True	tensor_representative		tensor_representative	
489	chr1	144023258	INS	True	True	no_candidate	I5_low_mapq_or_no_reads	no_candidate	I5_low_mapq_or_no_reads
491	chr1	144665794	DEL	True	True	no_candidate	I5_low_mapq_or_no_reads	no_candidate	I5_low_mapq_or_no_reads
495	chr1	145416132	INS	True	True	tensor_representative		tensor_representative	
497	chr1	145656117	DEL	True	True	tensor_representative		tensor_representative	
500	chr1	145940550	INS	True	True	tensor_representative		tensor_representative	
508	chr1	147614844	INS	True	True	filtered		no_candidate	I2_partly_in_graph_residual_edit
509	chr1	147674747	INS	True	True	filtered		filtered	
510	chr1	147829211	INS	True	True	tensor_representative		tensor_representative	
511	chr1	148067150	DEL	True	False	no_candidate	I4_no_or_few_alt_reads	no_candidate	I4_no_or_few_alt_reads
514	chr1	148471247	INS	True	True	filtered		filtered	
515	chr1	148513618	INS	True	True	no_candidate	I1_allele_fully_in_graph	no_candidate	I1_allele_fully_in_graph
516	chr1	149151144	DEL	True	True	no_candidate	I4_no_or_few_alt_reads	no_candidate	I4_no_or_few_alt_reads
517	chr1	149727677	INS	True	True	tensor_representative		tensor_representative	
520	chr1	149865951	DEL	True	True	no_candidate	I1_allele_fully_in_graph	no_candidate	I1_allele_fully_in_graph
522	chr1	150118283	INS	True	False	tensor_representative		tensor_representative	
526	chr1	151150736	INS	True	True	tensor_representative		tensor_representative	
528	chr1	151195884	INS	True	False	no_candidate	I1_allele_fully_in_graph	no_candidate	I1_allele_fully_in_graph
529	chr1	151261954	INS	True	True	no_candidate	I1_allele_fully_in_graph	no_candidate	I1_allele_fully_in_graph
530	chr1	151446274	INS	True	False	no_candidate	I1_allele_fully_in_graph	no_candidate	I1_allele_fully_in_graph
531	chr1	151587192	INS	True	True	filtered		filtered	
532	chr1	151747490	INS	True	True	tensor_representative		tensor_representative	
533	chr1	151868876	DEL	True	True	tensor_representative		tensor_representative	
534	chr1	151871325	INS	True	True	filtered		filtered	
540	chr1	152874454	DEL	True	True	tensor_representative		tensor_representative	
541	chr1	153014677	DEL	True	True	tensor_representative		tensor_representative	
545	chr1	153539446	INS	True	True	no_candidate	I1_allele_fully_in_graph	no_candidate	I1_allele_fully_in_graph
547	chr1	153695252	INS	True	True	filtered		filtered	
548	chr1	153707686	DEL	True	True	tensor_representative		tensor_representative	
550	chr1	153987774	DEL	True	True	tensor_representative		tensor_representative	
551	chr1	154560123	DEL	True	True	no_candidate	I2_partly_in_graph_residual_edit	no_candidate	I2_partly_in_graph_residual_edit
552	chr1	154702700	DEL	True	True	tensor_representative		tensor_representative	
553	chr1	155068427	INS	True	True	no_candidate	I2_partly_in_graph_residual_edit	no_candidate	I2_partly_in_graph_residual_edit
555	chr1	155366989	INS	True	True	filtered		filtered	
557	chr1	156296549	INS	True	False	no_candidate	I2_partly_in_graph_residual_edit	no_candidate	I2_partly_in_graph_residual_edit
558	chr1	156303561	INS	True	True	tensor_representative		tensor_representative	
559	chr1	156317712	INS	True	True	tensor_representative		tensor_representative	
563	chr1	156613916	INS	True	False	filtered		filtered	
568	chr1	157480638	DEL	True	True	tensor_representative		tensor_representative	
571	chr1	158133337	INS	True	True	no_candidate	I2_partly_in_graph_residual_edit	no_candidate	I2_partly_in_graph_residual_edit
572	chr1	158208310	INS	True	True	filtered		filtered	
573	chr1	158254030	DEL	True	True	no_candidate	I2_partly_in_graph_residual_edit	no_candidate	I2_partly_in_graph_residual_edit
575	chr1	158356657	DEL	True	True	tensor_representative		tensor_representative	
577	chr1	158592983	DEL	True	True	tensor_representative		tensor_representative	
578	chr1	158633661	DEL	True	False	filtered		tensor_representative	
579	chr1	158691885	INS	True	True	filtered		filtered	
580	chr1	159111805	INS	True	True	filtered		filtered	
582	chr1	159340622	DEL	True	True	tensor_representative		tensor_representative	
583	chr1	159578113	DEL	True	True	tensor_representative		tensor_representative	
586	chr1	160825207	DEL	True	True	tensor_representative		tensor_representative	
588	chr1	161156536	INS	True	True	filtered		filtered	
589	chr1	161221660	DEL	True	True	no_candidate	I2_partly_in_graph_residual_edit	filtered	
591	chr1	162005902	INS	True	True	tensor_representative		tensor_representative	
592	chr1	162043592	INS	True	True	filtered		filtered	
596	chr1	162535935	INS	True	False	tensor_representative		tensor_representative	
598	chr1	162608004	INS	True	True	filtered		filtered	
599	chr1	162827139	INS	True	True	tensor_representative		tensor_representative	
600	chr1	162909898	INS	True	True	no_candidate	I2_partly_in_graph_residual_edit	no_candidate	I2_partly_in_graph_residual_edit
602	chr1	163290653	DEL	True	True	filtered		tensor_representative	
604	chr1	163784889	INS	True	True	filtered		filtered	
606	chr1	164013460	DEL	True	True	filtered		filtered	
607	chr1	164044467	DEL	True	True	tensor_representative		tensor_representative	
609	chr1	164174946	DEL	True	True	tensor_representative		tensor_representative	
612	chr1	164934021	DEL	True	True	no_candidate	I2_partly_in_graph_residual_edit	no_candidate	I2_partly_in_graph_residual_edit
613	chr1	165223809	DEL	True	True	tensor_representative		tensor_representative	
614	chr1	165724986	DEL	True	True	no_candidate	I1_allele_fully_in_graph	no_candidate	I1_allele_fully_in_graph
616	chr1	165914804	INS	True	False	filtered		filtered	
621	chr1	166345975	INS	True	True	tensor_representative		tensor_representative	
622	chr1	166389526	INS	True	True	filtered		no_candidate	I1_allele_fully_in_graph
624	chr1	166577950	DEL	True	True	tensor_representative		tensor_representative	
625	chr1	166603807	INS	True	True	tensor_representative		tensor_representative	
627	chr1	166714504	INS	True	True	no_candidate	I2_partly_in_graph_residual_edit	no_candidate	I2_partly_in_graph_residual_edit
628	chr1	166733167	DEL	True	True	filtered		tensor_non_representative_allele	
629	chr1	166887954	INS	True	True	filtered		filtered	
630	chr1	167007131	INS	True	True	tensor_representative		tensor_representative	
631	chr1	167040488	INS	True	True	no_candidate	I1_allele_fully_in_graph	no_candidate	I1_allele_fully_in_graph
632	chr1	167074906	INS	True	False	filtered		filtered	
633	chr1	167144906	DEL	True	True	tensor_representative		tensor_representative	
635	chr1	167357369	DEL	True	True	no_candidate	I2_partly_in_graph_residual_edit	no_candidate	I2_partly_in_graph_residual_edit
636	chr1	167449156	INS	True	True	no_candidate	I1_allele_fully_in_graph	no_candidate	I1_allele_fully_in_graph
637	chr1	167988653	INS	True	False	tensor_representative		tensor_representative	
638	chr1	168110509	DEL	True	False	tensor_representative		tensor_representative	
639	chr1	168217521	INS	True	True	filtered		filtered	
642	chr1	168388634	INS	True	False	tensor_representative		tensor_representative	
643	chr1	169190798	INS	True	True	tensor_representative		tensor_representative	
644	chr1	169363075	DEL	True	True	tensor_representative		tensor_representative	
647	chr1	170077885	DEL	True	True	filtered		filtered	
650	chr1	170480495	INS	True	True	tensor_representative		tensor_representative	
652	chr1	170585727	INS	True	True	filtered		tensor_representative	
653	chr1	170740632	INS	True	True	no_candidate	I2_partly_in_graph_residual_edit	no_candidate	I2_partly_in_graph_residual_edit
654	chr1	170830035	INS	True	True	tensor_representative		tensor_representative	
655	chr1	170970389	INS	True	True	filtered		filtered	
657	chr1	171156363	INS	True	True	filtered		filtered	
658	chr1	171283265	DEL	True	True	filtered		no_candidate	I2_partly_in_graph_residual_edit
660	chr1	171476413	DEL	True	True	no_candidate	I1_allele_fully_in_graph	no_candidate	I1_allele_fully_in_graph
662	chr1	172225134	INS	True	True	filtered		filtered	
663	chr1	172761020	INS	True	True	no_candidate	I2_partly_in_graph_residual_edit	no_candidate	I1_allele_fully_in_graph
666	chr1	173099730	INS	True	True	no_candidate	I1_allele_fully_in_graph	no_candidate	I1_allele_fully_in_graph
667	chr1	173236292	DEL	True	True	tensor_representative		tensor_representative	
670	chr1	173328515	INS	True	True	tensor_representative		tensor_representative	
673	chr1	173456575	INS	True	True	filtered		no_candidate	I1_allele_fully_in_graph
674	chr1	173574505	INS	True	True	filtered		filtered	
676	chr1	173973534	INS	True	True	filtered		filtered	
677	chr1	174327984	DEL	True	True	no_candidate	I1_allele_fully_in_graph	no_candidate	I1_allele_fully_in_graph
678	chr1	174447890	DEL	True	True	filtered		filtered	
681	chr1	174804281	INS	True	True	no_candidate	I3_grch38_path_different_edit	no_candidate	I3_grch38_path_different_edit
683	chr1	175047335	DEL	True	True	no_candidate	I1_allele_fully_in_graph	no_candidate	I1_allele_fully_in_graph
684	chr1	175085874	INS	True	True	no_candidate	I2_partly_in_graph_residual_edit	no_candidate	I2_partly_in_graph_residual_edit
696	chr1	175480419	INS	True	True	tensor_representative		tensor_representative	
698	chr1	175696220	INS	True	True	no_candidate	I1_allele_fully_in_graph	no_candidate	I1_allele_fully_in_graph
700	chr1	175696227	INS	True	True	tensor_representative		tensor_representative	
707	chr1	176275360	DEL	True	True	no_candidate	I2_partly_in_graph_residual_edit	no_candidate	I2_partly_in_graph_residual_edit
708	chr1	176377056	DEL	True	True	tensor_representative		tensor_representative	
709	chr1	176465638	DEL	True	True	tensor_representative		tensor_representative	
712	chr1	176587137	INS	True	True	tensor_representative		tensor_representative	
715	chr1	176626889	INS	True	True	tensor_representative		tensor_representative	
716	chr1	176713158	DEL	True	True	tensor_representative		tensor_representative	
718	chr1	176974387	DEL	True	True	tensor_representative		tensor_representative	
723	chr1	177072949	INS	True	True	tensor_representative		tensor_representative	
725	chr1	177158903	DEL	True	True	tensor_representative		tensor_representative	
726	chr1	177216779	DEL	True	True	tensor_representative		tensor_representative	
728	chr1	177755378	INS	True	True	filtered		filtered	
729	chr1	177874958	INS	True	True	tensor_representative		tensor_representative	
730	chr1	178135496	INS	True	True	filtered		filtered	
731	chr1	178155462	INS	True	True	tensor_representative		tensor_representative	
735	chr1	178657270	INS	True	True	tensor_representative		tensor_representative	
738	chr1	179284261	DEL	True	True	tensor_representative		tensor_representative	
739	chr1	179408968	INS	True	True	filtered		filtered	
741	chr1	180077671	INS	True	True	no_candidate	I2_partly_in_graph_residual_edit	no_candidate	I2_partly_in_graph_residual_edit
742	chr1	180282972	INS	True	False	filtered		no_candidate	I2_partly_in_graph_residual_edit
746	chr1	181440983	INS	True	True	filtered		filtered	
747	chr1	181625047	DEL	True	False	tensor_representative		tensor_non_representative_allele	
752	chr1	181795767	INS	True	True	no_candidate	I2_partly_in_graph_residual_edit	no_candidate	I2_partly_in_graph_residual_edit
759	chr1	182265308	INS	True	False	tensor_representative		tensor_representative	
760	chr1	182312030	DEL	True	True	tensor_representative		tensor_representative	
770	chr1	183657011	INS	True	False	filtered		filtered	
771	chr1	183957778	INS	True	True	filtered		filtered	
772	chr1	184141993	INS	True	True	tensor_representative		tensor_representative	
776	chr1	184675912	INS	True	True	filtered		no_candidate	I1_allele_fully_in_graph
780	chr1	185827171	INS	True	True	tensor_representative		tensor_representative	
784	chr1	186147390	DEL	True	True	filtered		filtered	
788	chr1	186811293	DEL	True	True	tensor_representative		tensor_representative	
790	chr1	187024859	DEL	True	True	no_candidate	I1_allele_fully_in_graph	no_candidate	I1_allele_fully_in_graph
793	chr1	187294682	DEL	True	True	no_candidate	I1_allele_fully_in_graph	no_candidate	I1_allele_fully_in_graph
794	chr1	187365985	DEL	True	True	filtered		filtered	
796	chr1	187493468	DEL	True	True	tensor_representative		tensor_representative	
800	chr1	187677185	DEL	True	True	filtered		no_candidate	I1_allele_fully_in_graph
802	chr1	187827390	DEL	True	True	tensor_representative		tensor_representative	
804	chr1	187921327	INS	True	True	filtered		no_candidate	I2_partly_in_graph_residual_edit
805	chr1	187963076	DEL	True	True	filtered		filtered	
806	chr1	188087553	INS	True	True	no_candidate	I2_partly_in_graph_residual_edit	no_candidate	I2_partly_in_graph_residual_edit
810	chr1	188429377	DEL	True	True	tensor_representative		tensor_representative	
812	chr1	188508320	DEL	True	True	tensor_representative		tensor_representative	
815	chr1	188635089	INS	True	True	no_candidate	I1_allele_fully_in_graph	no_candidate	I1_allele_fully_in_graph
818	chr1	188859465	INS	True	True	tensor_representative		tensor_representative	
820	chr1	189044489	DEL	True	True	tensor_representative		tensor_representative	
822	chr1	189092852	INS	True	True	tensor_representative		tensor_representative	
830	chr1	189476371	INS	True	True	tensor_representative		tensor_representative	
831	chr1	189482134	INS	True	True	no_candidate	I3_grch38_path_different_edit	no_candidate	I3_grch38_path_different_edit
833	chr1	189600829	INS	True	True	filtered		filtered	
837	chr1	189827641	INS	True	True	no_candidate	I2_partly_in_graph_residual_edit	no_candidate	I2_partly_in_graph_residual_edit
838	chr1	189870594	INS	True	True	tensor_representative		tensor_representative	
840	chr1	189935608	INS	True	True	no_candidate	I2_partly_in_graph_residual_edit	no_candidate	I2_partly_in_graph_residual_edit
842	chr1	190177150	INS	True	True	no_candidate	I1_allele_fully_in_graph	no_candidate	I1_allele_fully_in_graph
843	chr1	190208114	DEL	True	True	tensor_representative		tensor_representative	
845	chr1	190277087	INS	True	True	no_candidate	I1_allele_fully_in_graph	no_candidate	I1_allele_fully_in_graph
846	chr1	190429593	DEL	True	True	filtered		filtered	
855	chr1	190891974	INS	True	True	tensor_representative		tensor_representative	
858	chr1	191218773	DEL	True	True	tensor_representative		tensor_representative	
859	chr1	191234698	INS	True	True	tensor_representative		tensor_non_representative_allele	
860	chr1	191259931	DEL	True	True	filtered		filtered	
862	chr1	191382801	DEL	True	True	tensor_representative		tensor_representative	
863	chr1	191433483	INS	True	True	no_candidate	I1_allele_fully_in_graph	no_candidate	I1_allele_fully_in_graph
864	chr1	191581492	INS	True	True	filtered		filtered	
865	chr1	191617486	INS	True	True	no_candidate	I1_allele_fully_in_graph	no_candidate	I1_allele_fully_in_graph
867	chr1	191651282	INS	True	True	filtered		no_candidate	I2_partly_in_graph_residual_edit
870	chr1	191867402	DEL	True	True	tensor_representative		tensor_representative	
872	chr1	191935281	INS	True	True	tensor_representative		tensor_representative	
873	chr1	191996785	DEL	True	True	tensor_representative		tensor_representative	
874	chr1	192060934	DEL	True	True	filtered		tensor_representative	
878	chr1	192345179	DEL	True	True	tensor_representative		tensor_representative	
880	chr1	192755043	INS	True	True	tensor_representative		tensor_representative	
882	chr1	192818298	INS	True	True	no_candidate	I3_grch38_path_different_edit	no_candidate	I3_grch38_path_different_edit
883	chr1	192857703	INS	True	True	no_candidate	I2_partly_in_graph_residual_edit	no_candidate	I2_partly_in_graph_residual_edit
884	chr1	193158502	INS	True	True	filtered		filtered	
886	chr1	193565126	INS	True	True	tensor_representative		tensor_representative	
887	chr1	193882126	INS	True	False	no_candidate	I4_no_or_few_alt_reads	no_candidate	I4_no_or_few_alt_reads
888	chr1	194075724	DEL	True	True	no_candidate	I2_partly_in_graph_residual_edit	no_candidate	I2_partly_in_graph_residual_edit
889	chr1	194115661	INS	True	True	no_candidate	I1_allele_fully_in_graph	no_candidate	I1_allele_fully_in_graph
896	chr1	194969734	DEL	True	True	tensor_representative		tensor_representative	
899	chr1	195161520	INS	True	True	no_candidate	I2_partly_in_graph_residual_edit	no_candidate	I2_partly_in_graph_residual_edit
902	chr1	195754793	DEL	True	False	no_candidate	I1_allele_fully_in_graph	no_candidate	I1_allele_fully_in_graph
903	chr1	195771528	DEL	True	True	tensor_representative		tensor_representative	
904	chr1	195822192	DEL	True	False	filtered		tensor_representative	
905	chr1	195870303	INS	True	False	tensor_representative		tensor_representative	
908	chr1	196206349	INS	True	True	tensor_representative		tensor_representative	
909	chr1	196404146	INS	True	True	tensor_representative		tensor_representative	
912	chr1	196656686	DEL	True	True	tensor_representative		tensor_representative	
915	chr1	196773694	INS	True	True	no_candidate	I2_partly_in_graph_residual_edit	no_candidate	I2_partly_in_graph_residual_edit
918	chr1	197476397	INS	True	True	no_candidate	I2_partly_in_graph_residual_edit	no_candidate	I4_no_or_few_alt_reads
921	chr1	197905244	INS	True	True	tensor_representative		tensor_representative	
923	chr1	198046452	DEL	True	True	tensor_representative		tensor_representative	
924	chr1	198137519	INS	True	True	no_candidate	I3_grch38_path_different_edit	no_candidate	I3_grch38_path_different_edit
925	chr1	198265289	DEL	True	True	tensor_representative		tensor_representative	
926	chr1	198488330	INS	True	True	no_candidate	I1_allele_fully_in_graph	no_candidate	I1_allele_fully_in_graph
933	chr1	199333659	INS	True	True	tensor_representative		tensor_representative	
934	chr1	199697214	INS	True	True	no_candidate	I1_allele_fully_in_graph	no_candidate	I1_allele_fully_in_graph
935	chr1	199867273	INS	True	False	tensor_representative		tensor_representative	
936	chr1	200003646	INS	True	False	tensor_representative		tensor_representative	
941	chr1	200899209	DEL	True	True	tensor_representative		tensor_representative	
942	chr1	200917847	INS	True	True	no_candidate	I1_allele_fully_in_graph	no_candidate	I2_partly_in_graph_residual_edit
945	chr1	201521888	INS	True	True	no_candidate	I1_allele_fully_in_graph	no_candidate	I1_allele_fully_in_graph
946	chr1	202022806	DEL	True	True	tensor_representative		tensor_representative	
947	chr1	202339077	INS	True	False	filtered		filtered	
948	chr1	203246756	INS	True	False	no_candidate	I1_allele_fully_in_graph	no_candidate	I1_allele_fully_in_graph
950	chr1	203386066	INS	True	True	filtered		filtered	
953	chr1	203532786	DEL	True	True	filtered		tensor_representative	
954	chr1	203955469	INS	True	True	tensor_representative		tensor_representative	
955	chr1	203978413	INS	True	True	tensor_representative		tensor_representative	
958	chr1	204754298	INS	True	True	tensor_representative		tensor_representative	
959	chr1	204835213	DEL	True	True	no_candidate	I1_allele_fully_in_graph	no_candidate	I1_allele_fully_in_graph
962	chr1	205391946	INS	True	True	tensor_representative		tensor_representative	
966	chr1	206372898	DEL	True	True	no_candidate	I2_partly_in_graph_residual_edit	no_candidate	I2_partly_in_graph_residual_edit
968	chr1	206911238	INS	True	True	tensor_representative		tensor_representative	
969	chr1	206964196	DEL	True	True	tensor_representative		tensor_representative	
971	chr1	207053904	INS	True	True	filtered		filtered	
975	chr1	207498877	INS	True	True	no_candidate	I2_partly_in_graph_residual_edit	no_candidate	I2_partly_in_graph_residual_edit
976	chr1	207617606	DEL	True	True	no_candidate	I7_unclear	no_candidate	I7_unclear
977	chr1	207693753	DEL	True	True	tensor_representative		tensor_representative	
979	chr1	208017985	INS	True	True	tensor_representative		tensor_non_representative_allele	
980	chr1	208022027	DEL	True	True	no_candidate	I1_allele_fully_in_graph	no_candidate	I1_allele_fully_in_graph
981	chr1	208284334	DEL	True	True	tensor_representative		tensor_representative	
984	chr1	208779830	DEL	True	False	tensor_representative		tensor_representative	
985	chr1	208789569	INS	True	True	tensor_representative		tensor_representative	
986	chr1	208848214	DEL	True	True	tensor_representative		tensor_representative	
991	chr1	208987989	INS	True	False	filtered		filtered	
993	chr1	209264946	DEL	True	True	no_candidate	I2_partly_in_graph_residual_edit	no_candidate	I2_partly_in_graph_residual_edit
994	chr1	209264946	DEL	True	True	filtered		filtered	
997	chr1	209547259	INS	True	True	tensor_representative		tensor_representative	
998	chr1	209592183	INS	True	True	tensor_representative		tensor_representative	
999	chr1	209719019	INS	True	True	no_candidate	I2_partly_in_graph_residual_edit	no_candidate	I2_partly_in_graph_residual_edit
1004	chr1	210311120	DEL	True	True	no_candidate	I2_partly_in_graph_residual_edit	no_candidate	I2_partly_in_graph_residual_edit
1006	chr1	210519527	INS	True	True	filtered		filtered	
1007	chr1	210538075	DEL	True	True	filtered		filtered	
1010	chr1	210772973	DEL	True	False	tensor_representative		tensor_representative	
1011	chr1	210849365	INS	True	True	no_candidate	I2_partly_in_graph_residual_edit	no_candidate	I2_partly_in_graph_residual_edit
1012	chr1	210895162	DEL	True	True	tensor_representative		tensor_representative	
1014	chr1	210963213	INS	True	True	tensor_representative		tensor_representative	
1015	chr1	211045041	INS	True	True	no_candidate	I2_partly_in_graph_residual_edit	no_candidate	I2_partly_in_graph_residual_edit
1016	chr1	211054118	DEL	True	True	filtered		tensor_representative	
1018	chr1	211566155	INS	True	True	tensor_representative		tensor_representative	
1020	chr1	211741523	INS	True	True	filtered		filtered	
1021	chr1	211835803	DEL	True	True	no_candidate	I2_partly_in_graph_residual_edit	no_candidate	I2_partly_in_graph_residual_edit
1024	chr1	212041386	INS	True	True	tensor_representative		tensor_representative	
1026	chr1	212681420	INS	True	True	no_candidate	I1_allele_fully_in_graph	no_candidate	I2_partly_in_graph_residual_edit
1028	chr1	212917334	INS	True	True	no_candidate	I2_partly_in_graph_residual_edit	no_candidate	I2_partly_in_graph_residual_edit
1029	chr1	212957617	INS	True	True	filtered		no_candidate	I1_allele_fully_in_graph
1032	chr1	213363821	INS	True	True	tensor_representative		tensor_representative	
1034	chr1	213631378	INS	True	True	no_candidate	I2_partly_in_graph_residual_edit	no_candidate	I2_partly_in_graph_residual_edit
1035	chr1	213827569	INS	True	True	tensor_representative		tensor_representative	
1039	chr1	213994750	DEL	True	True	no_candidate	I1_allele_fully_in_graph	no_candidate	I1_allele_fully_in_graph
1040	chr1	214017567	INS	True	True	filtered		filtered	
1041	chr1	214150272	DEL	True	True	tensor_representative		tensor_representative	
1042	chr1	214589746	INS	True	True	tensor_representative		tensor_representative	
1043	chr1	214752975	INS	True	False	filtered		filtered	
1046	chr1	215030709	INS	True	True	tensor_representative		tensor_representative	
1048	chr1	215236045	INS	True	True	no_candidate	I1_allele_fully_in_graph	no_candidate	I1_allele_fully_in_graph
1050	chr1	215312157	INS	True	False	no_candidate	I2_partly_in_graph_residual_edit	no_candidate	I2_partly_in_graph_residual_edit
1052	chr1	215591287	DEL	True	True	no_candidate	I2_partly_in_graph_residual_edit	no_candidate	I2_partly_in_graph_residual_edit
1055	chr1	215924607	INS	True	True	tensor_representative		tensor_representative	
1056	chr1	215926210	DEL	True	True	tensor_representative		tensor_representative	
1057	chr1	215926614	INS	True	True	tensor_representative		tensor_representative	
1059	chr1	216075903	INS	True	True	tensor_representative		tensor_representative	
1060	chr1	216156295	DEL	True	True	tensor_representative		tensor_representative	
1061	chr1	216245470	INS	True	True	tensor_representative		tensor_representative	
1063	chr1	216599823	INS	True	True	tensor_representative		tensor_representative	
1064	chr1	216611211	DEL	True	False	tensor_representative		tensor_non_representative_allele	
1065	chr1	216615736	DEL	True	True	tensor_representative		tensor_representative	
1066	chr1	216645871	DEL	True	True	filtered		tensor_non_representative_allele	
1067	chr1	216718461	INS	True	True	tensor_representative		tensor_representative	
1068	chr1	216754702	INS	True	True	tensor_representative		tensor_representative	
1069	chr1	216939343	DEL	True	False	tensor_representative		tensor_representative	
1070	chr1	216974874	INS	True	True	tensor_representative		tensor_representative	
1071	chr1	216996034	INS	True	True	tensor_representative		tensor_representative	
1072	chr1	217084133	DEL	True	True	tensor_representative		tensor_representative	
1074	chr1	217375648	INS	True	True	no_candidate	I6_longer_than_50bp	no_candidate	I6_longer_than_50bp
1075	chr1	217387242	INS	True	True	no_candidate	I1_allele_fully_in_graph	no_candidate	I1_allele_fully_in_graph
1078	chr1	217749985	INS	True	True	no_candidate	I2_partly_in_graph_residual_edit	no_candidate	I2_partly_in_graph_residual_edit
1079	chr1	217794115	INS	True	False	tensor_representative		tensor_representative	
1080	chr1	218008018	INS	True	True	filtered		no_candidate	I2_partly_in_graph_residual_edit
1081	chr1	218053774	INS	True	True	no_candidate	I1_allele_fully_in_graph	no_candidate	I1_allele_fully_in_graph
1082	chr1	218103815	DEL	True	True	tensor_representative		tensor_representative	
1083	chr1	218145483	DEL	True	True	no_candidate	I1_allele_fully_in_graph	no_candidate	I1_allele_fully_in_graph
1084	chr1	218178671	INS	True	True	filtered		filtered	
1085	chr1	218379487	INS	True	True	no_candidate	I1_allele_fully_in_graph	no_candidate	I1_allele_fully_in_graph
1086	chr1	218522476	INS	True	True	no_candidate	I1_allele_fully_in_graph	no_candidate	I1_allele_fully_in_graph
1087	chr1	218714487	INS	True	True	no_candidate	I2_partly_in_graph_residual_edit	no_candidate	I2_partly_in_graph_residual_edit
1089	chr1	218811942	INS	True	True	tensor_representative		tensor_representative	
1092	chr1	219453336	INS	True	False	tensor_representative		tensor_representative	
1093	chr1	219535824	INS	True	True	no_candidate	I2_partly_in_graph_residual_edit	no_candidate	I2_partly_in_graph_residual_edit
1095	chr1	219591849	INS	True	True	tensor_representative		tensor_representative	
1097	chr1	219658294	INS	True	True	tensor_representative		tensor_representative	
1102	chr1	219871680	INS	True	True	tensor_representative		tensor_representative	
1104	chr1	219927638	DEL	True	True	no_candidate	I1_allele_fully_in_graph	no_candidate	I1_allele_fully_in_graph
1105	chr1	219927687	INS	True	True	no_candidate	I1_allele_fully_in_graph	no_candidate	I1_allele_fully_in_graph
1107	chr1	220252152	DEL	True	True	tensor_representative		tensor_representative	
1108	chr1	220471791	DEL	True	True	tensor_representative		tensor_representative	
1112	chr1	220881763	INS	True	True	filtered		filtered	
1114	chr1	221009990	DEL	True	True	tensor_representative		tensor_representative	
1115	chr1	221466574	INS	True	True	tensor_representative		tensor_representative	
1116	chr1	221579541	INS	True	True	no_candidate	I1_allele_fully_in_graph	no_candidate	I2_partly_in_graph_residual_edit
1119	chr1	222256436	DEL	True	True	filtered		tensor_representative	
1123	chr1	222501557	INS	True	True	no_candidate	I2_partly_in_graph_residual_edit	no_candidate	I2_partly_in_graph_residual_edit
1124	chr1	222526705	INS	True	False	filtered		tensor_representative	
1136	chr1	224674272	DEL	True	True	tensor_representative		tensor_representative	
1137	chr1	224884461	INS	True	True	tensor_representative		tensor_representative	
1138	chr1	225274197	DEL	True	True	tensor_representative		no_candidate	I2_partly_in_graph_residual_edit
1139	chr1	225417714	INS	True	True	tensor_representative		tensor_representative	
1143	chr1	226420253	INS	True	True	filtered		tensor_representative	
1146	chr1	226931406	INS	True	True	filtered		filtered	
1147	chr1	227273995	INS	True	True	tensor_representative		tensor_representative	
1148	chr1	227338171	INS	True	True	tensor_representative		tensor_representative	
1149	chr1	227456809	DEL	True	False	filtered		tensor_representative	
1153	chr1	227851048	INS	True	True	tensor_representative		tensor_representative	
1157	chr1	228892754	INS	True	True	no_candidate	I1_allele_fully_in_graph	no_candidate	I1_allele_fully_in_graph
1159	chr1	228935001	INS	True	True	tensor_representative		tensor_representative	
1160	chr1	229382580	INS	True	True	no_candidate	I1_allele_fully_in_graph	no_candidate	I1_allele_fully_in_graph
1164	chr1	230312430	INS	True	True	tensor_representative		tensor_representative	
1165	chr1	231346941	INS	True	True	no_candidate	I2_partly_in_graph_residual_edit	no_candidate	I2_partly_in_graph_residual_edit
1166	chr1	231455878	INS	True	True	tensor_representative		tensor_representative	
1167	chr1	231559317	INS	True	True	no_candidate	I2_partly_in_graph_residual_edit	no_candidate	I2_partly_in_graph_residual_edit
1170	chr1	231755212	DEL	True	True	tensor_representative		tensor_representative	
1171	chr1	231875647	INS	True	True	tensor_representative		tensor_representative	
1172	chr1	232165547	INS	True	True	no_candidate	I1_allele_fully_in_graph	no_candidate	I2_partly_in_graph_residual_edit
1181	chr1	232979914	DEL	True	True	tensor_representative		tensor_representative	
1184	chr1	233387578	INS	True	True	filtered		filtered	
1186	chr1	233552150	DEL	True	True	no_candidate	I1_allele_fully_in_graph	no_candidate	I1_allele_fully_in_graph
1188	chr1	233935189	INS	True	True	filtered		no_candidate	I1_allele_fully_in_graph
1189	chr1	234081904	INS	True	True	no_candidate	I2_partly_in_graph_residual_edit	no_candidate	I2_partly_in_graph_residual_edit
1190	chr1	234123576	INS	True	True	no_candidate	I2_partly_in_graph_residual_edit	no_candidate	I2_partly_in_graph_residual_edit
1194	chr1	235031480	DEL	True	True	tensor_representative		tensor_representative	
1195	chr1	235390758	DEL	True	False	tensor_representative		tensor_representative	
1202	chr1	235798578	DEL	True	True	no_candidate	I2_partly_in_graph_residual_edit	no_candidate	I2_partly_in_graph_residual_edit
1203	chr1	236010300	DEL	True	True	tensor_representative		tensor_representative	
1205	chr1	236396696	INS	True	True	tensor_representative		tensor_representative	
1208	chr1	236778463	DEL	True	True	filtered		tensor_representative	
1211	chr1	237081280	INS	True	True	filtered		tensor_representative	
1212	chr1	237082524	INS	True	True	no_candidate	I2_partly_in_graph_residual_edit	no_candidate	I2_partly_in_graph_residual_edit
1215	chr1	237148527	INS	True	True	no_candidate	I4_no_or_few_alt_reads	no_candidate	I4_no_or_few_alt_reads
1216	chr1	237148553	INS	True	True	no_candidate	I2_partly_in_graph_residual_edit	no_candidate	I2_partly_in_graph_residual_edit
1217	chr1	237208926	INS	True	True	no_candidate	I1_allele_fully_in_graph	no_candidate	I1_allele_fully_in_graph
1218	chr1	237212078	DEL	True	True	no_candidate	I1_allele_fully_in_graph	no_candidate	I1_allele_fully_in_graph
1219	chr1	237253163	DEL	True	True	filtered		filtered	
1220	chr1	237346367	INS	True	True	tensor_representative		tensor_representative	
1221	chr1	237449758	INS	True	True	filtered		no_candidate	I2_partly_in_graph_residual_edit
1226	chr1	237923324	INS	True	True	tensor_representative		tensor_representative	
1227	chr1	237952157	DEL	True	True	no_candidate	I2_partly_in_graph_residual_edit	no_candidate	I2_partly_in_graph_residual_edit
1229	chr1	238044184	DEL	True	True	no_candidate	I2_partly_in_graph_residual_edit	no_candidate	I2_partly_in_graph_residual_edit
1230	chr1	238244686	DEL	True	True	no_candidate	I1_allele_fully_in_graph	no_candidate	I1_allele_fully_in_graph
1231	chr1	238282548	INS	True	True	no_candidate	I2_partly_in_graph_residual_edit	no_candidate	I2_partly_in_graph_residual_edit
1234	chr1	238504508	DEL	True	True	tensor_representative		tensor_representative	
1239	chr1	238884482	INS	True	True	no_candidate	I2_partly_in_graph_residual_edit	no_candidate	I1_allele_fully_in_graph
1240	chr1	239140379	DEL	True	True	tensor_representative		tensor_representative	
1242	chr1	239323665	DEL	True	True	no_candidate	I2_partly_in_graph_residual_edit	no_candidate	I2_partly_in_graph_residual_edit
1243	chr1	239488714	DEL	True	True	no_candidate	I2_partly_in_graph_residual_edit	no_candidate	I2_partly_in_graph_residual_edit
1246	chr1	240187269	DEL	True	True	tensor_representative		tensor_representative	
1247	chr1	240218281	DEL	True	True	no_candidate	I1_allele_fully_in_graph	no_candidate	I1_allele_fully_in_graph
1249	chr1	240355951	INS	True	True	filtered		tensor_non_representative_allele	
1251	chr1	240388227	DEL	True	True	tensor_representative		tensor_representative	
1252	chr1	240430714	INS	True	True	tensor_representative		tensor_representative	
1253	chr1	240439270	INS	True	True	no_candidate	I1_allele_fully_in_graph	no_candidate	I1_allele_fully_in_graph
1254	chr1	240819739	INS	True	True	tensor_representative		tensor_representative	
1257	chr1	241235909	INS	True	True	no_candidate	I2_partly_in_graph_residual_edit	no_candidate	I2_partly_in_graph_residual_edit
1258	chr1	241341870	INS	True	False	no_candidate	I1_allele_fully_in_graph	no_candidate	I1_allele_fully_in_graph
1259	chr1	241394700	DEL	True	True	tensor_representative		tensor_representative	
1260	chr1	241586191	DEL	True	True	tensor_representative		tensor_representative	
1262	chr1	241794504	INS	True	True	no_candidate	I1_allele_fully_in_graph	no_candidate	I1_allele_fully_in_graph
1263	chr1	241804824	INS	True	True	filtered		no_candidate	I2_partly_in_graph_residual_edit
1265	chr1	242215043	DEL	True	True	filtered		tensor_non_representative_allele	
1266	chr1	242267888	DEL	True	True	tensor_representative		tensor_representative	
1268	chr1	242425639	DEL	True	True	tensor_representative		tensor_representative	
1281	chr1	242680268	INS	True	True	no_candidate	I3_grch38_path_different_edit	no_candidate	I3_grch38_path_different_edit
1282	chr1	242750920	INS	True	True	no_candidate	I1_allele_fully_in_graph	no_candidate	I1_allele_fully_in_graph
1283	chr1	242760124	DEL	True	True	tensor_representative		tensor_representative	
1284	chr1	242823592	INS	True	True	filtered		filtered	
1285	chr1	242862508	INS	True	False	tensor_representative		tensor_representative	
1286	chr1	242964213	DEL	True	True	no_candidate	I2_partly_in_graph_residual_edit	no_candidate	I2_partly_in_graph_residual_edit
1287	chr1	242988933	DEL	True	True	tensor_representative		tensor_non_representative_allele	
1291	chr1	243553179	DEL	True	True	tensor_representative		tensor_representative	
1292	chr1	243583545	DEL	True	True	no_candidate	I2_partly_in_graph_residual_edit	no_candidate	I2_partly_in_graph_residual_edit
1293	chr1	243648256	INS	True	True	tensor_representative		tensor_representative	
1297	chr1	243918679	DEL	True	True	no_candidate	I2_partly_in_graph_residual_edit	no_candidate	I2_partly_in_graph_residual_edit
1298	chr1	244038915	INS	True	True	tensor_representative		tensor_representative	
1302	chr1	244310074	INS	True	True	filtered		filtered	
1306	chr1	244972815	INS	True	True	tensor_representative		tensor_representative	
1309	chr1	245128014	INS	True	True	no_candidate	I1_allele_fully_in_graph	no_candidate	I1_allele_fully_in_graph
1310	chr1	245141292	DEL	True	True	filtered		filtered	
1311	chr1	245184050	INS	True	True	no_candidate	I1_allele_fully_in_graph	no_candidate	I1_allele_fully_in_graph
1312	chr1	245640143	INS	True	True	no_candidate	I1_allele_fully_in_graph	no_candidate	I1_allele_fully_in_graph
1313	chr1	246402367	INS	True	False	no_candidate	I2_partly_in_graph_residual_edit	no_candidate	I2_partly_in_graph_residual_edit
1318	chr1	247061183	INS	True	True	no_candidate	I1_allele_fully_in_graph	no_candidate	I1_allele_fully_in_graph
1320	chr1	247091456	DEL	True	True	no_candidate	I2_partly_in_graph_residual_edit	no_candidate	I2_partly_in_graph_residual_edit
1321	chr1	247233245	INS	True	True	tensor_representative		tensor_representative	
1324	chr1	247583914	INS	True	True	tensor_representative		tensor_representative	
1329	chr1	247858752	INS	True	False	no_candidate	I1_allele_fully_in_graph	no_candidate	I1_allele_fully_in_graph
1331	chr1	248232685	DEL	True	True	tensor_representative		tensor_representative	
1332	chr1	248236794	INS	True	True	tensor_representative		tensor_representative	
1337	chr1	248771254	INS	True	True	tensor_representative		tensor_representative	
1338	chr2	10845	INS	True	True	no_candidate	I1_allele_fully_in_graph	no_candidate	I1_allele_fully_in_graph
1343	chr2	451255	INS	True	True	tensor_representative		tensor_representative	
1349	chr2	730463	INS	True	True	filtered		filtered	
1350	chr2	781476	DEL	True	True	filtered		tensor_non_representative_allele	
1351	chr2	894413	DEL	True	True	filtered		tensor_representative	
1353	chr2	984259	DEL	True	True	no_candidate	I1_allele_fully_in_graph	no_candidate	I1_allele_fully_in_graph
1354	chr2	986067	INS	True	True	filtered		tensor_non_representative_allele	
1356	chr2	1390019	DEL	True	True	tensor_representative		tensor_representative	
1358	chr2	1636692	INS	True	True	no_candidate	I1_allele_fully_in_graph	no_candidate	I1_allele_fully_in_graph
1363	chr2	2068769	DEL	True	True	no_candidate	I1_allele_fully_in_graph	filtered	
1371	chr2	2671565	INS	True	True	tensor_representative		tensor_representative	
1374	chr2	2933344	DEL	True	True	filtered		filtered	
1376	chr2	3049608	INS	True	True	no_candidate	I1_allele_fully_in_graph	no_candidate	I1_allele_fully_in_graph
1378	chr2	3089570	DEL	True	True	tensor_representative		tensor_representative	
1380	chr2	3813732	DEL	True	True	tensor_representative		tensor_non_representative_allele	
1381	chr2	4118786	DEL	True	True	tensor_representative		tensor_representative	
1382	chr2	4179555	DEL	True	True	filtered		filtered	
1383	chr2	4497222	DEL	True	True	tensor_representative		tensor_representative	
1386	chr2	4801490	INS	True	True	tensor_representative		tensor_representative	
1388	chr2	4866136	DEL	True	True	filtered		tensor_representative	
1389	chr2	4944850	DEL	True	True	tensor_representative		tensor_representative	
1390	chr2	4966416	INS	True	True	no_candidate	I2_partly_in_graph_residual_edit	no_candidate	I2_partly_in_graph_residual_edit
1391	chr2	5037172	DEL	True	True	tensor_representative		tensor_representative	
1396	chr2	5314558	INS	True	True	tensor_representative		tensor_representative	
1403	chr2	6255297	INS	True	True	tensor_representative		tensor_representative	
1408	chr2	6286861	INS	True	True	no_candidate	I1_allele_fully_in_graph	no_candidate	I1_allele_fully_in_graph
1409	chr2	6474209	INS	True	True	no_candidate	I1_allele_fully_in_graph	no_candidate	I2_partly_in_graph_residual_edit
1410	chr2	6482149	INS	True	True	no_candidate	I1_allele_fully_in_graph	no_candidate	I1_allele_fully_in_graph
1411	chr2	6486232	INS	True	True	filtered		filtered	
1412	chr2	6498691	INS	True	True	no_candidate	I2_partly_in_graph_residual_edit	no_candidate	I2_partly_in_graph_residual_edit
1413	chr2	6677963	INS	True	True	tensor_representative		tensor_representative	
1417	chr2	7208870	INS	True	True	filtered		filtered	
1420	chr2	7330413	INS	True	True	no_candidate	I2_partly_in_graph_residual_edit	no_candidate	I2_partly_in_graph_residual_edit
1421	chr2	7385925	INS	True	True	no_candidate	I1_allele_fully_in_graph	no_candidate	I1_allele_fully_in_graph
1422	chr2	7707181	INS	True	True	tensor_representative		tensor_representative	
1423	chr2	7798158	INS	True	True	tensor_representative		tensor_representative	
1426	chr2	8097595	INS	True	True	tensor_representative		tensor_representative	
1427	chr2	8654865	INS	True	False	tensor_representative		tensor_representative	
1430	chr2	8978853	INS	True	True	tensor_representative		tensor_representative	
1431	chr2	9254236	INS	True	True	no_candidate	I1_allele_fully_in_graph	no_candidate	I2_partly_in_graph_residual_edit
1432	chr2	9274319	INS	True	False	filtered		filtered	
1433	chr2	9585912	INS	True	True	tensor_representative		tensor_representative	
1434	chr2	9651869	INS	True	True	no_candidate	I1_allele_fully_in_graph	no_candidate	I1_allele_fully_in_graph
1442	chr2	11507403	INS	True	True	filtered		filtered	
1443	chr2	11519449	DEL	True	True	no_candidate	I3_grch38_path_different_edit	tensor_representative	
1444	chr2	11594685	INS	True	True	no_candidate	I3_grch38_path_different_edit	no_candidate	I3_grch38_path_different_edit
1446	chr2	11632335	INS	True	True	tensor_non_representative_allele		tensor_non_representative_allele	
1447	chr2	11674829	INS	True	True	no_candidate	I2_partly_in_graph_residual_edit	no_candidate	I2_partly_in_graph_residual_edit
1448	chr2	11693818	DEL	True	True	no_candidate	I1_allele_fully_in_graph	no_candidate	I1_allele_fully_in_graph
1455	chr2	12828581	INS	True	True	tensor_representative		tensor_representative	
1456	chr2	12909272	INS	True	True	no_candidate	I1_allele_fully_in_graph	no_candidate	I1_allele_fully_in_graph
1457	chr2	12978579	INS	True	True	no_candidate	I2_partly_in_graph_residual_edit	no_candidate	I2_partly_in_graph_residual_edit
1459	chr2	13009796	INS	True	True	no_candidate	I1_allele_fully_in_graph	no_candidate	I1_allele_fully_in_graph
1464	chr2	13931306	DEL	True	True	no_candidate	I1_allele_fully_in_graph	no_candidate	I1_allele_fully_in_graph
1465	chr2	13987603	DEL	True	True	tensor_representative		tensor_representative	
1466	chr2	14151178	DEL	True	False	tensor_representative		tensor_representative	
1469	chr2	14402718	DEL	True	True	tensor_representative		tensor_representative	
1471	chr2	14588117	DEL	True	True	filtered		no_candidate	I1_allele_fully_in_graph
1472	chr2	14640919	DEL	True	True	tensor_representative		tensor_representative	
1473	chr2	14797094	DEL	True	True	no_candidate	I1_allele_fully_in_graph	no_candidate	I1_allele_fully_in_graph
1475	chr2	14882026	DEL	True	True	tensor_representative		tensor_representative	
1479	chr2	14990258	DEL	True	True	no_candidate	I2_partly_in_graph_residual_edit	no_candidate	I2_partly_in_graph_residual_edit
1484	chr2	16006245	INS	True	True	no_candidate	I3_grch38_path_different_edit	no_candidate	I3_grch38_path_different_edit
1485	chr2	16267044	DEL	True	True	filtered		tensor_representative	
1486	chr2	16311394	INS	True	True	filtered		tensor_representative	
1487	chr2	16459623	INS	True	True	filtered		tensor_representative	
1489	chr2	16688978	DEL	True	True	tensor_representative		tensor_representative	
1492	chr2	16959779	DEL	True	True	filtered		filtered	
1493	chr2	16975527	DEL	True	True	tensor_representative		tensor_representative	
1494	chr2	16992919	INS	True	True	tensor_representative		tensor_representative	
1495	chr2	17033637	DEL	True	True	filtered		no_candidate	I2_partly_in_graph_residual_edit
1497	chr2	17133893	INS	True	True	no_candidate	I3_grch38_path_different_edit	no_candidate	I3_grch38_path_different_edit
1500	chr2	17688315	INS	True	True	filtered		filtered	
1502	chr2	17888629	INS	True	True	no_candidate	I1_allele_fully_in_graph	no_candidate	I1_allele_fully_in_graph
1503	chr2	18140090	DEL	True	True	no_candidate	I2_partly_in_graph_residual_edit	no_candidate	I2_partly_in_graph_residual_edit
1504	chr2	18380381	INS	True	True	filtered		filtered	
1507	chr2	18732592	INS	True	True	tensor_representative		tensor_representative	
1510	chr2	19091576	INS	True	True	filtered		filtered	
1514	chr2	20232599	DEL	True	True	tensor_representative		tensor_representative	
1518	chr2	21081684	DEL	True	True	tensor_representative		tensor_representative	
1521	chr2	21289598	INS	True	True	tensor_representative		tensor_representative	
1523	chr2	21484483	INS	True	True	tensor_representative		tensor_representative	
1524	chr2	21561803	DEL	True	True	no_candidate	I3_grch38_path_different_edit	no_candidate	I3_grch38_path_different_edit
1527	chr2	21740228	INS	True	True	tensor_representative		tensor_representative	
1528	chr2	21744591	DEL	True	True	tensor_representative		tensor_representative	
1531	chr2	21875400	DEL	True	True	tensor_representative		tensor_representative	
1532	chr2	21969611	INS	True	False	filtered		filtered	
1533	chr2	22047670	INS	True	True	no_candidate	I1_allele_fully_in_graph	no_candidate	I1_allele_fully_in_graph
1537	chr2	22251253	DEL	True	True	tensor_representative		tensor_representative	
1540	chr2	22487552	DEL	True	True	tensor_representative		tensor_representative	
1541	chr2	22499894	INS	True	True	tensor_non_representative_allele		tensor_non_representative_allele	
1542	chr2	22573300	DEL	True	True	tensor_representative		tensor_representative	
1544	chr2	22617397	DEL	True	True	no_candidate	I3_grch38_path_different_edit	no_candidate	I3_grch38_path_different_edit
1547	chr2	22804742	INS	True	True	tensor_representative		tensor_representative	
1550	chr2	23593104	DEL	True	True	no_candidate	I3_grch38_path_different_edit	tensor_representative	
1553	chr2	24202424	DEL	True	False	filtered		filtered	
1555	chr2	25019863	INS	True	True	tensor_representative		tensor_representative	
1557	chr2	25251153	INS	True	True	tensor_representative		tensor_representative	
1559	chr2	25781959	INS	True	True	no_candidate	I1_allele_fully_in_graph	filtered	
1560	chr2	26140116	INS	True	True	tensor_representative		tensor_representative	
1561	chr2	26158466	INS	True	True	tensor_representative		tensor_representative	
1564	chr2	27253345	INS	True	True	no_candidate	I1_allele_fully_in_graph	no_candidate	I1_allele_fully_in_graph
1568	chr2	27761186	DEL	True	True	tensor_representative		tensor_representative	
1569	chr2	27900368	INS	True	True	tensor_representative		tensor_representative	
1571	chr2	28671367	INS	True	True	tensor_representative		tensor_representative	
1573	chr2	28838178	DEL	True	False	filtered		no_candidate	I1_allele_fully_in_graph
1576	chr2	29396836	INS	True	True	no_candidate	I2_partly_in_graph_residual_edit	no_candidate	I2_partly_in_graph_residual_edit
1577	chr2	29571602	INS	True	True	tensor_representative		tensor_representative	
1578	chr2	29639564	DEL	True	True	tensor_representative		tensor_representative	
1579	chr2	29763086	INS	True	True	tensor_representative		tensor_representative	
1581	chr2	29830710	DEL	True	True	no_candidate	I1_allele_fully_in_graph	no_candidate	I1_allele_fully_in_graph
1583	chr2	31596385	INS	True	True	tensor_representative		tensor_representative	
1585	chr2	32815223	INS	True	True	no_candidate	I2_partly_in_graph_residual_edit	no_candidate	I2_partly_in_graph_residual_edit
1589	chr2	33893314	DEL	True	True	no_candidate	I2_partly_in_graph_residual_edit	tensor_non_representative_allele	
1591	chr2	34044537	INS	True	True	no_candidate	I1_allele_fully_in_graph	no_candidate	I1_allele_fully_in_graph
1592	chr2	34216607	DEL	True	True	tensor_representative		tensor_representative	
1593	chr2	34378405	INS	True	True	no_candidate	I2_partly_in_graph_residual_edit	no_candidate	I2_partly_in_graph_residual_edit
1594	chr2	34396470	INS	True	True	no_candidate	I1_allele_fully_in_graph	no_candidate	I1_allele_fully_in_graph
1595	chr2	34500599	INS	True	True	no_candidate	I1_allele_fully_in_graph	no_candidate	I1_allele_fully_in_graph
1596	chr2	34503220	INS	True	True	tensor_representative		tensor_representative	
1599	chr2	34971130	DEL	True	True	tensor_representative		tensor_representative	
1603	chr2	35465764	INS	True	True	tensor_representative		tensor_representative	
1604	chr2	35583976	DEL	True	True	tensor_representative		tensor_representative	
1607	chr2	35695046	INS	True	True	filtered		no_candidate	I1_allele_fully_in_graph
1608	chr2	35741488	DEL	True	True	filtered		filtered	
1610	chr2	35958503	DEL	True	True	tensor_representative		tensor_representative	
1612	chr2	35993525	DEL	True	True	tensor_representative		tensor_representative	
1613	chr2	36157654	DEL	True	True	tensor_representative		tensor_representative	
1615	chr2	36199361	INS	True	True	no_candidate	I2_partly_in_graph_residual_edit	no_candidate	I2_partly_in_graph_residual_edit
1618	chr2	36651382	INS	True	True	filtered		filtered	
1619	chr2	36703909	DEL	True	True	no_candidate	I1_allele_fully_in_graph	no_candidate	I1_allele_fully_in_graph
1620	chr2	36703934	DEL	True	True	no_candidate	I1_allele_fully_in_graph	no_candidate	I1_allele_fully_in_graph
1623	chr2	36984215	INS	True	True	no_candidate	I2_partly_in_graph_residual_edit	no_candidate	I2_partly_in_graph_residual_edit
1624	chr2	37007337	DEL	True	True	filtered		tensor_non_representative_allele	
1628	chr2	37313337	INS	True	True	filtered		no_candidate	I2_partly_in_graph_residual_edit
1629	chr2	37482753	INS	True	True	no_candidate	I2_partly_in_graph_residual_edit	no_candidate	I2_partly_in_graph_residual_edit
1633	chr2	37845041	DEL	True	True	tensor_representative		tensor_representative	
1634	chr2	37862150	INS	True	True	no_candidate	I2_partly_in_graph_residual_edit	no_candidate	I2_partly_in_graph_residual_edit
1635	chr2	38258942	INS	True	True	filtered		filtered	
1636	chr2	38312706	INS	True	False	filtered		filtered	
1637	chr2	38325673	DEL	True	True	no_candidate	I1_allele_fully_in_graph	no_candidate	I1_allele_fully_in_graph
1638	chr2	38532364	DEL	True	True	tensor_representative		tensor_representative	
1640	chr2	39164696	INS	True	True	filtered		filtered	
1643	chr2	39789308	DEL	True	False	no_candidate	I6_longer_than_50bp	no_candidate	I6_longer_than_50bp
1645	chr2	39984899	DEL	True	True	tensor_representative		tensor_representative	
1646	chr2	40032011	INS	True	False	filtered		filtered	
1647	chr2	40150051	INS	True	True	filtered		no_candidate	I2_partly_in_graph_residual_edit
1648	chr2	40771976	DEL	True	True	tensor_representative		tensor_representative	
1651	chr2	40842907	DEL	True	True	tensor_non_representative_allele		tensor_non_representative_allele	
1652	chr2	40847533	INS	True	True	no_candidate	I2_partly_in_graph_residual_edit	filtered	
1653	chr2	40899162	DEL	True	True	tensor_representative		tensor_representative	
1654	chr2	40983391	DEL	True	True	no_candidate	I3_grch38_path_different_edit	tensor_representative	
1655	chr2	41036460	DEL	True	True	filtered		filtered	
1656	chr2	41040555	INS	True	True	no_candidate	I2_partly_in_graph_residual_edit	no_candidate	I2_partly_in_graph_residual_edit
1657	chr2	41122651	DEL	True	True	tensor_representative		tensor_representative	
1659	chr2	41513529	DEL	True	True	tensor_representative		tensor_representative	
1660	chr2	41560215	DEL	True	True	tensor_representative		tensor_representative	
1661	chr2	41794098	DEL	True	True	no_candidate	I2_partly_in_graph_residual_edit	no_candidate	I2_partly_in_graph_residual_edit
1662	chr2	41803503	DEL	True	True	tensor_representative		tensor_representative	
1666	chr2	42452243	DEL	True	True	filtered		filtered	
1667	chr2	42487156	INS	True	True	filtered		tensor_representative	
1669	chr2	42786009	DEL	True	True	no_candidate	I2_partly_in_graph_residual_edit	no_candidate	I2_partly_in_graph_residual_edit
1670	chr2	42799457	INS	True	True	tensor_representative		tensor_representative	
1672	chr2	43185840	INS	True	True	tensor_representative		tensor_representative	
1673	chr2	43635527	INS	True	True	tensor_representative		tensor_representative	
1674	chr2	43703916	DEL	True	True	no_candidate	I2_partly_in_graph_residual_edit	no_candidate	I2_partly_in_graph_residual_edit
1677	chr2	44708211	INS	True	True	no_candidate	I1_allele_fully_in_graph	no_candidate	I1_allele_fully_in_graph
1678	chr2	44857043	DEL	True	True	tensor_representative		tensor_representative	
1679	chr2	44905724	INS	True	True	tensor_representative		tensor_representative	
1682	chr2	45265842	INS	True	True	tensor_representative		tensor_representative	
1683	chr2	45591013	INS	True	True	filtered		no_candidate	I1_allele_fully_in_graph
1684	chr2	46264499	INS	True	True	tensor_representative		tensor_representative	
1687	chr2	46701811	INS	True	True	no_candidate	I2_partly_in_graph_residual_edit	no_candidate	I2_partly_in_graph_residual_edit
1690	chr2	46927884	INS	True	True	filtered		no_candidate	I2_partly_in_graph_residual_edit
1691	chr2	47162171	INS	True	True	filtered		tensor_representative	
1693	chr2	47210005	INS	True	True	filtered		filtered	
1696	chr2	47673624	DEL	True	True	filtered		filtered	
1697	chr2	47677198	INS	True	True	filtered		no_candidate	I2_partly_in_graph_residual_edit
1698	chr2	47714672	DEL	True	False	tensor_representative		tensor_representative	
1701	chr2	48004318	DEL	True	True	tensor_representative		tensor_representative	
1702	chr2	48302987	DEL	True	True	no_candidate	I1_allele_fully_in_graph	no_candidate	I1_allele_fully_in_graph
1703	chr2	48427420	INS	True	True	filtered		filtered	
1704	chr2	48445913	DEL	True	True	tensor_representative		tensor_representative	
1705	chr2	48548494	INS	True	True	tensor_representative		tensor_representative	
1706	chr2	48684052	DEL	True	True	tensor_representative		tensor_representative	
1707	chr2	48705718	DEL	True	True	tensor_representative		tensor_representative	
1713	chr2	49338782	INS	True	True	tensor_representative		tensor_representative	
1714	chr2	49350808	INS	True	True	no_candidate	I2_partly_in_graph_residual_edit	no_candidate	I2_partly_in_graph_residual_edit
1715	chr2	49358886	INS	True	True	tensor_representative		tensor_representative	
1716	chr2	49367156	DEL	True	True	no_candidate	I3_grch38_path_different_edit	tensor_representative	
1718	chr2	49471274	DEL	True	True	tensor_representative		tensor_representative	
1720	chr2	49614555	INS	True	True	tensor_representative		tensor_representative	
1722	chr2	49702113	DEL	True	True	no_candidate	I2_partly_in_graph_residual_edit	no_candidate	I2_partly_in_graph_residual_edit
1723	chr2	49738303	DEL	True	True	filtered		filtered	
1725	chr2	49791651	DEL	True	True	no_candidate	I2_partly_in_graph_residual_edit	no_candidate	I2_partly_in_graph_residual_edit
1726	chr2	49815149	INS	True	True	tensor_representative		tensor_representative	
1728	chr2	50008468	INS	True	True	no_candidate	I1_allele_fully_in_graph	no_candidate	I1_allele_fully_in_graph
1729	chr2	50072613	DEL	True	True	filtered		filtered	
1730	chr2	50098830	DEL	True	True	filtered		filtered	
1734	chr2	50212299	INS	True	True	tensor_representative		tensor_representative	
1735	chr2	50232386	DEL	True	True	filtered		filtered	
1736	chr2	50341397	INS	True	True	filtered		no_candidate	I1_allele_fully_in_graph
1737	chr2	50495031	DEL	True	True	tensor_representative		tensor_representative	
1738	chr2	50499947	INS	True	True	filtered		filtered	
1740	chr2	50610642	INS	True	True	tensor_representative		tensor_representative	
1741	chr2	50614733	INS	True	True	filtered		no_candidate	I2_partly_in_graph_residual_edit
1742	chr2	50683646	INS	True	True	no_candidate	I1_allele_fully_in_graph	no_candidate	I1_allele_fully_in_graph
1748	chr2	50997676	DEL	True	True	tensor_representative		tensor_representative	
1751	chr2	51280882	INS	True	True	tensor_non_representative_allele		tensor_non_representative_allele	
1753	chr2	51468160	DEL	True	False	tensor_representative		tensor_representative	
1760	chr2	51866198	INS	True	True	no_candidate	I2_partly_in_graph_residual_edit	no_candidate	I1_allele_fully_in_graph
1762	chr2	52243440	INS	True	True	filtered		filtered	
1763	chr2	52321950	INS	True	True	filtered		filtered	
1764	chr2	52436517	INS	True	True	filtered		filtered	
1766	chr2	53066114	DEL	True	True	tensor_representative		tensor_representative	
1767	chr2	53083468	INS	True	True	tensor_representative		tensor_representative	
1769	chr2	53838898	INS	True	True	tensor_representative		tensor_representative	
1770	chr2	54074528	DEL	True	True	tensor_representative		tensor_representative	
1771	chr2	54466561	DEL	True	True	filtered		tensor_non_representative_allele	
1772	chr2	54466561	INS	True	True	filtered		tensor_non_representative_allele	
1775	chr2	55293916	INS	True	True	tensor_representative		tensor_representative	
1776	chr2	55646209	DEL	True	True	tensor_representative		tensor_representative	
1777	chr2	55811180	INS	True	True	tensor_representative		tensor_representative	
1779	chr2	56044693	INS	True	True	tensor_representative		tensor_representative	
1784	chr2	56652661	INS	True	False	tensor_representative		tensor_representative	
1790	chr2	57514634	INS	True	True	tensor_representative		tensor_representative	
1792	chr2	57584893	DEL	True	True	tensor_representative		tensor_representative	
1793	chr2	57615519	DEL	True	False	tensor_representative		tensor_representative	
1796	chr2	57973678	DEL	True	True	tensor_representative		tensor_representative	
1798	chr2	58257404	INS	True	True	no_candidate	I1_allele_fully_in_graph	no_candidate	I1_allele_fully_in_graph
1800	chr2	58345248	INS	True	False	filtered		filtered	
1805	chr2	59095049	INS	True	True	tensor_representative		tensor_non_representative_allele	
1808	chr2	59476834	INS	True	True	tensor_representative		tensor_representative	
1812	chr2	59716417	INS	True	True	tensor_representative		tensor_representative	
1813	chr2	59902674	DEL	True	True	tensor_representative		tensor_representative	
1814	chr2	59938932	INS	True	True	filtered		filtered	
1815	chr2	60567805	INS	True	False	filtered		tensor_non_representative_allele	
1817	chr2	60960149	INS	True	True	filtered		filtered	
1818	chr2	61262088	DEL	True	True	no_candidate	I2_partly_in_graph_residual_edit	no_candidate	I2_partly_in_graph_residual_edit
1820	chr2	61339689	INS	True	True	tensor_representative		tensor_representative	
1821	chr2	61489559	INS	True	True	tensor_representative		tensor_representative	
1822	chr2	61515069	INS	True	True	no_candidate	I1_allele_fully_in_graph	no_candidate	I1_allele_fully_in_graph
1823	chr2	61528733	INS	True	True	tensor_representative		tensor_representative	
1824	chr2	61584817	INS	True	True	tensor_representative		tensor_representative	
1825	chr2	61616261	INS	True	True	tensor_representative		tensor_representative	
1826	chr2	61798993	DEL	True	True	filtered		filtered	
1827	chr2	61903555	INS	True	True	tensor_representative		tensor_representative	
1832	chr2	63032566	INS	True	False	filtered		tensor_representative	
1833	chr2	63295880	DEL	True	True	no_candidate	I2_partly_in_graph_residual_edit	no_candidate	I2_partly_in_graph_residual_edit
1835	chr2	64025689	DEL	True	True	no_candidate	I2_partly_in_graph_residual_edit	no_candidate	I2_partly_in_graph_residual_edit
1839	chr2	65573712	DEL	True	True	no_candidate	I1_allele_fully_in_graph	no_candidate	I1_allele_fully_in_graph
1840	chr2	65615589	INS	True	True	tensor_representative		tensor_representative	
1841	chr2	65810032	INS	True	True	no_candidate	I2_partly_in_graph_residual_edit	no_candidate	I2_partly_in_graph_residual_edit
1843	chr2	66714998	INS	True	True	filtered		no_candidate	I2_partly_in_graph_residual_edit
1845	chr2	66889220	DEL	True	True	no_candidate	I1_allele_fully_in_graph	no_candidate	I1_allele_fully_in_graph
1847	chr2	67316779	INS	True	True	filtered		filtered	
1848	chr2	67746039	DEL	True	True	tensor_representative		tensor_representative	
1849	chr2	67773641	DEL	True	True	tensor_representative		tensor_representative	
1851	chr2	67956883	DEL	True	True	filtered		no_candidate	I1_allele_fully_in_graph
1852	chr2	68009846	DEL	True	False	tensor_representative		tensor_representative	
1853	chr2	68285668	INS	True	False	no_candidate	I2_partly_in_graph_residual_edit	no_candidate	I2_partly_in_graph_residual_edit
1854	chr2	68493287	DEL	True	True	tensor_representative		tensor_representative	
1856	chr2	68700830	DEL	True	True	no_candidate	I2_partly_in_graph_residual_edit	no_candidate	I1_allele_fully_in_graph
1857	chr2	68890642	INS	True	True	tensor_representative		tensor_representative	
1858	chr2	68904220	DEL	True	True	filtered		tensor_representative	
1859	chr2	68915459	DEL	True	True	tensor_representative		tensor_representative	
1861	chr2	69332313	INS	True	True	tensor_representative		tensor_representative	
1864	chr2	69694365	INS	True	True	filtered		filtered	
1865	chr2	69771094	INS	True	False	filtered		filtered	
1866	chr2	69933200	INS	True	True	filtered		filtered	
1867	chr2	70254139	INS	True	True	tensor_representative		tensor_representative	
1868	chr2	70521097	INS	True	True	filtered		filtered	
1872	chr2	71262718	INS	True	True	filtered		filtered	
1873	chr2	71277241	DEL	True	True	tensor_representative		tensor_representative	
1875	chr2	71638361	INS	True	True	filtered		filtered	
1879	chr2	72319841	INS	True	True	filtered		no_candidate	I1_allele_fully_in_graph
1883	chr2	73408864	INS	True	True	tensor_non_representative_allele		tensor_non_representative_allele	
1884	chr2	73613839	DEL	True	True	filtered		filtered	
1885	chr2	73689223	INS	True	True	no_candidate	I2_partly_in_graph_residual_edit	no_candidate	I2_partly_in_graph_residual_edit
1887	chr2	73832108	INS	True	True	no_candidate	I2_partly_in_graph_residual_edit	no_candidate	I1_allele_fully_in_graph
1889	chr2	74122511	INS	True	True	no_candidate	I1_allele_fully_in_graph	no_candidate	I1_allele_fully_in_graph
1891	chr2	74644537	DEL	True	True	tensor_representative		tensor_representative	
1896	chr2	75228675	DEL	True	True	filtered		tensor_representative	
1897	chr2	75449762	DEL	True	True	filtered		tensor_non_representative_allele	
1898	chr2	75501618	DEL	True	True	tensor_representative		tensor_representative	
1899	chr2	76050263	INS	True	True	filtered		filtered	
1900	chr2	76190261	DEL	True	False	no_candidate	I2_partly_in_graph_residual_edit	no_candidate	I2_partly_in_graph_residual_edit
1901	chr2	76230089	DEL	True	True	tensor_representative		tensor_representative	
1902	chr2	76244387	INS	True	True	filtered		tensor_representative	
1908	chr2	76548007	INS	True	True	tensor_representative		tensor_representative	
1909	chr2	76585771	INS	True	True	no_candidate	I1_allele_fully_in_graph	no_candidate	I1_allele_fully_in_graph
1914	chr2	76834207	INS	True	True	tensor_representative		tensor_representative	
1915	chr2	76933411	INS	True	True	tensor_representative		tensor_representative	
1917	chr2	76968340	INS	True	True	no_candidate	I2_partly_in_graph_residual_edit	no_candidate	I2_partly_in_graph_residual_edit
1918	chr2	77044616	DEL	True	True	tensor_representative		tensor_representative	
1923	chr2	77296145	DEL	True	True	tensor_representative		tensor_representative	
1927	chr2	77526486	INS	True	True	no_candidate	I1_allele_fully_in_graph	no_candidate	I1_allele_fully_in_graph
1928	chr2	77548081	INS	True	True	filtered		tensor_non_representative_allele	
1929	chr2	77750504	DEL	True	True	filtered		filtered	
1930	chr2	77909294	DEL	True	True	tensor_representative		tensor_representative	
1931	chr2	77978970	INS	True	True	tensor_representative		filtered	
1932	chr2	77981148	INS	True	False	tensor_representative		tensor_representative	
1934	chr2	78096045	INS	True	False	tensor_representative		tensor_representative	
1936	chr2	78194107	INS	True	True	tensor_representative		tensor_non_representative_allele	
1939	chr2	78310506	DEL	True	True	tensor_representative		tensor_representative	
1940	chr2	78368160	INS	True	True	tensor_representative		tensor_representative	
1949	chr2	79017851	DEL	True	True	tensor_representative		tensor_representative	
1955	chr2	79332301	DEL	True	True	no_candidate	I1_allele_fully_in_graph	no_candidate	I1_allele_fully_in_graph
1956	chr2	79393628	INS	True	True	filtered		filtered	
1958	chr2	79459395	DEL	True	False	tensor_representative		tensor_representative	
1960	chr2	79501965	INS	True	True	filtered		filtered	
1962	chr2	79655828	DEL	True	True	filtered		filtered	
1963	chr2	79672708	INS	True	True	tensor_representative		tensor_representative	
1964	chr2	79751593	DEL	True	True	no_candidate	I1_allele_fully_in_graph	no_candidate	I1_allele_fully_in_graph
1966	chr2	79797145	INS	True	True	tensor_representative		tensor_representative	
1967	chr2	79845172	INS	True	False	tensor_representative		tensor_representative	
1973	chr2	80029640	DEL	True	True	tensor_representative		tensor_representative	
1974	chr2	80116376	DEL	True	True	tensor_representative		tensor_representative	
1976	chr2	80363004	DEL	True	True	no_candidate	I1_allele_fully_in_graph	no_candidate	I1_allele_fully_in_graph
1977	chr2	80364556	DEL	True	True	tensor_representative		tensor_representative	
1980	chr2	80669853	DEL	True	True	no_candidate	I2_partly_in_graph_residual_edit	no_candidate	I2_partly_in_graph_residual_edit
1984	chr2	80845061	INS	True	True	tensor_representative		tensor_representative	
1986	chr2	81072516	INS	True	True	tensor_representative		tensor_representative	
1990	chr2	81146241	DEL	True	True	filtered		tensor_representative	
1993	chr2	81224895	INS	True	True	no_candidate	I2_partly_in_graph_residual_edit	no_candidate	I2_partly_in_graph_residual_edit
1994	chr2	81418202	DEL	True	True	tensor_representative		tensor_representative	
2004	chr2	82404441	DEL	True	False	filtered		tensor_representative	
2006	chr2	82768186	INS	True	True	no_candidate	I1_allele_fully_in_graph	no_candidate	I1_allele_fully_in_graph
2009	chr2	83095046	DEL	True	True	tensor_representative		tensor_representative	
2010	chr2	83139316	INS	True	True	no_candidate	I1_allele_fully_in_graph	no_candidate	I1_allele_fully_in_graph
2011	chr2	83160872	INS	True	True	tensor_representative		tensor_representative	
2014	chr2	83500032	INS	True	True	no_candidate	I1_allele_fully_in_graph	no_candidate	I1_allele_fully_in_graph
2017	chr2	83746115	INS	True	True	tensor_representative		tensor_representative	
2018	chr2	83848247	INS	True	True	filtered		filtered	
2021	chr2	84089290	DEL	True	True	tensor_representative		tensor_representative	
2022	chr2	84192980	INS	True	True	tensor_representative		tensor_representative	
2026	chr2	85118648	INS	True	True	tensor_representative		tensor_representative	
2027	chr2	85119657	INS	True	True	no_candidate	I2_partly_in_graph_residual_edit	no_candidate	I2_partly_in_graph_residual_edit
2028	chr2	85176986	INS	True	True	filtered		filtered	
2031	chr2	85882834	INS	True	True	no_candidate	I1_allele_fully_in_graph	no_candidate	I1_allele_fully_in_graph
2032	chr2	86363471	INS	True	True	tensor_representative		tensor_representative	
2033	chr2	86380552	INS	True	True	tensor_representative		tensor_representative	
2036	chr2	86569308	INS	True	True	no_candidate	I1_allele_fully_in_graph	no_candidate	I1_allele_fully_in_graph
2038	chr2	86905128	INS	True	True	no_candidate	I2_partly_in_graph_residual_edit	no_candidate	I1_allele_fully_in_graph
2039	chr2	87067798	INS	True	True	tensor_representative		tensor_representative	
2041	chr2	88200159	INS	True	False	no_candidate	I2_partly_in_graph_residual_edit	no_candidate	I2_partly_in_graph_residual_edit
2043	chr2	88343899	INS	True	True	tensor_representative		tensor_representative	
2044	chr2	88360976	DEL	True	True	tensor_representative		tensor_representative	
2048	chr2	89149983	INS	True	True	no_candidate	I5_low_mapq_or_no_reads	no_candidate	I5_low_mapq_or_no_reads
2049	chr2	89278236	DEL	True	True	no_candidate	I5_low_mapq_or_no_reads	no_candidate	I5_low_mapq_or_no_reads
2053	chr2	91880561	DEL	True	True	tensor_non_representative_allele		tensor_representative	
2061	chr2	95172638	INS	True	True	tensor_representative		tensor_representative	
2062	chr2	95172965	INS	True	True	tensor_representative		tensor_representative	
2063	chr2	95507869	DEL	True	True	tensor_representative		tensor_representative	
2067	chr2	96790003	DEL	True	False	tensor_representative		tensor_non_representative_allele	
2068	chr2	96836239	INS	True	True	tensor_representative		tensor_representative	
2072	chr2	97927412	INS	True	True	tensor_representative		tensor_representative	
2074	chr2	98683547	DEL	True	True	tensor_representative		tensor_representative	
2077	chr2	99044351	INS	True	True	no_candidate	I2_partly_in_graph_residual_edit	no_candidate	I2_partly_in_graph_residual_edit
2078	chr2	99143133	DEL	True	False	no_candidate	I2_partly_in_graph_residual_edit	no_candidate	I2_partly_in_graph_residual_edit
2079	chr2	99150464	INS	True	True	tensor_representative		tensor_representative	
2082	chr2	99896068	INS	True	True	tensor_representative		tensor_representative	
2088	chr2	100698327	INS	True	False	tensor_representative		tensor_representative	
2089	chr2	101137031	INS	True	True	filtered		filtered	
2090	chr2	102307305	DEL	True	True	no_candidate	I2_partly_in_graph_residual_edit	no_candidate	I2_partly_in_graph_residual_edit
2092	chr2	102869189	INS	True	True	no_candidate	I1_allele_fully_in_graph	no_candidate	I1_allele_fully_in_graph
2095	chr2	103292023	DEL	True	True	filtered		filtered	
2097	chr2	103339778	INS	True	True	tensor_representative		tensor_representative	
2098	chr2	103515107	INS	True	True	no_candidate	I1_allele_fully_in_graph	no_candidate	I1_allele_fully_in_graph
2099	chr2	103579288	DEL	True	True	tensor_representative		tensor_representative	
2101	chr2	103966060	DEL	True	True	tensor_representative		tensor_representative	
2104	chr2	104249579	INS	True	True	tensor_representative		tensor_representative	
2105	chr2	104448094	DEL	True	True	tensor_representative		tensor_representative	
2110	chr2	104777060	DEL	True	True	no_candidate	I1_allele_fully_in_graph	no_candidate	I1_allele_fully_in_graph
2113	chr2	105669116	DEL	True	True	no_candidate	I1_allele_fully_in_graph	no_candidate	I2_partly_in_graph_residual_edit
2115	chr2	106573318	INS	True	True	tensor_representative		tensor_representative	
2116	chr2	106623921	INS	True	True	filtered		filtered	
2117	chr2	106711032	INS	True	True	no_candidate	I1_allele_fully_in_graph	no_candidate	I1_allele_fully_in_graph
2118	chr2	106744093	DEL	True	True	tensor_representative		tensor_representative	
2121	chr2	107156686	INS	True	True	filtered		filtered	
2122	chr2	107310637	DEL	True	True	no_candidate	I2_partly_in_graph_residual_edit	no_candidate	I2_partly_in_graph_residual_edit
2123	chr2	107388986	DEL	True	True	tensor_representative		tensor_representative	
2124	chr2	107395164	INS	True	True	no_candidate	I2_partly_in_graph_residual_edit	no_candidate	I2_partly_in_graph_residual_edit
2125	chr2	107482206	INS	True	True	tensor_representative		tensor_representative	
2129	chr2	107566339	INS	True	True	filtered		filtered	
2130	chr2	107788207	DEL	True	True	tensor_representative		tensor_representative	
2131	chr2	107904612	INS	True	True	filtered		filtered	
2132	chr2	108074660	DEL	True	True	tensor_representative		tensor_representative	
2133	chr2	108253497	INS	True	True	tensor_representative		tensor_representative	
2137	chr2	108546676	DEL	True	True	no_candidate	I1_allele_fully_in_graph	no_candidate	I2_partly_in_graph_residual_edit
2141	chr2	109632818	INS	True	True	tensor_representative		tensor_representative	
2142	chr2	109658027	DEL	True	True	tensor_representative		tensor_representative	
2144	chr2	110883107	INS	True	True	tensor_representative		tensor_representative	
2145	chr2	111128603	INS	True	True	filtered		filtered	
2147	chr2	111700383	INS	True	True	tensor_representative		tensor_representative	
2149	chr2	112359789	INS	True	True	tensor_representative		tensor_representative	
2152	chr2	113419889	INS	True	True	tensor_representative		tensor_representative	
2153	chr2	113527979	INS	True	True	filtered		tensor_representative	
2154	chr2	114127648	INS	True	True	tensor_representative		tensor_representative	
2155	chr2	114172905	INS	True	True	tensor_representative		tensor_representative	
2156	chr2	114196935	DEL	True	True	no_candidate	I1_allele_fully_in_graph	no_candidate	I1_allele_fully_in_graph
2158	chr2	114243889	DEL	True	True	tensor_representative		tensor_representative	
2159	chr2	114270120	DEL	True	True	no_candidate	I2_partly_in_graph_residual_edit	no_candidate	I2_partly_in_graph_residual_edit
2160	chr2	114363215	INS	True	True	tensor_representative		tensor_representative	
2164	chr2	114445534	INS	True	True	filtered		tensor_non_representative_allele	
2166	chr2	114556234	INS	True	True	no_candidate	I2_partly_in_graph_residual_edit	no_candidate	I2_partly_in_graph_residual_edit
2168	chr2	114993580	INS	True	True	no_candidate	I1_allele_fully_in_graph	no_candidate	I1_allele_fully_in_graph
2174	chr2	115244237	DEL	True	True	no_candidate	I1_allele_fully_in_graph	no_candidate	I1_allele_fully_in_graph
2175	chr2	115286526	INS	True	True	no_candidate	I2_partly_in_graph_residual_edit	no_candidate	I2_partly_in_graph_residual_edit
2176	chr2	115321515	INS	True	False	no_candidate	I2_partly_in_graph_residual_edit	no_candidate	I2_partly_in_graph_residual_edit
2177	chr2	115407673	DEL	True	True	tensor_representative		tensor_representative	
2180	chr2	115732706	DEL	True	True	tensor_representative		tensor_representative	
2188	chr2	116066593	INS	True	True	filtered		no_candidate	I1_allele_fully_in_graph
2189	chr2	116101198	DEL	True	True	tensor_representative		tensor_representative	
2190	chr2	116201477	DEL	True	True	tensor_representative		tensor_representative	
2193	chr2	116299765	INS	True	True	tensor_representative		tensor_representative	
2198	chr2	116567272	DEL	True	True	no_candidate	I2_partly_in_graph_residual_edit	no_candidate	I2_partly_in_graph_residual_edit
2201	chr2	116964066	DEL	True	True	tensor_representative		tensor_representative	
2203	chr2	117053240	INS	True	True	no_candidate	I4_no_or_few_alt_reads	no_candidate	I4_no_or_few_alt_reads
2204	chr2	117130534	INS	True	False	tensor_non_representative_allele		tensor_non_representative_allele	
2206	chr2	117384352	INS	True	False	filtered		filtered	
2209	chr2	118148676	INS	True	False	no_candidate	I2_partly_in_graph_residual_edit	no_candidate	I2_partly_in_graph_residual_edit
2211	chr2	118216023	INS	True	True	no_candidate	I1_allele_fully_in_graph	no_candidate	I1_allele_fully_in_graph
2213	chr2	118246165	INS	True	True	tensor_representative		tensor_representative	
2215	chr2	118358263	INS	True	True	filtered		tensor_representative	
2217	chr2	118826825	DEL	True	True	filtered		filtered	
2222	chr2	119168196	DEL	True	True	tensor_representative		tensor_representative	
2225	chr2	119895916	INS	True	False	filtered		filtered	
2226	chr2	119916199	INS	True	True	tensor_representative		tensor_representative	
2232	chr2	120730886	DEL	True	True	tensor_representative		tensor_representative	
2236	chr2	121710576	DEL	True	True	tensor_representative		tensor_representative	
2237	chr2	121840683	DEL	True	True	tensor_representative		tensor_representative	
2241	chr2	122398566	INS	True	True	tensor_representative		tensor_representative	
2242	chr2	122441531	INS	True	True	no_candidate	I2_partly_in_graph_residual_edit	no_candidate	I2_partly_in_graph_residual_edit
2243	chr2	122616204	INS	True	True	tensor_representative		tensor_representative	
2244	chr2	122653875	DEL	True	True	tensor_representative		tensor_representative	
2247	chr2	122895055	DEL	True	True	tensor_representative		tensor_representative	
2248	chr2	123011359	DEL	True	True	tensor_representative		tensor_representative	
2252	chr2	123234996	INS	True	False	no_candidate	I1_allele_fully_in_graph	no_candidate	I1_allele_fully_in_graph
2253	chr2	123235007	DEL	True	False	no_candidate	I2_partly_in_graph_residual_edit	no_candidate	I2_partly_in_graph_residual_edit
2257	chr2	123813305	INS	True	True	tensor_representative		tensor_representative	
2258	chr2	123854264	INS	True	True	tensor_representative		tensor_representative	
2259	chr2	123897619	INS	True	True	tensor_representative		tensor_representative	
2261	chr2	124019989	INS	True	True	tensor_representative		tensor_representative	
2262	chr2	124106953	INS	True	True	tensor_representative		tensor_representative	
2264	chr2	124215712	DEL	True	True	tensor_representative		tensor_representative	
2271	chr2	124578330	DEL	True	True	tensor_representative		tensor_representative	
2273	chr2	124732427	DEL	True	True	tensor_representative		tensor_representative	
2275	chr2	124841379	INS	True	True	tensor_representative		tensor_representative	
2278	chr2	125050552	DEL	True	True	filtered		tensor_representative	
2279	chr2	125254241	DEL	True	True	tensor_representative		tensor_representative	
2281	chr2	125355133	INS	True	True	tensor_representative		tensor_representative	
2283	chr2	125384035	DEL	True	True	filtered		filtered	
2286	chr2	125674334	DEL	True	True	tensor_representative		tensor_representative	
2288	chr2	125941306	DEL	True	True	tensor_representative		tensor_representative	
2289	chr2	126071393	INS	True	False	no_candidate	I2_partly_in_graph_residual_edit	no_candidate	I2_partly_in_graph_residual_edit
2293	chr2	126249946	DEL	True	True	tensor_representative		tensor_representative	
2296	chr2	126653533	DEL	True	True	tensor_representative		tensor_representative	
2298	chr2	126758739	DEL	True	True	tensor_representative		tensor_representative	
2299	chr2	126804957	INS	True	True	filtered		filtered	
2301	chr2	126952240	DEL	True	True	tensor_representative		tensor_representative	
2304	chr2	127934089	INS	True	True	tensor_representative		tensor_representative	
2305	chr2	128025003	INS	True	True	no_candidate	I2_partly_in_graph_residual_edit	no_candidate	I2_partly_in_graph_residual_edit
2307	chr2	128330350	INS	True	True	tensor_representative		tensor_representative	
2308	chr2	128344590	INS	True	True	filtered		tensor_representative	
2310	chr2	129044980	DEL	True	True	filtered		tensor_non_representative_allele	
2312	chr2	129211584	DEL	True	True	tensor_representative		tensor_representative	
2320	chr2	129582737	DEL	True	True	tensor_representative		tensor_representative	
2326	chr2	129898608	INS	True	True	tensor_representative		tensor_representative	
2327	chr2	130003616	DEL	True	True	tensor_representative		tensor_representative	
2328	chr2	130221101	INS	True	True	tensor_representative		tensor_representative	
2329	chr2	130292130	DEL	True	True	no_candidate	I1_allele_fully_in_graph	filtered	
2331	chr2	130562835	INS	True	True	no_candidate	I4_no_or_few_alt_reads	no_candidate	I4_no_or_few_alt_reads
2332	chr2	130614167	DEL	True	True	no_candidate	I5_low_mapq_or_no_reads	no_candidate	I5_low_mapq_or_no_reads
2334	chr2	130770050	DEL	True	False	tensor_representative		tensor_representative	
2336	chr2	130936065	INS	True	True	tensor_representative		tensor_representative	
2337	chr2	130936905	DEL	True	True	tensor_representative		tensor_representative	
2343	chr2	131725933	INS	True	True	tensor_representative		tensor_representative	
2347	chr2	131943402	DEL	True	True	filtered		filtered	
2351	chr2	132302484	INS	True	True	no_candidate	I1_allele_fully_in_graph	no_candidate	I1_allele_fully_in_graph
2353	chr2	132394063	DEL	True	False	no_candidate	I1_allele_fully_in_graph	no_candidate	I1_allele_fully_in_graph
2356	chr2	132394277	INS	True	False	no_candidate	I1_allele_fully_in_graph	no_candidate	I1_allele_fully_in_graph
2359	chr2	132394428	DEL	True	False	no_candidate	I2_partly_in_graph_residual_edit	no_candidate	I2_partly_in_graph_residual_edit
2360	chr2	132394487	INS	True	False	no_candidate	I1_allele_fully_in_graph	no_candidate	I1_allele_fully_in_graph
2362	chr2	132394576	INS	True	False	no_candidate	I1_allele_fully_in_graph	no_candidate	I1_allele_fully_in_graph
2363	chr2	132394666	INS	True	False	no_candidate	I1_allele_fully_in_graph	no_candidate	I1_allele_fully_in_graph
2364	chr2	132394726	INS	True	False	no_candidate	I1_allele_fully_in_graph	no_candidate	I1_allele_fully_in_graph
2365	chr2	132398314	INS	True	True	filtered		filtered	
2367	chr2	132471652	DEL	True	True	filtered		filtered	
2369	chr2	132569634	DEL	True	True	tensor_representative		tensor_representative	
2374	chr2	133308079	DEL	True	True	tensor_representative		tensor_representative	
2376	chr2	133755115	DEL	True	True	filtered		filtered	
2377	chr2	134081358	INS	True	True	tensor_representative		tensor_representative	
2382	chr2	135528141	INS	True	False	tensor_representative		tensor_representative	
2383	chr2	135618463	INS	True	False	filtered		filtered	
2385	chr2	135966168	INS	True	False	tensor_representative		tensor_representative	
2387	chr2	136088721	DEL	True	True	no_candidate	I1_allele_fully_in_graph	no_candidate	I1_allele_fully_in_graph
2391	chr2	136721986	DEL	True	False	tensor_representative		tensor_representative	
2394	chr2	136876364	DEL	True	True	tensor_representative		tensor_representative	
2395	chr2	136896530	DEL	True	True	tensor_representative		tensor_representative	
2397	chr2	136965010	DEL	True	True	no_candidate	I1_allele_fully_in_graph	no_candidate	I1_allele_fully_in_graph
2400	chr2	137262455	DEL	True	True	tensor_representative		tensor_representative	
2406	chr2	138346052	INS	True	True	tensor_representative		tensor_representative	
2409	chr2	138806617	INS	True	True	no_candidate	I2_partly_in_graph_residual_edit	no_candidate	I2_partly_in_graph_residual_edit
2411	chr2	138857101	DEL	True	False	tensor_representative		tensor_representative	
2419	chr2	139272602	INS	True	False	tensor_representative		tensor_representative	
2421	chr2	139543152	INS	True	False	no_candidate	I1_allele_fully_in_graph	no_candidate	I1_allele_fully_in_graph
2425	chr2	139814495	DEL	True	True	filtered		no_candidate	I1_allele_fully_in_graph
2428	chr2	139907681	DEL	True	True	no_candidate	I1_allele_fully_in_graph	no_candidate	I1_allele_fully_in_graph
2430	chr2	140008693	INS	True	True	no_candidate	I2_partly_in_graph_residual_edit	no_candidate	I2_partly_in_graph_residual_edit
2432	chr2	140089113	DEL	True	True	no_candidate	I1_allele_fully_in_graph	no_candidate	I1_allele_fully_in_graph
2434	chr2	140291298	INS	True	True	no_candidate	I1_allele_fully_in_graph	no_candidate	I1_allele_fully_in_graph
2438	chr2	140787558	INS	True	True	tensor_representative		tensor_non_representative_allele	
2439	chr2	140801582	DEL	True	True	no_candidate	I2_partly_in_graph_residual_edit	no_candidate	I2_partly_in_graph_residual_edit
2440	chr2	140804648	DEL	True	True	no_candidate	I1_allele_fully_in_graph	filtered	
2441	chr2	140843058	DEL	True	True	no_candidate	I1_allele_fully_in_graph	no_candidate	I1_allele_fully_in_graph
2443	chr2	140959057	DEL	True	True	tensor_representative		tensor_non_representative_allele	
2444	chr2	140982896	INS	True	True	tensor_representative		tensor_representative	
2448	chr2	141277665	DEL	True	True	tensor_representative		tensor_representative	
2452	chr2	141614080	INS	True	False	no_candidate	I2_partly_in_graph_residual_edit	no_candidate	I2_partly_in_graph_residual_edit
2453	chr2	141775842	DEL	True	True	tensor_representative		tensor_representative	
2454	chr2	141795857	INS	True	True	no_candidate	I2_partly_in_graph_residual_edit	no_candidate	I2_partly_in_graph_residual_edit
2455	chr2	141968602	INS	True	True	tensor_representative		tensor_representative	
2456	chr2	142134016	DEL	True	True	tensor_representative		tensor_representative	
2459	chr2	142464841	INS	True	True	filtered		filtered	
2460	chr2	142484938	DEL	True	True	tensor_representative		tensor_representative	
2461	chr2	142597042	INS	True	True	tensor_representative		tensor_representative	
2462	chr2	143067951	DEL	True	True	tensor_representative		tensor_representative	
2463	chr2	143145839	DEL	True	True	no_candidate	I1_allele_fully_in_graph	no_candidate	I1_allele_fully_in_graph
2465	chr2	143245145	DEL	True	True	tensor_representative		tensor_representative	
2466	chr2	143327908	DEL	True	True	no_candidate	I2_partly_in_graph_residual_edit	no_candidate	I2_partly_in_graph_residual_edit
2467	chr2	143347814	DEL	True	True	filtered		tensor_non_representative_allele	
2468	chr2	143407989	INS	True	True	no_candidate	I1_allele_fully_in_graph	no_candidate	I1_allele_fully_in_graph
2469	chr2	143445155	INS	True	True	no_candidate	I3_grch38_path_different_edit	no_candidate	I3_grch38_path_different_edit
2473	chr2	143818751	INS	True	False	no_candidate	I3_grch38_path_different_edit	no_candidate	I3_grch38_path_different_edit
2474	chr2	143846328	DEL	True	False	no_candidate	I3_grch38_path_different_edit	no_candidate	I3_grch38_path_different_edit
2482	chr2	144445265	DEL	True	True	tensor_non_representative_allele		tensor_non_representative_allele	
2484	chr2	144623801	DEL	True	True	tensor_representative		tensor_representative	
2487	chr2	145057601	DEL	True	True	no_candidate	I2_partly_in_graph_residual_edit	no_candidate	I2_partly_in_graph_residual_edit
2488	chr2	145224533	INS	True	True	no_candidate	I2_partly_in_graph_residual_edit	no_candidate	I2_partly_in_graph_residual_edit
2492	chr2	145988263	INS	True	True	no_candidate	I2_partly_in_graph_residual_edit	no_candidate	I2_partly_in_graph_residual_edit
2494	chr2	146202509	DEL	True	True	tensor_representative		tensor_representative	
2495	chr2	146207913	DEL	True	True	tensor_representative		tensor_representative	
2496	chr2	146320329	INS	True	True	no_candidate	I2_partly_in_graph_residual_edit	no_candidate	I2_partly_in_graph_residual_edit
2497	chr2	146564189	INS	True	True	filtered		filtered	
2500	chr2	147040479	DEL	True	True	tensor_representative		tensor_representative	
2507	chr2	148299134	DEL	True	True	tensor_representative		tensor_representative	
2508	chr2	148887364	INS	True	False	tensor_representative		tensor_representative	
2510	chr2	149619084	INS	True	True	tensor_representative		tensor_representative	
2512	chr2	149806057	DEL	True	True	filtered		tensor_representative	
2513	chr2	150109224	DEL	True	True	tensor_representative		tensor_representative	
2514	chr2	150109228	DEL	True	True	tensor_representative		tensor_representative	
2518	chr2	151207981	INS	True	True	no_candidate	I1_allele_fully_in_graph	no_candidate	I1_allele_fully_in_graph
2520	chr2	151404568	INS	True	True	tensor_representative		tensor_representative	
2522	chr2	151716130	INS	True	True	tensor_non_representative_allele		tensor_non_representative_allele	
2523	chr2	151719886	INS	True	True	tensor_representative		tensor_representative	
2526	chr2	151967039	DEL	True	False	filtered		filtered	
2527	chr2	152183358	DEL	True	False	tensor_representative		tensor_representative	
2528	chr2	152314851	INS	True	False	filtered		filtered	
2530	chr2	152455121	DEL	True	True	tensor_non_representative_allele		tensor_representative	
2532	chr2	152836915	DEL	True	False	filtered		tensor_non_representative_allele	
2534	chr2	152932112	DEL	True	False	no_candidate	I2_partly_in_graph_residual_edit	filtered	
2535	chr2	152974028	INS	True	False	no_candidate	I1_allele_fully_in_graph	no_candidate	I1_allele_fully_in_graph
2541	chr2	153750527	DEL	True	True	tensor_representative		tensor_representative	
2543	chr2	153966219	DEL	True	False	tensor_representative		tensor_representative	
2544	chr2	154009501	INS	True	False	filtered		filtered	
2545	chr2	154107773	INS	True	True	tensor_representative		tensor_representative	
2551	chr2	154446971	DEL	True	True	tensor_representative		tensor_representative	
2552	chr2	154497013	DEL	True	True	filtered		filtered	
2554	chr2	154615075	DEL	True	True	tensor_representative		tensor_representative	
2556	chr2	154825875	INS	True	True	filtered		filtered	
2558	chr2	154968781	DEL	True	True	filtered		tensor_non_representative_allele	
2559	chr2	154970389	DEL	True	True	no_candidate	I1_allele_fully_in_graph	no_candidate	I1_allele_fully_in_graph
2562	chr2	155148246	INS	True	True	tensor_representative		tensor_representative	
2566	chr2	155564875	DEL	True	True	tensor_non_representative_allele		tensor_non_representative_allele	
2569	chr2	156613928	INS	True	True	tensor_representative		tensor_representative	
2570	chr2	156737186	INS	True	False	no_candidate	I2_partly_in_graph_residual_edit	no_candidate	I2_partly_in_graph_residual_edit
2571	chr2	156870134	INS	True	True	tensor_representative		tensor_representative	
2580	chr2	158433091	INS	True	True	no_candidate	I2_partly_in_graph_residual_edit	no_candidate	I2_partly_in_graph_residual_edit
2581	chr2	158809357	INS	True	True	no_candidate	I2_partly_in_graph_residual_edit	no_candidate	I2_partly_in_graph_residual_edit
2582	chr2	158980774	DEL	True	True	filtered		tensor_representative	
2583	chr2	159019653	DEL	True	True	filtered		tensor_non_representative_allele	
2589	chr2	159325060	INS	True	True	no_candidate	I4_no_or_few_alt_reads	no_candidate	I4_no_or_few_alt_reads
2590	chr2	159325076	DEL	True	True	no_candidate	I1_allele_fully_in_graph	no_candidate	I1_allele_fully_in_graph
2591	chr2	159501214	INS	True	True	tensor_representative		tensor_representative	
2593	chr2	160053348	INS	True	True	tensor_representative		tensor_representative	
2596	chr2	161477767	INS	True	False	filtered		filtered	
2598	chr2	161945182	DEL	True	True	no_candidate	I2_partly_in_graph_residual_edit	no_candidate	I2_partly_in_graph_residual_edit
2599	chr2	161978384	INS	True	False	no_candidate	I1_allele_fully_in_graph	no_candidate	I1_allele_fully_in_graph
2602	chr2	162511480	DEL	True	False	no_candidate	I2_partly_in_graph_residual_edit	no_candidate	I2_partly_in_graph_residual_edit
2605	chr2	163098870	DEL	True	False	filtered		filtered	
2606	chr2	163126318	INS	True	True	no_candidate	I1_allele_fully_in_graph	no_candidate	I1_allele_fully_in_graph
2607	chr2	163171278	INS	True	True	tensor_representative		tensor_representative	
2608	chr2	163254963	INS	True	True	filtered		filtered	
2610	chr2	163382233	DEL	True	True	tensor_representative		tensor_representative	
2611	chr2	163425627	DEL	True	True	tensor_representative		tensor_representative	
2612	chr2	163475221	INS	True	False	tensor_representative		tensor_representative	
2613	chr2	163612692	INS	True	True	no_candidate	I2_partly_in_graph_residual_edit	no_candidate	I2_partly_in_graph_residual_edit
2615	chr2	163668014	INS	True	True	no_candidate	I1_allele_fully_in_graph	no_candidate	I1_allele_fully_in_graph
2616	chr2	163672251	DEL	True	True	tensor_representative		tensor_non_representative_allele	
2617	chr2	163675706	INS	True	False	filtered		filtered	
2618	chr2	163676434	INS	True	True	tensor_representative		tensor_representative	
2620	chr2	163761891	DEL	True	True	tensor_representative		tensor_representative	
2622	chr2	163922926	INS	True	False	tensor_representative		tensor_representative	
2623	chr2	163954335	DEL	True	False	tensor_representative		tensor_representative	
2624	chr2	163968582	DEL	True	False	tensor_representative		tensor_non_representative_allele	
2626	chr2	164080886	INS	True	False	no_candidate	I1_allele_fully_in_graph	no_candidate	I1_allele_fully_in_graph
2628	chr2	164272999	DEL	True	True	tensor_representative		tensor_representative	
2632	chr2	165047996	DEL	True	False	tensor_representative		tensor_representative	
2635	chr2	165133652	DEL	True	True	tensor_representative		tensor_representative	
2638	chr2	165265471	INS	True	True	no_candidate	I2_partly_in_graph_residual_edit	no_candidate	I2_partly_in_graph_residual_edit
2641	chr2	166103449	INS	True	False	no_candidate	I1_allele_fully_in_graph	no_candidate	I1_allele_fully_in_graph
2647	chr2	166637825	DEL	True	True	tensor_representative		tensor_representative	
2650	chr2	166806992	DEL	True	False	tensor_representative		tensor_representative	
2654	chr2	166914333	DEL	True	True	tensor_representative		tensor_representative	
2659	chr2	167542798	INS	True	False	filtered		filtered	
2662	chr2	167812996	INS	True	True	filtered		filtered	
2663	chr2	167914454	INS	True	True	tensor_representative		tensor_representative	
2666	chr2	168390426	DEL	True	True	tensor_representative		tensor_representative	
2667	chr2	169031636	INS	True	False	tensor_representative		tensor_representative	
2668	chr2	169254643	INS	True	True	no_candidate	I2_partly_in_graph_residual_edit	no_candidate	I2_partly_in_graph_residual_edit
2669	chr2	169417443	INS	True	True	tensor_representative		tensor_representative	
2670	chr2	169606591	INS	True	True	no_candidate	I2_partly_in_graph_residual_edit	no_candidate	I2_partly_in_graph_residual_edit
2671	chr2	169627725	INS	True	True	no_candidate	I3_grch38_path_different_edit	no_candidate	I3_grch38_path_different_edit
2673	chr2	169807737	INS	True	True	no_candidate	I1_allele_fully_in_graph	no_candidate	I1_allele_fully_in_graph
2678	chr2	170796425	INS	True	True	no_candidate	I1_allele_fully_in_graph	no_candidate	I2_partly_in_graph_residual_edit
2681	chr2	171767790	DEL	True	True	tensor_representative		tensor_representative	
2682	chr2	171777649	DEL	True	True	tensor_representative		tensor_representative	
2685	chr2	172632980	INS	True	False	no_candidate	I2_partly_in_graph_residual_edit	no_candidate	I2_partly_in_graph_residual_edit
2687	chr2	172831266	INS	True	True	no_candidate	I2_partly_in_graph_residual_edit	no_candidate	I2_partly_in_graph_residual_edit
2689	chr2	173456384	DEL	True	True	no_candidate	I2_partly_in_graph_residual_edit	no_candidate	I2_partly_in_graph_residual_edit
2692	chr2	174173692	INS	True	False	filtered		filtered	
2694	chr2	174285070	INS	True	True	tensor_representative		tensor_representative	
2695	chr2	174441917	INS	True	True	tensor_representative		tensor_representative	
2696	chr2	174489834	INS	True	True	tensor_representative		tensor_representative	
2697	chr2	174632709	DEL	True	True	no_candidate	I1_allele_fully_in_graph	no_candidate	I1_allele_fully_in_graph
2698	chr2	174731379	INS	True	True	no_candidate	I2_partly_in_graph_residual_edit	no_candidate	I2_partly_in_graph_residual_edit
2699	chr2	174792248	INS	True	True	tensor_representative		tensor_representative	
2700	chr2	174797559	DEL	True	True	tensor_representative		tensor_representative	
2702	chr2	174891568	DEL	True	True	tensor_representative		tensor_representative	
2703	chr2	174907613	DEL	True	True	tensor_representative		tensor_representative	
2704	chr2	174910899	DEL	True	True	tensor_representative		tensor_representative	
2705	chr2	175042096	INS	True	True	no_candidate	I2_partly_in_graph_residual_edit	no_candidate	I2_partly_in_graph_residual_edit
2706	chr2	175296511	INS	True	True	tensor_representative		tensor_representative	
2707	chr2	175481951	DEL	True	True	tensor_representative		tensor_representative	
2708	chr2	175509883	DEL	True	True	tensor_representative		tensor_representative	
2709	chr2	175653722	INS	True	True	no_candidate	I1_allele_fully_in_graph	no_candidate	I1_allele_fully_in_graph
2712	chr2	176007536	INS	True	True	tensor_representative		tensor_representative	
2713	chr2	176127714	INS	True	True	filtered		no_candidate	I2_partly_in_graph_residual_edit
2714	chr2	176136150	DEL	True	False	no_candidate	I1_allele_fully_in_graph	no_candidate	I1_allele_fully_in_graph
2715	chr2	176282710	INS	True	True	tensor_representative		tensor_representative	
2718	chr2	176882601	INS	True	True	no_candidate	I1_allele_fully_in_graph	filtered	
2719	chr2	176883862	INS	True	True	filtered		filtered	
2720	chr2	177060725	INS	True	True	no_candidate	I2_partly_in_graph_residual_edit	no_candidate	I2_partly_in_graph_residual_edit
2721	chr2	177184731	INS	True	True	no_candidate	I3_grch38_path_different_edit	no_candidate	I3_grch38_path_different_edit
2724	chr2	178183624	DEL	True	True	no_candidate	I1_allele_fully_in_graph	no_candidate	I2_partly_in_graph_residual_edit
2725	chr2	178924487	DEL	True	True	tensor_representative		tensor_representative	
2728	chr2	179109165	DEL	True	True	tensor_representative		tensor_representative	
2730	chr2	179413193	INS	True	True	no_candidate	I2_partly_in_graph_residual_edit	no_candidate	I2_partly_in_graph_residual_edit
2731	chr2	179413241	DEL	True	True	no_candidate	I2_partly_in_graph_residual_edit	no_candidate	I2_partly_in_graph_residual_edit
2734	chr2	179514778	DEL	True	True	no_candidate	I2_partly_in_graph_residual_edit	no_candidate	I2_partly_in_graph_residual_edit
2735	chr2	179537321	DEL	True	True	tensor_representative		tensor_representative	
2736	chr2	179913130	DEL	True	True	tensor_representative		tensor_representative	
2738	chr2	180210292	INS	True	False	no_candidate	I1_allele_fully_in_graph	no_candidate	I1_allele_fully_in_graph
2740	chr2	180910271	DEL	True	True	no_candidate	I2_partly_in_graph_residual_edit	no_candidate	I2_partly_in_graph_residual_edit
2741	chr2	181116362	INS	True	True	tensor_representative		tensor_representative	
2743	chr2	181296100	DEL	True	True	tensor_representative		tensor_representative	
2744	chr2	181336067	DEL	True	True	tensor_representative		tensor_non_representative_allele	
2745	chr2	181336067	INS	True	True	tensor_representative		tensor_representative	
2746	chr2	181371984	DEL	True	True	filtered		tensor_representative	
2747	chr2	181374603	INS	True	True	no_candidate	I7_unclear	no_candidate	I7_unclear
2748	chr2	181446658	INS	True	False	tensor_representative		tensor_non_representative_allele	
2749	chr2	181509135	DEL	True	True	no_candidate	I2_partly_in_graph_residual_edit	no_candidate	I2_partly_in_graph_residual_edit
2750	chr2	181948611	DEL	True	True	no_candidate	I1_allele_fully_in_graph	no_candidate	I1_allele_fully_in_graph
2754	chr2	182534589	INS	True	True	tensor_representative		tensor_representative	
2756	chr2	182889863	INS	True	True	no_candidate	I1_allele_fully_in_graph	no_candidate	I2_partly_in_graph_residual_edit
2759	chr2	183265413	INS	True	False	no_candidate	I2_partly_in_graph_residual_edit	no_candidate	I2_partly_in_graph_residual_edit
2761	chr2	183593137	INS	True	True	filtered		filtered	
2764	chr2	184096057	INS	True	True	tensor_representative		tensor_representative	
2770	chr2	184412323	INS	True	True	no_candidate	I1_allele_fully_in_graph	no_candidate	I1_allele_fully_in_graph
2774	chr2	184519523	DEL	True	True	tensor_representative		tensor_representative	
2776	chr2	184782767	DEL	True	True	tensor_representative		tensor_representative	
2778	chr2	185153033	INS	True	True	no_candidate	I1_allele_fully_in_graph	no_candidate	I1_allele_fully_in_graph
2779	chr2	185159777	DEL	True	True	tensor_representative		tensor_representative	
2780	chr2	185166219	DEL	True	True	no_candidate	I1_allele_fully_in_graph	no_candidate	I1_allele_fully_in_graph
2784	chr2	185234133	INS	True	True	tensor_representative		tensor_representative	
2786	chr2	185454614	DEL	True	True	no_candidate	I1_allele_fully_in_graph	no_candidate	I1_allele_fully_in_graph
2787	chr2	185736026	INS	True	True	tensor_representative		tensor_representative	
2788	chr2	185781059	INS	True	True	filtered		filtered	
2790	chr2	185971856	DEL	True	False	no_candidate	I1_allele_fully_in_graph	no_candidate	I1_allele_fully_in_graph
2791	chr2	186073698	INS	True	False	filtered		filtered	
2794	chr2	186624952	INS	True	True	filtered		filtered	
2795	chr2	186958716	INS	True	True	filtered		filtered	
2797	chr2	187411978	DEL	True	True	filtered		tensor_non_representative_allele	
2799	chr2	187590368	DEL	True	True	tensor_representative		tensor_representative	
2800	chr2	187625561	INS	True	True	tensor_representative		tensor_representative	
2802	chr2	187912005	DEL	True	True	tensor_representative		tensor_representative	
2804	chr2	188414216	INS	True	True	filtered		filtered	
2807	chr2	188532753	INS	True	True	tensor_non_representative_allele		tensor_non_representative_allele	
2809	chr2	188769116	DEL	True	True	tensor_representative		tensor_representative	
2814	chr2	189936259	INS	True	True	no_candidate	I2_partly_in_graph_residual_edit	no_candidate	I2_partly_in_graph_residual_edit
2816	chr2	190152780	DEL	True	True	no_candidate	I3_grch38_path_different_edit	tensor_representative	
2819	chr2	191094917	DEL	True	True	filtered		tensor_non_representative_allele	
2820	chr2	191375470	INS	True	True	no_candidate	I1_allele_fully_in_graph	no_candidate	I1_allele_fully_in_graph
2821	chr2	191506575	INS	True	True	tensor_representative		tensor_representative	
2824	chr2	192253175	DEL	True	True	filtered		filtered	
2826	chr2	192492082	INS	True	True	no_candidate	I1_allele_fully_in_graph	no_candidate	I2_partly_in_graph_residual_edit
2827	chr2	192734734	INS	True	True	filtered		filtered	
2828	chr2	192750646	INS	True	True	tensor_representative		tensor_representative	
2832	chr2	193153217	DEL	True	True	tensor_representative		tensor_representative	
2834	chr2	193221360	DEL	True	True	tensor_representative		tensor_representative	
2841	chr2	194161009	INS	True	True	filtered		filtered	
2842	chr2	194178863	INS	True	True	no_candidate	I1_allele_fully_in_graph	no_candidate	I1_allele_fully_in_graph
2843	chr2	194298502	INS	True	True	tensor_representative		tensor_representative	
2846	chr2	194513252	INS	True	True	tensor_representative		tensor_representative	
2853	chr2	195766167	INS	True	True	no_candidate	I1_allele_fully_in_graph	no_candidate	I1_allele_fully_in_graph
2855	chr2	195996428	INS	True	True	filtered		filtered	
2857	chr2	196549594	INS	True	False	tensor_representative		tensor_representative	
2858	chr2	196613061	DEL	True	True	tensor_representative		tensor_representative	
2859	chr2	196721361	INS	True	True	no_candidate	I2_partly_in_graph_residual_edit	no_candidate	I2_partly_in_graph_residual_edit
2860	chr2	196911305	DEL	True	True	filtered		filtered	
2862	chr2	196940690	DEL	True	True	tensor_representative		tensor_representative	
2863	chr2	196982108	INS	True	True	no_candidate	I1_allele_fully_in_graph	no_candidate	I1_allele_fully_in_graph
2865	chr2	197333414	INS	True	True	tensor_representative		tensor_representative	
2866	chr2	197338088	INS	True	True	tensor_representative		tensor_representative	
2869	chr2	198270289	INS	True	True	no_candidate	I1_allele_fully_in_graph	no_candidate	I1_allele_fully_in_graph
2870	chr2	198440368	DEL	True	True	no_candidate	I1_allele_fully_in_graph	no_candidate	I1_allele_fully_in_graph
2872	chr2	198890162	DEL	True	True	tensor_representative		tensor_representative	
2874	chr2	199185814	INS	True	True	filtered		tensor_representative	
2875	chr2	199283084	DEL	True	True	tensor_representative		tensor_representative	
2878	chr2	199333156	INS	True	True	tensor_representative		tensor_representative	
2879	chr2	199630709	INS	True	True	tensor_representative		tensor_representative	
2883	chr2	199832970	DEL	True	True	tensor_representative		tensor_representative	
2884	chr2	200592861	INS	True	True	tensor_representative		tensor_representative	
2888	chr2	201816455	DEL	True	True	filtered		filtered	
2889	chr2	201987951	INS	True	True	no_candidate	I2_partly_in_graph_residual_edit	no_candidate	I2_partly_in_graph_residual_edit
2890	chr2	202250680	INS	True	False	no_candidate	I2_partly_in_graph_residual_edit	no_candidate	I2_partly_in_graph_residual_edit
2891	chr2	202435376	DEL	True	False	tensor_representative		tensor_representative	
2893	chr2	202536870	INS	True	True	tensor_representative		tensor_representative	
2901	chr2	204020919	INS	True	True	filtered		filtered	
2903	chr2	204071984	DEL	True	True	tensor_representative		tensor_representative	
2904	chr2	204225238	INS	True	True	no_candidate	I1_allele_fully_in_graph	no_candidate	I1_allele_fully_in_graph
2905	chr2	204327114	INS	True	True	no_candidate	I1_allele_fully_in_graph	no_candidate	I1_allele_fully_in_graph
2906	chr2	204508007	INS	True	True	filtered		filtered	
2908	chr2	205040638	INS	True	True	tensor_representative		tensor_representative	
2909	chr2	205061794	INS	True	True	tensor_representative		tensor_representative	
2910	chr2	205083602	INS	True	True	tensor_representative		tensor_representative	
2912	chr2	205378635	INS	True	True	filtered		no_candidate	I1_allele_fully_in_graph
2913	chr2	205641360	INS	True	True	tensor_representative		tensor_representative	
2919	chr2	206917458	INS	True	True	no_candidate	I2_partly_in_graph_residual_edit	no_candidate	I2_partly_in_graph_residual_edit
2929	chr2	208080986	INS	True	True	tensor_representative		tensor_representative	
2931	chr2	208367424	INS	True	True	filtered		filtered	
2932	chr2	208505668	INS	True	False	no_candidate	I2_partly_in_graph_residual_edit	no_candidate	I2_partly_in_graph_residual_edit
2933	chr2	208608110	INS	True	True	filtered		filtered	
2934	chr2	208731042	DEL	True	True	tensor_representative		tensor_representative	
2938	chr2	209212701	INS	True	True	tensor_representative		tensor_representative	
2940	chr2	209532240	INS	True	True	tensor_representative		tensor_representative	
2941	chr2	209538535	DEL	True	True	tensor_representative		tensor_representative	
2942	chr2	209791819	INS	True	True	filtered		filtered	
2943	chr2	209907291	INS	True	True	tensor_representative		tensor_representative	
2945	chr2	209925091	INS	True	True	tensor_representative		tensor_representative	
2946	chr2	210159771	DEL	True	True	tensor_representative		tensor_representative	
2948	chr2	210218285	INS	True	True	filtered		filtered	
2951	chr2	210552288	INS	True	True	tensor_representative		tensor_representative	
2954	chr2	211047057	INS	True	True	no_candidate	I2_partly_in_graph_residual_edit	no_candidate	I2_partly_in_graph_residual_edit
2956	chr2	211267737	DEL	True	True	tensor_representative		tensor_representative	
2957	chr2	211324487	DEL	True	True	tensor_representative		tensor_representative	
2959	chr2	211422488	DEL	True	True	tensor_representative		tensor_representative	
2962	chr2	211687304	DEL	True	True	filtered		tensor_non_representative_allele	
2965	chr2	212077380	DEL	True	True	tensor_representative		tensor_representative	
2966	chr2	212099736	INS	True	True	no_candidate	I2_partly_in_graph_residual_edit	no_candidate	I2_partly_in_graph_residual_edit
2967	chr2	212145727	INS	True	True	filtered		tensor_non_representative_allele	
2968	chr2	212240637	DEL	True	True	tensor_representative		tensor_non_representative_allele	
2970	chr2	212438204	DEL	True	True	tensor_representative		tensor_representative	
2974	chr2	212681845	INS	True	True	tensor_representative		tensor_representative	
2976	chr2	213190388	INS	True	True	filtered		filtered	
2979	chr2	213398168	INS	True	True	tensor_representative		tensor_representative	
2980	chr2	213425651	DEL	True	True	tensor_representative		tensor_representative	
2981	chr2	213508583	DEL	True	True	tensor_representative		tensor_representative	
2982	chr2	213625096	INS	True	True	tensor_representative		tensor_representative	
2983	chr2	213675494	DEL	True	True	tensor_representative		tensor_representative	
2984	chr2	213980725	INS	True	True	no_candidate	I4_no_or_few_alt_reads	no_candidate	I4_no_or_few_alt_reads
2985	chr2	213986891	INS	True	True	tensor_representative		tensor_representative	
2987	chr2	214191725	DEL	True	True	no_candidate	I7_unclear	no_candidate	I7_unclear
2989	chr2	214213287	INS	True	True	tensor_representative		tensor_representative	
3001	chr2	216327957	INS	True	True	tensor_representative		tensor_representative	
3002	chr2	216423391	DEL	True	True	tensor_representative		tensor_representative	
3004	chr2	216960235	INS	True	False	tensor_representative		tensor_representative	
3005	chr2	217161097	INS	True	True	no_candidate	I2_partly_in_graph_residual_edit	no_candidate	I2_partly_in_graph_residual_edit
3010	chr2	217470828	INS	True	True	no_candidate	I3_grch38_path_different_edit	no_candidate	I3_grch38_path_different_edit
3012	chr2	217965154	DEL	True	True	tensor_representative		tensor_representative	
3015	chr2	218312213	DEL	True	True	tensor_representative		tensor_representative	
3017	chr2	218681446	INS	True	True	tensor_representative		tensor_representative	
3019	chr2	218819597	INS	True	True	tensor_representative		tensor_representative	
3020	chr2	218969502	INS	True	False	filtered		filtered	
3022	chr2	219759777	INS	True	True	no_candidate	I1_allele_fully_in_graph	no_candidate	I1_allele_fully_in_graph
3023	chr2	219825726	INS	True	True	no_candidate	I2_partly_in_graph_residual_edit	no_candidate	I2_partly_in_graph_residual_edit
3024	chr2	219983546	DEL	True	True	no_candidate	I1_allele_fully_in_graph	no_candidate	I1_allele_fully_in_graph
3025	chr2	220093700	INS	True	True	no_candidate	I2_partly_in_graph_residual_edit	no_candidate	I2_partly_in_graph_residual_edit
3026	chr2	220099985	DEL	True	True	tensor_representative		tensor_representative	
3028	chr2	220173870	INS	True	True	tensor_non_representative_allele		tensor_representative	
3029	chr2	220213675	DEL	True	True	filtered		filtered	
3030	chr2	220255622	INS	True	True	no_candidate	I2_partly_in_graph_residual_edit	no_candidate	I2_partly_in_graph_residual_edit
3031	chr2	220641242	DEL	True	True	tensor_representative		tensor_representative	
3033	chr2	220866981	DEL	True	True	tensor_representative		tensor_representative	
3034	chr2	220873985	INS	True	True	filtered		tensor_representative	
3037	chr2	221210554	DEL	True	True	tensor_representative		tensor_representative	
3038	chr2	221242723	INS	True	False	filtered		filtered	
3040	chr2	221877601	DEL	True	True	no_candidate	I1_allele_fully_in_graph	no_candidate	I1_allele_fully_in_graph
3041	chr2	221900506	DEL	True	True	tensor_representative		tensor_representative	
3043	chr2	222260578	DEL	True	True	no_candidate	I2_partly_in_graph_residual_edit	no_candidate	I2_partly_in_graph_residual_edit
3045	chr2	222400529	INS	True	True	tensor_representative		tensor_representative	
3046	chr2	222592504	DEL	True	True	no_candidate	I3_grch38_path_different_edit	tensor_representative	
3047	chr2	222731041	INS	True	True	no_candidate	I1_allele_fully_in_graph	no_candidate	I1_allele_fully_in_graph
3048	chr2	222844201	INS	True	True	tensor_representative		tensor_non_representative_allele	
3050	chr2	223186148	DEL	True	True	tensor_representative		tensor_representative	
3051	chr2	223202817	INS	True	True	tensor_representative		tensor_representative	
3053	chr2	223332820	DEL	True	True	tensor_representative		tensor_representative	
3055	chr2	223769736	INS	True	True	no_candidate	I1_allele_fully_in_graph	no_candidate	I1_allele_fully_in_graph
3057	chr2	224320380	INS	True	True	filtered		tensor_representative	
3058	chr2	224392754	INS	True	True	tensor_representative		tensor_representative	
3059	chr2	224454193	DEL	True	True	tensor_representative		tensor_representative	
3060	chr2	224478406	DEL	True	True	tensor_representative		tensor_representative	
3062	chr2	224478413	DEL	True	True	tensor_representative		tensor_representative	
3064	chr2	224756063	INS	True	True	no_candidate	I2_partly_in_graph_residual_edit	no_candidate	I2_partly_in_graph_residual_edit
3066	chr2	225009638	INS	True	True	no_candidate	I1_allele_fully_in_graph	no_candidate	I1_allele_fully_in_graph
3067	chr2	225014081	INS	True	True	no_candidate	I2_partly_in_graph_residual_edit	no_candidate	I2_partly_in_graph_residual_edit
3068	chr2	225017429	INS	True	True	no_candidate	I2_partly_in_graph_residual_edit	no_candidate	I2_partly_in_graph_residual_edit
3069	chr2	225052776	INS	True	True	tensor_representative		tensor_representative	
3071	chr2	225597512	INS	True	True	no_candidate	I1_allele_fully_in_graph	no_candidate	I1_allele_fully_in_graph
3072	chr2	225691193	DEL	True	True	tensor_representative		tensor_representative	
3073	chr2	225691238	DEL	True	True	tensor_representative		tensor_representative	
3083	chr2	225939908	DEL	True	True	no_candidate	I1_allele_fully_in_graph	no_candidate	I1_allele_fully_in_graph
3088	chr2	226778541	INS	True	True	tensor_representative		tensor_representative	
3089	chr2	226805740	INS	True	True	tensor_representative		tensor_representative	
3090	chr2	226816375	INS	True	False	tensor_representative		tensor_representative	
3091	chr2	226969394	INS	True	True	no_candidate	I2_partly_in_graph_residual_edit	no_candidate	I2_partly_in_graph_residual_edit
3093	chr2	227415415	INS	True	True	tensor_representative		tensor_representative	
3094	chr2	227448544	INS	True	True	filtered		no_candidate	I2_partly_in_graph_residual_edit
3095	chr2	227643251	DEL	True	True	no_candidate	I2_partly_in_graph_residual_edit	no_candidate	I2_partly_in_graph_residual_edit
3097	chr2	227676145	INS	True	True	filtered		filtered	
3099	chr2	227881743	INS	True	True	filtered		filtered	
3103	chr2	228473352	INS	True	False	filtered		filtered	
3108	chr2	229054096	DEL	True	True	tensor_representative		tensor_representative	
3112	chr2	229624496	INS	True	True	no_candidate	I2_partly_in_graph_residual_edit	no_candidate	I2_partly_in_graph_residual_edit
3113	chr2	229706896	INS	True	True	tensor_representative		tensor_representative	
3114	chr2	230115909	INS	True	True	filtered		filtered	
3116	chr2	230248469	INS	True	True	tensor_representative		tensor_representative	
3118	chr2	230752247	INS	True	True	no_candidate	I1_allele_fully_in_graph	no_candidate	I1_allele_fully_in_graph
3119	chr2	230947503	DEL	True	True	tensor_representative		tensor_representative	
3120	chr2	231420896	DEL	True	True	no_candidate	I2_partly_in_graph_residual_edit	no_candidate	I2_partly_in_graph_residual_edit
3123	chr2	231556253	INS	True	True	tensor_representative		tensor_representative	
3126	chr2	231629686	INS	True	True	filtered		filtered	
3128	chr2	231957456	DEL	True	False	tensor_representative		tensor_representative	
3129	chr2	232471388	DEL	True	True	no_candidate	I1_allele_fully_in_graph	no_candidate	I1_allele_fully_in_graph
3136	chr2	233574254	INS	True	True	tensor_representative		tensor_representative	
3138	chr2	234125814	INS	True	True	filtered		filtered	
3139	chr2	234209265	INS	True	True	filtered		filtered	
3140	chr2	234829920	INS	True	True	no_candidate	I2_partly_in_graph_residual_edit	no_candidate	I2_partly_in_graph_residual_edit
3142	chr2	235038376	DEL	True	True	no_candidate	I1_allele_fully_in_graph	no_candidate	I1_allele_fully_in_graph
3143	chr2	235067435	INS	True	True	tensor_representative		tensor_representative	
3145	chr2	235389465	INS	True	True	no_candidate	I1_allele_fully_in_graph	no_candidate	I1_allele_fully_in_graph
3146	chr2	235746377	INS	True	True	no_candidate	I2_partly_in_graph_residual_edit	no_candidate	I2_partly_in_graph_residual_edit
3148	chr2	235898401	INS	True	True	tensor_representative		tensor_representative	
3149	chr2	236072443	INS	True	True	filtered		filtered	
3150	chr2	236347508	INS	True	True	no_candidate	I2_partly_in_graph_residual_edit	no_candidate	I2_partly_in_graph_residual_edit
3151	chr2	236383633	DEL	True	True	tensor_representative		tensor_representative	
3155	chr2	236781130	INS	True	True	tensor_representative		tensor_representative	
3157	chr2	237070291	INS	True	False	no_candidate	I2_partly_in_graph_residual_edit	no_candidate	I2_partly_in_graph_residual_edit
3158	chr2	237636113	DEL	True	True	no_candidate	I2_partly_in_graph_residual_edit	no_candidate	I2_partly_in_graph_residual_edit
3163	chr2	238613553	INS	True	False	no_candidate	I1_allele_fully_in_graph	no_candidate	I2_partly_in_graph_residual_edit
3165	chr2	239374386	DEL	True	True	no_candidate	I2_partly_in_graph_residual_edit	no_candidate	I2_partly_in_graph_residual_edit
3166	chr2	239687117	DEL	True	True	tensor_representative		tensor_representative	
3173	chr3	333124	INS	True	True	no_candidate	I1_allele_fully_in_graph	no_candidate	I1_allele_fully_in_graph
3174	chr3	337188	DEL	True	True	no_candidate	I1_allele_fully_in_graph	no_candidate	I1_allele_fully_in_graph
3177	chr3	726868	INS	True	True	filtered		tensor_representative	
3178	chr3	920838	DEL	True	True	no_candidate	I2_partly_in_graph_residual_edit	no_candidate	I2_partly_in_graph_residual_edit
3179	chr3	1087343	INS	True	True	no_candidate	I1_allele_fully_in_graph	no_candidate	I2_partly_in_graph_residual_edit
3180	chr3	1170236	DEL	True	True	no_candidate	I1_allele_fully_in_graph	no_candidate	I1_allele_fully_in_graph
3186	chr3	1913509	INS	True	True	tensor_representative		tensor_representative	
3189	chr3	2129264	DEL	True	True	tensor_representative		tensor_representative	
3191	chr3	2300560	DEL	True	True	tensor_representative		tensor_non_representative_allele	
3192	chr3	2307434	INS	True	True	tensor_representative		tensor_representative	
3193	chr3	2347410	INS	True	True	no_candidate	I1_allele_fully_in_graph	no_candidate	I1_allele_fully_in_graph
3194	chr3	2396656	INS	True	True	no_candidate	I1_allele_fully_in_graph	no_candidate	I1_allele_fully_in_graph
3195	chr3	2442301	INS	True	True	tensor_representative		tensor_representative	
3197	chr3	2584697	DEL	True	True	no_candidate	I1_allele_fully_in_graph	filtered	
3200	chr3	3220402	DEL	True	True	tensor_representative		tensor_representative	
3201	chr3	3343439	DEL	True	True	filtered		tensor_representative	
3210	chr3	4360205	INS	True	True	tensor_representative		tensor_representative	
3213	chr3	5830801	INS	True	True	tensor_representative		tensor_representative	
3214	chr3	5872464	DEL	True	True	tensor_representative		tensor_representative	
3216	chr3	6068951	DEL	True	True	tensor_representative		tensor_representative	
3222	chr3	7041079	DEL	True	True	tensor_representative		tensor_representative	
3223	chr3	7198155	DEL	True	True	tensor_representative		tensor_representative	
3225	chr3	7967016	INS	True	True	tensor_representative		tensor_representative	
3226	chr3	8109417	INS	True	True	tensor_representative		tensor_representative	
3231	chr3	9588627	DEL	True	True	filtered		filtered	
3237	chr3	10811801	DEL	True	True	tensor_representative		tensor_representative	
3239	chr3	11268488	INS	True	True	tensor_representative		tensor_representative	
3242	chr3	11336140	DEL	True	True	tensor_representative		tensor_representative	
3246	chr3	11733001	INS	True	True	no_candidate	I1_allele_fully_in_graph	no_candidate	I1_allele_fully_in_graph
3247	chr3	11987987	DEL	True	True	no_candidate	I2_partly_in_graph_residual_edit	no_candidate	I2_partly_in_graph_residual_edit
3250	chr3	12330301	INS	True	True	no_candidate	I1_allele_fully_in_graph	no_candidate	I1_allele_fully_in_graph
3252	chr3	12745226	INS	True	True	tensor_representative		tensor_representative	
3253	chr3	12779942	DEL	True	True	filtered		no_candidate	I1_allele_fully_in_graph
3255	chr3	12900451	INS	True	True	tensor_representative		tensor_representative	
3259	chr3	13818351	INS	True	True	no_candidate	I2_partly_in_graph_residual_edit	no_candidate	I2_partly_in_graph_residual_edit
3261	chr3	13912311	INS	True	True	filtered		filtered	
3263	chr3	14049261	DEL	True	True	tensor_representative		tensor_representative	
3265	chr3	14800420	INS	True	True	tensor_representative		tensor_representative	
3266	chr3	15856334	DEL	True	True	tensor_representative		tensor_representative	
3267	chr3	15964121	INS	True	True	no_candidate	I1_allele_fully_in_graph	no_candidate	I1_allele_fully_in_graph
3268	chr3	16204052	INS	True	True	tensor_representative		tensor_representative	
3270	chr3	16591433	INS	True	True	no_candidate	I1_allele_fully_in_graph	no_candidate	I1_allele_fully_in_graph
3272	chr3	16626390	INS	True	True	tensor_representative		tensor_representative	
3273	chr3	16952360	INS	True	True	filtered		filtered	
3278	chr3	17782230	DEL	True	True	tensor_non_representative_allele		tensor_non_representative_allele	
3281	chr3	17997099	DEL	True	True	tensor_representative		tensor_representative	
3283	chr3	18476389	INS	True	True	tensor_representative		tensor_representative	
3287	chr3	19693247	DEL	True	True	tensor_representative		tensor_representative	
3288	chr3	19936008	INS	True	True	no_candidate	I1_allele_fully_in_graph	no_candidate	I1_allele_fully_in_graph
3289	chr3	19999545	INS	True	True	filtered		no_candidate	I1_allele_fully_in_graph
3291	chr3	20379709	DEL	True	True	tensor_representative		tensor_representative	
3293	chr3	20633547	DEL	True	True	tensor_representative		tensor_representative	
3294	chr3	20639487	INS	True	True	filtered		filtered	
3296	chr3	20806603	DEL	True	True	no_candidate	I1_allele_fully_in_graph	no_candidate	I1_allele_fully_in_graph
3297	chr3	20868232	INS	True	True	filtered		filtered	
3298	chr3	20872007	DEL	True	True	no_candidate	I1_allele_fully_in_graph	no_candidate	I2_partly_in_graph_residual_edit
3300	chr3	20902620	DEL	True	True	tensor_representative		tensor_representative	
3301	chr3	21304145	DEL	True	True	tensor_representative		tensor_representative	
3306	chr3	21932412	INS	True	True	tensor_representative		tensor_representative	
3308	chr3	22164216	DEL	True	True	tensor_representative		tensor_representative	
3310	chr3	22220060	INS	True	True	filtered		no_candidate	I1_allele_fully_in_graph
3311	chr3	22348485	INS	True	True	filtered		filtered	
3314	chr3	22566730	INS	True	True	no_candidate	I1_allele_fully_in_graph	no_candidate	I1_allele_fully_in_graph
3316	chr3	22943424	INS	True	True	filtered		no_candidate	I2_partly_in_graph_residual_edit
3317	chr3	23018116	INS	True	True	tensor_representative		tensor_representative	
3320	chr3	23224156	INS	True	True	filtered		no_candidate	I1_allele_fully_in_graph
3321	chr3	23261174	DEL	True	True	tensor_representative		tensor_representative	
3322	chr3	23332674	INS	True	True	filtered		filtered	
3325	chr3	24011056	INS	True	True	no_candidate	I2_partly_in_graph_residual_edit	no_candidate	I2_partly_in_graph_residual_edit
3330	chr3	25909623	DEL	True	True	tensor_representative		tensor_representative	
3332	chr3	26156983	INS	True	True	tensor_representative		tensor_representative	
3333	chr3	26671373	INS	True	True	no_candidate	I2_partly_in_graph_residual_edit	no_candidate	I2_partly_in_graph_residual_edit
3334	chr3	26693328	DEL	True	True	tensor_representative		tensor_representative	
3336	chr3	27502572	INS	True	True	tensor_representative		tensor_representative	
3337	chr3	27558575	INS	True	True	filtered		filtered	
3340	chr3	28037661	DEL	True	True	no_candidate	I1_allele_fully_in_graph	no_candidate	I1_allele_fully_in_graph
3342	chr3	28448784	DEL	True	True	no_candidate	I2_partly_in_graph_residual_edit	no_candidate	I2_partly_in_graph_residual_edit
3346	chr3	29011533	INS	True	True	filtered		filtered	
3350	chr3	29246719	INS	True	True	no_candidate	I1_allele_fully_in_graph	no_candidate	I1_allele_fully_in_graph
3351	chr3	29420947	INS	True	True	no_candidate	I1_allele_fully_in_graph	no_candidate	I2_partly_in_graph_residual_edit
3353	chr3	29650180	DEL	True	True	tensor_representative		tensor_representative	
3354	chr3	29862864	DEL	True	True	tensor_representative		tensor_representative	
3355	chr3	30627819	DEL	True	True	tensor_representative		tensor_representative	
3356	chr3	31315228	DEL	True	True	tensor_representative		tensor_representative	
3357	chr3	31365917	INS	True	True	filtered		filtered	
3358	chr3	31740779	INS	True	True	tensor_representative		tensor_representative	
3359	chr3	31812718	DEL	True	True	no_candidate	I2_partly_in_graph_residual_edit	no_candidate	I2_partly_in_graph_residual_edit
3361	chr3	32295455	INS	True	True	filtered		filtered	
3363	chr3	33246651	INS	True	False	no_candidate	I1_allele_fully_in_graph	no_candidate	I1_allele_fully_in_graph
3364	chr3	33363905	DEL	True	True	tensor_representative		tensor_representative	
3365	chr3	33584282	INS	True	True	tensor_representative		no_candidate	I1_allele_fully_in_graph
3366	chr3	33923116	DEL	True	True	no_candidate	I1_allele_fully_in_graph	no_candidate	I1_allele_fully_in_graph
3367	chr3	33999007	DEL	True	True	filtered		filtered	
3368	chr3	34240216	INS	True	True	tensor_representative		tensor_representative	
3369	chr3	34670992	INS	True	True	no_candidate	I2_partly_in_graph_residual_edit	no_candidate	I2_partly_in_graph_residual_edit
3370	chr3	34735017	INS	True	True	tensor_non_representative_allele		tensor_non_representative_allele	
3372	chr3	35036234	INS	True	True	no_candidate	I2_partly_in_graph_residual_edit	no_candidate	I2_partly_in_graph_residual_edit
3374	chr3	35159838	DEL	True	True	tensor_representative		tensor_representative	
3375	chr3	35234559	INS	True	True	no_candidate	I2_partly_in_graph_residual_edit	no_candidate	I2_partly_in_graph_residual_edit
3376	chr3	35369288	DEL	True	True	tensor_representative		tensor_representative	
3378	chr3	35667948	DEL	True	True	no_candidate	I1_allele_fully_in_graph	filtered	
3380	chr3	36497910	DEL	True	True	tensor_representative		tensor_representative	
3382	chr3	36585428	DEL	True	True	no_candidate	I1_allele_fully_in_graph	no_candidate	I1_allele_fully_in_graph
3384	chr3	37028354	DEL	True	True	filtered		tensor_representative	
3385	chr3	38300439	INS	True	True	tensor_representative		tensor_representative	
3386	chr3	38918119	DEL	True	True	tensor_representative		tensor_representative	
3387	chr3	41404226	INS	True	True	filtered		no_candidate	I1_allele_fully_in_graph
3389	chr3	41865270	INS	True	True	filtered		filtered	
3390	chr3	42962569	DEL	True	True	tensor_representative		tensor_representative	
3395	chr3	44726420	DEL	True	False	tensor_representative		tensor_non_representative_allele	
3396	chr3	45410308	INS	True	True	tensor_representative		tensor_representative	
3397	chr3	45589707	DEL	True	True	tensor_representative		tensor_representative	
3398	chr3	46550377	INS	True	True	no_candidate	I1_allele_fully_in_graph	no_candidate	I1_allele_fully_in_graph
3403	chr3	47997326	INS	True	True	tensor_representative		tensor_representative	
3408	chr3	49197147	DEL	True	True	tensor_representative		tensor_representative	
3411	chr3	50181308	INS	True	True	tensor_representative		tensor_representative	
3416	chr3	53365281	DEL	True	True	tensor_representative		tensor_representative	
3421	chr3	53984960	DEL	True	True	no_candidate	I1_allele_fully_in_graph	no_candidate	I2_partly_in_graph_residual_edit
3423	chr3	54321922	DEL	True	True	tensor_representative		tensor_representative	
3424	chr3	54386694	DEL	True	True	tensor_representative		tensor_representative	
3425	chr3	54774629	INS	True	True	no_candidate	I1_allele_fully_in_graph	no_candidate	I1_allele_fully_in_graph
3435	chr3	56032917	INS	True	True	no_candidate	I3_grch38_path_different_edit	no_candidate	I3_grch38_path_different_edit
3436	chr3	56100984	INS	True	True	tensor_representative		tensor_representative	
3437	chr3	56266131	INS	True	True	filtered		filtered	
3438	chr3	56409517	DEL	True	True	tensor_representative		tensor_representative	
3440	chr3	57171953	INS	True	True	filtered		no_candidate	I1_allele_fully_in_graph
3442	chr3	57483950	INS	True	True	no_candidate	I1_allele_fully_in_graph	no_candidate	I1_allele_fully_in_graph
3444	chr3	57788513	DEL	True	True	tensor_representative		tensor_representative	
3446	chr3	57957373	DEL	True	True	tensor_representative		tensor_representative	
3451	chr3	58886711	INS	True	True	tensor_representative		tensor_representative	
3452	chr3	59106081	DEL	True	True	tensor_representative		tensor_representative	
3453	chr3	59170320	DEL	True	True	tensor_representative		tensor_non_representative_allele	
3454	chr3	59195866	INS	True	True	tensor_representative		tensor_representative	
3457	chr3	59526264	DEL	True	True	tensor_representative		tensor_representative	
3461	chr3	60123967	DEL	True	True	no_candidate	I2_partly_in_graph_residual_edit	no_candidate	I2_partly_in_graph_residual_edit
3462	chr3	60124041	INS	True	True	no_candidate	I1_allele_fully_in_graph	no_candidate	I1_allele_fully_in_graph
3464	chr3	60667021	DEL	True	True	tensor_representative		tensor_non_representative_allele	
3466	chr3	61041683	DEL	True	True	tensor_representative		tensor_representative	
3470	chr3	62030197	INS	True	True	tensor_representative		tensor_representative	
3472	chr3	62192393	INS	True	True	tensor_representative		tensor_representative	
3473	chr3	62737474	INS	True	True	no_candidate	I1_allele_fully_in_graph	no_candidate	I1_allele_fully_in_graph
3479	chr3	63881484	INS	True	False	tensor_representative		tensor_representative	
3480	chr3	64720865	INS	True	True	filtered		no_candidate	I1_allele_fully_in_graph
3481	chr3	66018113	INS	True	True	no_candidate	I1_allele_fully_in_graph	no_candidate	I1_allele_fully_in_graph
3484	chr3	66378719	INS	True	True	tensor_representative		tensor_representative	
3488	chr3	68370311	DEL	True	True	no_candidate	I1_allele_fully_in_graph	no_candidate	I1_allele_fully_in_graph
3489	chr3	68495998	INS	True	True	tensor_representative		tensor_representative	
3490	chr3	68866651	INS	True	True	no_candidate	I2_partly_in_graph_residual_edit	no_candidate	I2_partly_in_graph_residual_edit
3491	chr3	69304175	INS	True	True	tensor_representative		no_candidate	I1_allele_fully_in_graph
3494	chr3	69998342	INS	True	True	tensor_representative		tensor_representative	
3495	chr3	70072646	DEL	True	True	filtered		tensor_non_representative_allele	
3496	chr3	70100525	INS	True	True	no_candidate	I4_no_or_few_alt_reads	no_candidate	I4_no_or_few_alt_reads
3497	chr3	70143298	DEL	True	True	tensor_representative		tensor_representative	
3500	chr3	70856013	DEL	True	True	tensor_representative		tensor_representative	
3503	chr3	71874711	DEL	True	True	tensor_representative		tensor_representative	
3504	chr3	71887167	INS	True	True	no_candidate	I1_allele_fully_in_graph	no_candidate	I1_allele_fully_in_graph
3508	chr3	72860227	DEL	True	True	tensor_representative		tensor_representative	
3509	chr3	72984601	INS	True	True	no_candidate	I1_allele_fully_in_graph	no_candidate	I1_allele_fully_in_graph
3510	chr3	73016729	INS	True	True	filtered		filtered	
3512	chr3	73390957	INS	True	True	filtered		filtered	
3518	chr3	74064657	DEL	True	True	tensor_representative		tensor_representative	
3519	chr3	74354745	DEL	True	True	tensor_representative		tensor_representative	
3520	chr3	74693752	DEL	True	True	tensor_representative		tensor_representative	
3522	chr3	74871782	DEL	True	True	tensor_representative		tensor_representative	
3524	chr3	74987379	INS	True	True	filtered		filtered	
3525	chr3	74999901	INS	True	True	no_candidate	I2_partly_in_graph_residual_edit	no_candidate	I2_partly_in_graph_residual_edit
3527	chr3	75240109	DEL	True	True	tensor_representative		tensor_representative	
3528	chr3	75268926	INS	True	True	tensor_representative		tensor_representative	
3535	chr3	76531620	DEL	True	True	tensor_representative		tensor_representative	
3536	chr3	76901568	INS	True	True	no_candidate	I1_allele_fully_in_graph	no_candidate	I1_allele_fully_in_graph
3537	chr3	76963836	INS	True	True	no_candidate	I1_allele_fully_in_graph	no_candidate	I1_allele_fully_in_graph
3538	chr3	76992325	DEL	True	True	no_candidate	I1_allele_fully_in_graph	no_candidate	I1_allele_fully_in_graph
3540	chr3	77538170	DEL	True	True	tensor_representative		tensor_representative	
3544	chr3	77902667	INS	True	True	no_candidate	I1_allele_fully_in_graph	no_candidate	I1_allele_fully_in_graph
3546	chr3	78229888	INS	True	True	no_candidate	I1_allele_fully_in_graph	no_candidate	I1_allele_fully_in_graph
3551	chr3	78860326	INS	True	True	no_candidate	I1_allele_fully_in_graph	no_candidate	I1_allele_fully_in_graph
3552	chr3	78889711	DEL	True	True	tensor_representative		tensor_representative	
3555	chr3	79541829	INS	True	True	tensor_representative		tensor_representative	
3556	chr3	79570288	DEL	True	True	tensor_representative		tensor_representative	
3558	chr3	79737656	INS	True	True	no_candidate	I2_partly_in_graph_residual_edit	no_candidate	I2_partly_in_graph_residual_edit
3559	chr3	79913482	DEL	True	True	tensor_representative		tensor_representative	
3560	chr3	79920647	INS	True	True	tensor_representative		tensor_representative	
3561	chr3	80009927	INS	True	True	no_candidate	I2_partly_in_graph_residual_edit	no_candidate	I2_partly_in_graph_residual_edit
3562	chr3	80299340	INS	True	True	tensor_non_representative_allele		tensor_non_representative_allele	
3563	chr3	80405113	INS	True	True	no_candidate	I2_partly_in_graph_residual_edit	no_candidate	I2_partly_in_graph_residual_edit
3564	chr3	80632144	INS	True	True	tensor_representative		tensor_representative	
3566	chr3	81114256	INS	True	True	tensor_representative		tensor_representative	
3568	chr3	81315793	INS	True	True	no_candidate	I2_partly_in_graph_residual_edit	no_candidate	I2_partly_in_graph_residual_edit
3569	chr3	81343425	INS	True	True	tensor_representative		tensor_representative	
3571	chr3	81978022	INS	True	True	tensor_representative		tensor_representative	
3573	chr3	82039060	DEL	True	True	tensor_representative		tensor_representative	
3574	chr3	82250042	DEL	True	True	tensor_representative		tensor_representative	
3575	chr3	82250045	DEL	True	True	tensor_representative		tensor_representative	
3576	chr3	82357696	DEL	True	True	tensor_representative		tensor_representative	
3577	chr3	82491969	INS	True	True	tensor_representative		tensor_representative	
3578	chr3	82690434	INS	True	True	no_candidate	I1_allele_fully_in_graph	no_candidate	I1_allele_fully_in_graph
3580	chr3	82892275	DEL	True	True	tensor_representative		tensor_representative	
3582	chr3	82930049	INS	True	True	no_candidate	I1_allele_fully_in_graph	no_candidate	I1_allele_fully_in_graph
3583	chr3	83181910	DEL	True	True	filtered		filtered	
3585	chr3	83717071	INS	True	True	tensor_representative		tensor_representative	
3589	chr3	84478275	DEL	True	True	filtered		filtered	
3592	chr3	84619766	INS	True	True	no_candidate	I1_allele_fully_in_graph	no_candidate	I1_allele_fully_in_graph
3594	chr3	84664989	INS	True	True	no_candidate	I1_allele_fully_in_graph	no_candidate	I1_allele_fully_in_graph
3595	chr3	84775592	DEL	True	True	no_candidate	I1_allele_fully_in_graph	no_candidate	I1_allele_fully_in_graph
3596	chr3	84782460	DEL	True	True	tensor_representative		tensor_representative	
3597	chr3	84909000	DEL	True	True	no_candidate	I1_allele_fully_in_graph	no_candidate	I1_allele_fully_in_graph
3598	chr3	84919515	DEL	True	False	no_candidate	I1_allele_fully_in_graph	no_candidate	I1_allele_fully_in_graph
3600	chr3	85066381	INS	True	True	filtered		no_candidate	I1_allele_fully_in_graph
3605	chr3	86092619	DEL	True	True	tensor_representative		tensor_representative	
3606	chr3	86123841	INS	True	True	no_candidate	I2_partly_in_graph_residual_edit	no_candidate	I2_partly_in_graph_residual_edit
3610	chr3	86166422	DEL	True	True	tensor_representative		tensor_non_representative_allele	
3611	chr3	86446433	INS	True	True	no_candidate	I1_allele_fully_in_graph	no_candidate	I1_allele_fully_in_graph
3612	chr3	86566013	INS	True	True	tensor_representative		tensor_representative	
3613	chr3	86817151	DEL	True	True	no_candidate	I1_allele_fully_in_graph	no_candidate	I1_allele_fully_in_graph
3614	chr3	86966773	DEL	True	True	no_candidate	I1_allele_fully_in_graph	no_candidate	I1_allele_fully_in_graph
3615	chr3	87004604	INS	True	True	no_candidate	I2_partly_in_graph_residual_edit	no_candidate	I2_partly_in_graph_residual_edit
3616	chr3	87032157	DEL	True	True	tensor_representative		tensor_representative	
3619	chr3	87775245	INS	True	True	no_candidate	I1_allele_fully_in_graph	no_candidate	I2_partly_in_graph_residual_edit
3620	chr3	87890541	DEL	True	True	tensor_representative		tensor_representative	
3621	chr3	88017231	INS	True	True	no_candidate	I1_allele_fully_in_graph	no_candidate	I1_allele_fully_in_graph
3623	chr3	88455908	INS	True	True	filtered		no_candidate	I2_partly_in_graph_residual_edit
3625	chr3	88594159	DEL	True	True	tensor_non_representative_allele		tensor_non_representative_allele	
3628	chr3	89357106	INS	True	True	filtered		filtered	
3629	chr3	89503109	INS	True	True	tensor_representative		tensor_non_representative_allele	
3630	chr3	89537053	INS	True	True	filtered		filtered	
3631	chr3	89864061	DEL	True	True	filtered		filtered	
3639	chr3	94202347	DEL	True	False	tensor_representative		tensor_representative	
3640	chr3	94327886	INS	True	True	tensor_representative		tensor_representative	
3641	chr3	94705363	INS	True	True	tensor_representative		tensor_representative	
3643	chr3	94908657	INS	True	True	tensor_representative		tensor_representative	
3645	chr3	95020076	INS	True	True	tensor_representative		tensor_representative	
3646	chr3	95109273	INS	True	True	tensor_representative		tensor_representative	
3648	chr3	95170761	INS	True	True	no_candidate	I2_partly_in_graph_residual_edit	no_candidate	I2_partly_in_graph_residual_edit
3650	chr3	95372117	INS	True	True	tensor_representative		tensor_representative	
3651	chr3	95470645	DEL	True	True	tensor_representative		tensor_representative	
3653	chr3	95731195	DEL	True	True	tensor_representative		no_candidate	I1_allele_fully_in_graph
3654	chr3	95753433	DEL	True	True	tensor_representative		tensor_representative	
3655	chr3	95825304	INS	True	True	tensor_representative		tensor_representative	
3656	chr3	95849567	DEL	True	True	no_candidate	I2_partly_in_graph_residual_edit	no_candidate	I2_partly_in_graph_residual_edit
3658	chr3	95870505	INS	True	True	filtered		no_candidate	I2_partly_in_graph_residual_edit
3659	chr3	95877383	INS	True	True	filtered		no_candidate	I1_allele_fully_in_graph
3660	chr3	95892820	DEL	True	True	filtered		filtered	
3662	chr3	95942218	INS	True	True	filtered		filtered	
3669	chr3	96762166	DEL	True	False	tensor_representative		tensor_representative	
3673	chr3	97033065	INS	True	True	tensor_representative		tensor_representative	
3674	chr3	97241755	INS	True	True	tensor_representative		tensor_representative	
3675	chr3	97286680	INS	True	False	tensor_representative		tensor_representative	
3680	chr3	97600805	DEL	True	True	tensor_representative		tensor_representative	
3682	chr3	97946586	INS	True	True	no_candidate	I1_allele_fully_in_graph	no_candidate	I1_allele_fully_in_graph
3683	chr3	98083006	DEL	True	True	tensor_representative		tensor_representative	
3684	chr3	98094223	INS	True	True	no_candidate	I1_allele_fully_in_graph	no_candidate	I1_allele_fully_in_graph
3689	chr3	98652795	INS	True	True	no_candidate	I1_allele_fully_in_graph	no_candidate	I1_allele_fully_in_graph
3691	chr3	98709552	INS	True	True	no_candidate	I1_allele_fully_in_graph	no_candidate	I1_allele_fully_in_graph
3692	chr3	98825643	DEL	True	False	no_candidate	I2_partly_in_graph_residual_edit	no_candidate	I2_partly_in_graph_residual_edit
3694	chr3	99058505	INS	True	True	tensor_representative		tensor_representative	
3696	chr3	99091709	DEL	True	True	no_candidate	I1_allele_fully_in_graph	no_candidate	I2_partly_in_graph_residual_edit
3699	chr3	99232455	INS	True	True	tensor_representative		tensor_representative	
3701	chr3	99416706	DEL	True	True	tensor_representative		tensor_representative	
3716	chr3	99494659	INS	True	True	tensor_representative		tensor_representative	
3717	chr3	99534228	DEL	True	True	tensor_representative		tensor_non_representative_allele	
3721	chr3	99726928	INS	True	True	tensor_representative		tensor_representative	
3722	chr3	99764701	INS	True	True	no_candidate	I2_partly_in_graph_residual_edit	no_candidate	I2_partly_in_graph_residual_edit
3725	chr3	100252583	DEL	True	True	tensor_representative		tensor_representative	
3726	chr3	100765491	INS	True	True	tensor_representative		tensor_representative	
3728	chr3	101689168	DEL	True	True	tensor_representative		tensor_representative	
3736	chr3	102244321	INS	True	True	no_candidate	I2_partly_in_graph_residual_edit	no_candidate	I2_partly_in_graph_residual_edit
3739	chr3	102577356	INS	True	True	tensor_representative		tensor_representative	
3740	chr3	102678222	INS	True	False	filtered		filtered	
3742	chr3	103010435	INS	True	True	no_candidate	I1_allele_fully_in_graph	no_candidate	I1_allele_fully_in_graph
3745	chr3	103273510	DEL	True	True	tensor_representative		tensor_representative	
3750	chr3	103489596	DEL	True	True	filtered		tensor_representative	
3751	chr3	103637973	INS	True	False	tensor_representative		tensor_representative	
3752	chr3	103741135	INS	True	True	tensor_representative		tensor_representative	
3753	chr3	103757422	DEL	True	True	no_candidate	I1_allele_fully_in_graph	no_candidate	I1_allele_fully_in_graph
3755	chr3	103824989	INS	True	True	no_candidate	I1_allele_fully_in_graph	no_candidate	I1_allele_fully_in_graph
3756	chr3	103832141	INS	True	True	tensor_representative		tensor_representative	
3757	chr3	104160754	DEL	True	True	filtered		filtered	
3759	chr3	104351703	DEL	True	True	tensor_representative		tensor_representative	
3760	chr3	104433225	DEL	True	True	no_candidate	I2_partly_in_graph_residual_edit	no_candidate	I2_partly_in_graph_residual_edit
3763	chr3	104529772	DEL	True	True	no_candidate	I2_partly_in_graph_residual_edit	no_candidate	I2_partly_in_graph_residual_edit
3764	chr3	104562994	INS	True	True	no_candidate	I2_partly_in_graph_residual_edit	no_candidate	I2_partly_in_graph_residual_edit
3765	chr3	104718019	DEL	True	True	tensor_representative		tensor_representative	
3766	chr3	104755550	DEL	True	True	tensor_representative		tensor_representative	
3767	chr3	104755791	DEL	True	True	tensor_representative		tensor_representative	
3768	chr3	104910256	DEL	True	True	tensor_representative		tensor_representative	
3770	chr3	104966486	DEL	True	True	tensor_representative		tensor_representative	
3772	chr3	105059627	DEL	True	True	no_candidate	I1_allele_fully_in_graph	no_candidate	I1_allele_fully_in_graph
3773	chr3	105264114	INS	True	True	filtered		filtered	
3775	chr3	106012029	INS	True	True	tensor_representative		tensor_representative	
3776	chr3	106032317	INS	True	True	tensor_representative		tensor_representative	
3781	chr3	106638125	DEL	True	True	tensor_representative		tensor_representative	
3783	chr3	106688585	DEL	True	True	tensor_representative		tensor_representative	
3786	chr3	107014039	DEL	True	True	filtered		filtered	
3787	chr3	107420042	INS	True	True	tensor_representative		tensor_representative	
3788	chr3	108099379	DEL	True	True	tensor_representative		tensor_representative	
3789	chr3	108926086	INS	True	True	tensor_representative		tensor_representative	
3790	chr3	108934808	INS	True	True	filtered		filtered	
3792	chr3	109359368	INS	True	True	filtered		no_candidate	I1_allele_fully_in_graph
3793	chr3	109421519	INS	True	True	filtered		filtered	
3794	chr3	109446869	INS	True	True	tensor_representative		tensor_representative	
3795	chr3	109447518	DEL	True	True	tensor_representative		tensor_representative	
3796	chr3	109552631	INS	True	True	filtered		no_candidate	I1_allele_fully_in_graph
3797	chr3	109683001	DEL	True	True	tensor_representative		tensor_representative	
3798	chr3	109822262	INS	True	True	no_candidate	I2_partly_in_graph_residual_edit	no_candidate	I2_partly_in_graph_residual_edit
3800	chr3	110254440	DEL	True	True	tensor_representative		tensor_representative	
3801	chr3	110325587	INS	True	True	no_candidate	I2_partly_in_graph_residual_edit	no_candidate	I2_partly_in_graph_residual_edit
3803	chr3	110574531	DEL	True	True	tensor_representative		tensor_representative	
3805	chr3	110743371	DEL	True	True	tensor_representative		tensor_representative	
3806	chr3	110892690	DEL	True	True	tensor_representative		tensor_representative	
3810	chr3	111657414	INS	True	True	tensor_representative		tensor_representative	
3811	chr3	111879985	DEL	True	True	no_candidate	I2_partly_in_graph_residual_edit	no_candidate	I2_partly_in_graph_residual_edit
3813	chr3	112297315	INS	True	True	tensor_representative		tensor_representative	
3817	chr3	112946032	INS	True	True	no_candidate	I1_allele_fully_in_graph	no_candidate	I1_allele_fully_in_graph
3819	chr3	113728988	INS	True	True	tensor_representative		tensor_representative	
3820	chr3	113821322	INS	True	True	tensor_representative		tensor_representative	
3821	chr3	114261636	INS	True	True	tensor_representative		tensor_representative	
3822	chr3	114347077	DEL	True	True	no_candidate	I1_allele_fully_in_graph	no_candidate	I1_allele_fully_in_graph
3823	chr3	114486137	INS	True	True	no_candidate	I2_partly_in_graph_residual_edit	no_candidate	I2_partly_in_graph_residual_edit
3824	chr3	115401216	DEL	True	True	tensor_representative		tensor_representative	
3827	chr3	115546399	INS	True	True	filtered		filtered	
3829	chr3	116019157	INS	True	False	filtered		tensor_representative	
3831	chr3	116221150	INS	True	True	no_candidate	I1_allele_fully_in_graph	no_candidate	I1_allele_fully_in_graph
3833	chr3	116498132	INS	True	True	no_candidate	I1_allele_fully_in_graph	no_candidate	I1_allele_fully_in_graph
3834	chr3	116563552	DEL	True	True	no_candidate	I1_allele_fully_in_graph	no_candidate	I1_allele_fully_in_graph
3835	chr3	116675736	INS	True	True	no_candidate	I1_allele_fully_in_graph	no_candidate	I1_allele_fully_in_graph
3837	chr3	116760286	DEL	True	True	no_candidate	I2_partly_in_graph_residual_edit	no_candidate	I2_partly_in_graph_residual_edit
3840	chr3	116818074	DEL	True	True	no_candidate	I1_allele_fully_in_graph	no_candidate	I1_allele_fully_in_graph
3842	chr3	116917850	DEL	True	True	no_candidate	I2_partly_in_graph_residual_edit	no_candidate	I2_partly_in_graph_residual_edit
3844	chr3	117207105	INS	True	True	filtered		filtered	
3848	chr3	117363997	INS	True	True	tensor_representative		tensor_representative	
3849	chr3	117512874	DEL	True	True	tensor_representative		tensor_representative	
3850	chr3	117559606	INS	True	True	no_candidate	I1_allele_fully_in_graph	no_candidate	I1_allele_fully_in_graph
3852	chr3	117627554	INS	True	True	no_candidate	I2_partly_in_graph_residual_edit	no_candidate	I2_partly_in_graph_residual_edit
3854	chr3	117676678	INS	True	True	tensor_representative		tensor_representative	
3855	chr3	117694300	INS	True	True	no_candidate	I1_allele_fully_in_graph	no_candidate	I1_allele_fully_in_graph
3858	chr3	118013210	DEL	True	True	tensor_representative		tensor_representative	
3859	chr3	118107386	INS	True	True	tensor_representative		tensor_representative	
3860	chr3	118125763	DEL	True	True	filtered		tensor_representative	
3861	chr3	118180974	INS	True	True	no_candidate	I1_allele_fully_in_graph	no_candidate	I1_allele_fully_in_graph
3864	chr3	118588854	DEL	True	True	no_candidate	I1_allele_fully_in_graph	no_candidate	I1_allele_fully_in_graph
3866	chr3	118768549	DEL	True	True	no_candidate	I2_partly_in_graph_residual_edit	no_candidate	I2_partly_in_graph_residual_edit
3871	chr3	118778861	DEL	True	True	no_candidate	I1_allele_fully_in_graph	no_candidate	I1_allele_fully_in_graph
3876	chr3	118966007	DEL	True	True	tensor_representative		tensor_representative	
3880	chr3	119175012	DEL	True	True	no_candidate	I2_partly_in_graph_residual_edit	no_candidate	I2_partly_in_graph_residual_edit
3883	chr3	119495225	DEL	True	True	tensor_non_representative_allele		tensor_representative	
3886	chr3	119645566	INS	True	True	no_candidate	I1_allele_fully_in_graph	no_candidate	I1_allele_fully_in_graph
3889	chr3	119960151	INS	True	True	filtered		filtered	
3898	chr3	121161552	INS	True	True	tensor_representative		tensor_representative	
3899	chr3	121194909	DEL	True	True	tensor_representative		tensor_representative	
3900	chr3	121203071	INS	True	True	filtered		no_candidate	I1_allele_fully_in_graph
3901	chr3	121747150	DEL	True	True	no_candidate	I2_partly_in_graph_residual_edit	no_candidate	I2_partly_in_graph_residual_edit
3903	chr3	122902583	INS	True	True	tensor_representative		tensor_representative	
3905	chr3	123036377	INS	True	True	filtered		filtered	
3915	chr3	123388579	DEL	True	True	tensor_representative		tensor_representative	
3919	chr3	123426314	INS	True	True	no_candidate	I1_allele_fully_in_graph	no_candidate	I1_allele_fully_in_graph
3920	chr3	123867421	INS	True	True	tensor_representative		tensor_representative	
3921	chr3	123967905	INS	True	True	no_candidate	I2_partly_in_graph_residual_edit	no_candidate	I2_partly_in_graph_residual_edit
3923	chr3	124152593	DEL	True	True	filtered		filtered	
3926	chr3	124404153	INS	True	True	no_candidate	I2_partly_in_graph_residual_edit	no_candidate	I2_partly_in_graph_residual_edit
3927	chr3	124495729	INS	True	True	no_candidate	I2_partly_in_graph_residual_edit	no_candidate	I2_partly_in_graph_residual_edit
3929	chr3	124712656	DEL	True	True	tensor_representative		tensor_representative	
3931	chr3	125036209	INS	True	True	no_candidate	I1_allele_fully_in_graph	no_candidate	I1_allele_fully_in_graph
3932	chr3	125768654	INS	True	True	filtered		filtered	
3933	chr3	126197945	INS	True	True	no_candidate	I1_allele_fully_in_graph	no_candidate	I1_allele_fully_in_graph
3935	chr3	126403383	INS	True	True	tensor_non_representative_allele		tensor_non_representative_allele	
3938	chr3	126636925	INS	True	True	filtered		filtered	
3944	chr3	127584447	INS	True	True	no_candidate	I2_partly_in_graph_residual_edit	no_candidate	I2_partly_in_graph_residual_edit
3947	chr3	127658406	INS	True	True	filtered		tensor_non_representative_allele	
3949	chr3	128046550	DEL	True	False	filtered		filtered	
3950	chr3	128452557	DEL	True	True	tensor_representative		tensor_representative	
3951	chr3	128511369	INS	True	True	no_candidate	I1_allele_fully_in_graph	no_candidate	I1_allele_fully_in_graph
3952	chr3	128564471	INS	True	True	no_candidate	I1_allele_fully_in_graph	no_candidate	I1_allele_fully_in_graph
3954	chr3	128817657	DEL	True	True	tensor_representative		tensor_representative	
3957	chr3	129702249	DEL	True	True	filtered		filtered	
3963	chr3	130747251	DEL	True	True	no_candidate	I3_grch38_path_different_edit	tensor_non_representative_allele	
3964	chr3	130874109	INS	True	True	filtered		no_candidate	I1_allele_fully_in_graph
3967	chr3	131443957	DEL	True	False	tensor_representative		tensor_representative	
3970	chr3	131717882	DEL	True	False	no_candidate	I4_no_or_few_alt_reads	no_candidate	I4_no_or_few_alt_reads
3976	chr3	131993472	INS	True	True	no_candidate	I2_partly_in_graph_residual_edit	no_candidate	I2_partly_in_graph_residual_edit
3979	chr3	133084122	DEL	True	True	filtered		filtered	
3983	chr3	133562900	DEL	True	True	filtered		no_candidate	I2_partly_in_graph_residual_edit
3984	chr3	133679569	INS	True	True	no_candidate	I2_partly_in_graph_residual_edit	no_candidate	I2_partly_in_graph_residual_edit
3986	chr3	133770331	DEL	True	True	tensor_representative		tensor_representative	
3988	chr3	134127738	DEL	True	True	tensor_representative		tensor_representative	
3989	chr3	134297101	INS	True	True	tensor_non_representative_allele		tensor_non_representative_allele	
3990	chr3	134431689	INS	True	True	tensor_representative		tensor_representative	
3991	chr3	134701465	DEL	True	True	tensor_representative		tensor_representative	
3992	chr3	134746068	INS	True	True	filtered		filtered	
3995	chr3	135381507	INS	True	False	filtered		tensor_non_representative_allele	
3997	chr3	135463215	INS	True	True	no_candidate	I1_allele_fully_in_graph	no_candidate	I2_partly_in_graph_residual_edit
4001	chr3	135511211	INS	True	True	no_candidate	I2_partly_in_graph_residual_edit	no_candidate	I2_partly_in_graph_residual_edit
4005	chr3	135692832	DEL	True	True	no_candidate	I1_allele_fully_in_graph	no_candidate	I1_allele_fully_in_graph
4007	chr3	135775080	INS	True	True	tensor_representative		tensor_representative	
4009	chr3	135833058	DEL	True	True	tensor_representative		tensor_non_representative_allele	
4012	chr3	136232891	INS	True	True	filtered		tensor_non_representative_allele	
4013	chr3	136471670	DEL	True	True	tensor_representative		tensor_representative	
4015	chr3	137034437	INS	True	True	no_candidate	I2_partly_in_graph_residual_edit	no_candidate	I2_partly_in_graph_residual_edit
4016	chr3	137144915	DEL	True	True	tensor_representative		tensor_representative	
4017	chr3	137260236	INS	True	True	tensor_representative		tensor_representative	
4018	chr3	137446729	INS	True	True	tensor_representative		tensor_representative	
4019	chr3	137495081	INS	True	True	filtered		no_candidate	I1_allele_fully_in_graph
4021	chr3	137539018	DEL	True	False	tensor_representative		tensor_non_representative_allele	
4023	chr3	137957204	DEL	True	True	tensor_representative		tensor_representative	
4024	chr3	138029980	INS	True	True	tensor_representative		tensor_representative	
4025	chr3	138345328	INS	True	True	tensor_representative		tensor_representative	
4026	chr3	138748156	DEL	True	True	no_candidate	I2_partly_in_graph_residual_edit	no_candidate	I2_partly_in_graph_residual_edit
4031	chr3	139675131	INS	True	True	no_candidate	I3_grch38_path_different_edit	no_candidate	I3_grch38_path_different_edit
4034	chr3	139808765	DEL	True	True	tensor_representative		tensor_representative	
4035	chr3	140076625	DEL	True	True	tensor_representative		tensor_representative	
4036	chr3	140422189	DEL	True	True	no_candidate	I1_allele_fully_in_graph	no_candidate	I1_allele_fully_in_graph
4037	chr3	140591940	INS	True	True	tensor_representative		tensor_representative	
4038	chr3	140617693	INS	True	True	tensor_representative		tensor_representative	
4039	chr3	140681647	INS	True	False	filtered		no_candidate	I2_partly_in_graph_residual_edit
4040	chr3	140889892	INS	True	True	filtered		filtered	
4045	chr3	141412804	INS	True	True	tensor_representative		tensor_representative	
4048	chr3	142198021	INS	True	True	tensor_representative		tensor_representative	
4049	chr3	142235286	INS	True	True	no_candidate	I2_partly_in_graph_residual_edit	no_candidate	I2_partly_in_graph_residual_edit
4055	chr3	143785845	INS	True	True	filtered		no_candidate	I1_allele_fully_in_graph
4056	chr3	143936769	DEL	True	True	filtered		tensor_non_representative_allele	
4057	chr3	143964071	INS	True	True	tensor_representative		tensor_representative	
4059	chr3	144081070	DEL	True	True	tensor_representative		tensor_representative	
4060	chr3	144096315	INS	True	True	tensor_representative		tensor_representative	
4061	chr3	144140210	INS	True	False	tensor_representative		tensor_representative	
4064	chr3	144382687	DEL	True	False	tensor_representative		tensor_representative	
4065	chr3	144563280	INS	True	True	no_candidate	I1_allele_fully_in_graph	no_candidate	I1_allele_fully_in_graph
4066	chr3	144714251	INS	True	False	filtered		no_candidate	I1_allele_fully_in_graph
4069	chr3	144983001	DEL	True	True	tensor_representative		tensor_representative	
4072	chr3	145214225	INS	True	True	no_candidate	I1_allele_fully_in_graph	no_candidate	I1_allele_fully_in_graph
4074	chr3	145482249	DEL	True	True	filtered		tensor_non_representative_allele	
4076	chr3	145529703	DEL	True	True	tensor_representative		tensor_representative	
4079	chr3	145601340	INS	True	True	tensor_non_representative_allele		tensor_non_representative_allele	
4081	chr3	145877883	DEL	True	True	no_candidate	I2_partly_in_graph_residual_edit	no_candidate	I2_partly_in_graph_residual_edit
4082	chr3	145981196	INS	True	True	tensor_representative		tensor_representative	
4083	chr3	145992099	DEL	True	True	filtered		filtered	
4084	chr3	146063062	DEL	True	True	tensor_representative		tensor_representative	
4085	chr3	146255138	DEL	True	True	tensor_representative		tensor_representative	
4086	chr3	146294290	DEL	True	True	filtered		tensor_representative	
4087	chr3	146392850	INS	True	True	no_candidate	I1_allele_fully_in_graph	no_candidate	I1_allele_fully_in_graph
4089	chr3	146569024	DEL	True	True	tensor_representative		tensor_representative	
4091	chr3	147231332	INS	True	True	tensor_representative		tensor_representative	
4092	chr3	147261112	DEL	True	True	no_candidate	I1_allele_fully_in_graph	no_candidate	I1_allele_fully_in_graph
4093	chr3	147326606	DEL	True	True	no_candidate	I2_partly_in_graph_residual_edit	no_candidate	I2_partly_in_graph_residual_edit
4099	chr3	147480521	DEL	True	True	tensor_representative		tensor_representative	
4101	chr3	147649918	DEL	True	True	tensor_representative		tensor_representative	
4102	chr3	147713807	INS	True	True	no_candidate	I2_partly_in_graph_residual_edit	no_candidate	I2_partly_in_graph_residual_edit
4104	chr3	147893926	INS	True	False	tensor_representative		tensor_representative	
4105	chr3	147919315	INS	True	True	tensor_non_representative_allele		tensor_non_representative_allele	
4106	chr3	147922198	DEL	True	True	tensor_representative		tensor_representative	
4108	chr3	147987626	INS	True	True	no_candidate	I1_allele_fully_in_graph	no_candidate	I2_partly_in_graph_residual_edit
4110	chr3	148816520	INS	True	True	tensor_representative		tensor_representative	
4111	chr3	148846797	INS	True	True	no_candidate	I1_allele_fully_in_graph	no_candidate	I1_allele_fully_in_graph
4112	chr3	148930080	INS	True	True	no_candidate	I3_grch38_path_different_edit	no_candidate	I3_grch38_path_different_edit
4116	chr3	149704848	INS	True	False	tensor_representative		tensor_representative	
4118	chr3	149827947	INS	True	True	tensor_representative		tensor_representative	
4121	chr3	150042791	INS	True	True	tensor_representative		tensor_representative	
4122	chr3	150051509	DEL	True	True	tensor_representative		tensor_representative	
4123	chr3	150232678	INS	True	True	no_candidate	I1_allele_fully_in_graph	no_candidate	I1_allele_fully_in_graph
4124	chr3	150704188	INS	True	True	tensor_representative		tensor_representative	
4126	chr3	151028260	INS	True	True	tensor_representative		tensor_representative	
4127	chr3	151137172	DEL	True	True	tensor_representative		tensor_representative	
4128	chr3	151193965	INS	True	True	filtered		filtered	
4129	chr3	151206071	INS	True	True	tensor_representative		tensor_representative	
4130	chr3	151219891	DEL	True	True	no_candidate	I1_allele_fully_in_graph	no_candidate	I1_allele_fully_in_graph
4131	chr3	151229305	DEL	True	True	tensor_representative		tensor_representative	
4132	chr3	151319468	INS	True	True	filtered		filtered	
4133	chr3	151463523	DEL	True	True	tensor_representative		tensor_representative	
4138	chr3	152865450	INS	True	True	tensor_representative		tensor_representative	
4139	chr3	152969631	INS	True	True	no_candidate	I1_allele_fully_in_graph	no_candidate	I1_allele_fully_in_graph
4140	chr3	153046342	DEL	True	True	no_candidate	I1_allele_fully_in_graph	no_candidate	I1_allele_fully_in_graph
4142	chr3	153185652	DEL	True	True	no_candidate	I1_allele_fully_in_graph	no_candidate	I1_allele_fully_in_graph
4144	chr3	153280500	INS	True	True	no_candidate	I1_allele_fully_in_graph	no_candidate	I1_allele_fully_in_graph
4145	chr3	153498727	INS	True	True	no_candidate	I1_allele_fully_in_graph	no_candidate	I1_allele_fully_in_graph
4149	chr3	153921200	DEL	True	True	tensor_representative		tensor_representative	
4150	chr3	154225057	INS	True	True	tensor_representative		tensor_representative	
4151	chr3	154331364	INS	True	True	filtered		no_candidate	I1_allele_fully_in_graph
4154	chr3	154432277	INS	True	True	tensor_representative		tensor_representative	
4155	chr3	154471546	DEL	True	True	tensor_representative		tensor_representative	
4156	chr3	154966338	INS	True	True	tensor_representative		tensor_representative	
4157	chr3	154983091	INS	True	True	tensor_representative		tensor_representative	
4158	chr3	155152844	DEL	True	True	tensor_representative		tensor_representative	
4159	chr3	155259171	INS	True	True	filtered		filtered	
4160	chr3	155319975	INS	True	True	no_candidate	I1_allele_fully_in_graph	no_candidate	I1_allele_fully_in_graph
4167	chr3	155896015	INS	True	False	tensor_representative		tensor_representative	
4168	chr3	155982966	DEL	True	False	tensor_representative		tensor_representative	
4169	chr3	156039780	INS	True	True	filtered		no_candidate	I2_partly_in_graph_residual_edit
4170	chr3	156177755	DEL	True	True	tensor_representative		tensor_representative	
4172	chr3	156875992	DEL	True	True	filtered		filtered	
4173	chr3	157304038	INS	True	True	no_candidate	I2_partly_in_graph_residual_edit	no_candidate	I2_partly_in_graph_residual_edit
4174	chr3	157314330	INS	True	True	tensor_representative		tensor_non_representative_allele	
4175	chr3	157378306	DEL	True	True	no_candidate	I1_allele_fully_in_graph	no_candidate	I1_allele_fully_in_graph
4176	chr3	157481433	INS	True	True	no_candidate	I1_allele_fully_in_graph	no_candidate	I2_partly_in_graph_residual_edit
4179	chr3	157660807	DEL	True	True	no_candidate	I1_allele_fully_in_graph	no_candidate	I1_allele_fully_in_graph
4184	chr3	157922449	INS	True	True	tensor_representative		tensor_representative	
4185	chr3	157968616	INS	True	True	filtered		filtered	
4186	chr3	158096889	INS	True	True	no_candidate	I1_allele_fully_in_graph	no_candidate	I1_allele_fully_in_graph
4188	chr3	158574505	INS	True	True	no_candidate	I2_partly_in_graph_residual_edit	no_candidate	I2_partly_in_graph_residual_edit
4189	chr3	158618082	DEL	True	True	tensor_representative		tensor_representative	
4192	chr3	159042919	DEL	True	True	no_candidate	I2_partly_in_graph_residual_edit	no_candidate	I2_partly_in_graph_residual_edit
4194	chr3	159300113	INS	True	True	tensor_non_representative_allele		tensor_non_representative_allele	
4195	chr3	159356208	INS	True	True	tensor_representative		tensor_representative	
4197	chr3	159405880	INS	True	True	tensor_representative		tensor_representative	
4198	chr3	159432327	DEL	True	True	no_candidate	I1_allele_fully_in_graph	no_candidate	I1_allele_fully_in_graph
4199	chr3	159450807	DEL	True	True	tensor_representative		tensor_representative	
4203	chr3	160237508	INS	True	True	no_candidate	I2_partly_in_graph_residual_edit	no_candidate	I2_partly_in_graph_residual_edit
4206	chr3	160608099	DEL	True	True	tensor_representative		tensor_representative	
4208	chr3	160727438	INS	True	True	tensor_representative		tensor_representative	
4209	chr3	161246933	INS	True	True	filtered		no_candidate	I1_allele_fully_in_graph
4214	chr3	161524181	DEL	True	True	tensor_representative		tensor_representative	
4215	chr3	161555335	DEL	True	True	filtered		tensor_non_representative_allele	
4216	chr3	161630572	INS	True	True	tensor_representative		tensor_representative	
4217	chr3	161690786	DEL	True	True	no_candidate	I2_partly_in_graph_residual_edit	no_candidate	I2_partly_in_graph_residual_edit
4218	chr3	161755031	INS	True	True	no_candidate	I2_partly_in_graph_residual_edit	no_candidate	I2_partly_in_graph_residual_edit
4220	chr3	161954848	INS	True	True	filtered		no_candidate	I1_allele_fully_in_graph
4224	chr3	162315583	DEL	True	True	filtered		filtered	
4226	chr3	162438485	DEL	True	True	tensor_representative		tensor_representative	
4227	chr3	162462131	INS	True	True	no_candidate	I2_partly_in_graph_residual_edit	no_candidate	I2_partly_in_graph_residual_edit
4228	chr3	162527826	DEL	True	True	tensor_representative		tensor_representative	
4230	chr3	162583832	INS	True	True	filtered		filtered	
4232	chr3	162607458	DEL	True	True	filtered		filtered	
4235	chr3	162893959	DEL	True	True	tensor_representative		tensor_representative	
4237	chr3	163085516	INS	True	True	no_candidate	I2_partly_in_graph_residual_edit	no_candidate	I2_partly_in_graph_residual_edit
4238	chr3	163085516	INS	True	True	no_candidate	I2_partly_in_graph_residual_edit	no_candidate	I2_partly_in_graph_residual_edit
4239	chr3	163089924	DEL	True	True	no_candidate	I2_partly_in_graph_residual_edit	no_candidate	I2_partly_in_graph_residual_edit
4242	chr3	163439329	DEL	True	True	tensor_representative		tensor_representative	
4246	chr3	163477553	DEL	True	True	filtered		filtered	
4247	chr3	163533041	DEL	True	True	no_candidate	I2_partly_in_graph_residual_edit	no_candidate	I2_partly_in_graph_residual_edit
4248	chr3	163784956	DEL	True	True	tensor_representative		tensor_representative	
4249	chr3	163831016	DEL	True	True	filtered		filtered	
4250	chr3	163869748	DEL	True	True	tensor_representative		tensor_representative	
4251	chr3	163895787	INS	True	True	no_candidate	I2_partly_in_graph_residual_edit	no_candidate	I2_partly_in_graph_residual_edit
4252	chr3	163904312	DEL	True	True	tensor_representative		tensor_representative	
4253	chr3	163926903	DEL	True	True	tensor_representative		tensor_representative	
4255	chr3	164009598	DEL	True	True	no_candidate	I1_allele_fully_in_graph	no_candidate	I2_partly_in_graph_residual_edit
4257	chr3	164018408	INS	True	True	no_candidate	I2_partly_in_graph_residual_edit	no_candidate	I2_partly_in_graph_residual_edit
4258	chr3	164143043	INS	True	True	tensor_representative		tensor_representative	
4259	chr3	164257596	INS	True	True	tensor_representative		tensor_representative	
4262	chr3	164561468	DEL	True	True	filtered		filtered	
4263	chr3	164639248	INS	True	True	no_candidate	I2_partly_in_graph_residual_edit	no_candidate	I2_partly_in_graph_residual_edit
4265	chr3	164729653	INS	True	True	filtered		no_candidate	I1_allele_fully_in_graph
4267	chr3	164858326	INS	True	True	filtered		filtered	
4268	chr3	164917939	DEL	True	True	tensor_representative		tensor_representative	
4273	chr3	165117625	DEL	True	True	tensor_representative		tensor_representative	
4285	chr3	165238049	INS	True	True	tensor_representative		tensor_representative	
4286	chr3	165269170	DEL	True	True	tensor_representative		tensor_representative	
4289	chr3	165350388	DEL	True	True	tensor_representative		tensor_representative	
4290	chr3	165393146	INS	True	True	tensor_representative		tensor_representative	
4291	chr3	165426560	INS	True	True	tensor_representative		tensor_representative	
4296	chr3	165714989	DEL	True	True	no_candidate	I2_partly_in_graph_residual_edit	no_candidate	I2_partly_in_graph_residual_edit
4297	chr3	165849041	DEL	True	True	no_candidate	I2_partly_in_graph_residual_edit	no_candidate	I2_partly_in_graph_residual_edit
4298	chr3	166065391	DEL	True	True	tensor_representative		tensor_representative	
4299	chr3	166138414	INS	True	True	no_candidate	I2_partly_in_graph_residual_edit	no_candidate	I2_partly_in_graph_residual_edit
4305	chr3	166642362	DEL	True	True	tensor_representative		tensor_representative	
4306	chr3	166670601	DEL	True	True	filtered		tensor_representative	
4307	chr3	166703784	INS	True	True	tensor_representative		tensor_representative	
4308	chr3	166870623	DEL	True	True	tensor_representative		tensor_representative	
4309	chr3	166897395	INS	True	True	filtered		filtered	
4313	chr3	167150162	INS	True	True	filtered		filtered	
4315	chr3	167323236	DEL	True	True	no_candidate	I1_allele_fully_in_graph	no_candidate	I1_allele_fully_in_graph
4319	chr3	168537979	INS	True	True	no_candidate	I1_allele_fully_in_graph	no_candidate	I1_allele_fully_in_graph
4320	chr3	168595071	INS	True	False	no_candidate	I2_partly_in_graph_residual_edit	no_candidate	I2_partly_in_graph_residual_edit
4321	chr3	168920783	DEL	True	True	filtered		filtered	
4322	chr3	169149077	INS	True	True	filtered		filtered	
4323	chr3	169180794	INS	True	True	tensor_representative		tensor_representative	
4325	chr3	169556909	DEL	True	True	tensor_representative		tensor_representative	
4326	chr3	170513426	DEL	True	True	tensor_representative		tensor_representative	
4329	chr3	170835851	INS	True	True	tensor_representative		tensor_representative	
4331	chr3	171347221	INS	True	True	no_candidate	I1_allele_fully_in_graph	no_candidate	I1_allele_fully_in_graph
4332	chr3	171357551	INS	True	True	no_candidate	I1_allele_fully_in_graph	no_candidate	I1_allele_fully_in_graph
4333	chr3	171532875	INS	True	True	no_candidate	I2_partly_in_graph_residual_edit	filtered	
4335	chr3	171532879	DEL	True	True	no_candidate	I3_grch38_path_different_edit	no_candidate	I3_grch38_path_different_edit
4337	chr3	172012099	DEL	True	True	no_candidate	I1_allele_fully_in_graph	no_candidate	I1_allele_fully_in_graph
4340	chr3	172312598	INS	True	True	tensor_representative		tensor_representative	
4345	chr3	173018273	DEL	True	True	tensor_representative		tensor_representative	
4349	chr3	173123601	INS	True	True	tensor_representative		tensor_representative	
4353	chr3	173788833	DEL	True	False	filtered		filtered	
4354	chr3	174030122	DEL	True	True	filtered		filtered	
4355	chr3	174037906	INS	True	True	no_candidate	I6_longer_than_50bp	no_candidate	I6_longer_than_50bp
4356	chr3	174066516	INS	True	True	filtered		filtered	
4357	chr3	174095222	INS	True	True	tensor_representative		tensor_representative	
4360	chr3	174234985	DEL	True	True	no_candidate	I2_partly_in_graph_residual_edit	no_candidate	I2_partly_in_graph_residual_edit
4361	chr3	174302837	INS	True	True	filtered		filtered	
4363	chr3	174361392	INS	True	True	filtered		filtered	
4364	chr3	174384437	INS	True	True	tensor_representative		tensor_representative	
4366	chr3	174509568	DEL	True	True	filtered		filtered	
4367	chr3	174657041	INS	True	True	no_candidate	I1_allele_fully_in_graph	no_candidate	I1_allele_fully_in_graph
4368	chr3	174723755	INS	True	True	tensor_non_representative_allele		tensor_non_representative_allele	
4370	chr3	174884173	INS	True	True	tensor_representative		tensor_representative	
4371	chr3	174885876	DEL	True	True	no_candidate	I1_allele_fully_in_graph	no_candidate	I1_allele_fully_in_graph
4372	chr3	174894594	DEL	True	False	no_candidate	I2_partly_in_graph_residual_edit	no_candidate	I2_partly_in_graph_residual_edit
4375	chr3	175197022	INS	True	True	tensor_representative		tensor_representative	
4377	chr3	175343655	INS	True	True	no_candidate	I2_partly_in_graph_residual_edit	no_candidate	I2_partly_in_graph_residual_edit
4378	chr3	175439731	INS	True	True	filtered		tensor_representative	
4380	chr3	175806855	INS	True	True	tensor_representative		tensor_representative	
4382	chr3	176091171	INS	True	True	tensor_representative		tensor_representative	
4383	chr3	176139578	INS	True	True	no_candidate	I1_allele_fully_in_graph	no_candidate	I2_partly_in_graph_residual_edit
4385	chr3	176171774	DEL	True	False	tensor_representative		tensor_representative	
4386	chr3	176346142	INS	True	True	tensor_representative		tensor_representative	
4392	chr3	177112074	INS	True	True	no_candidate	I1_allele_fully_in_graph	no_candidate	I2_partly_in_graph_residual_edit
4393	chr3	177112104	DEL	True	True	tensor_representative		tensor_representative	
4394	chr3	177134945	INS	True	True	no_candidate	I1_allele_fully_in_graph	no_candidate	I1_allele_fully_in_graph
4398	chr3	177534419	INS	True	True	no_candidate	I2_partly_in_graph_residual_edit	no_candidate	I2_partly_in_graph_residual_edit
4401	chr3	177745914	INS	True	True	tensor_representative		tensor_representative	
4404	chr3	178751573	INS	True	True	filtered		filtered	
4406	chr3	178798983	INS	True	True	tensor_representative		tensor_representative	
4408	chr3	179023710	INS	True	True	no_candidate	I1_allele_fully_in_graph	no_candidate	I1_allele_fully_in_graph
4410	chr3	179085349	INS	True	True	filtered		no_candidate	I1_allele_fully_in_graph
4412	chr3	179329909	INS	True	True	filtered		filtered	
4415	chr3	179461710	DEL	True	True	tensor_representative		tensor_representative	
4416	chr3	179508930	INS	True	True	no_candidate	I1_allele_fully_in_graph	no_candidate	I2_partly_in_graph_residual_edit
4418	chr3	179632054	DEL	True	True	tensor_representative		tensor_representative	
4419	chr3	179848551	DEL	True	True	tensor_representative		tensor_representative	
4426	chr3	180528171	INS	True	True	no_candidate	I7_unclear	no_candidate	I3_grch38_path_different_edit
4427	chr3	180654221	DEL	True	True	tensor_representative		tensor_representative	
4430	chr3	180737182	DEL	True	True	tensor_representative		tensor_representative	
4431	chr3	180926506	INS	True	True	no_candidate	I1_allele_fully_in_graph	no_candidate	I1_allele_fully_in_graph
4432	chr3	181165262	INS	True	True	tensor_representative		tensor_representative	
4433	chr3	181523326	DEL	True	True	no_candidate	I1_allele_fully_in_graph	no_candidate	I1_allele_fully_in_graph
4434	chr3	181533470	DEL	True	True	tensor_representative		tensor_non_representative_allele	
4437	chr3	182037644	INS	True	False	tensor_representative		tensor_non_representative_allele	
4441	chr3	182800867	DEL	True	True	tensor_representative		tensor_representative	
4443	chr3	183147161	DEL	True	True	tensor_representative		tensor_representative	
4444	chr3	183199621	INS	True	True	tensor_representative		tensor_representative	
4445	chr3	183423632	DEL	True	True	tensor_representative		tensor_representative	
4446	chr3	183519895	DEL	True	False	tensor_representative		tensor_representative	
4452	chr3	185362930	INS	True	True	no_candidate	I1_allele_fully_in_graph	no_candidate	I2_partly_in_graph_residual_edit
4453	chr3	185388124	INS	True	True	tensor_representative		tensor_representative	
4454	chr3	185395357	INS	True	True	no_candidate	I1_allele_fully_in_graph	no_candidate	I1_allele_fully_in_graph
4457	chr3	185712044	DEL	True	True	tensor_representative		tensor_representative	
4459	chr3	186103620	INS	True	True	tensor_representative		tensor_representative	
4461	chr3	186422650	INS	True	True	tensor_representative		tensor_representative	
4462	chr3	186422671	INS	True	True	no_candidate	I7_unclear	no_candidate	I7_unclear
4463	chr3	186507431	INS	True	True	no_candidate	I1_allele_fully_in_graph	no_candidate	I1_allele_fully_in_graph
4465	chr3	187542149	INS	True	True	no_candidate	I2_partly_in_graph_residual_edit	no_candidate	I2_partly_in_graph_residual_edit
4466	chr3	187613887	INS	True	True	no_candidate	I1_allele_fully_in_graph	no_candidate	I1_allele_fully_in_graph
4468	chr3	187972890	DEL	True	True	filtered		tensor_non_representative_allele	
4469	chr3	188142523	DEL	True	True	no_candidate	I1_allele_fully_in_graph	no_candidate	I1_allele_fully_in_graph
4470	chr3	188142662	INS	True	True	no_candidate	I1_allele_fully_in_graph	no_candidate	I1_allele_fully_in_graph
4471	chr3	188371641	INS	True	True	no_candidate	I7_unclear	no_candidate	I3_grch38_path_different_edit
4472	chr3	188441612	INS	True	False	no_candidate	I1_allele_fully_in_graph	no_candidate	I1_allele_fully_in_graph
4473	chr3	188607370	DEL	True	True	tensor_representative		tensor_non_representative_allele	
4479	chr3	189924866	DEL	True	True	no_candidate	I2_partly_in_graph_residual_edit	no_candidate	I2_partly_in_graph_residual_edit
4485	chr3	191610858	INS	True	True	tensor_representative		tensor_representative	
4486	chr3	191951439	INS	True	True	tensor_representative		tensor_representative	
4488	chr3	192621690	DEL	True	True	tensor_representative		tensor_representative	
4489	chr3	192925855	INS	True	True	filtered		filtered	
4490	chr3	193386723	DEL	True	True	tensor_representative		tensor_representative	
4491	chr3	193589959	DEL	True	True	tensor_representative		tensor_representative	
4492	chr3	193751631	INS	True	True	tensor_non_representative_allele		no_candidate	I2_partly_in_graph_residual_edit
4497	chr3	194399624	DEL	True	True	tensor_representative		tensor_representative	
4498	chr3	194410411	INS	True	True	tensor_representative		tensor_representative	
4500	chr3	194574453	INS	True	True	tensor_representative		tensor_representative	
4508	chr3	195437210	INS	True	True	tensor_representative		tensor_representative	
4509	chr3	195841018	INS	True	True	filtered		filtered	
4510	chr3	196084409	DEL	True	True	no_candidate	I3_grch38_path_different_edit	no_candidate	I3_grch38_path_different_edit
4513	chr3	196730067	INS	True	True	tensor_representative		tensor_representative	
4514	chr3	196751695	INS	True	True	no_candidate	I3_grch38_path_different_edit	no_candidate	I3_grch38_path_different_edit
4515	chr3	196854509	DEL	True	True	tensor_representative		tensor_representative	
4518	chr3	197510625	DEL	True	True	no_candidate	I2_partly_in_graph_residual_edit	no_candidate	I2_partly_in_graph_residual_edit
4519	chr3	197613122	INS	True	True	tensor_representative		tensor_representative	
4522	chr3	197740628	INS	True	True	tensor_representative		tensor_representative	
4525	chr3	198089706	DEL	True	True	no_candidate	I2_partly_in_graph_residual_edit	no_candidate	I2_partly_in_graph_residual_edit
4526	chr5	26186	DEL	True	True	tensor_representative		tensor_representative	
4529	chr5	340688	INS	True	True	no_candidate	I2_partly_in_graph_residual_edit	no_candidate	I2_partly_in_graph_residual_edit
4533	chr5	935004	INS	True	False	tensor_representative		tensor_representative	
4541	chr5	1981097	INS	True	True	no_candidate	I2_partly_in_graph_residual_edit	no_candidate	I2_partly_in_graph_residual_edit
4542	chr5	2088764	DEL	True	True	tensor_representative		tensor_representative	
4544	chr5	2234059	INS	True	True	tensor_representative		tensor_representative	
4550	chr5	2461228	DEL	True	True	no_candidate	I1_allele_fully_in_graph	no_candidate	I1_allele_fully_in_graph
4551	chr5	2462812	INS	True	True	tensor_representative		tensor_representative	
4552	chr5	2472551	DEL	True	True	tensor_representative		tensor_representative	
4553	chr5	2539461	INS	True	True	filtered		filtered	
4556	chr5	2909681	DEL	True	True	tensor_representative		filtered	
4558	chr5	3014946	INS	True	True	no_candidate	I2_partly_in_graph_residual_edit	no_candidate	I2_partly_in_graph_residual_edit
4559	chr5	3058293	DEL	True	True	no_candidate	I2_partly_in_graph_residual_edit	no_candidate	I2_partly_in_graph_residual_edit
4560	chr5	3072929	INS	True	True	filtered		filtered	
4562	chr5	3269348	INS	True	True	filtered		filtered	
4568	chr5	3631241	INS	True	True	tensor_representative		tensor_representative	
4570	chr5	3674159	INS	True	True	no_candidate	I2_partly_in_graph_residual_edit	no_candidate	I2_partly_in_graph_residual_edit
4571	chr5	3679524	INS	True	True	no_candidate	I1_allele_fully_in_graph	no_candidate	I1_allele_fully_in_graph
4575	chr5	3857799	INS	True	True	filtered		filtered	
4576	chr5	4010906	DEL	True	True	tensor_representative		tensor_non_representative_allele	
4577	chr5	4095194	INS	True	True	no_candidate	I2_partly_in_graph_residual_edit	no_candidate	I2_partly_in_graph_residual_edit
4578	chr5	4107442	DEL	True	True	tensor_representative		tensor_representative	
4585	chr5	4491628	DEL	True	True	tensor_representative		tensor_representative	
4589	chr5	4643523	DEL	True	True	filtered		filtered	
4590	chr5	4757544	DEL	True	True	tensor_representative		tensor_representative	
4591	chr5	4770058	DEL	True	True	filtered		filtered	
4592	chr5	4811321	DEL	True	True	filtered		no_candidate	I1_allele_fully_in_graph
4593	chr5	4896969	INS	True	False	filtered		filtered	
4596	chr5	5250707	INS	True	True	no_candidate	I2_partly_in_graph_residual_edit	no_candidate	I2_partly_in_graph_residual_edit
4598	chr5	5501182	INS	True	True	no_candidate	I2_partly_in_graph_residual_edit	no_candidate	I2_partly_in_graph_residual_edit
4600	chr5	5772945	INS	True	True	tensor_representative		tensor_representative	
4608	chr5	7047177	INS	True	True	tensor_representative		tensor_representative	
4611	chr5	7673259	INS	True	True	filtered		filtered	
4612	chr5	7989930	INS	True	True	filtered		filtered	
4613	chr5	8123865	INS	True	True	no_candidate	I2_partly_in_graph_residual_edit	no_candidate	I2_partly_in_graph_residual_edit
4614	chr5	8152261	DEL	True	True	no_candidate	I1_allele_fully_in_graph	no_candidate	I1_allele_fully_in_graph
4615	chr5	8218616	DEL	True	False	filtered		filtered	
4616	chr5	8234315	INS	True	True	no_candidate	I2_partly_in_graph_residual_edit	no_candidate	I2_partly_in_graph_residual_edit
4618	chr5	8370500	INS	True	False	filtered		filtered	
4620	chr5	8454941	INS	True	True	no_candidate	I7_unclear	no_candidate	I3_grch38_path_different_edit
4622	chr5	8490695	DEL	True	True	no_candidate	I2_partly_in_graph_residual_edit	no_candidate	I2_partly_in_graph_residual_edit
4624	chr5	8996024	DEL	True	True	no_candidate	I2_partly_in_graph_residual_edit	filtered	
4626	chr5	9109028	INS	True	True	filtered		tensor_non_representative_allele	
4629	chr5	9221299	INS	True	True	tensor_representative		tensor_representative	
4630	chr5	9291761	INS	True	False	filtered		filtered	
4631	chr5	9412591	INS	True	True	filtered		filtered	
4632	chr5	9602352	DEL	True	True	tensor_representative		tensor_representative	
4633	chr5	9611763	DEL	True	True	tensor_representative		tensor_representative	
4634	chr5	9627494	INS	True	True	tensor_representative		tensor_representative	
4635	chr5	9640497	INS	True	True	no_candidate	I1_allele_fully_in_graph	no_candidate	I1_allele_fully_in_graph
4636	chr5	9899635	INS	True	True	filtered		tensor_non_representative_allele	
4649	chr5	11355476	INS	True	True	tensor_representative		tensor_representative	
4650	chr5	11470954	INS	True	True	no_candidate	I2_partly_in_graph_residual_edit	no_candidate	I2_partly_in_graph_residual_edit
4651	chr5	11505197	DEL	True	True	filtered		filtered	
4652	chr5	11623800	DEL	True	True	no_candidate	I1_allele_fully_in_graph	no_candidate	I1_allele_fully_in_graph
4654	chr5	11798259	DEL	True	True	tensor_representative		tensor_representative	
4656	chr5	11993882	INS	True	True	tensor_representative		tensor_representative	
4660	chr5	12254443	DEL	True	True	no_candidate	I1_allele_fully_in_graph	no_candidate	I1_allele_fully_in_graph
4661	chr5	12291119	INS	True	True	tensor_representative		tensor_representative	
4662	chr5	12359194	INS	True	True	filtered		filtered	
4663	chr5	12359293	DEL	True	True	tensor_representative		tensor_representative	
4664	chr5	12388083	INS	True	True	no_candidate	I2_partly_in_graph_residual_edit	no_candidate	I2_partly_in_graph_residual_edit
4665	chr5	12535630	INS	True	True	tensor_representative		tensor_representative	
4667	chr5	12619689	DEL	True	True	tensor_representative		tensor_representative	
4669	chr5	12932066	INS	True	False	tensor_representative		tensor_representative	
4670	chr5	13058107	INS	True	False	filtered		filtered	
4673	chr5	14045783	INS	True	True	filtered		filtered	
4675	chr5	14137172	INS	True	True	tensor_representative		tensor_representative	
4676	chr5	14396443	DEL	True	False	no_candidate	I2_partly_in_graph_residual_edit	tensor_non_representative_allele	
4677	chr5	14511653	DEL	True	True	no_candidate	I2_partly_in_graph_residual_edit	no_candidate	I2_partly_in_graph_residual_edit
4678	chr5	14913771	DEL	True	True	tensor_representative		tensor_representative	
4680	chr5	15170858	INS	True	True	no_candidate	I1_allele_fully_in_graph	no_candidate	I1_allele_fully_in_graph
4684	chr5	15499570	DEL	True	True	tensor_representative		tensor_representative	
4685	chr5	15848304	INS	True	True	tensor_representative		tensor_representative	
4686	chr5	16084756	DEL	True	True	tensor_representative		tensor_representative	
4688	chr5	16219181	DEL	True	True	tensor_representative		tensor_representative	
4693	chr5	16328769	DEL	True	True	tensor_representative		tensor_representative	
4695	chr5	16615399	INS	True	True	no_candidate	I1_allele_fully_in_graph	no_candidate	I1_allele_fully_in_graph
4697	chr5	16858441	INS	True	False	filtered		no_candidate	I1_allele_fully_in_graph
4698	chr5	16942996	INS	True	True	tensor_representative		tensor_representative	
4699	chr5	17194364	INS	True	True	filtered		no_candidate	I2_partly_in_graph_residual_edit
4700	chr5	17198190	DEL	True	True	filtered		filtered	
4701	chr5	17207635	INS	True	True	no_candidate	I1_allele_fully_in_graph	no_candidate	I1_allele_fully_in_graph
4702	chr5	17221365	DEL	True	True	tensor_representative		tensor_representative	
4703	chr5	17314370	INS	True	True	no_candidate	I2_partly_in_graph_residual_edit	no_candidate	I2_partly_in_graph_residual_edit
4704	chr5	17324819	INS	True	True	no_candidate	I2_partly_in_graph_residual_edit	no_candidate	I2_partly_in_graph_residual_edit
4705	chr5	17390081	DEL	True	True	no_candidate	I2_partly_in_graph_residual_edit	no_candidate	I2_partly_in_graph_residual_edit
4706	chr5	17414714	INS	True	True	no_candidate	I2_partly_in_graph_residual_edit	no_candidate	I2_partly_in_graph_residual_edit
4713	chr5	18185601	INS	True	True	no_candidate	I2_partly_in_graph_residual_edit	no_candidate	I2_partly_in_graph_residual_edit
4714	chr5	18194807	DEL	True	True	filtered		filtered	
4715	chr5	18222886	DEL	True	True	tensor_representative		tensor_representative	
4716	chr5	18244221	DEL	True	True	tensor_representative		tensor_representative	
4717	chr5	18287063	DEL	True	True	tensor_representative		tensor_representative	
4718	chr5	18340756	INS	True	True	no_candidate	I3_grch38_path_different_edit	no_candidate	I3_grch38_path_different_edit
4719	chr5	18370983	INS	True	True	tensor_representative		tensor_representative	
4720	chr5	18487342	INS	True	True	no_candidate	I1_allele_fully_in_graph	no_candidate	I1_allele_fully_in_graph
4723	chr5	18665664	INS	True	True	no_candidate	I2_partly_in_graph_residual_edit	no_candidate	I2_partly_in_graph_residual_edit
4726	chr5	18990486	INS	True	True	filtered		no_candidate	I2_partly_in_graph_residual_edit
4730	chr5	19335551	INS	True	True	tensor_representative		tensor_representative	
4734	chr5	19589410	DEL	True	True	tensor_representative		tensor_representative	
4737	chr5	19647527	DEL	True	True	filtered		tensor_non_representative_allele	
4738	chr5	19647527	INS	True	True	filtered		filtered	
4739	chr5	19693895	DEL	True	True	no_candidate	I2_partly_in_graph_residual_edit	tensor_non_representative_allele	
4743	chr5	19787809	INS	True	True	no_candidate	I2_partly_in_graph_residual_edit	no_candidate	I2_partly_in_graph_residual_edit
4744	chr5	19897596	INS	True	True	tensor_representative		tensor_representative	
4745	chr5	20012372	INS	True	True	no_candidate	I1_allele_fully_in_graph	no_candidate	I1_allele_fully_in_graph
4746	chr5	20055990	DEL	True	True	filtered		tensor_representative	
4748	chr5	20102821	DEL	True	True	tensor_representative		tensor_representative	
4752	chr5	20510152	INS	True	True	tensor_representative		tensor_representative	
4753	chr5	20635593	INS	True	True	tensor_representative		tensor_representative	
4755	chr5	20845992	DEL	True	True	tensor_representative		tensor_representative	
4759	chr5	21036052	DEL	True	True	tensor_representative		tensor_representative	
4769	chr5	21895017	DEL	True	True	filtered		filtered	
4772	chr5	22078163	DEL	True	False	no_candidate	I3_grch38_path_different_edit	no_candidate	I6_longer_than_50bp
4773	chr5	22085175	DEL	True	True	filtered		tensor_representative	
4775	chr5	22287722	DEL	True	True	no_candidate	I2_partly_in_graph_residual_edit	no_candidate	I2_partly_in_graph_residual_edit
4776	chr5	22330744	DEL	True	True	filtered		tensor_representative	
4778	chr5	22492350	DEL	True	True	tensor_representative		tensor_representative	
4782	chr5	22752556	DEL	True	True	no_candidate	I1_allele_fully_in_graph	no_candidate	I1_allele_fully_in_graph
4783	chr5	22756098	DEL	True	True	no_candidate	I2_partly_in_graph_residual_edit	no_candidate	I2_partly_in_graph_residual_edit
4788	chr5	23213868	INS	True	True	no_candidate	I2_partly_in_graph_residual_edit	no_candidate	I2_partly_in_graph_residual_edit
4791	chr5	23414859	INS	True	True	filtered		filtered	
4793	chr5	23489220	INS	True	True	tensor_representative		tensor_representative	
4797	chr5	23767716	DEL	True	True	tensor_representative		tensor_representative	
4798	chr5	23871480	DEL	True	True	tensor_representative		tensor_representative	
4799	chr5	23895372	INS	True	True	tensor_representative		tensor_representative	
4804	chr5	24084233	DEL	True	True	filtered		filtered	
4805	chr5	24361986	INS	True	True	no_candidate	I2_partly_in_graph_residual_edit	no_candidate	I2_partly_in_graph_residual_edit
4807	chr5	24435506	DEL	True	True	no_candidate	I3_grch38_path_different_edit	tensor_representative	
4810	chr5	24480459	DEL	True	True	tensor_representative		tensor_representative	
4814	chr5	24762128	INS	True	False	filtered		no_candidate	I1_allele_fully_in_graph
4815	chr5	24851177	INS	True	True	no_candidate	I1_allele_fully_in_graph	no_candidate	I1_allele_fully_in_graph
4818	chr5	25009641	INS	True	True	no_candidate	I1_allele_fully_in_graph	no_candidate	I1_allele_fully_in_graph
4821	chr5	25345340	DEL	True	True	tensor_representative		tensor_representative	
4824	chr5	25696908	INS	True	True	tensor_representative		tensor_representative	
4826	chr5	25842767	DEL	True	True	no_candidate	I7_unclear	no_candidate	I2_partly_in_graph_residual_edit
4828	chr5	25960794	INS	True	False	no_candidate	I2_partly_in_graph_residual_edit	no_candidate	I2_partly_in_graph_residual_edit
4829	chr5	26009026	INS	True	True	filtered		no_candidate	I2_partly_in_graph_residual_edit
4832	chr5	26196177	INS	True	True	tensor_representative		tensor_representative	
4833	chr5	26230650	DEL	True	True	no_candidate	I1_allele_fully_in_graph	no_candidate	I1_allele_fully_in_graph
4836	chr5	26340611	DEL	True	True	filtered		filtered	
4838	chr5	26648456	INS	True	True	tensor_representative		tensor_representative	
4844	chr5	26771505	DEL	True	False	filtered		no_candidate	I1_allele_fully_in_graph
4847	chr5	26981561	DEL	True	True	tensor_representative		tensor_representative	
4848	chr5	26998733	INS	True	True	tensor_representative		tensor_representative	
4853	chr5	27274510	DEL	True	True	filtered		filtered	
4854	chr5	27320305	DEL	True	True	tensor_representative		tensor_representative	
4856	chr5	27411613	DEL	True	True	tensor_representative		tensor_representative	
4857	chr5	27431964	INS	True	True	no_candidate	I1_allele_fully_in_graph	no_candidate	I1_allele_fully_in_graph
4859	chr5	27499621	INS	True	True	tensor_representative		tensor_representative	
4860	chr5	27512176	INS	True	True	tensor_representative		tensor_representative	
4861	chr5	27524157	DEL	True	True	filtered		tensor_representative	
4862	chr5	27627990	INS	True	True	no_candidate	I1_allele_fully_in_graph	no_candidate	I1_allele_fully_in_graph
4863	chr5	27659943	DEL	True	True	no_candidate	I1_allele_fully_in_graph	no_candidate	I1_allele_fully_in_graph
4864	chr5	27669181	DEL	True	True	filtered		filtered	
4869	chr5	27772860	DEL	True	True	tensor_representative		tensor_representative	
4871	chr5	27833315	DEL	True	True	tensor_representative		tensor_representative	
4872	chr5	27862786	INS	True	True	tensor_representative		tensor_representative	
4873	chr5	27866751	DEL	True	True	filtered		tensor_non_representative_allele	
4875	chr5	28019716	INS	True	True	tensor_representative		tensor_representative	
4876	chr5	28037072	INS	True	True	no_candidate	I4_no_or_few_alt_reads	no_candidate	I4_no_or_few_alt_reads
4882	chr5	28405361	DEL	True	True	tensor_representative		tensor_representative	
4888	chr5	28621679	DEL	True	True	no_candidate	I1_allele_fully_in_graph	no_candidate	I2_partly_in_graph_residual_edit
4889	chr5	28641502	DEL	True	True	tensor_representative		tensor_representative	
4892	chr5	28881250	INS	True	True	filtered		filtered	
4893	chr5	28930963	DEL	True	True	tensor_representative		tensor_representative	
4894	chr5	28982511	DEL	True	False	tensor_representative		tensor_non_representative_allele	
4895	chr5	29104587	INS	True	True	tensor_representative		tensor_representative	
4896	chr5	29258198	INS	True	True	filtered		filtered	
4907	chr5	29725447	INS	True	True	no_candidate	I1_allele_fully_in_graph	no_candidate	I1_allele_fully_in_graph
4908	chr5	29766358	INS	True	True	tensor_representative		tensor_representative	
4909	chr5	29876924	DEL	True	True	tensor_representative		tensor_representative	
4910	chr5	29952174	DEL	True	True	filtered		filtered	
4914	chr5	30258340	DEL	True	True	no_candidate	I1_allele_fully_in_graph	filtered	
4915	chr5	30358743	INS	True	True	no_candidate	I1_allele_fully_in_graph	no_candidate	I1_allele_fully_in_graph
4917	chr5	30423259	INS	True	True	tensor_representative		tensor_representative	
4921	chr5	30867308	DEL	True	True	tensor_representative		tensor_representative	
4922	chr5	30876402	INS	True	True	no_candidate	I1_allele_fully_in_graph	no_candidate	I1_allele_fully_in_graph
4924	chr5	30941469	INS	True	True	tensor_representative		tensor_representative	
4927	chr5	31590275	INS	True	True	tensor_representative		tensor_representative	
4929	chr5	31752068	INS	True	True	no_candidate	I1_allele_fully_in_graph	no_candidate	I2_partly_in_graph_residual_edit
4931	chr5	31822271	DEL	True	True	no_candidate	I1_allele_fully_in_graph	filtered	
4933	chr5	31903659	DEL	True	True	no_candidate	I3_grch38_path_different_edit	filtered	
4934	chr5	32011008	INS	True	True	filtered		filtered	
4935	chr5	32026557	INS	True	True	tensor_representative		tensor_representative	
4936	chr5	32042407	DEL	True	True	tensor_representative		tensor_representative	
4938	chr5	32743987	DEL	True	False	tensor_representative		tensor_representative	
4940	chr5	33006186	INS	True	False	filtered		filtered	
4941	chr5	33057288	DEL	True	True	tensor_representative		tensor_representative	
4943	chr5	33158655	DEL	True	True	tensor_representative		tensor_representative	
4947	chr5	33345468	INS	True	False	filtered		filtered	
4948	chr5	33347358	DEL	True	True	filtered		filtered	
4952	chr5	34081662	INS	True	True	tensor_representative		tensor_representative	
4953	chr5	34087570	DEL	True	True	tensor_representative		tensor_representative	
4954	chr5	34160884	INS	True	True	tensor_representative		tensor_representative	
4955	chr5	34240224	INS	True	True	tensor_representative		tensor_representative	
4958	chr5	34495698	INS	True	True	no_candidate	I2_partly_in_graph_residual_edit	no_candidate	I2_partly_in_graph_residual_edit
4959	chr5	34846265	INS	True	True	tensor_representative		tensor_representative	
4961	chr5	35466767	DEL	True	True	filtered		tensor_representative	
4962	chr5	35524122	INS	True	True	no_candidate	I2_partly_in_graph_residual_edit	no_candidate	I2_partly_in_graph_residual_edit
4963	chr5	35653946	INS	True	True	tensor_representative		tensor_representative	
4964	chr5	35839189	DEL	True	True	no_candidate	I2_partly_in_graph_residual_edit	no_candidate	I1_allele_fully_in_graph
4968	chr5	36290898	DEL	True	False	tensor_representative		tensor_representative	
4970	chr5	36453130	INS	True	True	filtered		no_candidate	I2_partly_in_graph_residual_edit
4971	chr5	36555569	INS	True	True	tensor_representative		tensor_representative	
4972	chr5	36805113	DEL	True	True	tensor_representative		tensor_representative	
4973	chr5	37345908	INS	True	False	tensor_non_representative_allele		tensor_non_representative_allele	
4976	chr5	37589249	INS	True	True	no_candidate	I2_partly_in_graph_residual_edit	no_candidate	I2_partly_in_graph_residual_edit
4977	chr5	37707921	DEL	True	True	no_candidate	I2_partly_in_graph_residual_edit	no_candidate	I2_partly_in_graph_residual_edit
4981	chr5	38086040	DEL	True	True	filtered		filtered	
4983	chr5	38825659	INS	True	True	no_candidate	I2_partly_in_graph_residual_edit	no_candidate	I2_partly_in_graph_residual_edit
4984	chr5	38936065	DEL	True	True	tensor_representative		tensor_representative	
4986	chr5	39148381	INS	True	False	filtered		filtered	
4990	chr5	39565034	INS	True	True	filtered		filtered	
4994	chr5	40121985	INS	True	True	filtered		no_candidate	I2_partly_in_graph_residual_edit
4998	chr5	40820230	DEL	True	True	no_candidate	I1_allele_fully_in_graph	no_candidate	I1_allele_fully_in_graph
5001	chr5	41016498	INS	True	True	no_candidate	I1_allele_fully_in_graph	no_candidate	I1_allele_fully_in_graph
5002	chr5	41114979	DEL	True	True	no_candidate	I2_partly_in_graph_residual_edit	no_candidate	I2_partly_in_graph_residual_edit
5003	chr5	41403399	INS	True	True	no_candidate	I2_partly_in_graph_residual_edit	no_candidate	I2_partly_in_graph_residual_edit
5004	chr5	41440215	INS	True	True	no_candidate	I2_partly_in_graph_residual_edit	no_candidate	I2_partly_in_graph_residual_edit
5005	chr5	41666471	INS	True	False	filtered		filtered	
5008	chr5	42351416	DEL	True	True	tensor_representative		tensor_representative	
5009	chr5	42405039	INS	True	True	tensor_representative		tensor_representative	
5010	chr5	42547476	DEL	True	True	tensor_representative		tensor_representative	
5012	chr5	42643720	INS	True	True	filtered		no_candidate	I1_allele_fully_in_graph
5015	chr5	42989201	DEL	True	False	tensor_representative		tensor_representative	
5016	chr5	43278050	INS	True	False	tensor_representative		tensor_representative	
5017	chr5	43348714	INS	True	False	filtered		filtered	
5018	chr5	43422988	DEL	True	True	filtered		tensor_representative	
5019	chr5	43562828	INS	True	True	tensor_representative		tensor_representative	
5021	chr5	43622865	INS	True	True	tensor_representative		tensor_representative	
5022	chr5	43708699	INS	True	True	filtered		filtered	
5026	chr5	44176541	INS	True	True	filtered		filtered	
5027	chr5	44180615	INS	True	True	filtered		no_candidate	I1_allele_fully_in_graph
5029	chr5	44381470	DEL	True	True	tensor_representative		tensor_representative	
5032	chr5	44565121	DEL	True	True	filtered		tensor_non_representative_allele	
5036	chr5	45074921	DEL	True	True	tensor_representative		tensor_representative	
5037	chr5	45165859	DEL	True	True	tensor_representative		tensor_representative	
5040	chr5	45404498	DEL	True	True	filtered		filtered	
5041	chr5	45539919	DEL	True	True	no_candidate	I2_partly_in_graph_residual_edit	no_candidate	I2_partly_in_graph_residual_edit
5044	chr5	45857055	INS	True	True	tensor_representative		tensor_representative	
5045	chr5	45894701	DEL	True	True	tensor_representative		tensor_representative	
5050	chr5	46393123	DEL	True	True	tensor_representative		tensor_representative	
5052	chr5	50364184	DEL	True	True	no_candidate	I1_allele_fully_in_graph	no_candidate	I1_allele_fully_in_graph
5054	chr5	50460295	INS	True	True	tensor_representative		tensor_representative	
5056	chr5	50905818	INS	True	True	tensor_representative		tensor_representative	
5060	chr5	51509331	INS	True	True	tensor_representative		tensor_representative	
5062	chr5	51621500	DEL	True	True	tensor_representative		tensor_representative	
5065	chr5	51814621	INS	True	True	no_candidate	I6_longer_than_50bp	no_candidate	I6_longer_than_50bp
5067	chr5	51942130	DEL	True	True	tensor_representative		tensor_representative	
5068	chr5	51977414	INS	True	False	tensor_representative		tensor_representative	
5069	chr5	52211965	DEL	True	True	no_candidate	I2_partly_in_graph_residual_edit	no_candidate	I2_partly_in_graph_residual_edit
5071	chr5	52541565	INS	True	True	no_candidate	I2_partly_in_graph_residual_edit	no_candidate	I2_partly_in_graph_residual_edit
5073	chr5	52679602	DEL	True	True	tensor_representative		tensor_representative	
5074	chr5	52788929	INS	True	True	tensor_representative		tensor_representative	
5075	chr5	53619486	INS	True	True	no_candidate	I1_allele_fully_in_graph	no_candidate	I1_allele_fully_in_graph
5078	chr5	53798063	INS	True	True	no_candidate	I1_allele_fully_in_graph	no_candidate	I1_allele_fully_in_graph
5080	chr5	55897000	INS	True	True	no_candidate	I1_allele_fully_in_graph	no_candidate	I1_allele_fully_in_graph
5083	chr5	56641510	INS	True	True	tensor_representative		tensor_representative	
5087	chr5	57906116	DEL	True	True	tensor_representative		tensor_non_representative_allele	
5091	chr5	58935244	INS	True	True	tensor_representative		tensor_representative	
5093	chr5	60474105	INS	True	True	no_candidate	I2_partly_in_graph_residual_edit	no_candidate	I2_partly_in_graph_residual_edit
5096	chr5	62196995	INS	True	True	filtered		no_candidate	I1_allele_fully_in_graph
5098	chr5	63857493	INS	True	True	tensor_representative		tensor_representative	
5101	chr5	64427548	DEL	True	True	tensor_representative		tensor_representative	
5102	chr5	64495083	INS	True	True	tensor_representative		tensor_representative	
5103	chr5	64528810	DEL	True	True	no_candidate	I1_allele_fully_in_graph	no_candidate	I1_allele_fully_in_graph
5104	chr5	64937921	INS	True	True	tensor_representative		tensor_representative	
5105	chr5	65483576	INS	True	True	tensor_representative		tensor_representative	
5106	chr5	65486122	INS	True	True	no_candidate	I1_allele_fully_in_graph	no_candidate	I1_allele_fully_in_graph
5108	chr5	66555900	INS	True	True	no_candidate	I2_partly_in_graph_residual_edit	no_candidate	I2_partly_in_graph_residual_edit
5109	chr5	66578163	DEL	True	True	tensor_representative		tensor_representative	
5111	chr5	66860770	INS	True	True	tensor_representative		tensor_representative	
5112	chr5	67033403	INS	True	True	tensor_representative		tensor_representative	
5114	chr5	68160016	INS	True	True	tensor_representative		tensor_representative	
5115	chr5	68191115	INS	True	True	filtered		no_candidate	I2_partly_in_graph_residual_edit
5116	chr5	68440643	DEL	True	True	tensor_representative		tensor_representative	
5117	chr5	68833816	INS	True	True	no_candidate	I2_partly_in_graph_residual_edit	no_candidate	I2_partly_in_graph_residual_edit
5121	chr5	70880983	INS	True	True	no_candidate	I5_low_mapq_or_no_reads	no_candidate	I5_low_mapq_or_no_reads
5123	chr5	71581190	INS	True	True	tensor_representative		tensor_representative	
5125	chr5	72419192	INS	True	True	filtered		filtered	
5131	chr5	74872783	INS	True	True	tensor_representative		tensor_representative	
5133	chr5	75369513	INS	True	True	tensor_representative		tensor_representative	
5138	chr5	77197525	INS	True	True	tensor_representative		tensor_representative	
5139	chr5	77222205	DEL	True	True	tensor_representative		tensor_representative	
5141	chr5	77676399	INS	True	True	tensor_representative		tensor_representative	
5142	chr5	77757519	INS	True	True	tensor_representative		tensor_representative	
5145	chr5	79060916	INS	True	True	tensor_representative		tensor_representative	
5146	chr5	79179752	DEL	True	False	no_candidate	I3_grch38_path_different_edit	no_candidate	I6_longer_than_50bp
5148	chr5	79396554	INS	True	True	tensor_representative		tensor_representative	
5149	chr5	79407319	DEL	True	True	tensor_representative		tensor_representative	
5150	chr5	79539764	DEL	True	True	no_candidate	I2_partly_in_graph_residual_edit	no_candidate	I2_partly_in_graph_residual_edit
5152	chr5	79697007	INS	True	True	tensor_representative		tensor_representative	
5153	chr5	80118714	INS	True	True	filtered		filtered	
5155	chr5	80810172	INS	True	True	no_candidate	I2_partly_in_graph_residual_edit	no_candidate	I2_partly_in_graph_residual_edit
5157	chr5	80932894	DEL	True	True	tensor_representative		tensor_representative	
5158	chr5	81024249	DEL	True	True	no_candidate	I2_partly_in_graph_residual_edit	no_candidate	I2_partly_in_graph_residual_edit
5159	chr5	81628062	INS	True	True	tensor_representative		tensor_representative	
5163	chr5	82124074	INS	True	True	filtered		filtered	
5164	chr5	82299195	DEL	True	True	no_candidate	I1_allele_fully_in_graph	no_candidate	I1_allele_fully_in_graph
5167	chr5	82843652	INS	True	True	tensor_non_representative_allele		tensor_non_representative_allele	
5168	chr5	82908778	DEL	True	True	no_candidate	I4_no_or_few_alt_reads	no_candidate	I4_no_or_few_alt_reads
5172	chr5	82908860	INS	True	True	no_candidate	I1_allele_fully_in_graph	no_candidate	I2_partly_in_graph_residual_edit
5173	chr5	82917545	DEL	True	True	no_candidate	I1_allele_fully_in_graph	no_candidate	I1_allele_fully_in_graph
5175	chr5	83492024	INS	True	True	tensor_representative		tensor_representative	
5176	chr5	83893357	DEL	True	True	tensor_representative		tensor_representative	
5178	chr5	84371319	INS	True	True	no_candidate	I2_partly_in_graph_residual_edit	no_candidate	I2_partly_in_graph_residual_edit
5180	chr5	84409753	INS	True	True	tensor_representative		tensor_representative	
5184	chr5	84858693	INS	True	True	tensor_representative		tensor_representative	
5185	chr5	84863563	INS	True	True	tensor_representative		tensor_representative	
5189	chr5	85075307	INS	True	True	no_candidate	I1_allele_fully_in_graph	no_candidate	I1_allele_fully_in_graph
5190	chr5	85170941	INS	True	True	tensor_representative		tensor_representative	
5193	chr5	85456127	INS	True	True	filtered		filtered	
5194	chr5	85542938	DEL	True	True	tensor_representative		tensor_representative	
5196	chr5	85736151	DEL	True	True	tensor_representative		tensor_representative	
5197	chr5	85832818	INS	True	True	tensor_representative		tensor_representative	
5198	chr5	85846899	INS	True	True	tensor_representative		tensor_representative	
5202	chr5	86091170	DEL	True	True	tensor_representative		tensor_representative	
5203	chr5	86138304	INS	True	True	tensor_representative		tensor_representative	
5208	chr5	86324111	INS	True	True	tensor_representative		tensor_representative	
5209	chr5	86358640	DEL	True	True	no_candidate	I2_partly_in_graph_residual_edit	no_candidate	I2_partly_in_graph_residual_edit
5210	chr5	86692766	DEL	True	True	tensor_representative		tensor_representative	
5211	chr5	86736059	DEL	True	True	tensor_representative		tensor_representative	
5212	chr5	86770457	DEL	True	True	no_candidate	I2_partly_in_graph_residual_edit	no_candidate	I2_partly_in_graph_residual_edit
5216	chr5	87060906	INS	True	True	tensor_representative		tensor_representative	
5217	chr5	87476238	DEL	True	True	tensor_representative		tensor_representative	
5221	chr5	87658507	INS	True	True	tensor_representative		tensor_representative	
5224	chr5	87853906	DEL	True	True	tensor_representative		tensor_representative	
5225	chr5	87857372	DEL	True	True	tensor_representative		tensor_representative	
5227	chr5	88176760	DEL	True	True	tensor_representative		tensor_representative	
5231	chr5	89068213	DEL	True	True	no_candidate	I1_allele_fully_in_graph	no_candidate	I2_partly_in_graph_residual_edit
5233	chr5	89568337	INS	True	True	tensor_representative		tensor_representative	
5237	chr5	90085666	DEL	True	True	no_candidate	I1_allele_fully_in_graph	no_candidate	I1_allele_fully_in_graph
5238	chr5	90569381	DEL	True	True	no_candidate	I1_allele_fully_in_graph	no_candidate	I2_partly_in_graph_residual_edit
5240	chr5	90993154	INS	True	True	filtered		filtered	
5241	chr5	91400224	INS	True	True	tensor_representative		tensor_non_representative_allele	
5242	chr5	91424177	INS	True	True	filtered		filtered	
5243	chr5	91676940	DEL	True	True	tensor_representative		tensor_representative	
5244	chr5	91904862	INS	True	True	tensor_representative		tensor_representative	
5245	chr5	91905939	INS	True	True	tensor_representative		tensor_representative	
5246	chr5	91915741	INS	True	True	tensor_representative		tensor_representative	
5249	chr5	92314299	DEL	True	True	tensor_representative		tensor_representative	
5250	chr5	92393437	DEL	True	True	tensor_representative		tensor_non_representative_allele	
5253	chr5	92586204	INS	True	True	no_candidate	I2_partly_in_graph_residual_edit	no_candidate	I2_partly_in_graph_residual_edit
5255	chr5	92757502	INS	True	True	no_candidate	I1_allele_fully_in_graph	no_candidate	I1_allele_fully_in_graph
5256	chr5	92788174	DEL	True	True	tensor_representative		tensor_representative	
5258	chr5	92943486	INS	True	True	tensor_representative		tensor_representative	
5259	chr5	93358816	INS	True	True	no_candidate	I1_allele_fully_in_graph	no_candidate	I1_allele_fully_in_graph
5262	chr5	93838718	DEL	True	True	tensor_representative		tensor_representative	
5267	chr5	95257796	INS	True	True	no_candidate	I1_allele_fully_in_graph	no_candidate	I1_allele_fully_in_graph
5268	chr5	95456303	DEL	True	True	tensor_representative		tensor_representative	
5269	chr5	96499029	DEL	True	True	tensor_representative		tensor_representative	
5271	chr5	96856365	INS	True	True	no_candidate	I2_partly_in_graph_residual_edit	no_candidate	I2_partly_in_graph_residual_edit
5273	chr5	97370870	DEL	True	True	no_candidate	I1_allele_fully_in_graph	no_candidate	I1_allele_fully_in_graph
5274	chr5	97566298	INS	True	True	no_candidate	I1_allele_fully_in_graph	no_candidate	I1_allele_fully_in_graph
5276	chr5	98047306	INS	True	True	tensor_representative		tensor_representative	
5277	chr5	98269134	INS	True	True	no_candidate	I7_unclear	no_candidate	I7_unclear
5279	chr5	98315186	INS	True	True	no_candidate	I1_allele_fully_in_graph	no_candidate	I1_allele_fully_in_graph
5280	chr5	98617509	DEL	True	True	tensor_representative		tensor_representative	
5282	chr5	99254899	DEL	True	True	tensor_representative		tensor_representative	
5284	chr5	99641115	INS	True	True	no_candidate	I1_allele_fully_in_graph	no_candidate	I1_allele_fully_in_graph
5285	chr5	99917848	DEL	True	True	no_candidate	I1_allele_fully_in_graph	no_candidate	I1_allele_fully_in_graph
5286	chr5	100203361	INS	True	True	tensor_representative		tensor_representative	
5291	chr5	101105697	DEL	True	True	no_candidate	I2_partly_in_graph_residual_edit	no_candidate	I2_partly_in_graph_residual_edit
5292	chr5	101133130	DEL	True	True	tensor_representative		tensor_representative	
5294	chr5	101166364	INS	True	True	tensor_representative		tensor_representative	
5295	chr5	101223445	INS	True	True	tensor_representative		tensor_representative	
5296	chr5	101339362	DEL	True	True	tensor_representative		tensor_representative	
5299	chr5	101651162	DEL	True	True	tensor_representative		tensor_representative	
5302	chr5	101843098	INS	True	True	filtered		filtered	
5308	chr5	103142618	INS	True	True	tensor_representative		tensor_representative	
5309	chr5	103856283	INS	True	True	filtered		tensor_representative	
5316	chr5	104609146	DEL	True	True	no_candidate	I1_allele_fully_in_graph	no_candidate	I1_allele_fully_in_graph
5317	chr5	104667572	INS	True	True	no_candidate	I1_allele_fully_in_graph	no_candidate	I1_allele_fully_in_graph
5318	chr5	104710895	DEL	True	True	tensor_representative		tensor_representative	
5319	chr5	104748791	DEL	True	True	tensor_representative		tensor_representative	
5322	chr5	105010669	DEL	True	True	tensor_representative		tensor_representative	
5324	chr5	105147161	DEL	True	False	tensor_representative		tensor_representative	
5326	chr5	105692811	INS	True	True	no_candidate	I2_partly_in_graph_residual_edit	no_candidate	I2_partly_in_graph_residual_edit
5327	chr5	105746180	INS	True	True	no_candidate	I1_allele_fully_in_graph	no_candidate	I1_allele_fully_in_graph
5328	chr5	106062143	DEL	True	True	tensor_representative		tensor_representative	
5329	chr5	106493730	DEL	True	True	tensor_representative		tensor_representative	
5330	chr5	106518732	DEL	True	True	tensor_non_representative_allele		tensor_non_representative_allele	
5333	chr5	108343964	DEL	True	True	tensor_representative		tensor_representative	
5340	chr5	109746572	INS	True	True	tensor_representative		tensor_representative	
5342	chr5	110418605	DEL	True	True	tensor_representative		tensor_representative	
5343	chr5	110466616	INS	True	True	filtered		filtered	
5347	chr5	111622299	INS	True	True	no_candidate	I1_allele_fully_in_graph	no_candidate	I1_allele_fully_in_graph
5351	chr5	113409359	INS	True	True	tensor_representative		tensor_representative	
5354	chr5	113829186	INS	True	True	no_candidate	I3_grch38_path_different_edit	no_candidate	I3_grch38_path_different_edit
5355	chr5	113851162	DEL	True	True	tensor_representative		tensor_representative	
5357	chr5	114065846	DEL	True	True	no_candidate	I1_allele_fully_in_graph	no_candidate	I1_allele_fully_in_graph
5362	chr5	115314518	INS	True	True	no_candidate	I1_allele_fully_in_graph	no_candidate	I1_allele_fully_in_graph
5365	chr5	116335186	INS	True	True	tensor_representative		tensor_representative	
5367	chr5	117542800	DEL	True	True	no_candidate	I2_partly_in_graph_residual_edit	no_candidate	I2_partly_in_graph_residual_edit
5370	chr5	118082085	INS	True	True	filtered		filtered	
5371	chr5	118106760	DEL	True	True	tensor_representative		tensor_representative	
5373	chr5	118997463	INS	True	True	filtered		filtered	
5374	chr5	119167479	DEL	True	True	tensor_representative		tensor_representative	
5375	chr5	119656141	DEL	True	True	tensor_representative		tensor_representative	
5381	chr5	120413708	DEL	True	True	no_candidate	I2_partly_in_graph_residual_edit	no_candidate	I2_partly_in_graph_residual_edit
5383	chr5	120582487	INS	True	True	tensor_representative		tensor_representative	
5384	chr5	120655374	INS	True	True	filtered		filtered	
5385	chr5	120851263	INS	True	True	tensor_representative		tensor_representative	
5387	chr5	121223066	INS	True	True	no_candidate	I1_allele_fully_in_graph	no_candidate	I1_allele_fully_in_graph
5390	chr5	123303183	INS	True	True	no_candidate	I1_allele_fully_in_graph	no_candidate	I1_allele_fully_in_graph
5392	chr5	123637476	DEL	True	True	filtered		filtered	
5396	chr5	123756719	INS	True	True	tensor_representative		tensor_representative	
5399	chr5	124245969	INS	True	True	no_candidate	I1_allele_fully_in_graph	no_candidate	I1_allele_fully_in_graph
5400	chr5	124604068	INS	True	True	no_candidate	I2_partly_in_graph_residual_edit	no_candidate	I1_allele_fully_in_graph
5402	chr5	124835872	INS	True	True	filtered		no_candidate	I1_allele_fully_in_graph
5403	chr5	125041443	DEL	True	True	filtered		tensor_representative	
5407	chr5	126422199	DEL	True	True	tensor_representative		tensor_representative	
5408	chr5	126584659	INS	True	True	tensor_representative		tensor_representative	
5410	chr5	127138533	INS	True	True	tensor_representative		tensor_representative	
5411	chr5	127168942	DEL	True	True	tensor_representative		tensor_representative	
5412	chr5	127391573	DEL	True	True	tensor_representative		tensor_representative	
5418	chr5	129083323	DEL	True	True	no_candidate	I2_partly_in_graph_residual_edit	no_candidate	I2_partly_in_graph_residual_edit
5421	chr5	129161862	INS	True	True	tensor_representative		tensor_representative	
5422	chr5	129756934	INS	True	True	tensor_representative		tensor_representative	
5423	chr5	129787631	DEL	True	True	tensor_representative		tensor_representative	
5425	chr5	130020443	DEL	True	True	no_candidate	I1_allele_fully_in_graph	no_candidate	I2_partly_in_graph_residual_edit
5429	chr5	130686460	DEL	True	True	tensor_representative		tensor_representative	
5432	chr5	131393817	INS	True	True	filtered		no_candidate	I1_allele_fully_in_graph
5433	chr5	131515610	INS	True	True	tensor_representative		tensor_representative	
5435	chr5	132153003	DEL	True	True	filtered		tensor_representative	
5436	chr5	132153025	INS	True	True	filtered		no_candidate	I2_partly_in_graph_residual_edit
5437	chr5	133266494	DEL	True	True	tensor_representative		tensor_representative	
5439	chr5	133376888	DEL	True	True	tensor_representative		tensor_representative	
5440	chr5	133417349	INS	True	True	tensor_representative		tensor_representative	
5441	chr5	133818931	INS	True	True	no_candidate	I2_partly_in_graph_residual_edit	no_candidate	I2_partly_in_graph_residual_edit
5446	chr5	135835678	DEL	True	True	tensor_representative		tensor_representative	
5449	chr5	136774832	INS	True	True	tensor_representative		tensor_representative	
5451	chr5	137815075	INS	True	True	filtered		filtered	
5452	chr5	138949798	INS	True	True	filtered		no_candidate	I2_partly_in_graph_residual_edit
5454	chr5	139446483	INS	True	True	no_candidate	I2_partly_in_graph_residual_edit	no_candidate	I2_partly_in_graph_residual_edit
5455	chr5	139576967	INS	True	True	tensor_representative		tensor_representative	
5456	chr5	140533775	INS	True	True	tensor_representative		tensor_representative	
5457	chr5	140553307	INS	True	True	tensor_representative		tensor_representative	
5458	chr5	140714104	INS	True	True	tensor_representative		tensor_representative	
5459	chr5	141190658	INS	True	True	tensor_representative		tensor_representative	
5464	chr5	143787274	INS	True	True	no_candidate	I1_allele_fully_in_graph	no_candidate	I1_allele_fully_in_graph
5467	chr5	144358090	INS	True	True	tensor_representative		tensor_representative	
5469	chr5	144762326	INS	True	True	no_candidate	I2_partly_in_graph_residual_edit	no_candidate	I2_partly_in_graph_residual_edit
5471	chr5	144842315	DEL	True	True	tensor_representative		tensor_representative	
5472	chr5	145790721	INS	True	False	no_candidate	I1_allele_fully_in_graph	no_candidate	I1_allele_fully_in_graph
5473	chr5	146585259	INS	True	True	no_candidate	I2_partly_in_graph_residual_edit	no_candidate	I2_partly_in_graph_residual_edit
5474	chr5	146740891	DEL	True	True	tensor_representative		tensor_representative	
5478	chr5	148639617	INS	True	True	no_candidate	I2_partly_in_graph_residual_edit	no_candidate	I2_partly_in_graph_residual_edit
5479	chr5	149552828	INS	True	True	tensor_representative		tensor_representative	
5482	chr5	151227309	INS	True	True	tensor_representative		tensor_representative	
5483	chr5	151362389	INS	True	True	tensor_representative		tensor_representative	
5484	chr5	151534970	INS	True	True	no_candidate	I2_partly_in_graph_residual_edit	no_candidate	I2_partly_in_graph_residual_edit
5486	chr5	151760713	INS	True	True	tensor_representative		tensor_representative	
5489	chr5	152553631	INS	True	True	no_candidate	I1_allele_fully_in_graph	no_candidate	I1_allele_fully_in_graph
5491	chr5	152562663	DEL	True	True	no_candidate	I1_allele_fully_in_graph	no_candidate	I1_allele_fully_in_graph
5492	chr5	152694164	INS	True	True	filtered		filtered	
5494	chr5	153007316	INS	True	True	no_candidate	I2_partly_in_graph_residual_edit	no_candidate	I2_partly_in_graph_residual_edit
5495	chr5	153208018	DEL	True	True	tensor_representative		tensor_representative	
5499	chr5	153650896	INS	True	True	filtered		no_candidate	I1_allele_fully_in_graph
5500	chr5	153933439	INS	True	True	no_candidate	I2_partly_in_graph_residual_edit	no_candidate	I2_partly_in_graph_residual_edit
5501	chr5	154529665	INS	True	True	no_candidate	I1_allele_fully_in_graph	no_candidate	I1_allele_fully_in_graph
5502	chr5	154991341	INS	True	True	tensor_representative		tensor_representative	
5505	chr5	155399586	DEL	True	True	tensor_representative		tensor_representative	
5509	chr5	155835002	INS	True	True	no_candidate	I2_partly_in_graph_residual_edit	no_candidate	I2_partly_in_graph_residual_edit
5513	chr5	156164022	INS	True	True	tensor_representative		tensor_representative	
5517	chr5	156995417	DEL	True	True	tensor_representative		tensor_non_representative_allele	
5518	chr5	157012342	INS	True	True	no_candidate	I1_allele_fully_in_graph	no_candidate	I1_allele_fully_in_graph
5519	chr5	157147629	INS	True	True	no_candidate	I1_allele_fully_in_graph	no_candidate	I1_allele_fully_in_graph
5520	chr5	157209328	INS	True	True	filtered		filtered	
5521	chr5	157591205	DEL	True	True	no_candidate	I1_allele_fully_in_graph	no_candidate	I1_allele_fully_in_graph
5523	chr5	157620007	INS	True	True	filtered		filtered	
5524	chr5	158244116	INS	True	True	no_candidate	I2_partly_in_graph_residual_edit	no_candidate	I2_partly_in_graph_residual_edit
5525	chr5	158584624	INS	True	True	tensor_representative		tensor_representative	
5526	chr5	158737266	INS	True	True	tensor_representative		tensor_representative	
5530	chr5	159694878	INS	True	True	tensor_representative		tensor_representative	
5531	chr5	159732752	INS	True	True	filtered		no_candidate	I1_allele_fully_in_graph
5532	chr5	160004547	INS	True	True	tensor_representative		tensor_representative	
5533	chr5	160463177	DEL	True	True	no_candidate	I1_allele_fully_in_graph	no_candidate	I1_allele_fully_in_graph
5534	chr5	160767635	INS	True	True	no_candidate	I2_partly_in_graph_residual_edit	no_candidate	I2_partly_in_graph_residual_edit
5535	chr5	161773936	DEL	True	True	tensor_representative		tensor_representative	
5536	chr5	161804718	DEL	True	True	tensor_representative		tensor_representative	
5537	chr5	161816316	INS	True	True	tensor_non_representative_allele		tensor_non_representative_allele	
5538	chr5	161839895	INS	True	True	no_candidate	I1_allele_fully_in_graph	no_candidate	I1_allele_fully_in_graph
5540	chr5	161886348	DEL	True	True	filtered		tensor_representative	
5541	chr5	162042418	INS	True	True	tensor_representative		tensor_representative	
5546	chr5	162415907	DEL	True	True	tensor_representative		tensor_non_representative_allele	
5549	chr5	163128307	DEL	True	True	filtered		filtered	
5551	chr5	163593783	INS	True	True	tensor_representative		tensor_representative	
5552	chr5	163946784	INS	True	True	no_candidate	I1_allele_fully_in_graph	no_candidate	I1_allele_fully_in_graph
5557	chr5	164652358	INS	True	True	filtered		tensor_representative	
5560	chr5	164955720	INS	True	True	no_candidate	I2_partly_in_graph_residual_edit	no_candidate	I2_partly_in_graph_residual_edit
5563	chr5	165114664	DEL	True	True	tensor_representative		tensor_representative	
5564	chr5	165180939	INS	True	True	tensor_representative		tensor_representative	
5565	chr5	165226428	INS	True	True	no_candidate	I1_allele_fully_in_graph	no_candidate	I2_partly_in_graph_residual_edit
5566	chr5	165226443	INS	True	True	filtered		filtered	
5567	chr5	165342711	DEL	True	True	tensor_representative		tensor_non_representative_allele	
5569	chr5	165628316	DEL	True	True	no_candidate	I2_partly_in_graph_residual_edit	no_candidate	I2_partly_in_graph_residual_edit
5570	chr5	165755085	DEL	True	False	no_candidate	I1_allele_fully_in_graph	no_candidate	I1_allele_fully_in_graph
5571	chr5	165908930	DEL	True	True	tensor_representative		tensor_representative	
5573	chr5	166052553	INS	True	True	filtered		filtered	
5576	chr5	166190416	DEL	True	True	no_candidate	I2_partly_in_graph_residual_edit	no_candidate	I2_partly_in_graph_residual_edit
5577	chr5	166209775	INS	True	True	no_candidate	I1_allele_fully_in_graph	no_candidate	I1_allele_fully_in_graph
5578	chr5	166316065	INS	True	True	filtered		no_candidate	I2_partly_in_graph_residual_edit
5579	chr5	166355207	DEL	True	True	tensor_representative		tensor_representative	
5582	chr5	166511243	DEL	True	True	tensor_representative		tensor_representative	
5584	chr5	166687360	INS	True	True	no_candidate	I1_allele_fully_in_graph	no_candidate	I1_allele_fully_in_graph
5585	chr5	166833522	DEL	True	True	filtered		tensor_representative	
5587	chr5	167263728	DEL	True	True	tensor_representative		tensor_representative	
5588	chr5	167452948	INS	True	True	no_candidate	I1_allele_fully_in_graph	no_candidate	I1_allele_fully_in_graph
5589	chr5	167457659	DEL	True	True	tensor_representative		tensor_representative	
5590	chr5	167537250	INS	True	True	no_candidate	I2_partly_in_graph_residual_edit	no_candidate	I2_partly_in_graph_residual_edit
5591	chr5	168028799	INS	True	True	tensor_representative		tensor_representative	
5592	chr5	168198188	INS	True	True	filtered		tensor_representative	
5593	chr5	168703226	INS	True	True	tensor_representative		tensor_representative	
5594	chr5	168864042	INS	True	True	filtered		no_candidate	I2_partly_in_graph_residual_edit
5599	chr5	169187555	INS	True	True	tensor_non_representative_allele		tensor_non_representative_allele	
5600	chr5	169240579	DEL	True	True	no_candidate	I1_allele_fully_in_graph	no_candidate	I1_allele_fully_in_graph
5601	chr5	169386382	DEL	True	True	tensor_representative		tensor_representative	
5602	chr5	169608611	INS	True	True	no_candidate	I6_longer_than_50bp	no_candidate	I6_longer_than_50bp
5603	chr5	169611773	INS	True	True	no_candidate	I3_grch38_path_different_edit	no_candidate	I3_grch38_path_different_edit
5605	chr5	170032027	DEL	True	True	tensor_representative		tensor_representative	
5607	chr5	170376150	DEL	True	True	tensor_representative		tensor_representative	
5608	chr5	170467917	DEL	True	True	tensor_representative		tensor_representative	
5611	chr5	170656996	INS	True	True	no_candidate	I1_allele_fully_in_graph	no_candidate	I1_allele_fully_in_graph
5613	chr5	170843442	INS	True	True	no_candidate	I2_partly_in_graph_residual_edit	no_candidate	I2_partly_in_graph_residual_edit
5614	chr5	170850353	DEL	True	True	tensor_representative		tensor_representative	
5617	chr5	171166426	DEL	True	True	filtered		filtered	
5619	chr5	171802235	DEL	True	True	tensor_representative		tensor_representative	
5621	chr5	172048414	INS	True	True	no_candidate	I2_partly_in_graph_residual_edit	no_candidate	I2_partly_in_graph_residual_edit
5623	chr5	172219940	DEL	True	True	tensor_representative		tensor_representative	
5624	chr5	172262446	INS	True	True	filtered		filtered	
5625	chr5	172716556	DEL	True	True	tensor_representative		tensor_representative	
5629	chr5	173237602	INS	True	True	tensor_representative		tensor_representative	
5630	chr5	174403955	INS	True	True	no_candidate	I2_partly_in_graph_residual_edit	no_candidate	I2_partly_in_graph_residual_edit
5631	chr5	174511322	INS	True	True	tensor_representative		tensor_representative	
5633	chr5	175353889	INS	True	True	filtered		filtered	
5635	chr5	176294005	INS	True	True	tensor_representative		tensor_representative	
5636	chr5	176642865	INS	True	True	no_candidate	I3_grch38_path_different_edit	no_candidate	I3_grch38_path_different_edit
5637	chr5	176673194	DEL	True	True	filtered		tensor_non_representative_allele	
5638	chr5	176967289	INS	True	True	tensor_representative		tensor_representative	
5639	chr5	177031998	DEL	True	False	tensor_representative		tensor_representative	
5642	chr5	178052162	INS	True	True	tensor_representative		tensor_representative	
5648	chr5	180519833	INS	True	True	tensor_representative		tensor_representative	
5651	chr5	180845326	DEL	True	True	no_candidate	I2_partly_in_graph_residual_edit	no_candidate	I2_partly_in_graph_residual_edit
5653	chr6	739132	INS	True	True	no_candidate	I2_partly_in_graph_residual_edit	no_candidate	I2_partly_in_graph_residual_edit
5655	chr6	2439235	DEL	True	True	tensor_representative		tensor_representative	
5662	chr6	4544755	INS	True	True	tensor_representative		tensor_representative	
5663	chr6	4716593	INS	True	True	tensor_representative		tensor_representative	
5664	chr6	4762645	DEL	True	True	tensor_representative		tensor_representative	
5665	chr6	5144624	INS	True	True	filtered		filtered	
5666	chr6	5368010	DEL	True	True	tensor_representative		tensor_representative	
5669	chr6	5667520	DEL	True	True	tensor_representative		tensor_representative	
5672	chr6	6052063	DEL	True	True	tensor_representative		tensor_representative	
5673	chr6	6239470	INS	True	True	tensor_representative		tensor_representative	
5674	chr6	6313280	DEL	True	True	tensor_representative		tensor_non_representative_allele	
5676	chr6	6570749	INS	True	True	no_candidate	I2_partly_in_graph_residual_edit	no_candidate	I2_partly_in_graph_residual_edit
5678	chr6	7068687	INS	True	True	tensor_non_representative_allele		no_candidate	I2_partly_in_graph_residual_edit
5679	chr6	7190566	DEL	True	True	tensor_representative		tensor_representative	
5680	chr6	7813086	INS	True	True	no_candidate	I1_allele_fully_in_graph	no_candidate	I2_partly_in_graph_residual_edit
5681	chr6	7838941	INS	True	True	tensor_representative		tensor_representative	
5686	chr6	9387349	INS	True	True	no_candidate	I2_partly_in_graph_residual_edit	no_candidate	I2_partly_in_graph_residual_edit
5687	chr6	9467719	INS	True	True	tensor_representative		tensor_representative	
5690	chr6	9660817	DEL	True	True	tensor_representative		tensor_non_representative_allele	
5691	chr6	9714455	DEL	True	True	no_candidate	I2_partly_in_graph_residual_edit	no_candidate	I2_partly_in_graph_residual_edit
5692	chr6	10037507	INS	True	True	filtered		no_candidate	I1_allele_fully_in_graph
5693	chr6	10107964	INS	True	True	no_candidate	I1_allele_fully_in_graph	no_candidate	I1_allele_fully_in_graph
5695	chr6	10284114	INS	True	True	tensor_representative		tensor_representative	
5697	chr6	10446566	INS	True	True	no_candidate	I2_partly_in_graph_residual_edit	no_candidate	I1_allele_fully_in_graph
5699	chr6	10563773	INS	True	True	no_candidate	I4_no_or_few_alt_reads	no_candidate	I2_partly_in_graph_residual_edit
5701	chr6	10907353	INS	True	True	filtered		filtered	
5702	chr6	11161689	INS	True	True	tensor_representative		tensor_representative	
5705	chr6	11696286	INS	True	True	tensor_representative		tensor_representative	
5706	chr6	12689846	DEL	True	True	tensor_representative		tensor_representative	
5707	chr6	12777627	INS	True	True	no_candidate	I3_grch38_path_different_edit	no_candidate	I3_grch38_path_different_edit
5709	chr6	13019072	INS	True	True	no_candidate	I1_allele_fully_in_graph	no_candidate	I1_allele_fully_in_graph
5710	chr6	13073331	INS	True	True	no_candidate	I2_partly_in_graph_residual_edit	no_candidate	I2_partly_in_graph_residual_edit
5713	chr6	13682395	DEL	True	True	tensor_representative		tensor_representative	
5716	chr6	14325971	INS	True	True	tensor_representative		tensor_representative	
5718	chr6	14497846	INS	True	False	tensor_non_representative_allele		no_candidate	I2_partly_in_graph_residual_edit
5722	chr6	15061590	INS	True	True	filtered		tensor_representative	
5726	chr6	16093853	INS	True	True	tensor_non_representative_allele		tensor_non_representative_allele	
5728	chr6	17438433	INS	True	True	no_candidate	I2_partly_in_graph_residual_edit	no_candidate	I2_partly_in_graph_residual_edit
5729	chr6	17675155	INS	True	True	tensor_representative		tensor_representative	
5730	chr6	18870439	INS	True	True	no_candidate	I1_allele_fully_in_graph	no_candidate	I1_allele_fully_in_graph
5731	chr6	19155404	INS	True	True	no_candidate	I1_allele_fully_in_graph	no_candidate	I1_allele_fully_in_graph
5732	chr6	19216526	DEL	True	True	tensor_representative		tensor_representative	
5733	chr6	19674598	DEL	True	True	tensor_representative		tensor_representative	
5734	chr6	19776469	DEL	True	True	tensor_representative		tensor_representative	
5735	chr6	19997254	INS	True	True	no_candidate	I4_no_or_few_alt_reads	no_candidate	I4_no_or_few_alt_reads
5736	chr6	20377461	DEL	True	True	tensor_representative		tensor_representative	
5737	chr6	21633807	DEL	True	True	no_candidate	I1_allele_fully_in_graph	no_candidate	I1_allele_fully_in_graph
5741	chr6	22358876	DEL	True	True	tensor_representative		tensor_representative	
5742	chr6	22836651	DEL	True	True	tensor_representative		tensor_representative	
5744	chr6	23130456	INS	True	True	tensor_representative		tensor_representative	
5745	chr6	23201483	DEL	True	True	tensor_representative		tensor_representative	
5746	chr6	23349404	INS	True	True	tensor_representative		tensor_representative	
5747	chr6	23406593	DEL	True	True	no_candidate	I1_allele_fully_in_graph	no_candidate	I1_allele_fully_in_graph
5748	chr6	23413342	DEL	True	True	no_candidate	I2_partly_in_graph_residual_edit	no_candidate	I2_partly_in_graph_residual_edit
5749	chr6	23440562	DEL	True	True	no_candidate	I2_partly_in_graph_residual_edit	no_candidate	I2_partly_in_graph_residual_edit
5750	chr6	23527439	DEL	True	True	tensor_non_representative_allele		tensor_non_representative_allele	
5752	chr6	23932234	DEL	True	True	no_candidate	I2_partly_in_graph_residual_edit	no_candidate	I2_partly_in_graph_residual_edit
5754	chr6	25071632	DEL	True	True	tensor_representative		tensor_representative	
5759	chr6	27488890	DEL	True	True	tensor_representative		tensor_representative	
5760	chr6	27511817	DEL	True	True	tensor_representative		tensor_representative	
5762	chr6	28422708	INS	True	True	filtered		filtered	
5763	chr6	28593010	DEL	True	True	tensor_representative		tensor_representative	
5764	chr6	28643879	DEL	True	True	no_candidate	I1_allele_fully_in_graph	no_candidate	I2_partly_in_graph_residual_edit
5765	chr6	28782927	INS	True	True	filtered		filtered	
5766	chr6	28823884	INS	True	True	filtered		tensor_representative	
5768	chr6	28834776	INS	True	True	no_candidate	I1_allele_fully_in_graph	no_candidate	I1_allele_fully_in_graph
5770	chr6	29612168	INS	True	True	tensor_representative		tensor_representative	
5772	chr6	30444796	INS	True	True	no_candidate	I2_partly_in_graph_residual_edit	no_candidate	I2_partly_in_graph_residual_edit
5773	chr6	30459318	INS	True	True	no_candidate	I1_allele_fully_in_graph	no_candidate	I1_allele_fully_in_graph
5774	chr6	30491474	INS	True	True	tensor_representative		tensor_representative	
5776	chr6	31188077	INS	True	True	tensor_representative		tensor_representative	
5782	chr6	32691473	DEL	True	True	no_candidate	I1_allele_fully_in_graph	no_candidate	I1_allele_fully_in_graph
5783	chr6	33135815	INS	True	True	tensor_representative		tensor_representative	
5784	chr6	33244256	DEL	True	True	no_candidate	I1_allele_fully_in_graph	no_candidate	I1_allele_fully_in_graph
5787	chr6	33379334	DEL	True	True	tensor_representative		tensor_representative	
5791	chr6	35743945	INS	True	True	tensor_representative		tensor_representative	
5792	chr6	35829242	INS	True	True	filtered		no_candidate	I1_allele_fully_in_graph
5793	chr6	37593210	DEL	True	True	tensor_representative		tensor_representative	
5796	chr6	38302485	DEL	True	True	no_candidate	I1_allele_fully_in_graph	no_candidate	I1_allele_fully_in_graph
5800	chr6	39968541	INS	True	True	no_candidate	I1_allele_fully_in_graph	no_candidate	I1_allele_fully_in_graph
5803	chr6	40523505	DEL	True	True	no_candidate	I2_partly_in_graph_residual_edit	no_candidate	I2_partly_in_graph_residual_edit
5805	chr6	41340147	INS	True	True	no_candidate	I2_partly_in_graph_residual_edit	no_candidate	I2_partly_in_graph_residual_edit
5806	chr6	42619454	INS	True	True	no_candidate	I3_grch38_path_different_edit	no_candidate	I3_grch38_path_different_edit
5811	chr6	44162368	INS	True	True	filtered		filtered	
5814	chr6	44654931	DEL	True	True	no_candidate	I2_partly_in_graph_residual_edit	no_candidate	I2_partly_in_graph_residual_edit
5815	chr6	45113827	INS	True	True	filtered		filtered	
5816	chr6	45120417	INS	True	True	no_candidate	I2_partly_in_graph_residual_edit	no_candidate	I2_partly_in_graph_residual_edit
5817	chr6	45399349	INS	True	True	filtered		filtered	
5819	chr6	45519834	DEL	True	True	no_candidate	I4_no_or_few_alt_reads	no_candidate	I4_no_or_few_alt_reads
5820	chr6	45550002	INS	True	True	tensor_representative		tensor_representative	
5821	chr6	46339014	INS	True	True	no_candidate	I1_allele_fully_in_graph	no_candidate	I1_allele_fully_in_graph
5823	chr6	46668819	INS	True	True	tensor_representative		tensor_representative	
5825	chr6	46749554	INS	True	True	no_candidate	I1_allele_fully_in_graph	no_candidate	I1_allele_fully_in_graph
5826	chr6	46893058	INS	True	True	no_candidate	I2_partly_in_graph_residual_edit	no_candidate	I2_partly_in_graph_residual_edit
5828	chr6	47658200	DEL	True	True	tensor_representative		tensor_representative	
5829	chr6	47959868	INS	True	True	tensor_representative		tensor_representative	
5830	chr6	48079970	DEL	True	True	tensor_representative		tensor_representative	
5831	chr6	48619671	INS	True	True	no_candidate	I1_allele_fully_in_graph	no_candidate	I1_allele_fully_in_graph
5835	chr6	48692120	INS	True	True	no_candidate	I2_partly_in_graph_residual_edit	no_candidate	I2_partly_in_graph_residual_edit
5836	chr6	48730741	INS	True	True	no_candidate	I2_partly_in_graph_residual_edit	no_candidate	I2_partly_in_graph_residual_edit
5838	chr6	49144692	DEL	True	True	no_candidate	I1_allele_fully_in_graph	no_candidate	I1_allele_fully_in_graph
5839	chr6	49229562	INS	True	True	no_candidate	I2_partly_in_graph_residual_edit	no_candidate	I2_partly_in_graph_residual_edit
5840	chr6	49324916	INS	True	True	tensor_representative		tensor_representative	
5841	chr6	49702139	INS	True	False	tensor_representative		tensor_representative	
5842	chr6	50079482	DEL	True	True	tensor_representative		tensor_representative	
5843	chr6	50547966	INS	True	True	filtered		filtered	
5845	chr6	51447703	INS	True	True	no_candidate	I2_partly_in_graph_residual_edit	no_candidate	I2_partly_in_graph_residual_edit
5846	chr6	51450356	INS	True	True	tensor_representative		tensor_representative	
5847	chr6	51527812	INS	True	True	no_candidate	I2_partly_in_graph_residual_edit	no_candidate	I2_partly_in_graph_residual_edit
5848	chr6	52929104	DEL	True	True	tensor_representative		tensor_representative	
5849	chr6	53047464	INS	True	True	tensor_representative		tensor_representative	
5850	chr6	53138278	INS	True	True	tensor_non_representative_allele		tensor_non_representative_allele	
5851	chr6	53142000	DEL	True	True	no_candidate	I2_partly_in_graph_residual_edit	no_candidate	I2_partly_in_graph_residual_edit
5855	chr6	54279618	INS	True	True	no_candidate	I2_partly_in_graph_residual_edit	no_candidate	I2_partly_in_graph_residual_edit
5863	chr6	55815133	DEL	True	True	tensor_representative		tensor_representative	
5864	chr6	56148338	INS	True	True	no_candidate	I1_allele_fully_in_graph	no_candidate	I1_allele_fully_in_graph
5866	chr6	56938100	DEL	True	True	no_candidate	I2_partly_in_graph_residual_edit	no_candidate	I2_partly_in_graph_residual_edit
5868	chr6	57667779	INS	True	True	no_candidate	I1_allele_fully_in_graph	no_candidate	I2_partly_in_graph_residual_edit
5869	chr6	57694521	INS	True	True	tensor_representative		no_candidate	I1_allele_fully_in_graph
5871	chr6	57866675	DEL	True	True	filtered		filtered	
5874	chr6	58155488	INS	True	True	no_candidate	I2_partly_in_graph_residual_edit	no_candidate	I2_partly_in_graph_residual_edit
5875	chr6	58369642	DEL	True	True	tensor_representative		tensor_representative	
5876	chr6	60248138	INS	True	True	filtered		filtered	
5877	chr6	60353145	DEL	True	True	filtered		filtered	
5878	chr6	60434835	DEL	True	True	tensor_representative		tensor_representative	
5879	chr6	60477395	DEL	True	True	tensor_representative		tensor_representative	
5880	chr6	60548309	INS	True	True	tensor_representative		tensor_representative	
5881	chr6	60693850	DEL	True	True	tensor_representative		tensor_representative	
5882	chr6	60734789	DEL	True	True	tensor_representative		tensor_representative	
5885	chr6	61114527	DEL	True	True	tensor_representative		tensor_representative	
5886	chr6	61210112	DEL	True	True	no_candidate	I2_partly_in_graph_residual_edit	no_candidate	I2_partly_in_graph_residual_edit
5888	chr6	61239092	DEL	True	False	tensor_representative		tensor_representative	
5890	chr6	61404887	DEL	True	True	tensor_representative		tensor_representative	
5891	chr6	61631305	DEL	True	True	no_candidate	I1_allele_fully_in_graph	no_candidate	I1_allele_fully_in_graph
5894	chr6	61782689	DEL	True	True	no_candidate	I3_grch38_path_different_edit	tensor_representative	
5898	chr6	61891175	DEL	True	True	tensor_representative		tensor_representative	
5899	chr6	61926888	INS	True	True	tensor_representative		tensor_representative	
5901	chr6	62210327	DEL	True	True	filtered		tensor_non_representative_allele	
5903	chr6	62303098	INS	True	True	tensor_representative		tensor_representative	
5908	chr6	62634661	INS	True	True	filtered		filtered	
5910	chr6	62734950	INS	True	True	tensor_representative		tensor_representative	
5913	chr6	63021483	INS	True	True	no_candidate	I2_partly_in_graph_residual_edit	no_candidate	I2_partly_in_graph_residual_edit
5916	chr6	63196648	DEL	True	True	tensor_representative		tensor_representative	
5918	chr6	63392881	DEL	True	True	tensor_representative		tensor_representative	
5920	chr6	63810315	INS	True	True	filtered		no_candidate	I1_allele_fully_in_graph
5922	chr6	63887314	INS	True	True	no_candidate	I1_allele_fully_in_graph	no_candidate	I1_allele_fully_in_graph
5923	chr6	64062691	DEL	True	True	tensor_representative		tensor_representative	
5924	chr6	64125404	INS	True	True	tensor_representative		tensor_representative	
5925	chr6	64275451	INS	True	True	no_candidate	I1_allele_fully_in_graph	no_candidate	I1_allele_fully_in_graph
5930	chr6	64703429	INS	True	True	no_candidate	I1_allele_fully_in_graph	no_candidate	I1_allele_fully_in_graph
5934	chr6	64983731	DEL	True	True	tensor_representative		tensor_representative	
5941	chr6	65243752	INS	True	True	tensor_representative		tensor_representative	
5942	chr6	65279200	DEL	True	True	tensor_representative		tensor_representative	
5945	chr6	65598230	DEL	True	True	no_candidate	I1_allele_fully_in_graph	no_candidate	I1_allele_fully_in_graph
5949	chr6	65842805	INS	True	True	tensor_representative		tensor_representative	
5951	chr6	65920364	INS	True	True	tensor_representative		tensor_representative	
5953	chr6	66234492	DEL	True	True	tensor_representative		tensor_representative	
5954	chr6	66343396	INS	True	True	tensor_representative		tensor_representative	
5957	chr6	66761636	INS	True	True	no_candidate	I1_allele_fully_in_graph	no_candidate	I1_allele_fully_in_graph
5958	chr6	66761652	INS	True	True	tensor_representative		tensor_representative	
5959	chr6	66771717	DEL	True	True	tensor_representative		tensor_non_representative_allele	
5961	chr6	67033127	DEL	True	True	no_candidate	I2_partly_in_graph_residual_edit	no_candidate	I2_partly_in_graph_residual_edit
5966	chr6	67535099	DEL	True	True	tensor_representative		tensor_representative	
5967	chr6	67550305	INS	True	True	no_candidate	I1_allele_fully_in_graph	no_candidate	I1_allele_fully_in_graph
5971	chr6	67964790	INS	True	True	tensor_representative		tensor_representative	
5972	chr6	68057456	INS	True	True	tensor_representative		tensor_representative	
5973	chr6	68063556	INS	True	True	tensor_representative		tensor_representative	
5974	chr6	68149543	DEL	True	True	tensor_representative		tensor_representative	
5975	chr6	68191783	DEL	True	True	filtered		filtered	
5977	chr6	68293917	DEL	True	True	filtered		filtered	
5979	chr6	68402734	INS	True	True	no_candidate	I4_no_or_few_alt_reads	no_candidate	I4_no_or_few_alt_reads
5981	chr6	68458138	DEL	True	True	tensor_representative		tensor_representative	
5982	chr6	68817304	DEL	True	True	no_candidate	I2_partly_in_graph_residual_edit	no_candidate	I2_partly_in_graph_residual_edit
5985	chr6	69039742	DEL	True	True	tensor_representative		tensor_representative	
5986	chr6	69069553	INS	True	True	no_candidate	I1_allele_fully_in_graph	no_candidate	I1_allele_fully_in_graph
5987	chr6	69069731	INS	True	True	no_candidate	I1_allele_fully_in_graph	no_candidate	I1_allele_fully_in_graph
5988	chr6	69120999	INS	True	True	filtered		filtered	
5995	chr6	70016366	DEL	True	True	tensor_representative		tensor_representative	
6003	chr6	71098547	DEL	True	True	tensor_representative		tensor_representative	
6004	chr6	71129703	DEL	True	True	tensor_representative		tensor_representative	
6005	chr6	71131925	INS	True	True	tensor_representative		tensor_representative	
6008	chr6	71824263	INS	True	True	tensor_representative		tensor_representative	
6009	chr6	71890596	INS	True	True	no_candidate	I2_partly_in_graph_residual_edit	no_candidate	I1_allele_fully_in_graph
6015	chr6	72038108	INS	True	True	no_candidate	I3_grch38_path_different_edit	no_candidate	I7_unclear
6021	chr6	73581281	DEL	True	True	tensor_representative		tensor_representative	
6023	chr6	73988458	DEL	True	True	tensor_representative		tensor_representative	
6024	chr6	74049014	DEL	True	True	filtered		filtered	
6027	chr6	74274556	DEL	True	True	tensor_representative		tensor_representative	
6030	chr6	74530225	DEL	True	True	no_candidate	I2_partly_in_graph_residual_edit	no_candidate	I2_partly_in_graph_residual_edit
6031	chr6	74866012	INS	True	True	filtered		filtered	
6035	chr6	77257658	INS	True	True	no_candidate	I2_partly_in_graph_residual_edit	no_candidate	I2_partly_in_graph_residual_edit
6037	chr6	77346952	INS	True	True	no_candidate	I2_partly_in_graph_residual_edit	no_candidate	I2_partly_in_graph_residual_edit
6041	chr6	78233363	DEL	True	True	no_candidate	I1_allele_fully_in_graph	no_candidate	I1_allele_fully_in_graph
6042	chr6	78522161	INS	True	True	no_candidate	I1_allele_fully_in_graph	filtered	
6045	chr6	80681743	DEL	True	True	filtered		filtered	
6046	chr6	80830503	DEL	True	True	tensor_representative		tensor_representative	
6047	chr6	81070370	DEL	True	True	filtered		tensor_representative	
6048	chr6	81158262	INS	True	True	filtered		tensor_representative	
6050	chr6	81418076	INS	True	True	tensor_representative		tensor_representative	
6051	chr6	82456681	INS	True	True	tensor_representative		tensor_representative	
6055	chr6	82709589	INS	True	True	filtered		no_candidate	I2_partly_in_graph_residual_edit
6057	chr6	82966649	INS	True	True	tensor_representative		tensor_non_representative_allele	
6059	chr6	83737392	INS	True	True	no_candidate	I1_allele_fully_in_graph	no_candidate	I1_allele_fully_in_graph
6062	chr6	84385727	INS	True	True	tensor_representative		tensor_representative	
6063	chr6	84563740	INS	True	True	tensor_representative		tensor_representative	
6067	chr6	85277465	INS	True	True	tensor_representative		tensor_representative	
6069	chr6	85728561	INS	True	True	tensor_representative		tensor_representative	
6070	chr6	85733866	INS	True	True	tensor_representative		tensor_representative	
6072	chr6	86044284	INS	True	True	no_candidate	I2_partly_in_graph_residual_edit	no_candidate	I2_partly_in_graph_residual_edit
6073	chr6	86101318	INS	True	True	filtered		filtered	
6075	chr6	86227537	INS	True	True	no_candidate	I1_allele_fully_in_graph	no_candidate	I1_allele_fully_in_graph
6077	chr6	86703727	INS	True	True	tensor_representative		tensor_representative	
6078	chr6	87338906	INS	True	True	no_candidate	I2_partly_in_graph_residual_edit	no_candidate	I2_partly_in_graph_residual_edit
6080	chr6	87744718	DEL	True	True	tensor_representative		tensor_representative	
6083	chr6	88131355	INS	True	True	tensor_representative		tensor_representative	
6084	chr6	88271195	INS	True	True	tensor_representative		tensor_representative	
6087	chr6	89200241	INS	True	True	tensor_representative		tensor_representative	
6088	chr6	89239560	INS	True	True	filtered		filtered	
6093	chr6	90322881	INS	True	True	tensor_representative		tensor_representative	
6094	chr6	90424010	INS	True	True	tensor_representative		tensor_representative	
6095	chr6	90424049	DEL	True	True	tensor_representative		tensor_representative	
6096	chr6	90424443	INS	True	True	tensor_representative		tensor_representative	
6097	chr6	90606412	INS	True	True	no_candidate	I2_partly_in_graph_residual_edit	no_candidate	I2_partly_in_graph_residual_edit
6098	chr6	90714917	DEL	True	False	tensor_representative		tensor_representative	
6099	chr6	90721441	INS	True	True	tensor_representative		tensor_representative	
6100	chr6	90763834	INS	True	True	no_candidate	I1_allele_fully_in_graph	no_candidate	I1_allele_fully_in_graph
6102	chr6	91016917	DEL	True	True	tensor_representative		tensor_representative	
6104	chr6	91767060	INS	True	True	filtered		no_candidate	I1_allele_fully_in_graph
6106	chr6	92100012	DEL	True	True	tensor_representative		tensor_representative	
6107	chr6	92147200	DEL	True	True	tensor_representative		tensor_representative	
6108	chr6	92206345	INS	True	True	no_candidate	I1_allele_fully_in_graph	no_candidate	I1_allele_fully_in_graph
6109	chr6	92407993	DEL	True	True	tensor_representative		tensor_representative	
6110	chr6	92426983	DEL	True	True	tensor_representative		tensor_representative	
6116	chr6	93048770	INS	True	True	tensor_representative		tensor_representative	
6117	chr6	93403661	INS	True	True	tensor_representative		tensor_representative	
6119	chr6	93789418	INS	True	True	no_candidate	I2_partly_in_graph_residual_edit	no_candidate	I2_partly_in_graph_residual_edit
6122	chr6	94223998	DEL	True	True	tensor_non_representative_allele		tensor_non_representative_allele	
6123	chr6	94342410	DEL	True	True	tensor_representative		tensor_representative	
6124	chr6	94347093	INS	True	True	filtered		filtered	
6127	chr6	95079196	DEL	True	False	tensor_representative		tensor_representative	
6130	chr6	95411798	INS	True	True	no_candidate	I2_partly_in_graph_residual_edit	no_candidate	I2_partly_in_graph_residual_edit
6134	chr6	96073448	INS	True	True	tensor_representative		tensor_representative	
6135	chr6	96078408	INS	True	True	no_candidate	I2_partly_in_graph_residual_edit	no_candidate	I2_partly_in_graph_residual_edit
6137	chr6	96298252	INS	True	True	tensor_non_representative_allele		tensor_non_representative_allele	
6140	chr6	97144105	DEL	True	True	filtered		no_candidate	I1_allele_fully_in_graph
6141	chr6	97284483	INS	True	True	no_candidate	I1_allele_fully_in_graph	no_candidate	I1_allele_fully_in_graph
6142	chr6	97284656	INS	True	True	tensor_representative		tensor_representative	
6143	chr6	97347545	DEL	True	True	filtered		tensor_representative	
6147	chr6	97984689	DEL	True	True	no_candidate	I1_allele_fully_in_graph	no_candidate	I1_allele_fully_in_graph
6150	chr6	98460858	INS	True	True	no_candidate	I2_partly_in_graph_residual_edit	no_candidate	I2_partly_in_graph_residual_edit
6152	chr6	98600408	INS	True	True	tensor_representative		tensor_representative	
6155	chr6	100139382	INS	True	True	tensor_representative		tensor_representative	
6158	chr6	101075860	DEL	True	True	no_candidate	I2_partly_in_graph_residual_edit	no_candidate	I1_allele_fully_in_graph
6159	chr6	101092682	INS	True	True	no_candidate	I1_allele_fully_in_graph	no_candidate	I1_allele_fully_in_graph
6160	chr6	101389384	DEL	True	True	tensor_representative		tensor_representative	
6161	chr6	101464367	INS	True	True	tensor_representative		tensor_representative	
6162	chr6	101494971	INS	True	True	no_candidate	I2_partly_in_graph_residual_edit	no_candidate	I2_partly_in_graph_residual_edit
6163	chr6	101505776	DEL	True	True	tensor_representative		tensor_representative	
6165	chr6	101558669	INS	True	True	no_candidate	I1_allele_fully_in_graph	no_candidate	I1_allele_fully_in_graph
6167	chr6	101773478	INS	True	True	tensor_representative		tensor_representative	
6170	chr6	101922141	INS	True	True	no_candidate	I1_allele_fully_in_graph	no_candidate	I1_allele_fully_in_graph
6171	chr6	102026111	INS	True	True	tensor_representative		tensor_representative	
6173	chr6	102169645	INS	True	True	tensor_representative		tensor_representative	
6178	chr6	102813131	DEL	True	True	no_candidate	I1_allele_fully_in_graph	no_candidate	I2_partly_in_graph_residual_edit
6180	chr6	103075123	INS	True	True	filtered		tensor_representative	
6184	chr6	103563269	INS	True	True	no_candidate	I1_allele_fully_in_graph	no_candidate	I2_partly_in_graph_residual_edit
6186	chr6	103891074	DEL	True	True	tensor_representative		tensor_representative	
6187	chr6	103930046	DEL	True	True	tensor_representative		tensor_representative	
6192	chr6	104662360	DEL	True	True	tensor_representative		tensor_representative	
6194	chr6	105002166	DEL	True	True	tensor_representative		tensor_representative	
6195	chr6	105010192	INS	True	True	tensor_representative		tensor_representative	
6196	chr6	106361540	DEL	True	True	tensor_representative		tensor_representative	
6197	chr6	106830369	INS	True	True	filtered		filtered	
6198	chr6	106914948	DEL	True	True	no_candidate	I1_allele_fully_in_graph	no_candidate	I1_allele_fully_in_graph
6199	chr6	106921571	INS	True	True	tensor_representative		tensor_representative	
6200	chr6	107173122	INS	True	True	filtered		tensor_representative	
6201	chr6	107173572	INS	True	True	no_candidate	I1_allele_fully_in_graph	no_candidate	I1_allele_fully_in_graph
6203	chr6	109771373	DEL	True	True	tensor_representative		tensor_representative	
6205	chr6	110568704	DEL	True	True	tensor_representative		tensor_representative	
6206	chr6	111058965	DEL	True	True	no_candidate	I3_grch38_path_different_edit	tensor_representative	
6207	chr6	111234620	INS	True	True	tensor_representative		tensor_representative	
6208	chr6	111359520	INS	True	True	filtered		filtered	
6209	chr6	112210204	INS	True	True	tensor_representative		tensor_representative	
6210	chr6	112277316	DEL	True	True	tensor_representative		tensor_representative	
6212	chr6	113430726	INS	True	True	tensor_representative		tensor_representative	
6215	chr6	114006590	INS	True	True	filtered		filtered	
6216	chr6	114459985	DEL	True	True	tensor_representative		tensor_representative	
6222	chr6	116163141	INS	True	True	no_candidate	I2_partly_in_graph_residual_edit	no_candidate	I2_partly_in_graph_residual_edit
6223	chr6	116608357	INS	True	True	tensor_representative		tensor_representative	
6224	chr6	117227129	DEL	True	True	tensor_representative		tensor_representative	
6228	chr6	118746400	INS	True	True	no_candidate	I2_partly_in_graph_residual_edit	no_candidate	I2_partly_in_graph_residual_edit
6229	chr6	118991751	DEL	True	True	filtered		filtered	
6230	chr6	119215202	INS	True	True	tensor_representative		tensor_representative	
6232	chr6	120281893	DEL	True	True	tensor_non_representative_allele		tensor_non_representative_allele	
6234	chr6	120736085	DEL	True	True	tensor_representative		tensor_representative	
6235	chr6	120912414	DEL	True	True	no_candidate	I1_allele_fully_in_graph	no_candidate	I1_allele_fully_in_graph
6236	chr6	120942578	DEL	True	True	tensor_representative		tensor_representative	
6237	chr6	120960011	INS	True	True	tensor_representative		tensor_representative	
6239	chr6	121455981	DEL	True	True	filtered		filtered	
6242	chr6	121694033	DEL	True	True	no_candidate	I2_partly_in_graph_residual_edit	no_candidate	I2_partly_in_graph_residual_edit
6244	chr6	121860761	DEL	True	True	tensor_representative		tensor_representative	
6245	chr6	122009285	INS	True	True	tensor_representative		tensor_representative	
6249	chr6	122254222	INS	True	True	tensor_representative		tensor_representative	
6255	chr6	122901119	INS	True	True	filtered		filtered	
6256	chr6	123465582	INS	True	True	tensor_non_representative_allele		tensor_non_representative_allele	
6257	chr6	123480249	INS	True	True	filtered		filtered	
6258	chr6	123511989	INS	True	True	no_candidate	I1_allele_fully_in_graph	no_candidate	I1_allele_fully_in_graph
6259	chr6	123669899	DEL	True	True	tensor_representative		tensor_representative	
6260	chr6	123758034	DEL	True	True	tensor_representative		tensor_representative	
6262	chr6	123900315	INS	True	True	tensor_representative		tensor_representative	
6265	chr6	124559834	INS	True	True	no_candidate	I2_partly_in_graph_residual_edit	no_candidate	I2_partly_in_graph_residual_edit
6266	chr6	124638887	DEL	True	True	tensor_representative		tensor_representative	
6267	chr6	124740447	INS	True	True	no_candidate	I2_partly_in_graph_residual_edit	no_candidate	I2_partly_in_graph_residual_edit
6268	chr6	124793678	DEL	True	True	no_candidate	I1_allele_fully_in_graph	no_candidate	I2_partly_in_graph_residual_edit
6272	chr6	125374790	DEL	True	True	tensor_representative		tensor_representative	
6273	chr6	125447503	INS	True	True	tensor_representative		no_candidate	I1_allele_fully_in_graph
6274	chr6	125563241	INS	True	True	no_candidate	I2_partly_in_graph_residual_edit	no_candidate	I2_partly_in_graph_residual_edit
6275	chr6	125587544	DEL	True	True	tensor_representative		tensor_representative	
6281	chr6	126590237	INS	True	True	tensor_representative		tensor_representative	
6287	chr6	127557359	INS	True	True	no_candidate	I2_partly_in_graph_residual_edit	no_candidate	I2_partly_in_graph_residual_edit
6288	chr6	127660195	INS	True	True	filtered		filtered	
6289	chr6	127811057	DEL	True	True	tensor_representative		tensor_representative	
6293	chr6	129367012	DEL	True	True	tensor_representative		tensor_representative	
6295	chr6	130304926	INS	True	True	tensor_representative		no_candidate	I1_allele_fully_in_graph
6297	chr6	130667980	DEL	True	True	no_candidate	I1_allele_fully_in_graph	no_candidate	I1_allele_fully_in_graph
6298	chr6	130671171	INS	True	True	tensor_non_representative_allele		tensor_non_representative_allele	
6299	chr6	130803710	DEL	True	True	tensor_representative		tensor_representative	
6302	chr6	131409626	INS	True	True	no_candidate	I1_allele_fully_in_graph	no_candidate	I1_allele_fully_in_graph
6304	chr6	131532554	DEL	True	True	tensor_representative		tensor_representative	
6306	chr6	131782253	DEL	True	True	tensor_representative		tensor_representative	
6310	chr6	132622478	INS	True	True	no_candidate	I2_partly_in_graph_residual_edit	no_candidate	I2_partly_in_graph_residual_edit
6311	chr6	133252942	INS	True	True	tensor_representative		tensor_representative	
6312	chr6	133555176	DEL	True	True	tensor_representative		tensor_non_representative_allele	
6313	chr6	133858587	DEL	True	True	filtered		filtered	
6316	chr6	134429144	INS	True	True	tensor_representative		tensor_representative	
6317	chr6	135335446	INS	True	True	tensor_representative		tensor_representative	
6320	chr6	135935190	INS	True	True	no_candidate	I2_partly_in_graph_residual_edit	no_candidate	I2_partly_in_graph_residual_edit
6321	chr6	135997413	DEL	True	True	tensor_representative		tensor_representative	
6323	chr6	136310518	INS	True	True	filtered		filtered	
6325	chr6	138867999	INS	True	True	no_candidate	I2_partly_in_graph_residual_edit	no_candidate	I2_partly_in_graph_residual_edit
6326	chr6	139285257	DEL	True	True	no_candidate	I1_allele_fully_in_graph	no_candidate	I1_allele_fully_in_graph
6327	chr6	139339920	DEL	True	True	no_candidate	I3_grch38_path_different_edit	tensor_representative	
6329	chr6	139461818	DEL	True	True	tensor_representative		tensor_representative	
6331	chr6	139544289	INS	True	True	tensor_representative		tensor_representative	
6337	chr6	140964979	DEL	True	True	tensor_representative		tensor_representative	
6338	chr6	140991898	DEL	True	True	tensor_non_representative_allele		tensor_representative	
6339	chr6	141363465	INS	True	True	filtered		filtered	
6340	chr6	141432481	INS	True	True	no_candidate	I7_unclear	no_candidate	I3_grch38_path_different_edit
6344	chr6	141782528	INS	True	True	filtered		filtered	
6345	chr6	142247656	INS	True	True	tensor_representative		tensor_representative	
6346	chr6	142308758	INS	True	True	tensor_representative		tensor_representative	
6348	chr6	142338017	INS	True	True	no_candidate	I2_partly_in_graph_residual_edit	no_candidate	I2_partly_in_graph_residual_edit
6352	chr6	143405123	INS	True	True	filtered		filtered	
6357	chr6	145422074	INS	True	True	no_candidate	I1_allele_fully_in_graph	no_candidate	I1_allele_fully_in_graph
6359	chr6	145512710	DEL	True	True	no_candidate	I1_allele_fully_in_graph	no_candidate	I1_allele_fully_in_graph
6361	chr6	145808187	INS	True	True	tensor_representative		tensor_representative	
6364	chr6	146706845	INS	True	True	filtered		filtered	
6365	chr6	146807992	INS	True	True	filtered		filtered	
6366	chr6	147185690	INS	True	True	no_candidate	I1_allele_fully_in_graph	no_candidate	I1_allele_fully_in_graph
6367	chr6	147398694	INS	True	True	tensor_representative		tensor_representative	
6368	chr6	147551812	INS	True	True	tensor_representative		tensor_representative	
6369	chr6	147769243	INS	True	True	tensor_representative		tensor_representative	
6370	chr6	147899189	INS	True	True	no_candidate	I1_allele_fully_in_graph	no_candidate	I1_allele_fully_in_graph
6371	chr6	148723074	INS	True	True	filtered		filtered	
6373	chr6	149536077	DEL	True	True	tensor_representative		tensor_representative	
6377	chr6	150821444	DEL	True	True	tensor_representative		tensor_representative	
6379	chr6	151377535	INS	True	True	tensor_non_representative_allele		tensor_non_representative_allele	
6380	chr6	152214193	INS	True	True	tensor_representative		tensor_representative	
6381	chr6	152541747	INS	True	True	filtered		filtered	
6382	chr6	152687211	DEL	True	True	tensor_representative		tensor_representative	
6385	chr6	153185637	INS	True	True	no_candidate	I1_allele_fully_in_graph	no_candidate	I1_allele_fully_in_graph
6387	chr6	153235497	DEL	True	True	no_candidate	I1_allele_fully_in_graph	no_candidate	I2_partly_in_graph_residual_edit
6389	chr6	153656025	INS	True	True	no_candidate	I1_allele_fully_in_graph	no_candidate	I1_allele_fully_in_graph
6390	chr6	153943109	DEL	True	True	tensor_representative		tensor_representative	
6393	chr6	154281184	INS	True	True	tensor_non_representative_allele		tensor_non_representative_allele	
6397	chr6	154794780	DEL	True	True	no_candidate	I2_partly_in_graph_residual_edit	no_candidate	I2_partly_in_graph_residual_edit
6398	chr6	156163803	INS	True	True	no_candidate	I1_allele_fully_in_graph	no_candidate	I1_allele_fully_in_graph
6406	chr6	158214660	INS	True	True	no_candidate	I1_allele_fully_in_graph	no_candidate	I1_allele_fully_in_graph
6408	chr6	158925959	INS	True	True	tensor_representative		tensor_representative	
6409	chr6	159312748	INS	True	True	tensor_representative		tensor_representative	
6410	chr6	159408174	INS	True	True	tensor_non_representative_allele		tensor_non_representative_allele	
6413	chr6	160012764	INS	True	True	no_candidate	I1_allele_fully_in_graph	no_candidate	I1_allele_fully_in_graph
6414	chr6	160467904	INS	True	True	no_candidate	I1_allele_fully_in_graph	no_candidate	I1_allele_fully_in_graph
6415	chr6	160508348	INS	True	True	no_candidate	I2_partly_in_graph_residual_edit	no_candidate	I2_partly_in_graph_residual_edit
6417	chr6	160910531	INS	True	True	no_candidate	I1_allele_fully_in_graph	no_candidate	I1_allele_fully_in_graph
6419	chr6	160958101	INS	True	False	tensor_representative		tensor_representative	
6420	chr6	160966324	INS	True	True	tensor_representative		tensor_representative	
6421	chr6	161064454	INS	True	True	tensor_representative		tensor_representative	
6424	chr6	161692947	INS	True	True	filtered		filtered	
6425	chr6	161795228	INS	True	True	no_candidate	I2_partly_in_graph_residual_edit	no_candidate	I2_partly_in_graph_residual_edit
6426	chr6	161822673	INS	True	True	tensor_representative		tensor_representative	
6428	chr6	162272999	INS	True	True	no_candidate	I2_partly_in_graph_residual_edit	no_candidate	I2_partly_in_graph_residual_edit
6429	chr6	162285266	DEL	True	True	tensor_representative		tensor_representative	
6430	chr6	162333228	DEL	True	True	tensor_representative		tensor_non_representative_allele	
6432	chr6	162958878	DEL	True	True	no_candidate	I1_allele_fully_in_graph	no_candidate	I1_allele_fully_in_graph
6434	chr6	163193905	DEL	True	True	no_candidate	I2_partly_in_graph_residual_edit	no_candidate	I1_allele_fully_in_graph
6437	chr6	163768690	DEL	True	True	filtered		tensor_representative	
6438	chr6	163895583	INS	True	True	filtered		tensor_representative	
6439	chr6	164288595	INS	True	True	tensor_non_representative_allele		tensor_non_representative_allele	
6440	chr6	164356764	DEL	True	True	tensor_representative		tensor_representative	
6441	chr6	164475475	INS	True	True	tensor_representative		tensor_representative	
6442	chr6	164496691	INS	True	True	no_candidate	I2_partly_in_graph_residual_edit	no_candidate	I2_partly_in_graph_residual_edit
6443	chr6	164762029	INS	True	True	no_candidate	I1_allele_fully_in_graph	no_candidate	I2_partly_in_graph_residual_edit
6444	chr6	164823127	DEL	True	True	tensor_representative		tensor_representative	
6447	chr6	165604518	DEL	True	True	tensor_representative		tensor_non_representative_allele	
6448	chr6	165632620	INS	True	True	tensor_representative		tensor_representative	
6454	chr6	168020470	INS	True	True	tensor_representative		tensor_representative	
6456	chr6	168103986	INS	True	True	tensor_representative		tensor_representative	
6458	chr6	168656507	INS	True	True	no_candidate	I2_partly_in_graph_residual_edit	no_candidate	I2_partly_in_graph_residual_edit
6460	chr6	168993344	INS	True	True	tensor_representative		tensor_representative	
6462	chr6	169739208	INS	True	True	filtered		filtered	
6465	chr7	586886	INS	True	True	filtered		filtered	
6466	chr7	626008	INS	True	True	tensor_representative		tensor_representative	
6468	chr7	1258930	INS	True	True	no_candidate	I1_allele_fully_in_graph	no_candidate	I1_allele_fully_in_graph
6474	chr7	1623249	INS	True	True	no_candidate	I2_partly_in_graph_residual_edit	no_candidate	I2_partly_in_graph_residual_edit
6477	chr7	2386590	INS	True	True	no_candidate	I6_longer_than_50bp	no_candidate	I6_longer_than_50bp
6478	chr7	2588654	INS	True	False	filtered		filtered	
6484	chr7	3053089	DEL	True	True	no_candidate	I1_allele_fully_in_graph	no_candidate	I1_allele_fully_in_graph
6485	chr7	3474091	INS	True	True	no_candidate	I1_allele_fully_in_graph	no_candidate	I1_allele_fully_in_graph
6488	chr7	3982839	INS	True	True	tensor_representative		tensor_representative	
6494	chr7	4853742	DEL	True	True	tensor_representative		tensor_representative	
6495	chr7	4943004	INS	True	False	tensor_representative		tensor_representative	
6496	chr7	5068254	INS	True	True	tensor_representative		tensor_representative	
6498	chr7	5522868	INS	True	True	tensor_representative		tensor_representative	
6501	chr7	5800208	INS	True	True	no_candidate	I2_partly_in_graph_residual_edit	no_candidate	I2_partly_in_graph_residual_edit
6502	chr7	5811242	INS	True	True	no_candidate	I2_partly_in_graph_residual_edit	no_candidate	I2_partly_in_graph_residual_edit
6503	chr7	5820352	INS	True	True	tensor_representative		tensor_representative	
6507	chr7	6421307	INS	True	True	no_candidate	I4_no_or_few_alt_reads	no_candidate	I4_no_or_few_alt_reads
6508	chr7	6683458	INS	True	True	filtered		no_candidate	I1_allele_fully_in_graph
6510	chr7	6960772	DEL	True	True	tensor_representative		tensor_representative	
6514	chr7	7934420	INS	True	True	no_candidate	I2_partly_in_graph_residual_edit	no_candidate	I2_partly_in_graph_residual_edit
6519	chr7	8634665	DEL	True	True	tensor_representative		tensor_representative	
6521	chr7	8904270	INS	True	True	filtered		filtered	
6523	chr7	9105657	DEL	True	True	filtered		tensor_representative	
6524	chr7	9164346	INS	True	True	filtered		no_candidate	I1_allele_fully_in_graph
6528	chr7	9253159	DEL	True	True	tensor_representative		tensor_representative	
6531	chr7	9382236	INS	True	True	tensor_representative		tensor_representative	
6533	chr7	9452834	INS	True	True	tensor_representative		tensor_representative	
6534	chr7	9471753	DEL	True	True	tensor_representative		tensor_representative	
6536	chr7	9517472	INS	True	True	tensor_representative		tensor_representative	
6537	chr7	9530256	DEL	True	True	tensor_representative		tensor_representative	
6540	chr7	9634732	INS	True	True	tensor_representative		tensor_representative	
6541	chr7	9816053	INS	True	True	no_candidate	I1_allele_fully_in_graph	no_candidate	I1_allele_fully_in_graph
6543	chr7	9899423	DEL	True	True	tensor_representative		tensor_representative	
6544	chr7	9919888	INS	True	True	filtered		no_candidate	I2_partly_in_graph_residual_edit
6545	chr7	9949833	INS	True	True	no_candidate	I2_partly_in_graph_residual_edit	no_candidate	I2_partly_in_graph_residual_edit
6547	chr7	10197848	DEL	True	False	no_candidate	I1_allele_fully_in_graph	no_candidate	I2_partly_in_graph_residual_edit
6549	chr7	10319397	DEL	True	True	tensor_representative		tensor_representative	
6552	chr7	10445989	INS	True	True	no_candidate	I2_partly_in_graph_residual_edit	no_candidate	I2_partly_in_graph_residual_edit
6553	chr7	10449705	INS	True	True	no_candidate	I4_no_or_few_alt_reads	no_candidate	I4_no_or_few_alt_reads
6554	chr7	10496206	DEL	True	True	filtered		tensor_representative	
6562	chr7	11327578	INS	True	True	tensor_representative		tensor_representative	
6564	chr7	11412480	INS	True	True	tensor_representative		tensor_representative	
6565	chr7	11413295	INS	True	True	tensor_representative		tensor_representative	
6570	chr7	11913437	INS	True	True	tensor_representative		tensor_representative	
6572	chr7	12060743	INS	True	True	no_candidate	I2_partly_in_graph_residual_edit	no_candidate	I2_partly_in_graph_residual_edit
6573	chr7	12077906	DEL	True	True	tensor_representative		tensor_representative	
6575	chr7	12374520	INS	True	True	tensor_representative		tensor_representative	
6579	chr7	12457346	INS	True	True	tensor_representative		tensor_representative	
6580	chr7	12463985	DEL	True	True	no_candidate	I2_partly_in_graph_residual_edit	no_candidate	I2_partly_in_graph_residual_edit
6584	chr7	12908235	INS	True	True	no_candidate	I4_no_or_few_alt_reads	no_candidate	I4_no_or_few_alt_reads
6586	chr7	12908287	DEL	True	True	no_candidate	I2_partly_in_graph_residual_edit	no_candidate	I2_partly_in_graph_residual_edit
6588	chr7	13087697	INS	True	True	tensor_representative		tensor_representative	
6590	chr7	13575815	DEL	True	True	no_candidate	I4_no_or_few_alt_reads	no_candidate	I4_no_or_few_alt_reads
6591	chr7	13589752	INS	True	True	no_candidate	I2_partly_in_graph_residual_edit	no_candidate	I2_partly_in_graph_residual_edit
6592	chr7	13643679	INS	True	True	tensor_representative		tensor_representative	
6603	chr7	14825016	INS	True	False	no_candidate	I2_partly_in_graph_residual_edit	no_candidate	I2_partly_in_graph_residual_edit
6605	chr7	15072714	INS	True	True	no_candidate	I1_allele_fully_in_graph	no_candidate	I1_allele_fully_in_graph
6607	chr7	15241461	INS	True	True	no_candidate	I1_allele_fully_in_graph	no_candidate	I1_allele_fully_in_graph
6608	chr7	15270596	INS	True	True	filtered		filtered	
6609	chr7	15303445	INS	True	True	filtered		filtered	
6610	chr7	15342779	INS	True	True	no_candidate	I1_allele_fully_in_graph	no_candidate	I1_allele_fully_in_graph
6612	chr7	15430622	INS	True	True	filtered		filtered	
6614	chr7	15430918	INS	True	True	no_candidate	I2_partly_in_graph_residual_edit	no_candidate	I2_partly_in_graph_residual_edit
6615	chr7	15569608	INS	True	True	tensor_representative		tensor_representative	
6620	chr7	16303477	DEL	True	False	filtered		filtered	
6624	chr7	17609297	DEL	True	True	no_candidate	I1_allele_fully_in_graph	no_candidate	I1_allele_fully_in_graph
6634	chr7	17972449	DEL	True	True	tensor_representative		tensor_representative	
6635	chr7	18023817	INS	True	True	no_candidate	I2_partly_in_graph_residual_edit	filtered	
6636	chr7	18568026	INS	True	True	no_candidate	I1_allele_fully_in_graph	no_candidate	I1_allele_fully_in_graph
6637	chr7	18732701	DEL	True	True	no_candidate	I1_allele_fully_in_graph	no_candidate	I1_allele_fully_in_graph
6638	chr7	18745531	DEL	True	True	tensor_representative		tensor_representative	
6640	chr7	18937030	DEL	True	True	filtered		tensor_non_representative_allele	
6641	chr7	18938610	DEL	True	True	tensor_representative		tensor_representative	
6642	chr7	19053532	INS	True	False	tensor_representative		tensor_representative	
6643	chr7	19103915	INS	True	True	tensor_representative		tensor_non_representative_allele	
6644	chr7	19255035	DEL	True	True	tensor_representative		tensor_representative	
6646	chr7	19268266	DEL	True	True	no_candidate	I1_allele_fully_in_graph	no_candidate	I1_allele_fully_in_graph
6647	chr7	19309568	INS	True	True	no_candidate	I2_partly_in_graph_residual_edit	no_candidate	I2_partly_in_graph_residual_edit
6648	chr7	19312842	DEL	True	True	no_candidate	I2_partly_in_graph_residual_edit	no_candidate	I2_partly_in_graph_residual_edit
6650	chr7	19412986	INS	True	True	filtered		filtered	
6651	chr7	19438795	DEL	True	True	tensor_representative		tensor_representative	
6652	chr7	19463535	DEL	True	True	filtered		filtered	
6653	chr7	19823154	DEL	True	True	no_candidate	I2_partly_in_graph_residual_edit	no_candidate	I2_partly_in_graph_residual_edit
6654	chr7	19969968	DEL	True	True	no_candidate	I1_allele_fully_in_graph	no_candidate	I1_allele_fully_in_graph
6656	chr7	20672327	DEL	True	True	filtered		filtered	
6658	chr7	20758300	INS	True	True	filtered		filtered	
6660	chr7	20824792	INS	True	True	tensor_representative		tensor_representative	
6661	chr7	20994754	INS	True	True	no_candidate	I1_allele_fully_in_graph	no_candidate	I1_allele_fully_in_graph
6663	chr7	21208005	INS	True	True	filtered		filtered	
6665	chr7	21691171	DEL	True	True	no_candidate	I1_allele_fully_in_graph	no_candidate	I2_partly_in_graph_residual_edit
6667	chr7	21880084	DEL	True	True	filtered		tensor_representative	
6668	chr7	21999536	INS	True	False	tensor_representative		tensor_representative	
6669	chr7	22000749	INS	True	True	no_candidate	I1_allele_fully_in_graph	no_candidate	I1_allele_fully_in_graph
6670	chr7	22020455	INS	True	True	filtered		tensor_representative	
6675	chr7	22456972	INS	True	True	no_candidate	I2_partly_in_graph_residual_edit	no_candidate	I2_partly_in_graph_residual_edit
6677	chr7	22644867	INS	True	True	no_candidate	I1_allele_fully_in_graph	no_candidate	I1_allele_fully_in_graph
6678	chr7	22649753	DEL	True	False	tensor_non_representative_allele		tensor_non_representative_allele	
6680	chr7	23031882	DEL	True	True	filtered		filtered	
6681	chr7	23062996	INS	True	True	tensor_representative		tensor_representative	
6682	chr7	23086327	DEL	True	True	no_candidate	I2_partly_in_graph_residual_edit	no_candidate	I2_partly_in_graph_residual_edit
6683	chr7	23426320	INS	True	True	tensor_representative		tensor_representative	
6685	chr7	24240646	DEL	True	True	no_candidate	I1_allele_fully_in_graph	no_candidate	I1_allele_fully_in_graph
6686	chr7	24582883	INS	True	True	filtered		filtered	
6687	chr7	24639673	INS	True	True	tensor_representative		tensor_representative	
6688	chr7	24639814	DEL	True	True	tensor_representative		tensor_non_representative_allele	
6692	chr7	25898283	DEL	True	True	tensor_representative		tensor_representative	
6694	chr7	26145583	DEL	True	True	tensor_representative		tensor_representative	
6695	chr7	26175778	INS	True	True	filtered		filtered	
6698	chr7	26235398	INS	True	True	filtered		no_candidate	I2_partly_in_graph_residual_edit
6704	chr7	26955461	INS	True	True	filtered		filtered	
6706	chr7	26962407	DEL	True	True	tensor_representative		tensor_representative	
6707	chr7	27018987	INS	True	True	filtered		filtered	
6708	chr7	27061092	DEL	True	True	tensor_representative		tensor_representative	
6709	chr7	27069408	INS	True	True	no_candidate	I1_allele_fully_in_graph	no_candidate	I1_allele_fully_in_graph
6710	chr7	27073631	DEL	True	True	tensor_representative		tensor_representative	
6711	chr7	27179310	INS	True	True	no_candidate	I2_partly_in_graph_residual_edit	no_candidate	I2_partly_in_graph_residual_edit
6712	chr7	27202822	INS	True	True	no_candidate	I2_partly_in_graph_residual_edit	no_candidate	I2_partly_in_graph_residual_edit
6715	chr7	27703941	INS	True	True	filtered		no_candidate	I1_allele_fully_in_graph
6718	chr7	28394070	DEL	True	True	no_candidate	I2_partly_in_graph_residual_edit	no_candidate	I2_partly_in_graph_residual_edit
6719	chr7	28435381	DEL	True	True	filtered		tensor_representative	
6720	chr7	28543578	INS	True	True	filtered		filtered	
6722	chr7	28796376	DEL	True	True	tensor_representative		tensor_representative	
6725	chr7	29293362	DEL	True	True	no_candidate	I1_allele_fully_in_graph	no_candidate	I1_allele_fully_in_graph
6728	chr7	29708264	DEL	True	True	no_candidate	I1_allele_fully_in_graph	no_candidate	I1_allele_fully_in_graph
6729	chr7	30108067	INS	True	True	filtered		filtered	
6736	chr7	31588631	INS	True	True	no_candidate	I1_allele_fully_in_graph	no_candidate	I1_allele_fully_in_graph
6738	chr7	31705986	INS	True	True	filtered		filtered	
6741	chr7	32282157	DEL	True	True	tensor_representative		tensor_representative	
6745	chr7	32985178	INS	True	True	tensor_representative		tensor_representative	
6748	chr7	33317454	INS	True	True	filtered		filtered	
6751	chr7	33481454	INS	True	True	tensor_representative		tensor_representative	
6752	chr7	33489331	INS	True	True	filtered		filtered	
6757	chr7	33937513	INS	True	True	tensor_representative		tensor_representative	
6758	chr7	34028601	INS	True	True	filtered		filtered	
6760	chr7	34134191	INS	True	True	tensor_representative		tensor_representative	
6763	chr7	34519299	INS	True	True	no_candidate	I2_partly_in_graph_residual_edit	no_candidate	I2_partly_in_graph_residual_edit
6766	chr7	34689604	DEL	True	True	no_candidate	I2_partly_in_graph_residual_edit	no_candidate	I2_partly_in_graph_residual_edit
6769	chr7	35134007	INS	True	True	no_candidate	I1_allele_fully_in_graph	no_candidate	I1_allele_fully_in_graph
6771	chr7	35264829	INS	True	True	no_candidate	I2_partly_in_graph_residual_edit	no_candidate	I2_partly_in_graph_residual_edit
6772	chr7	35274620	INS	True	True	tensor_representative		tensor_representative	
6777	chr7	35949135	DEL	True	True	no_candidate	I2_partly_in_graph_residual_edit	no_candidate	I2_partly_in_graph_residual_edit
6780	chr7	36319327	DEL	True	True	filtered		filtered	
6781	chr7	36539370	DEL	True	True	tensor_representative		tensor_representative	
6783	chr7	36603881	INS	True	True	tensor_representative		tensor_representative	
6785	chr7	37134558	DEL	True	True	tensor_representative		tensor_representative	
6787	chr7	37191188	INS	True	True	filtered		filtered	
6788	chr7	37215992	DEL	True	True	tensor_representative		tensor_representative	
6789	chr7	37331333	INS	True	True	no_candidate	I2_partly_in_graph_residual_edit	no_candidate	I2_partly_in_graph_residual_edit
6790	chr7	37455805	DEL	True	True	filtered		filtered	
6795	chr7	38552192	DEL	True	True	tensor_representative		tensor_representative	
6799	chr7	38941327	INS	True	True	tensor_representative		tensor_representative	
6800	chr7	38998816	DEL	True	True	tensor_representative		tensor_representative	
6805	chr7	39462499	INS	True	True	tensor_representative		tensor_representative	
6806	chr7	39711263	INS	True	True	tensor_representative		tensor_representative	
6807	chr7	39850920	DEL	True	True	no_candidate	I2_partly_in_graph_residual_edit	filtered	
6809	chr7	40093906	INS	True	True	filtered		tensor_representative	
6810	chr7	40111336	INS	True	True	no_candidate	I1_allele_fully_in_graph	no_candidate	I1_allele_fully_in_graph
6813	chr7	40245434	INS	True	True	no_candidate	I2_partly_in_graph_residual_edit	no_candidate	I1_allele_fully_in_graph
6814	chr7	40314559	DEL	True	True	tensor_representative		tensor_representative	
6815	chr7	40451841	DEL	True	True	tensor_representative		tensor_representative	
6816	chr7	40562298	INS	True	True	tensor_representative		tensor_representative	
6817	chr7	40587903	INS	True	True	tensor_representative		tensor_representative	
6819	chr7	41171959	DEL	True	True	no_candidate	I1_allele_fully_in_graph	no_candidate	I1_allele_fully_in_graph
6820	chr7	41222692	DEL	True	True	tensor_representative		tensor_representative	
6822	chr7	41291272	INS	True	True	tensor_representative		tensor_representative	
6823	chr7	41320074	DEL	True	True	tensor_representative		tensor_representative	
6824	chr7	41376086	INS	True	True	filtered		filtered	
6826	chr7	41404491	INS	True	True	tensor_representative		tensor_representative	
6827	chr7	41488895	DEL	True	True	no_candidate	I2_partly_in_graph_residual_edit	no_candidate	I2_partly_in_graph_residual_edit
6829	chr7	41817779	DEL	True	True	no_candidate	I1_allele_fully_in_graph	no_candidate	I1_allele_fully_in_graph
6830	chr7	41836681	DEL	True	True	no_candidate	I1_allele_fully_in_graph	no_candidate	I2_partly_in_graph_residual_edit
6833	chr7	42098496	DEL	True	True	tensor_representative		tensor_representative	
6834	chr7	42115133	INS	True	True	filtered		no_candidate	I1_allele_fully_in_graph
6836	chr7	42337972	DEL	True	True	filtered		tensor_representative	
6837	chr7	42410173	DEL	True	True	tensor_representative		tensor_representative	
6838	chr7	42437639	DEL	True	True	tensor_representative		tensor_representative	
6839	chr7	42442674	INS	True	True	no_candidate	I1_allele_fully_in_graph	no_candidate	I1_allele_fully_in_graph
6840	chr7	42819306	INS	True	True	filtered		filtered	
6841	chr7	43348490	INS	True	True	tensor_representative		tensor_representative	
6842	chr7	43425304	INS	True	True	no_candidate	I2_partly_in_graph_residual_edit	no_candidate	I2_partly_in_graph_residual_edit
6846	chr7	44554252	INS	True	True	tensor_representative		tensor_representative	
6848	chr7	44597544	INS	True	True	filtered		filtered	
6851	chr7	44857515	DEL	True	True	no_candidate	I1_allele_fully_in_graph	no_candidate	I1_allele_fully_in_graph
6854	chr7	45427892	DEL	True	True	tensor_representative		tensor_representative	
6855	chr7	45525087	DEL	True	True	tensor_representative		tensor_representative	
6857	chr7	46247298	INS	True	True	filtered		filtered	
6858	chr7	46289314	INS	True	True	filtered		filtered	
6859	chr7	46373559	INS	True	True	tensor_representative		tensor_representative	
6860	chr7	46453037	INS	True	True	tensor_representative		tensor_representative	
6863	chr7	46802914	INS	True	True	no_candidate	I1_allele_fully_in_graph	no_candidate	I1_allele_fully_in_graph
6865	chr7	46815144	INS	True	True	no_candidate	I1_allele_fully_in_graph	no_candidate	I1_allele_fully_in_graph
6866	chr7	46947571	INS	True	True	tensor_representative		tensor_representative	
6867	chr7	48362409	DEL	True	False	tensor_non_representative_allele		tensor_non_representative_allele	
6868	chr7	48372515	DEL	True	True	filtered		tensor_representative	
6869	chr7	48697153	DEL	True	True	tensor_representative		tensor_representative	
6871	chr7	48759056	INS	True	True	no_candidate	I1_allele_fully_in_graph	no_candidate	I1_allele_fully_in_graph
6872	chr7	48802079	INS	True	True	tensor_representative		tensor_representative	
6874	chr7	48856894	DEL	True	True	tensor_representative		tensor_representative	
6875	chr7	48873390	INS	True	True	filtered		filtered	
6877	chr7	49059558	DEL	True	True	no_candidate	I2_partly_in_graph_residual_edit	no_candidate	I2_partly_in_graph_residual_edit
6878	chr7	49135047	DEL	True	True	tensor_representative		tensor_representative	
6881	chr7	49556855	DEL	True	True	tensor_representative		tensor_representative	
6882	chr7	49588798	DEL	True	True	no_candidate	I2_partly_in_graph_residual_edit	no_candidate	I2_partly_in_graph_residual_edit
6892	chr7	50983230	INS	True	True	filtered		filtered	
6898	chr7	52413412	INS	True	True	filtered		filtered	
6900	chr7	52602379	DEL	True	True	tensor_representative		tensor_representative	
6902	chr7	52675244	INS	True	True	no_candidate	I2_partly_in_graph_residual_edit	no_candidate	I2_partly_in_graph_residual_edit
6903	chr7	52721772	INS	True	True	no_candidate	I2_partly_in_graph_residual_edit	no_candidate	I2_partly_in_graph_residual_edit
6905	chr7	52847632	DEL	True	True	filtered		tensor_representative	
6909	chr7	53440045	INS	True	True	tensor_representative		tensor_representative	
6913	chr7	53972167	DEL	True	True	tensor_representative		tensor_representative	
6914	chr7	54088145	INS	True	True	no_candidate	I1_allele_fully_in_graph	no_candidate	I1_allele_fully_in_graph
6917	chr7	54521395	INS	True	True	no_candidate	I2_partly_in_graph_residual_edit	no_candidate	I2_partly_in_graph_residual_edit
6918	chr7	54578119	DEL	True	True	filtered		tensor_representative	
6919	chr7	54594087	INS	True	True	tensor_representative		tensor_representative	
6921	chr7	54805990	INS	True	True	tensor_representative		tensor_representative	
6922	chr7	55007144	INS	True	True	no_candidate	I2_partly_in_graph_residual_edit	no_candidate	I2_partly_in_graph_residual_edit
6923	chr7	55061612	INS	True	True	no_candidate	I1_allele_fully_in_graph	no_candidate	I1_allele_fully_in_graph
6924	chr7	55323225	INS	True	True	no_candidate	I1_allele_fully_in_graph	no_candidate	I1_allele_fully_in_graph
6926	chr7	55414983	INS	True	False	no_candidate	I1_allele_fully_in_graph	filtered	
6929	chr7	55865972	DEL	True	True	filtered		tensor_representative	
6932	chr7	55950207	DEL	True	True	tensor_representative		tensor_representative	
6935	chr7	56361603	DEL	True	False	no_candidate	I2_partly_in_graph_residual_edit	no_candidate	I2_partly_in_graph_residual_edit
6936	chr7	56444586	INS	True	True	tensor_representative		tensor_representative	
6939	chr7	56674425	DEL	True	True	no_candidate	I2_partly_in_graph_residual_edit	no_candidate	I2_partly_in_graph_residual_edit
6940	chr7	56736658	DEL	True	False	no_candidate	I3_grch38_path_different_edit	tensor_non_representative_allele	
6942	chr7	56782185	INS	True	False	tensor_representative		tensor_representative	
6948	chr7	57461107	DEL	True	True	tensor_representative		tensor_representative	
6950	chr7	57588518	DEL	True	True	tensor_representative		tensor_representative	
6953	chr7	59297398	DEL	True	True	no_candidate	I4_no_or_few_alt_reads	no_candidate	I4_no_or_few_alt_reads
6954	chr7	60895215	DEL	True	True	tensor_representative		tensor_representative	
6955	chr7	60904768	INS	True	True	tensor_representative		tensor_representative	
6957	chr7	61015410	INS	True	True	tensor_representative		tensor_representative	
6958	chr7	61751628	DEL	True	True	no_candidate	I2_partly_in_graph_residual_edit	no_candidate	I2_partly_in_graph_residual_edit
6961	chr7	62082995	DEL	True	True	no_candidate	I5_low_mapq_or_no_reads	no_candidate	I5_low_mapq_or_no_reads
6970	chr7	63159357	INS	True	True	tensor_representative		tensor_representative	
6972	chr7	63448584	DEL	True	True	no_candidate	I2_partly_in_graph_residual_edit	no_candidate	I2_partly_in_graph_residual_edit
6975	chr7	63499370	INS	True	True	no_candidate	I2_partly_in_graph_residual_edit	no_candidate	I2_partly_in_graph_residual_edit
6976	chr7	63587530	INS	True	True	no_candidate	I5_low_mapq_or_no_reads	no_candidate	I5_low_mapq_or_no_reads
6978	chr7	63843791	DEL	True	True	tensor_representative		tensor_representative	
6979	chr7	63912025	DEL	True	True	filtered		filtered	
6980	chr7	63914013	INS	True	True	tensor_representative		tensor_representative	
6981	chr7	64620623	DEL	True	True	tensor_representative		tensor_representative	
6982	chr7	64666375	DEL	True	True	tensor_representative		tensor_representative	
6987	chr7	65522890	DEL	True	True	no_candidate	I2_partly_in_graph_residual_edit	no_candidate	I2_partly_in_graph_residual_edit
6993	chr7	66628736	INS	True	True	filtered		no_candidate	I1_allele_fully_in_graph
6995	chr7	67234348	INS	True	True	no_candidate	I2_partly_in_graph_residual_edit	no_candidate	I2_partly_in_graph_residual_edit
6996	chr7	67265092	INS	True	True	tensor_representative		tensor_representative	
6997	chr7	67266492	INS	True	True	filtered		filtered	
6998	chr7	67366948	INS	True	True	no_candidate	I2_partly_in_graph_residual_edit	no_candidate	I2_partly_in_graph_residual_edit
7001	chr7	67686792	INS	True	True	tensor_representative		tensor_representative	
7002	chr7	67981815	INS	True	True	no_candidate	I2_partly_in_graph_residual_edit	no_candidate	I2_partly_in_graph_residual_edit
7004	chr7	68106349	DEL	True	True	tensor_representative		tensor_representative	
7006	chr7	68232636	INS	True	True	no_candidate	I1_allele_fully_in_graph	no_candidate	I1_allele_fully_in_graph
7007	chr7	68422570	INS	True	True	no_candidate	I1_allele_fully_in_graph	no_candidate	I1_allele_fully_in_graph
7009	chr7	68786172	INS	True	True	tensor_representative		tensor_representative	
7013	chr7	69034516	INS	True	True	no_candidate	I1_allele_fully_in_graph	no_candidate	I2_partly_in_graph_residual_edit
7015	chr7	69103054	INS	True	True	tensor_representative		tensor_representative	
7016	chr7	69266448	INS	True	True	filtered		filtered	
7017	chr7	69306666	INS	True	True	no_candidate	I1_allele_fully_in_graph	no_candidate	I1_allele_fully_in_graph
7018	chr7	69636480	DEL	True	True	tensor_representative		tensor_representative	
7019	chr7	69659451	DEL	True	True	tensor_representative		tensor_representative	
7020	chr7	69699639	DEL	True	True	tensor_representative		tensor_representative	
7021	chr7	69891774	DEL	True	True	no_candidate	I2_partly_in_graph_residual_edit	tensor_non_representative_allele	
7022	chr7	69926441	DEL	True	True	no_candidate	I1_allele_fully_in_graph	no_candidate	I2_partly_in_graph_residual_edit
7023	chr7	70163341	DEL	True	True	no_candidate	I1_allele_fully_in_graph	no_candidate	I2_partly_in_graph_residual_edit
7024	chr7	70170159	INS	True	True	filtered		no_candidate	I2_partly_in_graph_residual_edit
7026	chr7	70685472	DEL	True	True	tensor_representative		tensor_representative	
7027	chr7	70882009	DEL	True	True	filtered		filtered	
7028	chr7	70959278	INS	True	True	no_candidate	I2_partly_in_graph_residual_edit	no_candidate	I2_partly_in_graph_residual_edit
7029	chr7	71161009	INS	True	True	no_candidate	I2_partly_in_graph_residual_edit	no_candidate	I2_partly_in_graph_residual_edit
7030	chr7	71267367	INS	True	True	tensor_representative		tensor_representative	
7031	chr7	71421951	DEL	True	True	tensor_representative		tensor_representative	
7033	chr7	71544850	INS	True	True	no_candidate	I1_allele_fully_in_graph	no_candidate	I1_allele_fully_in_graph
7034	chr7	71840485	DEL	True	True	tensor_representative		tensor_non_representative_allele	
7035	chr7	71849436	INS	True	True	no_candidate	I1_allele_fully_in_graph	no_candidate	I1_allele_fully_in_graph
7036	chr7	72030747	INS	True	True	tensor_representative		tensor_representative	
7037	chr7	72076302	DEL	True	True	tensor_representative		tensor_representative	
7038	chr7	72221312	INS	True	True	filtered		filtered	
7039	chr7	72302039	DEL	True	True	tensor_representative		tensor_representative	
7040	chr7	72314981	INS	True	True	tensor_representative		tensor_representative	
7041	chr7	73277041	DEL	True	True	no_candidate	I1_allele_fully_in_graph	no_candidate	I1_allele_fully_in_graph
7043	chr7	73662663	DEL	True	True	tensor_representative		tensor_representative	
7059	chr7	76371889	DEL	True	True	tensor_representative		tensor_representative	
7062	chr7	76846895	DEL	True	True	tensor_representative		tensor_representative	
7063	chr7	76911089	DEL	True	True	tensor_representative		tensor_representative	
7066	chr7	78332697	DEL	True	True	no_candidate	I2_partly_in_graph_residual_edit	tensor_representative	
7068	chr7	78597024	DEL	True	True	tensor_representative		tensor_representative	
7069	chr7	78726919	DEL	True	True	tensor_representative		tensor_representative	
7070	chr7	78802928	INS	True	True	tensor_representative		tensor_representative	
7071	chr7	78955941	DEL	True	True	tensor_representative		tensor_representative	
7072	chr7	79130154	DEL	True	True	tensor_representative		tensor_representative	
7074	chr7	79597956	DEL	True	True	no_candidate	I1_allele_fully_in_graph	no_candidate	I1_allele_fully_in_graph
7075	chr7	79604801	DEL	True	True	tensor_representative		tensor_representative	
7078	chr7	79871275	INS	True	False	tensor_representative		tensor_representative	
7080	chr7	80051428	DEL	True	True	no_candidate	I2_partly_in_graph_residual_edit	no_candidate	I2_partly_in_graph_residual_edit
7081	chr7	80446497	INS	True	True	no_candidate	I2_partly_in_graph_residual_edit	no_candidate	I2_partly_in_graph_residual_edit
7082	chr7	80604350	INS	True	True	tensor_representative		tensor_representative	
7084	chr7	82092540	DEL	True	True	no_candidate	I2_partly_in_graph_residual_edit	no_candidate	I2_partly_in_graph_residual_edit
7086	chr7	82258817	DEL	True	True	tensor_representative		tensor_non_representative_allele	
7089	chr7	83675786	INS	True	True	no_candidate	I2_partly_in_graph_residual_edit	no_candidate	I2_partly_in_graph_residual_edit
7091	chr7	83871369	INS	True	True	no_candidate	I6_longer_than_50bp	no_candidate	I6_longer_than_50bp
7092	chr7	83924271	INS	True	True	tensor_representative		tensor_representative	
7100	chr7	85706988	DEL	True	True	tensor_representative		tensor_representative	
7103	chr7	86139216	INS	True	True	tensor_representative		tensor_representative	
7109	chr7	87105166	DEL	True	True	filtered		tensor_non_representative_allele	
7111	chr7	87634494	DEL	True	True	filtered		filtered	
7112	chr7	87798479	DEL	True	True	tensor_representative		tensor_representative	
7114	chr7	88500606	INS	True	True	no_candidate	I1_allele_fully_in_graph	no_candidate	I1_allele_fully_in_graph
7117	chr7	89120657	DEL	True	True	tensor_representative		tensor_representative	
7121	chr7	89530472	INS	True	True	tensor_representative		tensor_representative	
7124	chr7	89778918	INS	True	True	tensor_representative		tensor_representative	
7125	chr7	90068477	INS	True	True	no_candidate	I2_partly_in_graph_residual_edit	no_candidate	I2_partly_in_graph_residual_edit
7129	chr7	91444489	DEL	True	True	no_candidate	I1_allele_fully_in_graph	no_candidate	I1_allele_fully_in_graph
7131	chr7	92206938	INS	True	True	tensor_representative		tensor_representative	
7133	chr7	92846496	INS	True	True	tensor_representative		tensor_representative	
7134	chr7	92904110	DEL	True	True	no_candidate	I2_partly_in_graph_residual_edit	no_candidate	I2_partly_in_graph_residual_edit
7136	chr7	93591746	DEL	True	True	tensor_representative		tensor_representative	
7137	chr7	93837528	INS	True	True	tensor_representative		tensor_representative	
7138	chr7	93888664	DEL	True	True	filtered		tensor_representative	
7143	chr7	96776254	INS	True	True	tensor_non_representative_allele		tensor_non_representative_allele	
7144	chr7	96924740	INS	True	True	tensor_representative		tensor_representative	
7145	chr7	97018732	DEL	True	True	tensor_representative		tensor_representative	
7148	chr7	97862768	INS	True	True	tensor_representative		tensor_representative	
7149	chr7	97876429	INS	True	True	filtered		filtered	
7150	chr7	97896737	INS	True	True	no_candidate	I1_allele_fully_in_graph	no_candidate	I1_allele_fully_in_graph
7152	chr7	98014417	INS	True	True	tensor_representative		tensor_representative	
7153	chr7	98019808	INS	True	True	filtered		filtered	
7155	chr7	98357014	INS	True	True	no_candidate	I7_unclear	no_candidate	I7_unclear
7156	chr7	98669279	DEL	True	False	no_candidate	I1_allele_fully_in_graph	no_candidate	I1_allele_fully_in_graph
7157	chr7	98692241	DEL	True	True	tensor_representative		tensor_representative	
7159	chr7	98787233	INS	True	True	no_candidate	I1_allele_fully_in_graph	no_candidate	I1_allele_fully_in_graph
7162	chr7	100296438	INS	True	True	tensor_representative		tensor_representative	
7163	chr7	100783733	DEL	True	True	no_candidate	I2_partly_in_graph_residual_edit	no_candidate	I2_partly_in_graph_residual_edit
7164	chr7	101054057	DEL	True	True	no_candidate	I1_allele_fully_in_graph	no_candidate	I1_allele_fully_in_graph
7165	chr7	101338086	INS	True	True	no_candidate	I2_partly_in_graph_residual_edit	no_candidate	I2_partly_in_graph_residual_edit
7169	chr7	101394585	INS	True	True	tensor_representative		tensor_representative	
7170	chr7	101620778	INS	True	True	filtered		filtered	
7171	chr7	101654272	DEL	True	True	no_candidate	I2_partly_in_graph_residual_edit	tensor_non_representative_allele	
7175	chr7	103024135	INS	True	True	tensor_representative		tensor_representative	
7177	chr7	103975712	DEL	True	True	tensor_representative		tensor_representative	
7179	chr7	104417884	DEL	True	True	tensor_representative		tensor_representative	
7180	chr7	104771816	DEL	True	True	no_candidate	I2_partly_in_graph_residual_edit	no_candidate	I2_partly_in_graph_residual_edit
7182	chr7	104812803	INS	True	True	tensor_representative		tensor_representative	
7183	chr7	105596106	INS	True	True	tensor_representative		tensor_representative	
7184	chr7	105957950	INS	True	True	tensor_representative		tensor_representative	
7185	chr7	108364728	INS	True	True	filtered		filtered	
7186	chr7	108487621	DEL	True	True	tensor_representative		tensor_representative	
7189	chr7	108982926	INS	True	True	no_candidate	I1_allele_fully_in_graph	no_candidate	I1_allele_fully_in_graph
7190	chr7	108985769	DEL	True	True	filtered		filtered	
7192	chr7	109184010	DEL	True	True	no_candidate	I2_partly_in_graph_residual_edit	no_candidate	I2_partly_in_graph_residual_edit
7193	chr7	109202246	DEL	True	True	tensor_representative		tensor_representative	
7194	chr7	109228292	DEL	True	True	tensor_representative		tensor_representative	
7196	chr7	109541640	INS	True	True	no_candidate	I1_allele_fully_in_graph	no_candidate	I1_allele_fully_in_graph
7197	chr7	109670536	DEL	True	True	tensor_non_representative_allele		tensor_non_representative_allele	
7198	chr7	109774039	DEL	True	True	no_candidate	I1_allele_fully_in_graph	no_candidate	I1_allele_fully_in_graph
7200	chr7	110041985	DEL	True	True	tensor_representative		tensor_representative	
7202	chr7	110561853	DEL	True	True	no_candidate	I1_allele_fully_in_graph	filtered	
7204	chr7	110891238	DEL	True	True	tensor_representative		tensor_representative	
7206	chr7	111745683	INS	True	True	no_candidate	I2_partly_in_graph_residual_edit	no_candidate	I2_partly_in_graph_residual_edit
7207	chr7	112553099	INS	True	True	tensor_representative		tensor_representative	
7208	chr7	113207988	INS	True	True	filtered		filtered	
7211	chr7	113624320	DEL	True	True	tensor_representative		tensor_representative	
7212	chr7	113921924	INS	True	True	no_candidate	I1_allele_fully_in_graph	no_candidate	I1_allele_fully_in_graph
7215	chr7	114243262	INS	True	True	tensor_representative		tensor_representative	
7216	chr7	114327060	DEL	True	True	tensor_representative		tensor_representative	
7217	chr7	114517017	INS	True	True	tensor_representative		tensor_representative	
7218	chr7	114587879	INS	True	True	no_candidate	I2_partly_in_graph_residual_edit	no_candidate	I2_partly_in_graph_residual_edit
7220	chr7	115450101	DEL	True	True	tensor_representative		tensor_representative	
7221	chr7	115645874	INS	True	True	filtered		filtered	
7222	chr7	115736780	DEL	True	True	tensor_representative		tensor_representative	
7224	chr7	116119972	DEL	True	True	tensor_representative		tensor_representative	
7225	chr7	117096067	INS	True	True	filtered		filtered	
7227	chr7	117250396	INS	True	True	tensor_representative		tensor_representative	
7228	chr7	117252921	INS	True	True	filtered		filtered	
7229	chr7	117350991	DEL	True	True	tensor_representative		tensor_representative	
7231	chr7	118242484	DEL	True	True	filtered		tensor_representative	
7233	chr7	118505277	INS	True	True	no_candidate	I1_allele_fully_in_graph	no_candidate	I1_allele_fully_in_graph
7242	chr7	119711829	INS	True	True	filtered		filtered	
7243	chr7	119798638	DEL	True	True	tensor_representative		tensor_non_representative_allele	
7245	chr7	120050529	DEL	True	True	filtered		filtered	
7249	chr7	120828655	DEL	True	True	tensor_representative		tensor_representative	
7250	chr7	120852099	INS	True	True	tensor_representative		tensor_representative	
7251	chr7	120859037	INS	True	True	filtered		filtered	
7252	chr7	120911954	DEL	True	True	no_candidate	I2_partly_in_graph_residual_edit	no_candidate	I2_partly_in_graph_residual_edit
7254	chr7	121074509	INS	True	True	no_candidate	I1_allele_fully_in_graph	no_candidate	I1_allele_fully_in_graph
7256	chr7	121600354	INS	True	True	no_candidate	I1_allele_fully_in_graph	no_candidate	I1_allele_fully_in_graph
7257	chr7	121981140	INS	True	True	no_candidate	I1_allele_fully_in_graph	no_candidate	I1_allele_fully_in_graph
7261	chr7	123047690	DEL	True	True	no_candidate	I1_allele_fully_in_graph	no_candidate	I1_allele_fully_in_graph
7263	chr7	123310209	INS	True	True	tensor_representative		tensor_representative	
7265	chr7	123832479	INS	True	True	tensor_non_representative_allele		tensor_non_representative_allele	
7266	chr7	123885028	INS	True	True	tensor_representative		tensor_representative	
7267	chr7	124026669	INS	True	True	tensor_representative		tensor_representative	
7270	chr7	124968812	INS	True	True	tensor_representative		tensor_representative	
7273	chr7	125487983	DEL	True	True	no_candidate	I2_partly_in_graph_residual_edit	no_candidate	I2_partly_in_graph_residual_edit
7274	chr7	125597010	DEL	True	True	no_candidate	I3_grch38_path_different_edit	tensor_representative	
7280	chr7	126416221	DEL	True	True	tensor_representative		tensor_representative	
7281	chr7	126454506	INS	True	True	tensor_non_representative_allele		no_candidate	I2_partly_in_graph_residual_edit
7282	chr7	126571742	INS	True	True	tensor_non_representative_allele		tensor_non_representative_allele	
7284	chr7	127283075	DEL	True	True	no_candidate	I1_allele_fully_in_graph	no_candidate	I1_allele_fully_in_graph
7285	chr7	128382388	INS	True	True	no_candidate	I1_allele_fully_in_graph	no_candidate	I1_allele_fully_in_graph
7286	chr7	128492160	INS	True	True	no_candidate	I3_grch38_path_different_edit	no_candidate	I3_grch38_path_different_edit
7298	chr7	132359209	INS	True	True	filtered		filtered	
7299	chr7	132514056	DEL	True	True	tensor_representative		tensor_representative	
7300	chr7	132635170	DEL	True	True	no_candidate	I1_allele_fully_in_graph	no_candidate	I1_allele_fully_in_graph
7301	chr7	132822418	INS	True	True	tensor_representative		tensor_representative	
7302	chr7	133243116	INS	True	True	no_candidate	I1_allele_fully_in_graph	no_candidate	I1_allele_fully_in_graph
7303	chr7	133379656	INS	True	True	tensor_representative		tensor_representative	
7304	chr7	133606519	INS	True	True	no_candidate	I3_grch38_path_different_edit	no_candidate	I3_grch38_path_different_edit
7305	chr7	134178934	INS	True	True	no_candidate	I1_allele_fully_in_graph	no_candidate	I1_allele_fully_in_graph
7306	chr7	134321080	DEL	True	True	tensor_representative		tensor_non_representative_allele	
7307	chr7	134562832	DEL	True	True	no_candidate	I1_allele_fully_in_graph	no_candidate	I1_allele_fully_in_graph
7308	chr7	134588895	DEL	True	True	tensor_representative		tensor_representative	
7311	chr7	135892732	INS	True	True	no_candidate	I2_partly_in_graph_residual_edit	no_candidate	I2_partly_in_graph_residual_edit
7315	chr7	136707961	DEL	True	True	tensor_representative		tensor_representative	
7318	chr7	136968721	INS	True	True	no_candidate	I1_allele_fully_in_graph	no_candidate	I1_allele_fully_in_graph
7319	chr7	137414536	DEL	True	True	no_candidate	I2_partly_in_graph_residual_edit	no_candidate	I2_partly_in_graph_residual_edit
7322	chr7	137696431	DEL	True	True	tensor_representative		tensor_representative	
7323	chr7	137723699	DEL	True	True	tensor_representative		tensor_representative	
7325	chr7	138409611	INS	True	True	no_candidate	I1_allele_fully_in_graph	no_candidate	I1_allele_fully_in_graph
7327	chr7	138456178	DEL	True	True	tensor_representative		tensor_representative	
7328	chr7	138648533	DEL	True	True	tensor_representative		tensor_representative	
7329	chr7	138654130	INS	True	True	tensor_representative		tensor_representative	
7331	chr7	139986795	DEL	True	True	no_candidate	I2_partly_in_graph_residual_edit	no_candidate	I2_partly_in_graph_residual_edit
7332	chr7	140147141	DEL	True	True	tensor_representative		tensor_representative	
7335	chr7	141018064	INS	True	True	no_candidate	I1_allele_fully_in_graph	no_candidate	I1_allele_fully_in_graph
7336	chr7	141321826	INS	True	True	no_candidate	I2_partly_in_graph_residual_edit	filtered	
7337	chr7	142325666	INS	True	True	filtered		filtered	
7340	chr7	144780041	INS	True	True	no_candidate	I1_allele_fully_in_graph	no_candidate	I1_allele_fully_in_graph
7342	chr7	145280233	DEL	True	True	tensor_representative		tensor_representative	
7347	chr7	145804135	INS	True	True	tensor_representative		tensor_representative	
7349	chr7	146054139	INS	True	True	tensor_non_representative_allele		tensor_non_representative_allele	
7350	chr7	146116535	INS	True	True	tensor_representative		tensor_representative	
7352	chr7	146340286	INS	True	True	filtered		filtered	
7353	chr7	146483282	INS	True	True	no_candidate	I2_partly_in_graph_residual_edit	no_candidate	I2_partly_in_graph_residual_edit
7356	chr7	146717348	INS	True	True	tensor_representative		tensor_representative	
7357	chr7	146724561	INS	True	True	tensor_representative		tensor_representative	
7358	chr7	146772502	DEL	True	True	tensor_representative		tensor_representative	
7361	chr7	147199597	DEL	True	True	tensor_representative		tensor_representative	
7362	chr7	147315111	DEL	True	True	no_candidate	I2_partly_in_graph_residual_edit	no_candidate	I2_partly_in_graph_residual_edit
7363	chr7	147638841	INS	True	True	filtered		filtered	
7366	chr7	147763419	DEL	True	True	tensor_representative		tensor_representative	
7367	chr7	147916591	DEL	True	True	no_candidate	I2_partly_in_graph_residual_edit	no_candidate	I2_partly_in_graph_residual_edit
7368	chr7	148063586	INS	True	True	tensor_representative		tensor_representative	
7369	chr7	148116137	DEL	True	True	tensor_representative		tensor_representative	
7371	chr7	148410565	DEL	True	True	no_candidate	I2_partly_in_graph_residual_edit	no_candidate	I2_partly_in_graph_residual_edit
7374	chr7	148982467	INS	True	True	tensor_representative		tensor_representative	
7375	chr7	149738211	INS	True	True	no_candidate	I2_partly_in_graph_residual_edit	no_candidate	I2_partly_in_graph_residual_edit
7379	chr7	150772388	INS	True	True	tensor_representative		tensor_representative	
7382	chr7	151866019	INS	True	True	filtered		filtered	
7383	chr7	152007413	INS	True	True	filtered		filtered	
7384	chr7	152184239	INS	True	True	tensor_representative		tensor_representative	
7385	chr7	152697492	INS	True	True	no_candidate	I2_partly_in_graph_residual_edit	no_candidate	I2_partly_in_graph_residual_edit
7386	chr7	153004980	INS	True	True	filtered		filtered	
7388	chr7	153038218	INS	True	True	filtered		filtered	
7390	chr7	153328634	INS	True	True	no_candidate	I2_partly_in_graph_residual_edit	no_candidate	I2_partly_in_graph_residual_edit
7395	chr7	153830142	DEL	True	True	tensor_representative		tensor_representative	
7397	chr7	153928396	INS	True	True	tensor_non_representative_allele		tensor_non_representative_allele	
7398	chr7	154301809	DEL	True	False	no_candidate	I2_partly_in_graph_residual_edit	no_candidate	I1_allele_fully_in_graph
7401	chr7	154483388	DEL	True	True	tensor_representative		tensor_representative	
7402	chr7	154627000	DEL	True	True	no_candidate	I2_partly_in_graph_residual_edit	no_candidate	I2_partly_in_graph_residual_edit
7403	chr7	154664655	INS	True	True	tensor_representative		tensor_representative	
7404	chr7	154668197	INS	True	True	no_candidate	I2_partly_in_graph_residual_edit	no_candidate	I2_partly_in_graph_residual_edit
7407	chr7	155305145	INS	True	True	tensor_representative		tensor_representative	
7408	chr7	155507471	INS	True	True	no_candidate	I1_allele_fully_in_graph	no_candidate	I1_allele_fully_in_graph
7415	chr7	158473276	DEL	True	True	tensor_representative		tensor_representative	
7416	chr7	158715796	INS	True	True	filtered		no_candidate	I1_allele_fully_in_graph
7418	chr7	159053541	INS	True	True	tensor_representative		tensor_representative	
7419	chr7	159242726	INS	True	True	no_candidate	I2_partly_in_graph_residual_edit	no_candidate	I2_partly_in_graph_residual_edit
7420	chr8	513110	INS	True	True	no_candidate	I2_partly_in_graph_residual_edit	filtered	
7421	chr8	572459	INS	True	True	tensor_representative		tensor_representative	
7422	chr8	736421	INS	True	True	no_candidate	I1_allele_fully_in_graph	no_candidate	I1_allele_fully_in_graph
7424	chr8	1338822	INS	True	True	no_candidate	I2_partly_in_graph_residual_edit	no_candidate	I2_partly_in_graph_residual_edit
7425	chr8	1533135	DEL	True	True	tensor_representative		tensor_representative	
7426	chr8	1582313	DEL	True	True	no_candidate	I1_allele_fully_in_graph	no_candidate	I1_allele_fully_in_graph
7427	chr8	1586706	DEL	True	True	tensor_representative		tensor_representative	
7429	chr8	2634154	INS	True	True	tensor_representative		tensor_representative	
7430	chr8	2730544	DEL	True	True	no_candidate	I1_allele_fully_in_graph	no_candidate	I1_allele_fully_in_graph
7432	chr8	2953453	DEL	True	True	tensor_representative		tensor_representative	
7433	chr8	2960939	INS	True	True	filtered		filtered	
7434	chr8	3094800	DEL	True	True	no_candidate	I2_partly_in_graph_residual_edit	no_candidate	I2_partly_in_graph_residual_edit
7435	chr8	3308732	INS	True	True	no_candidate	I2_partly_in_graph_residual_edit	no_candidate	I2_partly_in_graph_residual_edit
7436	chr8	3394000	INS	True	True	no_candidate	I1_allele_fully_in_graph	no_candidate	I1_allele_fully_in_graph
7438	chr8	3394012	DEL	True	True	no_candidate	I4_no_or_few_alt_reads	no_candidate	I4_no_or_few_alt_reads
7440	chr8	3671496	DEL	True	False	no_candidate	I2_partly_in_graph_residual_edit	no_candidate	I2_partly_in_graph_residual_edit
7445	chr8	4441095	INS	True	True	tensor_non_representative_allele		tensor_non_representative_allele	
7446	chr8	4557429	DEL	True	True	filtered		tensor_representative	
7448	chr8	4912135	INS	True	True	no_candidate	I1_allele_fully_in_graph	no_candidate	I1_allele_fully_in_graph
7449	chr8	4924722	INS	True	True	no_candidate	I1_allele_fully_in_graph	no_candidate	I1_allele_fully_in_graph
7450	chr8	4955456	INS	True	True	tensor_representative		tensor_representative	
7451	chr8	4974183	DEL	True	True	filtered		tensor_non_representative_allele	
7452	chr8	5009432	INS	True	True	no_candidate	I3_grch38_path_different_edit	no_candidate	I3_grch38_path_different_edit
7453	chr8	5160118	DEL	True	True	no_candidate	I2_partly_in_graph_residual_edit	no_candidate	I2_partly_in_graph_residual_edit
7454	chr8	5160940	DEL	True	True	tensor_representative		tensor_representative	
7455	chr8	5186618	DEL	True	True	no_candidate	I2_partly_in_graph_residual_edit	no_candidate	I2_partly_in_graph_residual_edit
7457	chr8	5292155	INS	True	True	no_candidate	I2_partly_in_graph_residual_edit	no_candidate	I2_partly_in_graph_residual_edit
7460	chr8	5468545	INS	True	True	tensor_representative		tensor_representative	
7462	chr8	5624850	INS	True	True	no_candidate	I2_partly_in_graph_residual_edit	no_candidate	I2_partly_in_graph_residual_edit
7463	chr8	5639386	INS	True	True	no_candidate	I2_partly_in_graph_residual_edit	no_candidate	I2_partly_in_graph_residual_edit
7464	chr8	5873873	DEL	True	True	tensor_representative		tensor_representative	
7466	chr8	6485324	INS	True	True	tensor_representative		tensor_representative	
7467	chr8	7201794	INS	True	True	no_candidate	I4_no_or_few_alt_reads	no_candidate	I4_no_or_few_alt_reads
7468	chr8	7238154	DEL	True	True	no_candidate	I5_low_mapq_or_no_reads	no_candidate	I5_low_mapq_or_no_reads
7472	chr8	7478800	INS	True	True	no_candidate	I5_low_mapq_or_no_reads	no_candidate	I5_low_mapq_or_no_reads
7473	chr8	7487944	DEL	True	True	no_candidate	I5_low_mapq_or_no_reads	no_candidate	I5_low_mapq_or_no_reads
7474	chr8	7511405	INS	True	True	no_candidate	I5_low_mapq_or_no_reads	no_candidate	I5_low_mapq_or_no_reads
7476	chr8	9262472	INS	True	False	tensor_representative		tensor_representative	
7477	chr8	9565856	INS	True	True	tensor_representative		tensor_representative	
7481	chr8	11147654	DEL	True	True	filtered		tensor_representative	
7482	chr8	11276917	INS	True	True	tensor_representative		tensor_representative	
7484	chr8	11575312	DEL	True	True	tensor_representative		tensor_representative	
7486	chr8	12091799	INS	True	True	no_candidate	I5_low_mapq_or_no_reads	no_candidate	I5_low_mapq_or_no_reads
7490	chr8	13369354	INS	True	True	no_candidate	I2_partly_in_graph_residual_edit	no_candidate	I2_partly_in_graph_residual_edit
7497	chr8	13913365	DEL	True	True	no_candidate	I2_partly_in_graph_residual_edit	no_candidate	I2_partly_in_graph_residual_edit
7498	chr8	14024646	INS	True	True	no_candidate	I1_allele_fully_in_graph	no_candidate	I1_allele_fully_in_graph
7500	chr8	14306729	DEL	True	True	tensor_representative		tensor_representative	
7501	chr8	14823055	DEL	True	True	filtered		filtered	
7502	chr8	14834110	INS	True	True	tensor_representative		tensor_representative	
7503	chr8	14946005	DEL	True	True	no_candidate	I1_allele_fully_in_graph	no_candidate	I1_allele_fully_in_graph
7506	chr8	15075225	DEL	True	True	no_candidate	I1_allele_fully_in_graph	no_candidate	I1_allele_fully_in_graph
7507	chr8	15114756	DEL	True	True	tensor_representative		tensor_representative	
7508	chr8	15225308	DEL	True	True	tensor_representative		tensor_representative	
7512	chr8	15821584	DEL	True	True	tensor_representative		tensor_representative	
7513	chr8	16292823	DEL	True	True	filtered		tensor_representative	
7514	chr8	16374020	INS	True	False	tensor_representative		tensor_representative	
7515	chr8	16688196	INS	True	True	no_candidate	I2_partly_in_graph_residual_edit	no_candidate	I2_partly_in_graph_residual_edit
7516	chr8	17939260	DEL	True	True	tensor_representative		tensor_representative	
7517	chr8	18138177	INS	True	True	tensor_representative		tensor_representative	
7518	chr8	18199317	INS	True	True	tensor_representative		tensor_representative	
7519	chr8	19339495	INS	True	True	no_candidate	I1_allele_fully_in_graph	no_candidate	I1_allele_fully_in_graph
7520	chr8	19900676	INS	True	True	filtered		filtered	
7521	chr8	19959777	INS	True	True	tensor_non_representative_allele		tensor_non_representative_allele	
7523	chr8	20251098	INS	True	True	tensor_representative		tensor_non_representative_allele	
7525	chr8	20326649	INS	True	True	tensor_representative		tensor_representative	
7526	chr8	20490914	INS	True	True	tensor_representative		tensor_representative	
7528	chr8	20900026	DEL	True	True	tensor_representative		tensor_representative	
7529	chr8	20949807	DEL	True	True	no_candidate	I1_allele_fully_in_graph	no_candidate	I1_allele_fully_in_graph
7530	chr8	21027733	DEL	True	True	no_candidate	I1_allele_fully_in_graph	no_candidate	I1_allele_fully_in_graph
7531	chr8	21438195	INS	True	True	tensor_representative		tensor_representative	
7533	chr8	21537107	DEL	True	True	tensor_representative		tensor_representative	
7537	chr8	22736957	DEL	True	True	tensor_representative		tensor_representative	
7538	chr8	22739439	DEL	True	True	tensor_representative		tensor_representative	
7541	chr8	23854553	INS	True	True	tensor_representative		tensor_representative	
7542	chr8	24128213	INS	True	False	filtered		filtered	
7543	chr8	24628820	DEL	True	True	tensor_representative		tensor_representative	
7544	chr8	24766935	INS	True	True	filtered		tensor_non_representative_allele	
7545	chr8	25073378	DEL	True	True	tensor_representative		tensor_representative	
7546	chr8	25594430	INS	True	True	no_candidate	I2_partly_in_graph_residual_edit	no_candidate	I2_partly_in_graph_residual_edit
7547	chr8	25728536	DEL	True	True	filtered		filtered	
7548	chr8	25907419	INS	True	True	filtered		filtered	
7549	chr8	26005547	INS	True	True	no_candidate	I1_allele_fully_in_graph	no_candidate	I1_allele_fully_in_graph
7550	chr8	26005561	INS	True	True	no_candidate	I1_allele_fully_in_graph	no_candidate	I1_allele_fully_in_graph
7551	chr8	26415533	INS	True	True	filtered		filtered	
7555	chr8	27900789	INS	True	True	filtered		filtered	
7556	chr8	27994351	INS	True	True	filtered		tensor_non_representative_allele	
7557	chr8	29051918	DEL	True	True	tensor_representative		tensor_representative	
7558	chr8	29343167	INS	True	True	no_candidate	I2_partly_in_graph_residual_edit	no_candidate	I2_partly_in_graph_residual_edit
7559	chr8	29748996	INS	True	True	no_candidate	I1_allele_fully_in_graph	no_candidate	I1_allele_fully_in_graph
7561	chr8	30226683	INS	True	True	filtered		filtered	
7563	chr8	31218180	DEL	True	True	tensor_non_representative_allele		tensor_non_representative_allele	
7565	chr8	31557630	DEL	True	True	no_candidate	I2_partly_in_graph_residual_edit	no_candidate	I2_partly_in_graph_residual_edit
7566	chr8	31934420	DEL	True	True	tensor_representative		tensor_representative	
7568	chr8	32608101	INS	True	True	filtered		tensor_representative	
7570	chr8	32754576	DEL	True	True	tensor_representative		tensor_representative	
7571	chr8	32950139	DEL	True	True	tensor_representative		tensor_representative	
7572	chr8	33175486	INS	True	True	tensor_non_representative_allele		tensor_non_representative_allele	
7573	chr8	33246558	INS	True	True	tensor_representative		tensor_representative	
7574	chr8	33345398	INS	True	True	tensor_representative		tensor_representative	
7575	chr8	33579695	INS	True	True	filtered		filtered	
7577	chr8	33742585	DEL	True	True	tensor_representative		tensor_representative	
7579	chr8	34159035	DEL	True	True	tensor_representative		tensor_non_representative_allele	
7581	chr8	34462711	DEL	True	True	tensor_representative		tensor_representative	
7582	chr8	34495440	DEL	True	True	tensor_representative		tensor_representative	
7583	chr8	34566726	DEL	True	True	tensor_representative		tensor_non_representative_allele	
7584	chr8	34568443	DEL	True	True	tensor_representative		tensor_representative	
7585	chr8	34582082	DEL	True	True	tensor_representative		tensor_representative	
7586	chr8	34604847	DEL	True	True	tensor_representative		tensor_representative	
7589	chr8	34806700	DEL	True	True	tensor_representative		tensor_representative	
7590	chr8	34834904	DEL	True	True	tensor_representative		tensor_representative	
7593	chr8	35438602	DEL	True	True	tensor_representative		tensor_representative	
7595	chr8	35599142	DEL	True	True	filtered		filtered	
7599	chr8	36160437	DEL	True	True	filtered		no_candidate	I1_allele_fully_in_graph
7603	chr8	36702232	DEL	True	True	tensor_representative		tensor_representative	
7604	chr8	36817499	INS	True	True	tensor_representative		tensor_representative	
7605	chr8	36820614	DEL	True	True	tensor_representative		tensor_representative	
7606	chr8	38423075	DEL	True	True	tensor_representative		tensor_representative	
7607	chr8	38896084	INS	True	True	filtered		filtered	
7613	chr8	39892413	INS	True	True	tensor_representative		tensor_representative	
7615	chr8	40361154	DEL	True	True	tensor_representative		tensor_representative	
7617	chr8	40530507	INS	True	True	no_candidate	I2_partly_in_graph_residual_edit	no_candidate	I2_partly_in_graph_residual_edit
7619	chr8	40748743	DEL	True	True	tensor_representative		tensor_representative	
7620	chr8	41055209	INS	True	True	no_candidate	I2_partly_in_graph_residual_edit	no_candidate	I2_partly_in_graph_residual_edit
7621	chr8	41057617	DEL	True	True	filtered		tensor_representative	
7622	chr8	41255959	INS	True	True	no_candidate	I2_partly_in_graph_residual_edit	no_candidate	I2_partly_in_graph_residual_edit
7625	chr8	41344801	DEL	True	True	no_candidate	I2_partly_in_graph_residual_edit	no_candidate	I2_partly_in_graph_residual_edit
7626	chr8	41581625	INS	True	True	tensor_representative		tensor_representative	
7627	chr8	42054250	INS	True	True	no_candidate	I4_no_or_few_alt_reads	no_candidate	I4_no_or_few_alt_reads
7628	chr8	42249417	INS	True	True	filtered		filtered	
7629	chr8	42836223	INS	True	True	filtered		tensor_representative	
7633	chr8	43877512	INS	True	True	tensor_representative		tensor_representative	
7641	chr8	46525188	INS	True	True	filtered		filtered	
7644	chr8	46796130	INS	True	True	tensor_representative		tensor_representative	
7649	chr8	47685517	INS	True	False	no_candidate	I1_allele_fully_in_graph	no_candidate	I1_allele_fully_in_graph
7655	chr8	48112894	INS	True	True	filtered		filtered	
7665	chr8	48916154	INS	True	True	no_candidate	I1_allele_fully_in_graph	no_candidate	I1_allele_fully_in_graph
7668	chr8	49350686	DEL	True	True	tensor_representative		tensor_representative	
7669	chr8	49361737	INS	True	True	tensor_representative		tensor_representative	
7674	chr8	49969385	DEL	True	False	no_candidate	I1_allele_fully_in_graph	no_candidate	I1_allele_fully_in_graph
7676	chr8	49987649	INS	True	True	no_candidate	I1_allele_fully_in_graph	no_candidate	I1_allele_fully_in_graph
7677	chr8	50376754	DEL	True	True	no_candidate	I1_allele_fully_in_graph	no_candidate	I1_allele_fully_in_graph
7678	chr8	50411476	INS	True	True	tensor_representative		tensor_representative	
7680	chr8	50614944	INS	True	True	tensor_representative		tensor_representative	
7681	chr8	50751981	DEL	True	True	tensor_representative		tensor_representative	
7683	chr8	50961698	INS	True	False	filtered		tensor_representative	
7684	chr8	51039215	DEL	True	True	filtered		filtered	
7686	chr8	51154543	DEL	True	True	tensor_representative		tensor_representative	
7689	chr8	51267125	INS	True	True	tensor_representative		tensor_representative	
7690	chr8	51318846	INS	True	True	tensor_representative		tensor_representative	
7696	chr8	51739875	INS	True	True	filtered		filtered	
7698	chr8	52236611	DEL	True	True	filtered		filtered	
7700	chr8	52742525	DEL	True	False	no_candidate	I2_partly_in_graph_residual_edit	no_candidate	I2_partly_in_graph_residual_edit
7701	chr8	52785529	DEL	True	True	no_candidate	I1_allele_fully_in_graph	no_candidate	I1_allele_fully_in_graph
7705	chr8	53114925	INS	True	True	no_candidate	I2_partly_in_graph_residual_edit	no_candidate	I2_partly_in_graph_residual_edit
7706	chr8	53163698	DEL	True	True	no_candidate	I1_allele_fully_in_graph	no_candidate	I1_allele_fully_in_graph
7707	chr8	53249188	DEL	True	True	tensor_representative		tensor_representative	
7710	chr8	53889412	DEL	True	False	tensor_representative		filtered	
7712	chr8	54131487	INS	True	True	filtered		no_candidate	I1_allele_fully_in_graph
7713	chr8	54167022	INS	True	True	filtered		filtered	
7714	chr8	54404689	DEL	True	True	tensor_representative		tensor_representative	
7715	chr8	54445935	INS	True	True	no_candidate	I2_partly_in_graph_residual_edit	no_candidate	I2_partly_in_graph_residual_edit
7719	chr8	54797873	DEL	True	True	filtered		tensor_non_representative_allele	
7723	chr8	55078160	DEL	True	True	tensor_representative		tensor_representative	
7725	chr8	55177040	DEL	True	True	tensor_representative		tensor_representative	
7728	chr8	55290130	DEL	True	True	tensor_representative		tensor_representative	
7729	chr8	55350738	DEL	True	True	tensor_representative		tensor_representative	
7730	chr8	55438588	INS	True	True	no_candidate	I1_allele_fully_in_graph	no_candidate	I1_allele_fully_in_graph
7732	chr8	55443530	DEL	True	True	no_candidate	I2_partly_in_graph_residual_edit	no_candidate	I2_partly_in_graph_residual_edit
7733	chr8	55457146	INS	True	True	tensor_representative		tensor_representative	
7734	chr8	55688783	INS	True	True	no_candidate	I2_partly_in_graph_residual_edit	no_candidate	I2_partly_in_graph_residual_edit
7736	chr8	55769018	INS	True	True	no_candidate	I1_allele_fully_in_graph	no_candidate	I1_allele_fully_in_graph
7739	chr8	56090453	INS	True	True	tensor_non_representative_allele		tensor_representative	
7741	chr8	56343437	INS	True	True	no_candidate	I2_partly_in_graph_residual_edit	no_candidate	I2_partly_in_graph_residual_edit
7745	chr8	56633257	DEL	True	True	no_candidate	I2_partly_in_graph_residual_edit	no_candidate	I2_partly_in_graph_residual_edit
7746	chr8	56661752	INS	True	True	no_candidate	I1_allele_fully_in_graph	no_candidate	I1_allele_fully_in_graph
7747	chr8	56665116	DEL	True	True	tensor_representative		tensor_representative	
7749	chr8	56772572	DEL	True	True	tensor_representative		tensor_representative	
7751	chr8	57094593	DEL	True	True	tensor_representative		tensor_representative	
7752	chr8	57428032	INS	True	True	tensor_representative		tensor_representative	
7753	chr8	57475108	DEL	True	True	no_candidate	I1_allele_fully_in_graph	no_candidate	I1_allele_fully_in_graph
7754	chr8	57702052	DEL	True	True	tensor_representative		tensor_representative	
7755	chr8	57773248	INS	True	True	no_candidate	I2_partly_in_graph_residual_edit	no_candidate	I2_partly_in_graph_residual_edit
7756	chr8	57795530	INS	True	False	filtered		filtered	
7757	chr8	57804921	INS	True	True	filtered		filtered	
7760	chr8	58037471	INS	True	True	no_candidate	I2_partly_in_graph_residual_edit	filtered	
7765	chr8	58942053	DEL	True	True	filtered		tensor_non_representative_allele	
7773	chr8	59682162	DEL	True	True	no_candidate	I1_allele_fully_in_graph	no_candidate	I1_allele_fully_in_graph
7774	chr8	59930666	DEL	True	True	filtered		filtered	
7777	chr8	60282013	INS	True	True	filtered		filtered	
7778	chr8	60287879	DEL	True	True	tensor_representative		tensor_representative	
7781	chr8	60516120	INS	True	True	no_candidate	I1_allele_fully_in_graph	no_candidate	I1_allele_fully_in_graph
7787	chr8	62729024	INS	True	True	no_candidate	I2_partly_in_graph_residual_edit	no_candidate	I2_partly_in_graph_residual_edit
7788	chr8	62783605	DEL	True	True	tensor_representative		tensor_representative	
7791	chr8	63336388	DEL	True	True	filtered		tensor_representative	
7792	chr8	63344648	DEL	True	True	tensor_representative		tensor_representative	
7793	chr8	63409938	DEL	True	True	tensor_representative		tensor_representative	
7794	chr8	63456197	INS	True	True	no_candidate	I2_partly_in_graph_residual_edit	no_candidate	I2_partly_in_graph_residual_edit
7796	chr8	63504027	DEL	True	True	no_candidate	I2_partly_in_graph_residual_edit	filtered	
7798	chr8	63630968	INS	True	False	filtered		filtered	
7803	chr8	64023385	INS	True	True	tensor_representative		tensor_representative	
7804	chr8	64067640	DEL	True	True	tensor_representative		tensor_representative	
7806	chr8	64307150	INS	True	True	tensor_representative		tensor_representative	
7809	chr8	64783541	INS	True	False	filtered		filtered	
7811	chr8	65003782	DEL	True	True	tensor_representative		tensor_representative	
7812	chr8	65158221	INS	True	True	tensor_representative		tensor_representative	
7813	chr8	65222650	DEL	True	True	tensor_representative		tensor_representative	
7815	chr8	65341732	INS	True	True	filtered		tensor_non_representative_allele	
7817	chr8	65362802	INS	True	True	no_candidate	I4_no_or_few_alt_reads	no_candidate	I4_no_or_few_alt_reads
7818	chr8	65571116	DEL	True	True	tensor_representative		tensor_representative	
7820	chr8	65798206	DEL	True	True	no_candidate	I1_allele_fully_in_graph	filtered	
7821	chr8	65849228	INS	True	True	no_candidate	I2_partly_in_graph_residual_edit	no_candidate	I2_partly_in_graph_residual_edit
7823	chr8	65990790	INS	True	True	no_candidate	I2_partly_in_graph_residual_edit	no_candidate	I2_partly_in_graph_residual_edit
7828	chr8	67099925	INS	True	True	tensor_representative		tensor_representative	
7829	chr8	67154367	DEL	True	True	tensor_representative		tensor_representative	
7832	chr8	67546662	DEL	True	True	tensor_representative		tensor_representative	
7833	chr8	67560160	INS	True	True	no_candidate	I2_partly_in_graph_residual_edit	no_candidate	I2_partly_in_graph_residual_edit
7834	chr8	67614351	DEL	True	True	tensor_representative		tensor_representative	
7836	chr8	68201900	INS	True	False	tensor_representative		tensor_representative	
7839	chr8	68456089	DEL	True	True	tensor_representative		tensor_representative	
7841	chr8	68630945	DEL	True	True	tensor_representative		tensor_representative	
7842	chr8	68717492	INS	True	True	tensor_representative		tensor_representative	
7845	chr8	68937050	DEL	True	True	no_candidate	I1_allele_fully_in_graph	no_candidate	I1_allele_fully_in_graph
7848	chr8	69027369	INS	True	True	tensor_representative		tensor_representative	
7851	chr8	69275034	INS	True	False	no_candidate	I2_partly_in_graph_residual_edit	no_candidate	I2_partly_in_graph_residual_edit
7852	chr8	69370098	INS	True	False	tensor_representative		tensor_representative	
7854	chr8	69490102	INS	True	True	tensor_representative		tensor_representative	
7858	chr8	70046322	INS	True	True	no_candidate	I1_allele_fully_in_graph	no_candidate	I1_allele_fully_in_graph
7860	chr8	70052865	INS	True	True	tensor_non_representative_allele		tensor_non_representative_allele	
7862	chr8	70090958	INS	True	True	no_candidate	I4_no_or_few_alt_reads	no_candidate	I4_no_or_few_alt_reads
7867	chr8	70828730	DEL	True	False	tensor_representative		tensor_representative	
7873	chr8	71120846	DEL	True	True	tensor_representative		tensor_representative	
7874	chr8	71369202	DEL	True	True	tensor_representative		tensor_representative	
7875	chr8	71472788	INS	True	True	no_candidate	I2_partly_in_graph_residual_edit	no_candidate	I2_partly_in_graph_residual_edit
7876	chr8	71854660	INS	True	True	no_candidate	I2_partly_in_graph_residual_edit	no_candidate	I2_partly_in_graph_residual_edit
7880	chr8	72362069	INS	True	True	tensor_representative		tensor_representative	
7881	chr8	72386568	DEL	True	True	no_candidate	I2_partly_in_graph_residual_edit	no_candidate	I2_partly_in_graph_residual_edit
7883	chr8	72837828	DEL	True	True	no_candidate	I1_allele_fully_in_graph	filtered	
7884	chr8	73131788	INS	True	True	tensor_representative		tensor_representative	
7885	chr8	73399189	INS	True	True	tensor_representative		tensor_representative	
7888	chr8	74002066	DEL	True	True	no_candidate	I1_allele_fully_in_graph	no_candidate	I1_allele_fully_in_graph
7889	chr8	74002093	DEL	True	True	no_candidate	I1_allele_fully_in_graph	no_candidate	I1_allele_fully_in_graph
7893	chr8	74592246	INS	True	True	tensor_representative		tensor_representative	
7894	chr8	74600277	INS	True	True	tensor_representative		tensor_representative	
7895	chr8	74699400	DEL	True	True	no_candidate	I2_partly_in_graph_residual_edit	filtered	
7899	chr8	74981208	DEL	True	True	tensor_representative		tensor_representative	
7900	chr8	74998685	INS	True	True	no_candidate	I2_partly_in_graph_residual_edit	no_candidate	I2_partly_in_graph_residual_edit
7901	chr8	75007663	INS	True	True	tensor_non_representative_allele		tensor_non_representative_allele	
7902	chr8	75019591	INS	True	True	tensor_representative		tensor_representative	
7903	chr8	75079676	INS	True	True	filtered		filtered	
7904	chr8	75181836	INS	True	True	tensor_representative		tensor_representative	
7905	chr8	75226286	INS	True	True	filtered		filtered	
7906	chr8	75545239	INS	True	True	no_candidate	I1_allele_fully_in_graph	no_candidate	I1_allele_fully_in_graph
7907	chr8	75578387	DEL	True	True	tensor_representative		tensor_representative	
7908	chr8	75592484	DEL	True	True	tensor_representative		tensor_representative	
7910	chr8	75618489	DEL	True	True	tensor_representative		tensor_representative	
7911	chr8	75661264	DEL	True	True	tensor_representative		tensor_representative	
7912	chr8	75674573	DEL	True	True	no_candidate	I1_allele_fully_in_graph	filtered	
7914	chr8	75835275	DEL	True	True	tensor_representative		tensor_representative	
7915	chr8	75842972	INS	True	True	tensor_representative		tensor_representative	
7916	chr8	75951080	DEL	True	True	filtered		tensor_non_representative_allele	
7917	chr8	76047168	DEL	True	True	filtered		tensor_representative	
7919	chr8	76220663	DEL	True	True	tensor_representative		tensor_representative	
7922	chr8	76597816	DEL	True	True	tensor_representative		tensor_representative	
7923	chr8	76822452	INS	True	False	filtered		tensor_non_representative_allele	
7927	chr8	77132257	INS	True	True	no_candidate	I1_allele_fully_in_graph	filtered	
7929	chr8	77133292	INS	True	True	tensor_representative		tensor_non_representative_allele	
7931	chr8	77248198	INS	True	True	no_candidate	I3_grch38_path_different_edit	no_candidate	I3_grch38_path_different_edit
7933	chr8	77328399	INS	True	True	tensor_representative		tensor_representative	
7934	chr8	77416384	DEL	True	True	tensor_representative		tensor_representative	
7935	chr8	77428551	DEL	True	True	tensor_representative		tensor_representative	
7937	chr8	77480883	INS	True	True	no_candidate	I2_partly_in_graph_residual_edit	no_candidate	I2_partly_in_graph_residual_edit
7940	chr8	77874162	DEL	True	True	tensor_representative		tensor_representative	
7941	chr8	77919485	DEL	True	True	no_candidate	I2_partly_in_graph_residual_edit	tensor_representative	
7942	chr8	78072725	DEL	True	True	tensor_representative		tensor_representative	
7943	chr8	78080644	INS	True	True	tensor_representative		tensor_representative	
7947	chr8	78232387	INS	True	True	no_candidate	I1_allele_fully_in_graph	no_candidate	I2_partly_in_graph_residual_edit
7949	chr8	78375985	INS	True	True	filtered		filtered	
7950	chr8	78474104	DEL	True	False	no_candidate	I2_partly_in_graph_residual_edit	no_candidate	I2_partly_in_graph_residual_edit
7953	chr8	78552329	DEL	True	True	no_candidate	I1_allele_fully_in_graph	no_candidate	I1_allele_fully_in_graph
7954	chr8	78680286	DEL	True	True	no_candidate	I1_allele_fully_in_graph	no_candidate	I1_allele_fully_in_graph
7955	chr8	78816116	INS	True	True	tensor_representative		tensor_representative	
7956	chr8	78868197	INS	True	True	filtered		filtered	
7957	chr8	79016575	DEL	True	True	tensor_representative		tensor_representative	
7959	chr8	79125299	INS	True	True	tensor_representative		tensor_representative	
7960	chr8	79134233	INS	True	True	no_candidate	I1_allele_fully_in_graph	no_candidate	I1_allele_fully_in_graph
7962	chr8	79287018	DEL	True	True	tensor_representative		tensor_representative	
7963	chr8	79432289	INS	True	True	tensor_representative		tensor_representative	
7964	chr8	79619068	DEL	True	True	tensor_representative		tensor_representative	
7965	chr8	79755088	DEL	True	True	filtered		filtered	
7970	chr8	80928663	INS	True	True	filtered		filtered	
7972	chr8	81499570	INS	True	True	no_candidate	I2_partly_in_graph_residual_edit	no_candidate	I2_partly_in_graph_residual_edit
7974	chr8	81879170	INS	True	True	no_candidate	I2_partly_in_graph_residual_edit	no_candidate	I2_partly_in_graph_residual_edit
7978	chr8	82409115	DEL	True	True	filtered		filtered	
7979	chr8	82525563	INS	True	True	no_candidate	I3_grch38_path_different_edit	no_candidate	I3_grch38_path_different_edit
7980	chr8	82556221	INS	True	True	no_candidate	I2_partly_in_graph_residual_edit	no_candidate	I2_partly_in_graph_residual_edit
7981	chr8	82676699	DEL	True	True	tensor_representative		tensor_representative	
7982	chr8	82782164	DEL	True	True	tensor_representative		tensor_representative	
7983	chr8	82824802	INS	True	True	no_candidate	I4_no_or_few_alt_reads	no_candidate	I4_no_or_few_alt_reads
7984	chr8	82897990	INS	True	False	no_candidate	I2_partly_in_graph_residual_edit	no_candidate	I2_partly_in_graph_residual_edit
7985	chr8	82968598	INS	True	True	filtered		filtered	
7989	chr8	83169880	INS	True	True	no_candidate	I2_partly_in_graph_residual_edit	no_candidate	I2_partly_in_graph_residual_edit
7990	chr8	83315693	INS	True	True	tensor_representative		tensor_representative	
7991	chr8	83354558	INS	True	True	tensor_representative		tensor_representative	
7992	chr8	83362259	DEL	True	True	tensor_representative		tensor_representative	
7993	chr8	83384842	DEL	True	True	tensor_representative		tensor_representative	
7994	chr8	83416405	INS	True	True	tensor_representative		tensor_representative	
7995	chr8	83472619	INS	True	True	filtered		filtered	
7998	chr8	83761489	INS	True	True	tensor_representative		tensor_representative	
8001	chr8	83920742	INS	True	True	tensor_representative		tensor_representative	
8002	chr8	83980059	DEL	True	True	tensor_representative		tensor_representative	
8003	chr8	84089999	DEL	True	True	no_candidate	I3_grch38_path_different_edit	no_candidate	I3_grch38_path_different_edit
8004	chr8	84098363	DEL	True	True	no_candidate	I2_partly_in_graph_residual_edit	no_candidate	I2_partly_in_graph_residual_edit
8007	chr8	84224661	INS	True	True	no_candidate	I1_allele_fully_in_graph	no_candidate	I1_allele_fully_in_graph
8008	chr8	84254746	INS	True	True	no_candidate	I1_allele_fully_in_graph	no_candidate	I1_allele_fully_in_graph
8009	chr8	84335709	INS	True	True	no_candidate	I2_partly_in_graph_residual_edit	no_candidate	I2_partly_in_graph_residual_edit
8010	chr8	84342277	INS	True	True	no_candidate	I2_partly_in_graph_residual_edit	no_candidate	I2_partly_in_graph_residual_edit
8011	chr8	84379861	INS	True	True	tensor_representative		tensor_representative	
8015	chr8	84584601	DEL	True	True	tensor_representative		tensor_representative	
8016	chr8	84669487	INS	True	True	no_candidate	I1_allele_fully_in_graph	no_candidate	I1_allele_fully_in_graph
8018	chr8	84735811	INS	True	True	no_candidate	I2_partly_in_graph_residual_edit	no_candidate	I2_partly_in_graph_residual_edit
8024	chr8	85529541	INS	True	True	tensor_representative		tensor_representative	
8025	chr8	85607511	INS	True	True	no_candidate	I2_partly_in_graph_residual_edit	no_candidate	I2_partly_in_graph_residual_edit
8026	chr8	85973681	INS	True	True	tensor_representative		tensor_representative	
8027	chr8	86155162	INS	True	True	tensor_representative		tensor_representative	
8028	chr8	86638828	INS	True	True	tensor_representative		tensor_representative	
8032	chr8	87188820	DEL	True	True	filtered		tensor_non_representative_allele	
8033	chr8	87220499	DEL	True	True	tensor_representative		tensor_non_representative_allele	
8034	chr8	87298488	INS	True	True	filtered		filtered	
8037	chr8	87685188	INS	True	True	no_candidate	I1_allele_fully_in_graph	no_candidate	I1_allele_fully_in_graph
8040	chr8	87824728	INS	True	True	tensor_representative		tensor_representative	
8042	chr8	87891849	DEL	True	True	tensor_representative		tensor_representative	
8044	chr8	87982093	DEL	True	True	no_candidate	I2_partly_in_graph_residual_edit	no_candidate	I2_partly_in_graph_residual_edit
8047	chr8	88025273	DEL	True	True	tensor_representative		tensor_representative	
8048	chr8	88166688	DEL	True	True	no_candidate	I2_partly_in_graph_residual_edit	no_candidate	I2_partly_in_graph_residual_edit
8051	chr8	88201141	INS	True	True	no_candidate	I1_allele_fully_in_graph	no_candidate	I2_partly_in_graph_residual_edit
8053	chr8	88336004	INS	True	True	no_candidate	I1_allele_fully_in_graph	no_candidate	I1_allele_fully_in_graph
8055	chr8	88419224	DEL	True	True	filtered		tensor_representative	
8057	chr8	88639144	DEL	True	True	tensor_non_representative_allele		tensor_representative	
8059	chr8	88763207	INS	True	True	tensor_non_representative_allele		tensor_non_representative_allele	
8061	chr8	88778084	DEL	True	True	tensor_representative		tensor_representative	
8062	chr8	88813158	DEL	True	True	no_candidate	I2_partly_in_graph_residual_edit	no_candidate	I2_partly_in_graph_residual_edit
8063	chr8	88890714	DEL	True	True	tensor_representative		tensor_representative	
8064	chr8	88910033	DEL	True	True	no_candidate	I1_allele_fully_in_graph	no_candidate	I1_allele_fully_in_graph
8067	chr8	89270993	DEL	True	True	tensor_representative		tensor_representative	
8068	chr8	89289158	DEL	True	True	filtered		tensor_representative	
8069	chr8	89302647	INS	True	True	no_candidate	I1_allele_fully_in_graph	no_candidate	I1_allele_fully_in_graph
8071	chr8	90155278	INS	True	True	filtered		filtered	
8072	chr8	90177185	DEL	True	True	no_candidate	I2_partly_in_graph_residual_edit	no_candidate	I2_partly_in_graph_residual_edit
8075	chr8	90878040	INS	True	True	tensor_representative		tensor_representative	
8077	chr8	91071364	INS	True	True	tensor_representative		tensor_representative	
8078	chr8	91494427	INS	True	True	filtered		filtered	
8080	chr8	91612052	INS	True	True	no_candidate	I3_grch38_path_different_edit	no_candidate	I3_grch38_path_different_edit
8084	chr8	92357755	DEL	True	False	tensor_representative		tensor_representative	
8086	chr8	92539310	INS	True	True	filtered		filtered	
8087	chr8	92550814	INS	True	True	no_candidate	I2_partly_in_graph_residual_edit	no_candidate	I2_partly_in_graph_residual_edit
8089	chr8	92626183	INS	True	True	tensor_representative		tensor_representative	
8091	chr8	92647983	DEL	True	True	filtered		tensor_representative	
8093	chr8	92959480	INS	True	True	tensor_representative		tensor_representative	
8094	chr8	92967821	INS	True	True	filtered		filtered	
8095	chr8	93267833	INS	True	True	tensor_representative		tensor_representative	
8097	chr8	93508669	INS	True	True	no_candidate	I4_no_or_few_alt_reads	no_candidate	I4_no_or_few_alt_reads
8098	chr8	93654775	INS	True	True	no_candidate	I2_partly_in_graph_residual_edit	no_candidate	I2_partly_in_graph_residual_edit
8101	chr8	95677207	DEL	True	True	no_candidate	I1_allele_fully_in_graph	no_candidate	I1_allele_fully_in_graph
8103	chr8	95964096	INS	True	True	tensor_representative		tensor_representative	
8104	chr8	95979330	DEL	True	True	tensor_representative		tensor_representative	
8107	chr8	96198058	INS	True	True	tensor_representative		tensor_representative	
8109	chr8	96559818	DEL	True	True	tensor_representative		tensor_representative	
8112	chr8	96757354	DEL	True	True	no_candidate	I2_partly_in_graph_residual_edit	no_candidate	I2_partly_in_graph_residual_edit
8113	chr8	96777759	DEL	True	True	no_candidate	I3_grch38_path_different_edit	no_candidate	I3_grch38_path_different_edit
8115	chr8	97234356	INS	True	True	no_candidate	I1_allele_fully_in_graph	no_candidate	I1_allele_fully_in_graph
8119	chr8	98419360	INS	True	True	tensor_representative		tensor_representative	
8121	chr8	98858310	INS	True	False	no_candidate	I4_no_or_few_alt_reads	no_candidate	I3_grch38_path_different_edit
8125	chr8	99898717	INS	True	True	tensor_representative		tensor_representative	
8126	chr8	99923654	INS	True	True	tensor_representative		tensor_representative	
8127	chr8	100036157	INS	True	False	tensor_representative		tensor_representative	
8128	chr8	100216931	INS	True	True	tensor_representative		tensor_representative	
8132	chr8	100569812	INS	True	False	no_candidate	I3_grch38_path_different_edit	no_candidate	I3_grch38_path_different_edit
8133	chr8	100589301	DEL	True	True	tensor_representative		tensor_representative	
8134	chr8	100748948	INS	True	False	no_candidate	I2_partly_in_graph_residual_edit	no_candidate	I2_partly_in_graph_residual_edit
8135	chr8	100836495	DEL	True	True	no_candidate	I1_allele_fully_in_graph	no_candidate	I1_allele_fully_in_graph
8136	chr8	100961165	INS	True	True	no_candidate	I1_allele_fully_in_graph	no_candidate	I1_allele_fully_in_graph
8139	chr8	101571490	INS	True	True	filtered		no_candidate	I1_allele_fully_in_graph
8140	chr8	101669254	INS	True	True	no_candidate	I2_partly_in_graph_residual_edit	no_candidate	I2_partly_in_graph_residual_edit
8141	chr8	102008917	INS	True	True	no_candidate	I2_partly_in_graph_residual_edit	no_candidate	I2_partly_in_graph_residual_edit
8142	chr8	102107195	INS	True	True	filtered		filtered	
8143	chr8	102510876	INS	True	True	tensor_representative		tensor_representative	
8144	chr8	102801788	INS	True	False	filtered		filtered	
8146	chr8	103356142	INS	True	True	tensor_representative		tensor_representative	
8147	chr8	103623478	INS	True	False	tensor_representative		tensor_representative	
8149	chr8	103749110	DEL	True	True	tensor_representative		tensor_representative	
8152	chr8	103937097	INS	True	False	tensor_non_representative_allele		tensor_non_representative_allele	
8153	chr8	104086266	INS	True	False	filtered		filtered	
8157	chr8	104339199	DEL	True	True	no_candidate	I1_allele_fully_in_graph	no_candidate	I1_allele_fully_in_graph
8158	chr8	104448156	DEL	True	True	tensor_representative		tensor_representative	
8160	chr8	104487002	INS	True	True	tensor_non_representative_allele		tensor_non_representative_allele	
8161	chr8	104488504	INS	True	True	tensor_representative		tensor_representative	
8163	chr8	104590856	INS	True	True	filtered		tensor_non_representative_allele	
8165	chr8	104907211	DEL	True	True	filtered		filtered	
8169	chr8	105345425	INS	True	True	no_candidate	I1_allele_fully_in_graph	no_candidate	I1_allele_fully_in_graph
8172	chr8	105608580	DEL	True	True	filtered		tensor_non_representative_allele	
8173	chr8	105730775	DEL	True	True	tensor_representative		tensor_representative	
8175	chr8	105937915	INS	True	True	filtered		no_candidate	I1_allele_fully_in_graph
8176	chr8	106425658	INS	True	True	tensor_representative		tensor_representative	
8179	chr8	106783032	DEL	True	True	no_candidate	I2_partly_in_graph_residual_edit	no_candidate	I2_partly_in_graph_residual_edit
8181	chr8	106953978	INS	True	True	no_candidate	I1_allele_fully_in_graph	no_candidate	I2_partly_in_graph_residual_edit
8182	chr8	106982224	DEL	True	True	filtered		filtered	
8183	chr8	107024927	INS	True	True	no_candidate	I2_partly_in_graph_residual_edit	no_candidate	I2_partly_in_graph_residual_edit
8186	chr8	107192194	INS	True	True	no_candidate	I1_allele_fully_in_graph	no_candidate	I1_allele_fully_in_graph
8190	chr8	107643224	DEL	True	True	tensor_representative		tensor_representative	
8191	chr8	107700501	DEL	True	True	no_candidate	I2_partly_in_graph_residual_edit	no_candidate	I2_partly_in_graph_residual_edit
8193	chr8	107768753	INS	True	True	tensor_representative		tensor_representative	
8195	chr8	107889834	DEL	True	True	filtered		filtered	
8198	chr8	108315173	INS	True	True	no_candidate	I2_partly_in_graph_residual_edit	no_candidate	I2_partly_in_graph_residual_edit
8199	chr8	108404104	DEL	True	True	filtered		tensor_representative	
8200	chr8	108462742	INS	True	True	tensor_representative		tensor_representative	
8201	chr8	108519978	INS	True	True	filtered		filtered	
8205	chr8	109014694	DEL	True	True	tensor_representative		tensor_representative	
8206	chr8	109098138	INS	True	True	tensor_representative		tensor_representative	
8207	chr8	109125789	INS	True	True	no_candidate	I1_allele_fully_in_graph	no_candidate	I1_allele_fully_in_graph
8208	chr8	109283989	INS	True	True	tensor_representative		tensor_representative	
8209	chr8	109360740	INS	True	True	tensor_representative		tensor_representative	
8210	chr8	109410726	INS	True	False	tensor_representative		tensor_representative	
8211	chr8	109428023	DEL	True	True	tensor_representative		tensor_representative	
8212	chr8	109535203	INS	True	True	tensor_representative		tensor_representative	
8213	chr8	109667508	INS	True	True	filtered		filtered	
8214	chr8	109678434	DEL	True	True	filtered		tensor_non_representative_allele	
8216	chr8	109944515	INS	True	False	no_candidate	I2_partly_in_graph_residual_edit	no_candidate	I2_partly_in_graph_residual_edit
8218	chr8	109973976	DEL	True	True	tensor_representative		tensor_representative	
8219	chr8	110097007	DEL	True	True	tensor_representative		tensor_representative	
8221	chr8	110181574	DEL	True	True	tensor_representative		tensor_representative	
8223	chr8	110595681	INS	True	True	no_candidate	I2_partly_in_graph_residual_edit	no_candidate	I2_partly_in_graph_residual_edit
8228	chr8	110888466	INS	True	True	tensor_representative		tensor_representative	
8230	chr8	111178049	DEL	True	False	tensor_representative		tensor_representative	
8233	chr8	111331937	INS	True	True	tensor_representative		tensor_representative	
8237	chr8	111702902	INS	True	True	tensor_representative		tensor_representative	
8238	chr8	111734207	INS	True	True	no_candidate	I2_partly_in_graph_residual_edit	no_candidate	I2_partly_in_graph_residual_edit
8248	chr8	112211788	INS	True	True	no_candidate	I1_allele_fully_in_graph	no_candidate	I1_allele_fully_in_graph
8250	chr8	112505680	INS	True	True	tensor_representative		tensor_representative	
8254	chr8	113409079	DEL	True	True	tensor_representative		tensor_representative	
8256	chr8	113507495	DEL	True	True	tensor_representative		tensor_representative	
8260	chr8	113802969	DEL	True	True	tensor_representative		tensor_representative	
8262	chr8	113878492	DEL	True	True	tensor_representative		tensor_representative	
8267	chr8	114235782	INS	True	True	filtered		filtered	
8270	chr8	114481647	DEL	True	True	tensor_representative		tensor_representative	
8272	chr8	114685460	DEL	True	True	tensor_representative		tensor_representative	
8273	chr8	114786521	DEL	True	True	filtered		no_candidate	I1_allele_fully_in_graph
8276	chr8	114894645	DEL	True	True	filtered		tensor_representative	
8277	chr8	114894645	INS	True	True	filtered		filtered	
8278	chr8	114993611	DEL	True	True	tensor_representative		tensor_representative	
8279	chr8	115000890	INS	True	False	no_candidate	I2_partly_in_graph_residual_edit	no_candidate	I2_partly_in_graph_residual_edit
8285	chr8	115580234	INS	True	True	no_candidate	I1_allele_fully_in_graph	no_candidate	I1_allele_fully_in_graph
8292	chr8	116213229	DEL	True	True	tensor_representative		tensor_representative	
8293	chr8	116235766	INS	True	True	tensor_representative		tensor_representative	
8294	chr8	116277968	DEL	True	True	tensor_representative		tensor_representative	
8296	chr8	116302479	INS	True	True	tensor_representative		tensor_representative	
8298	chr8	116465239	DEL	True	True	no_candidate	I3_grch38_path_different_edit	no_candidate	I3_grch38_path_different_edit
8301	chr8	116627909	INS	True	True	no_candidate	I2_partly_in_graph_residual_edit	no_candidate	I1_allele_fully_in_graph
8302	chr8	116780544	INS	True	True	no_candidate	I2_partly_in_graph_residual_edit	no_candidate	I2_partly_in_graph_residual_edit
8303	chr8	116792312	DEL	True	False	filtered		filtered	
8304	chr8	116835032	INS	True	True	no_candidate	I1_allele_fully_in_graph	no_candidate	I1_allele_fully_in_graph
8307	chr8	116958841	INS	True	False	filtered		filtered	
8310	chr8	117292375	INS	True	True	no_candidate	I2_partly_in_graph_residual_edit	no_candidate	I2_partly_in_graph_residual_edit
8311	chr8	117515730	INS	True	True	filtered		filtered	
8313	chr8	117854561	INS	True	True	tensor_representative		tensor_representative	
8314	chr8	117956451	DEL	True	True	tensor_representative		tensor_representative	
8316	chr8	118002381	INS	True	True	no_candidate	I1_allele_fully_in_graph	no_candidate	I1_allele_fully_in_graph
8318	chr8	118132972	DEL	True	True	no_candidate	I2_partly_in_graph_residual_edit	no_candidate	I2_partly_in_graph_residual_edit
8320	chr8	118208115	INS	True	True	tensor_representative		tensor_representative	
8321	chr8	118693357	INS	True	True	tensor_representative		tensor_representative	
8322	chr8	118955956	DEL	True	True	no_candidate	I3_grch38_path_different_edit	tensor_representative	
8324	chr8	119347177	DEL	True	True	filtered		filtered	
8325	chr8	119542144	INS	True	True	no_candidate	I1_allele_fully_in_graph	no_candidate	I1_allele_fully_in_graph
8326	chr8	119544985	INS	True	True	filtered		tensor_non_representative_allele	
8327	chr8	119712961	DEL	True	True	tensor_representative		tensor_representative	
8331	chr8	120102262	DEL	True	True	filtered		tensor_non_representative_allele	
8332	chr8	120167637	INS	True	True	tensor_representative		tensor_representative	
8333	chr8	120298597	INS	True	True	no_candidate	I1_allele_fully_in_graph	no_candidate	I1_allele_fully_in_graph
8336	chr8	120382575	INS	True	True	no_candidate	I4_no_or_few_alt_reads	no_candidate	I4_no_or_few_alt_reads
8340	chr8	121972220	DEL	True	False	no_candidate	I2_partly_in_graph_residual_edit	tensor_non_representative_allele	
8342	chr8	122128526	INS	True	True	tensor_representative		tensor_representative	
8343	chr8	122129619	INS	True	True	tensor_representative		tensor_representative	
8344	chr8	122276552	INS	True	True	filtered		filtered	
8345	chr8	122320599	INS	True	True	filtered		filtered	
8346	chr8	122326669	INS	True	True	tensor_representative		tensor_representative	
8347	chr8	122359441	DEL	True	True	filtered		filtered	
8348	chr8	122387147	DEL	True	True	tensor_representative		tensor_representative	
8349	chr8	122671403	DEL	True	True	tensor_representative		tensor_representative	
8350	chr8	122711869	INS	True	True	tensor_representative		tensor_representative	
8352	chr8	124015607	INS	True	True	no_candidate	I1_allele_fully_in_graph	no_candidate	I1_allele_fully_in_graph
8357	chr8	125286774	INS	True	True	filtered		filtered	
8360	chr8	125663082	INS	True	True	tensor_representative		tensor_representative	
8362	chr8	126542263	INS	True	False	filtered		no_candidate	I1_allele_fully_in_graph
8363	chr8	127193945	INS	True	True	tensor_representative		tensor_representative	
8364	chr8	127474614	INS	True	True	tensor_representative		tensor_representative	
8365	chr8	127617804	INS	True	True	tensor_representative		tensor_representative	
8366	chr8	127831155	INS	True	True	filtered		no_candidate	I1_allele_fully_in_graph
8369	chr8	128506093	INS	True	True	tensor_representative		tensor_representative	
8374	chr8	128662609	DEL	True	True	no_candidate	I1_allele_fully_in_graph	no_candidate	I1_allele_fully_in_graph
8375	chr8	128868064	DEL	True	True	tensor_representative		tensor_representative	
8377	chr8	129047335	INS	True	True	tensor_representative		tensor_representative	
8378	chr8	129792825	INS	True	True	tensor_representative		tensor_representative	
8380	chr8	130445972	DEL	True	True	no_candidate	I2_partly_in_graph_residual_edit	no_candidate	I2_partly_in_graph_residual_edit
8381	chr8	130722587	INS	True	True	no_candidate	I1_allele_fully_in_graph	no_candidate	I1_allele_fully_in_graph
8384	chr8	130922208	DEL	True	True	tensor_representative		tensor_representative	
8385	chr8	130968147	DEL	True	True	tensor_representative		tensor_representative	
8386	chr8	131095536	DEL	True	True	no_candidate	I1_allele_fully_in_graph	no_candidate	I1_allele_fully_in_graph
8387	chr8	131095537	DEL	True	True	no_candidate	I2_partly_in_graph_residual_edit	no_candidate	I2_partly_in_graph_residual_edit
8390	chr8	131306374	INS	True	True	no_candidate	I2_partly_in_graph_residual_edit	no_candidate	I2_partly_in_graph_residual_edit
8391	chr8	131397945	INS	True	True	tensor_representative		tensor_representative	
8392	chr8	131576873	INS	True	True	tensor_representative		tensor_representative	
8393	chr8	131701853	DEL	True	True	filtered		filtered	
8394	chr8	131732722	DEL	True	True	tensor_representative		tensor_representative	
8395	chr8	131856764	INS	True	True	tensor_representative		tensor_representative	
8396	chr8	131919595	INS	True	True	filtered		filtered	
8398	chr8	132171919	DEL	True	True	tensor_representative		tensor_representative	
8402	chr8	132392790	INS	True	True	filtered		filtered	
8403	chr8	132527559	INS	True	True	no_candidate	I4_no_or_few_alt_reads	no_candidate	I4_no_or_few_alt_reads
8406	chr8	132780844	INS	True	True	tensor_representative		tensor_representative	
8407	chr8	133003410	INS	True	True	tensor_representative		tensor_representative	
8417	chr8	133839847	DEL	True	True	tensor_representative		tensor_representative	
8418	chr8	134136507	DEL	True	True	filtered		no_candidate	I1_allele_fully_in_graph
8423	chr8	134751080	INS	True	True	tensor_representative		tensor_representative	
8424	chr8	134755817	INS	True	True	filtered		filtered	
8426	chr8	134854275	DEL	True	True	no_candidate	I2_partly_in_graph_residual_edit	no_candidate	I1_allele_fully_in_graph
8428	chr8	135265117	DEL	True	False	tensor_representative		tensor_representative	
8429	chr8	135333084	INS	True	True	filtered		filtered	
8435	chr8	135713829	INS	True	True	filtered		filtered	
8437	chr8	135924188	INS	True	False	no_candidate	I1_allele_fully_in_graph	no_candidate	I1_allele_fully_in_graph
8440	chr8	136193160	DEL	True	True	tensor_representative		tensor_representative	
8442	chr8	136575408	DEL	True	True	tensor_representative		tensor_representative	
8450	chr8	137177248	INS	True	True	filtered		filtered	
8455	chr8	137610924	INS	True	True	tensor_representative		tensor_representative	
8457	chr8	137629491	DEL	True	True	tensor_representative		tensor_representative	
8458	chr8	137693343	DEL	True	True	filtered		filtered	
8460	chr8	137905652	DEL	True	True	tensor_representative		tensor_non_representative_allele	
8461	chr8	137914828	INS	True	True	no_candidate	I4_no_or_few_alt_reads	no_candidate	I4_no_or_few_alt_reads
8462	chr8	138008890	DEL	True	True	no_candidate	I2_partly_in_graph_residual_edit	no_candidate	I2_partly_in_graph_residual_edit
8464	chr8	138110782	DEL	True	True	filtered		filtered	
8465	chr8	138283421	INS	True	True	filtered		filtered	
8466	chr8	138307732	DEL	True	True	no_candidate	I2_partly_in_graph_residual_edit	no_candidate	I2_partly_in_graph_residual_edit
8467	chr8	138382994	DEL	True	True	tensor_representative		tensor_representative	
8470	chr8	138901364	INS	True	True	no_candidate	I1_allele_fully_in_graph	no_candidate	I1_allele_fully_in_graph
8472	chr8	138973291	INS	True	True	tensor_representative		tensor_representative	
8474	chr8	139103661	INS	True	True	filtered		filtered	
8476	chr8	139506027	DEL	True	True	tensor_representative		tensor_representative	
8479	chr8	140205037	DEL	True	True	tensor_representative		tensor_representative	
8484	chr8	141614781	INS	True	True	tensor_representative		tensor_representative	
8485	chr8	141644950	DEL	True	True	no_candidate	I1_allele_fully_in_graph	no_candidate	I1_allele_fully_in_graph
8488	chr8	142217303	INS	True	True	no_candidate	I2_partly_in_graph_residual_edit	no_candidate	I2_partly_in_graph_residual_edit
8492	chr8	142619757	INS	True	True	no_candidate	I3_grch38_path_different_edit	no_candidate	I7_unclear
8497	chr8	143863761	INS	True	True	no_candidate	I2_partly_in_graph_residual_edit	no_candidate	I2_partly_in_graph_residual_edit
8499	chr8	144968368	DEL	True	True	tensor_representative		tensor_representative	
8501	chr10	372074	INS	True	True	tensor_representative		tensor_representative	
8502	chr10	862279	INS	True	True	no_candidate	I2_partly_in_graph_residual_edit	no_candidate	I1_allele_fully_in_graph
8514	chr10	3081977	DEL	True	True	no_candidate	I1_allele_fully_in_graph	no_candidate	I1_allele_fully_in_graph
8520	chr10	4131821	INS	True	True	no_candidate	I2_partly_in_graph_residual_edit	no_candidate	I2_partly_in_graph_residual_edit
8523	chr10	4432348	DEL	True	True	no_candidate	I2_partly_in_graph_residual_edit	no_candidate	I2_partly_in_graph_residual_edit
8524	chr10	4432348	INS	True	True	no_candidate	I1_allele_fully_in_graph	no_candidate	I2_partly_in_graph_residual_edit
8525	chr10	4437955	INS	True	True	tensor_representative		tensor_representative	
8527	chr10	4959701	INS	True	True	no_candidate	I2_partly_in_graph_residual_edit	no_candidate	I2_partly_in_graph_residual_edit
8532	chr10	5580069	INS	True	True	no_candidate	I1_allele_fully_in_graph	no_candidate	I1_allele_fully_in_graph
8535	chr10	5824844	INS	True	True	tensor_representative		tensor_representative	
8536	chr10	5880175	DEL	True	True	no_candidate	I1_allele_fully_in_graph	no_candidate	I1_allele_fully_in_graph
8537	chr10	6438597	INS	True	True	tensor_representative		tensor_representative	
8539	chr10	6580274	DEL	True	False	no_candidate	I1_allele_fully_in_graph	no_candidate	I2_partly_in_graph_residual_edit
8540	chr10	6582862	INS	True	True	filtered		tensor_non_representative_allele	
8541	chr10	6617323	INS	True	True	no_candidate	I2_partly_in_graph_residual_edit	no_candidate	I2_partly_in_graph_residual_edit
8542	chr10	6628672	DEL	True	True	no_candidate	I1_allele_fully_in_graph	no_candidate	I1_allele_fully_in_graph
8543	chr10	6707373	INS	True	True	tensor_non_representative_allele		no_candidate	I2_partly_in_graph_residual_edit
8545	chr10	6852726	INS	True	False	no_candidate	I2_partly_in_graph_residual_edit	no_candidate	I2_partly_in_graph_residual_edit
8547	chr10	7068862	INS	True	True	tensor_representative		tensor_representative	
8549	chr10	7293404	INS	True	True	tensor_representative		tensor_representative	
8550	chr10	7327135	DEL	True	False	no_candidate	I1_allele_fully_in_graph	no_candidate	I1_allele_fully_in_graph
8551	chr10	7494899	INS	True	True	tensor_representative		tensor_representative	
8552	chr10	7566563	DEL	True	True	tensor_representative		tensor_representative	
8554	chr10	7640148	INS	True	True	no_candidate	I2_partly_in_graph_residual_edit	no_candidate	I2_partly_in_graph_residual_edit
8555	chr10	7671385	INS	True	True	tensor_representative		tensor_representative	
8556	chr10	7923582	INS	True	True	filtered		tensor_representative	
8557	chr10	8006376	INS	True	True	tensor_representative		tensor_representative	
8558	chr10	8138792	DEL	True	True	tensor_representative		tensor_representative	
8559	chr10	8155063	INS	True	True	tensor_non_representative_allele		tensor_non_representative_allele	
8560	chr10	8414084	INS	True	False	no_candidate	I1_allele_fully_in_graph	no_candidate	I1_allele_fully_in_graph
8561	chr10	8493258	DEL	True	True	no_candidate	I1_allele_fully_in_graph	no_candidate	I1_allele_fully_in_graph
8562	chr10	8586960	DEL	True	True	no_candidate	I2_partly_in_graph_residual_edit	no_candidate	I2_partly_in_graph_residual_edit
8563	chr10	8653222	DEL	True	True	tensor_representative		tensor_representative	
8564	chr10	8696437	DEL	True	False	no_candidate	I2_partly_in_graph_residual_edit	filtered	
8565	chr10	8730875	INS	True	True	filtered		filtered	
8567	chr10	8955055	DEL	True	True	no_candidate	I2_partly_in_graph_residual_edit	no_candidate	I2_partly_in_graph_residual_edit
8569	chr10	9009297	INS	True	True	no_candidate	I2_partly_in_graph_residual_edit	no_candidate	I2_partly_in_graph_residual_edit
8571	chr10	9216578	INS	True	True	tensor_representative		tensor_representative	
8572	chr10	9291527	DEL	True	True	tensor_representative		tensor_representative	
8573	chr10	9356559	INS	True	True	tensor_representative		tensor_representative	
8574	chr10	9366218	DEL	True	True	tensor_representative		tensor_representative	
8575	chr10	9439450	INS	True	False	tensor_representative		tensor_representative	
8576	chr10	9470859	INS	True	True	tensor_representative		tensor_representative	
8582	chr10	9957798	DEL	True	True	tensor_representative		tensor_representative	
8584	chr10	10084358	INS	True	True	no_candidate	I1_allele_fully_in_graph	no_candidate	I1_allele_fully_in_graph
8588	chr10	10483214	DEL	True	True	filtered		tensor_non_representative_allele	
8589	chr10	10506670	INS	True	True	no_candidate	I2_partly_in_graph_residual_edit	no_candidate	I2_partly_in_graph_residual_edit
8590	chr10	10795239	DEL	True	True	filtered		filtered	
8594	chr10	11079741	INS	True	True	no_candidate	I1_allele_fully_in_graph	no_candidate	I1_allele_fully_in_graph
8597	chr10	11229598	INS	True	True	no_candidate	I1_allele_fully_in_graph	no_candidate	I1_allele_fully_in_graph
8598	chr10	11555433	INS	True	True	no_candidate	I3_grch38_path_different_edit	no_candidate	I7_unclear
8599	chr10	11555451	INS	True	True	no_candidate	I2_partly_in_graph_residual_edit	no_candidate	I2_partly_in_graph_residual_edit
8600	chr10	11622442	INS	True	True	tensor_representative		tensor_representative	
8602	chr10	11721609	INS	True	True	no_candidate	I1_allele_fully_in_graph	no_candidate	I1_allele_fully_in_graph
8603	chr10	11859008	INS	True	True	filtered		no_candidate	I2_partly_in_graph_residual_edit
8604	chr10	11907582	INS	True	True	tensor_representative		tensor_representative	
8606	chr10	12317222	INS	True	True	tensor_representative		tensor_representative	
8607	chr10	12573831	DEL	True	True	filtered		tensor_non_representative_allele	
8611	chr10	12900522	DEL	True	True	filtered		filtered	
8617	chr10	13992952	INS	True	True	filtered		filtered	
8619	chr10	14126169	INS	True	True	no_candidate	I2_partly_in_graph_residual_edit	no_candidate	I2_partly_in_graph_residual_edit
8620	chr10	14191804	DEL	True	True	no_candidate	I2_partly_in_graph_residual_edit	no_candidate	I1_allele_fully_in_graph
8621	chr10	14218955	DEL	True	False	no_candidate	I1_allele_fully_in_graph	no_candidate	I1_allele_fully_in_graph
8625	chr10	15507958	DEL	True	True	filtered		tensor_representative	
8626	chr10	15532418	DEL	True	True	filtered		filtered	
8627	chr10	15573876	DEL	True	True	tensor_representative		tensor_representative	
8628	chr10	15582238	INS	True	True	tensor_representative		tensor_representative	
8630	chr10	15720865	INS	True	True	no_candidate	I1_allele_fully_in_graph	no_candidate	I1_allele_fully_in_graph
8638	chr10	16304384	INS	True	True	filtered		no_candidate	I2_partly_in_graph_residual_edit
8645	chr10	16946490	DEL	True	True	tensor_representative		tensor_non_representative_allele	
8646	chr10	16949464	INS	True	True	no_candidate	I1_allele_fully_in_graph	no_candidate	I1_allele_fully_in_graph
8647	chr10	17082144	INS	True	True	tensor_representative		tensor_representative	
8649	chr10	17190433	INS	True	True	filtered		no_candidate	I1_allele_fully_in_graph
8652	chr10	17248973	INS	True	True	no_candidate	I1_allele_fully_in_graph	no_candidate	I1_allele_fully_in_graph
8653	chr10	17264342	DEL	True	True	no_candidate	I2_partly_in_graph_residual_edit	no_candidate	I2_partly_in_graph_residual_edit
8654	chr10	17333717	INS	True	True	no_candidate	I2_partly_in_graph_residual_edit	no_candidate	I2_partly_in_graph_residual_edit
8655	chr10	17356389	INS	True	True	filtered		tensor_representative	
8657	chr10	17550997	DEL	True	True	tensor_representative		tensor_representative	
8658	chr10	17560149	INS	True	True	tensor_representative		no_candidate	I1_allele_fully_in_graph
8659	chr10	17796654	INS	True	True	no_candidate	I1_allele_fully_in_graph	no_candidate	I1_allele_fully_in_graph
8660	chr10	17881834	DEL	True	True	no_candidate	I2_partly_in_graph_residual_edit	no_candidate	I2_partly_in_graph_residual_edit
8662	chr10	17977320	DEL	True	True	tensor_representative		tensor_representative	
8665	chr10	18036794	INS	True	True	no_candidate	I2_partly_in_graph_residual_edit	no_candidate	I2_partly_in_graph_residual_edit
8667	chr10	18058949	DEL	True	True	filtered		filtered	
8668	chr10	18074523	DEL	True	True	tensor_representative		tensor_representative	
8673	chr10	18883844	INS	True	True	tensor_representative		tensor_representative	
8676	chr10	19165242	INS	True	True	no_candidate	I2_partly_in_graph_residual_edit	no_candidate	I2_partly_in_graph_residual_edit
8677	chr10	19312378	INS	True	True	no_candidate	I1_allele_fully_in_graph	no_candidate	I1_allele_fully_in_graph
8678	chr10	19327471	DEL	True	True	tensor_representative		tensor_representative	
8679	chr10	19430111	INS	True	True	no_candidate	I2_partly_in_graph_residual_edit	no_candidate	I2_partly_in_graph_residual_edit
8683	chr10	19665884	DEL	True	True	filtered		filtered	
8684	chr10	19670879	DEL	True	True	filtered		filtered	
8686	chr10	19929125	DEL	True	True	tensor_representative		tensor_representative	
8689	chr10	20206572	DEL	True	True	tensor_representative		tensor_representative	
8692	chr10	20230767	DEL	True	True	tensor_representative		tensor_representative	
8693	chr10	20274868	DEL	True	True	tensor_representative		tensor_representative	
8694	chr10	20474260	DEL	True	True	tensor_representative		tensor_non_representative_allele	
8696	chr10	20575982	DEL	True	True	tensor_representative		tensor_representative	
8699	chr10	20662981	INS	True	True	tensor_representative		tensor_representative	
8702	chr10	21413223	DEL	True	True	tensor_representative		tensor_representative	
8703	chr10	21443394	INS	True	True	no_candidate	I1_allele_fully_in_graph	no_candidate	I1_allele_fully_in_graph
8704	chr10	21486285	INS	True	True	filtered		tensor_representative	
8705	chr10	21821843	INS	True	True	tensor_representative		tensor_representative	
8707	chr10	21953821	INS	True	True	tensor_representative		tensor_representative	
8709	chr10	22639359	INS	True	True	filtered		filtered	
8712	chr10	23183589	INS	True	True	tensor_representative		tensor_representative	
8714	chr10	23418250	INS	True	True	filtered		filtered	
8716	chr10	23824649	DEL	True	True	no_candidate	I2_partly_in_graph_residual_edit	filtered	
8718	chr10	23934557	DEL	True	True	no_candidate	I4_no_or_few_alt_reads	no_candidate	I4_no_or_few_alt_reads
8722	chr10	24448250	INS	True	True	no_candidate	I3_grch38_path_different_edit	no_candidate	I3_grch38_path_different_edit
8725	chr10	24927581	INS	True	True	no_candidate	I2_partly_in_graph_residual_edit	no_candidate	I2_partly_in_graph_residual_edit
8726	chr10	24949731	INS	True	True	no_candidate	I3_grch38_path_different_edit	no_candidate	I3_grch38_path_different_edit
8728	chr10	25054461	INS	True	True	no_candidate	I3_grch38_path_different_edit	no_candidate	I3_grch38_path_different_edit
8729	chr10	25273400	INS	True	True	filtered		filtered	
8730	chr10	25411933	DEL	True	True	no_candidate	I1_allele_fully_in_graph	no_candidate	I1_allele_fully_in_graph
8731	chr10	25592903	DEL	True	False	tensor_representative		tensor_representative	
8732	chr10	25686415	DEL	True	True	tensor_representative		tensor_representative	
8733	chr10	25753391	DEL	True	True	no_candidate	I1_allele_fully_in_graph	no_candidate	I1_allele_fully_in_graph
8735	chr10	26077233	INS	True	True	no_candidate	I1_allele_fully_in_graph	no_candidate	I1_allele_fully_in_graph
8736	chr10	26145179	DEL	True	True	filtered		tensor_non_representative_allele	
8737	chr10	26250877	DEL	True	True	tensor_representative		tensor_representative	
8738	chr10	26483092	DEL	True	True	filtered		filtered	
8739	chr10	26564036	INS	True	True	no_candidate	I2_partly_in_graph_residual_edit	no_candidate	I2_partly_in_graph_residual_edit
8743	chr10	26791466	DEL	True	True	tensor_representative		tensor_representative	
8744	chr10	26821799	INS	True	True	tensor_representative		tensor_representative	
8745	chr10	26853234	INS	True	True	no_candidate	I1_allele_fully_in_graph	no_candidate	I1_allele_fully_in_graph
8746	chr10	26889384	INS	True	True	no_candidate	I1_allele_fully_in_graph	no_candidate	I1_allele_fully_in_graph
8750	chr10	27798804	INS	True	True	no_candidate	I2_partly_in_graph_residual_edit	no_candidate	I2_partly_in_graph_residual_edit
8752	chr10	27926004	DEL	True	True	tensor_representative		tensor_representative	
8754	chr10	28622425	INS	True	True	filtered		no_candidate	I2_partly_in_graph_residual_edit
8755	chr10	28628000	INS	True	True	filtered		filtered	
8757	chr10	28753354	INS	True	True	filtered		no_candidate	I1_allele_fully_in_graph
8758	chr10	28797712	INS	True	True	no_candidate	I3_grch38_path_different_edit	no_candidate	I3_grch38_path_different_edit
8761	chr10	30252774	INS	True	True	filtered		filtered	
8764	chr10	30405519	DEL	True	True	no_candidate	I7_unclear	no_candidate	I7_unclear
8766	chr10	30591959	DEL	True	True	tensor_representative		tensor_representative	
8767	chr10	30874103	INS	True	True	no_candidate	I2_partly_in_graph_residual_edit	no_candidate	I2_partly_in_graph_residual_edit
8769	chr10	32064471	DEL	True	True	tensor_representative		tensor_representative	
8773	chr10	32603585	INS	True	True	filtered		no_candidate	I2_partly_in_graph_residual_edit
8774	chr10	32645503	DEL	True	True	no_candidate	I1_allele_fully_in_graph	no_candidate	I1_allele_fully_in_graph
8776	chr10	33237487	INS	True	True	no_candidate	I1_allele_fully_in_graph	no_candidate	I1_allele_fully_in_graph
8778	chr10	33625576	INS	True	True	tensor_representative		tensor_representative	
8781	chr10	34050742	DEL	True	True	tensor_representative		tensor_representative	
8782	chr10	34233017	INS	True	True	filtered		filtered	
8786	chr10	35878926	INS	True	True	no_candidate	I1_allele_fully_in_graph	no_candidate	I1_allele_fully_in_graph
8787	chr10	36004425	DEL	True	True	no_candidate	I2_partly_in_graph_residual_edit	no_candidate	I2_partly_in_graph_residual_edit
8790	chr10	36284474	DEL	True	True	tensor_representative		tensor_representative	
8791	chr10	36417745	DEL	True	True	tensor_representative		tensor_representative	
8794	chr10	36543026	INS	True	True	no_candidate	I1_allele_fully_in_graph	no_candidate	I1_allele_fully_in_graph
8795	chr10	36628539	DEL	True	True	no_candidate	I1_allele_fully_in_graph	no_candidate	I1_allele_fully_in_graph
8797	chr10	36709366	DEL	True	True	tensor_representative		tensor_representative	
8799	chr10	36775522	DEL	True	True	no_candidate	I1_allele_fully_in_graph	no_candidate	I1_allele_fully_in_graph
8800	chr10	36832417	INS	True	True	no_candidate	I2_partly_in_graph_residual_edit	no_candidate	I2_partly_in_graph_residual_edit
8801	chr10	36917828	DEL	True	True	filtered		filtered	
8802	chr10	36941676	DEL	True	True	no_candidate	I1_allele_fully_in_graph	no_candidate	I1_allele_fully_in_graph
8807	chr10	37266625	INS	True	True	filtered		filtered	
8809	chr10	37660200	DEL	True	True	tensor_representative		tensor_representative	
8811	chr10	37994973	DEL	True	True	tensor_representative		tensor_representative	
8812	chr10	38089110	INS	True	True	tensor_representative		tensor_representative	
8816	chr10	38902915	DEL	True	True	tensor_representative		tensor_representative	
8817	chr10	38902952	DEL	True	True	tensor_representative		tensor_representative	
8820	chr10	39475330	INS	True	True	filtered		filtered	
8822	chr10	42333379	INS	True	True	no_candidate	I2_partly_in_graph_residual_edit	no_candidate	I2_partly_in_graph_residual_edit
8823	chr10	42371430	INS	True	True	tensor_representative		tensor_representative	
8824	chr10	42674368	INS	True	True	tensor_representative		tensor_representative	
8829	chr10	43549752	INS	True	True	tensor_representative		tensor_representative	
8832	chr10	43770039	DEL	True	True	tensor_representative		tensor_representative	
8835	chr10	44003038	INS	True	True	no_candidate	I1_allele_fully_in_graph	filtered	
8836	chr10	44003049	INS	True	True	no_candidate	I1_allele_fully_in_graph	no_candidate	I1_allele_fully_in_graph
8842	chr10	45873844	DEL	True	True	tensor_representative		tensor_representative	
8843	chr10	46049720	INS	True	True	filtered		no_candidate	I2_partly_in_graph_residual_edit
8844	chr10	46059805	INS	True	True	no_candidate	I2_partly_in_graph_residual_edit	no_candidate	I2_partly_in_graph_residual_edit
8846	chr10	47159033	DEL	True	True	tensor_representative		tensor_representative	
8847	chr10	47208881	INS	True	True	tensor_representative		tensor_representative	
8850	chr10	47702343	INS	True	True	no_candidate	I5_low_mapq_or_no_reads	no_candidate	I5_low_mapq_or_no_reads
8851	chr10	47738579	DEL	True	True	no_candidate	I5_low_mapq_or_no_reads	no_candidate	I5_low_mapq_or_no_reads
8853	chr10	48036165	INS	True	True	no_candidate	I5_low_mapq_or_no_reads	no_candidate	I5_low_mapq_or_no_reads
8855	chr10	48356841	DEL	True	True	no_candidate	I1_allele_fully_in_graph	no_candidate	I1_allele_fully_in_graph
8860	chr10	48870556	INS	True	True	tensor_representative		tensor_representative	
8862	chr10	49204326	INS	True	True	filtered		filtered	
8863	chr10	49261260	DEL	True	True	filtered		filtered	
8865	chr10	50030559	INS	True	True	no_candidate	I2_partly_in_graph_residual_edit	no_candidate	I2_partly_in_graph_residual_edit
8868	chr10	50647123	DEL	True	True	no_candidate	I2_partly_in_graph_residual_edit	no_candidate	I2_partly_in_graph_residual_edit
8869	chr10	50840229	DEL	True	True	tensor_representative		tensor_representative	
8870	chr10	50966093	INS	True	True	no_candidate	I2_partly_in_graph_residual_edit	no_candidate	I2_partly_in_graph_residual_edit
8873	chr10	51516429	DEL	True	True	tensor_representative		tensor_representative	
8876	chr10	51647150	DEL	True	True	filtered		tensor_representative	
8880	chr10	52750146	INS	True	True	tensor_representative		tensor_representative	
8882	chr10	52939089	INS	True	True	no_candidate	I2_partly_in_graph_residual_edit	no_candidate	I2_partly_in_graph_residual_edit
8884	chr10	53322222	INS	True	True	no_candidate	I2_partly_in_graph_residual_edit	no_candidate	I2_partly_in_graph_residual_edit
8885	chr10	53381151	INS	True	True	filtered		no_candidate	I2_partly_in_graph_residual_edit
8888	chr10	53478626	INS	True	True	filtered		no_candidate	I1_allele_fully_in_graph
8889	chr10	53511169	DEL	True	True	filtered		filtered	
8891	chr10	53626869	INS	True	False	no_candidate	I1_allele_fully_in_graph	no_candidate	I1_allele_fully_in_graph
8892	chr10	53639326	INS	True	True	no_candidate	I2_partly_in_graph_residual_edit	no_candidate	I2_partly_in_graph_residual_edit
8893	chr10	53641919	DEL	True	True	no_candidate	I1_allele_fully_in_graph	no_candidate	I2_partly_in_graph_residual_edit
8895	chr10	53724396	INS	True	True	no_candidate	I2_partly_in_graph_residual_edit	no_candidate	I2_partly_in_graph_residual_edit
8896	chr10	53755074	INS	True	True	filtered		filtered	
8897	chr10	53984148	DEL	True	True	tensor_representative		tensor_representative	
8902	chr10	54506937	INS	True	True	tensor_representative		tensor_representative	
8903	chr10	54551154	DEL	True	True	tensor_representative		tensor_representative	
8904	chr10	54551154	INS	True	True	no_candidate	I2_partly_in_graph_residual_edit	no_candidate	I2_partly_in_graph_residual_edit
8905	chr10	54578636	DEL	True	True	tensor_representative		tensor_representative	
8906	chr10	54585614	DEL	True	True	filtered		tensor_non_representative_allele	
8907	chr10	54655428	DEL	True	True	filtered		filtered	
8908	chr10	54661542	INS	True	True	tensor_representative		tensor_representative	
8909	chr10	54690310	DEL	True	True	tensor_representative		tensor_representative	
8912	chr10	54877936	DEL	True	True	no_candidate	I2_partly_in_graph_residual_edit	filtered	
8914	chr10	55120128	DEL	True	True	tensor_representative		tensor_representative	
8919	chr10	55336124	INS	True	True	filtered		no_candidate	I1_allele_fully_in_graph
8920	chr10	55385693	INS	True	True	no_candidate	I2_partly_in_graph_residual_edit	no_candidate	I2_partly_in_graph_residual_edit
8921	chr10	55405283	INS	True	True	no_candidate	I2_partly_in_graph_residual_edit	no_candidate	I2_partly_in_graph_residual_edit
8925	chr10	55642202	INS	True	True	filtered		no_candidate	I1_allele_fully_in_graph
8928	chr10	55854872	INS	True	True	no_candidate	I2_partly_in_graph_residual_edit	no_candidate	I2_partly_in_graph_residual_edit
8930	chr10	55953998	INS	True	True	filtered		filtered	
8935	chr10	56080680	INS	True	True	no_candidate	I2_partly_in_graph_residual_edit	no_candidate	I2_partly_in_graph_residual_edit
8938	chr10	56308825	DEL	True	True	tensor_representative		tensor_representative	
8939	chr10	56503566	DEL	True	True	tensor_representative		tensor_representative	
8942	chr10	56650053	DEL	True	True	filtered		filtered	
8945	chr10	57254662	INS	True	True	tensor_representative		tensor_representative	
8946	chr10	57261755	DEL	True	True	tensor_representative		tensor_representative	
8948	chr10	57425494	INS	True	True	no_candidate	I1_allele_fully_in_graph	no_candidate	I1_allele_fully_in_graph
8951	chr10	58163834	INS	True	True	no_candidate	I2_partly_in_graph_residual_edit	no_candidate	I2_partly_in_graph_residual_edit
8952	chr10	58383647	DEL	True	True	tensor_representative		tensor_representative	
8954	chr10	58542167	DEL	True	True	tensor_representative		tensor_representative	
8955	chr10	58555306	DEL	True	True	filtered		tensor_representative	
8956	chr10	58892718	DEL	True	True	tensor_representative		tensor_representative	
8957	chr10	59122220	INS	True	True	filtered		filtered	
8958	chr10	59416569	DEL	True	True	filtered		filtered	
8960	chr10	59958674	INS	True	True	tensor_representative		tensor_representative	
8961	chr10	60227159	DEL	True	True	tensor_representative		tensor_representative	
8963	chr10	60652693	INS	True	True	filtered		tensor_non_representative_allele	
8964	chr10	60859884	INS	True	True	no_candidate	I2_partly_in_graph_residual_edit	no_candidate	I2_partly_in_graph_residual_edit
8965	chr10	61061409	INS	True	True	filtered		filtered	
8966	chr10	61242392	INS	True	True	filtered		no_candidate	I2_partly_in_graph_residual_edit
8968	chr10	61417465	INS	True	True	filtered		no_candidate	I1_allele_fully_in_graph
8970	chr10	61648614	DEL	True	True	no_candidate	I2_partly_in_graph_residual_edit	no_candidate	I2_partly_in_graph_residual_edit
8978	chr10	62820315	INS	True	True	tensor_representative		tensor_representative	
8980	chr10	62889771	DEL	True	True	no_candidate	I1_allele_fully_in_graph	no_candidate	I1_allele_fully_in_graph
8982	chr10	63040732	DEL	True	True	no_candidate	I2_partly_in_graph_residual_edit	no_candidate	I2_partly_in_graph_residual_edit
8983	chr10	63050142	DEL	True	True	no_candidate	I1_allele_fully_in_graph	no_candidate	I1_allele_fully_in_graph
8984	chr10	63343377	INS	True	True	tensor_representative		tensor_representative	
8987	chr10	63714202	INS	True	True	filtered		tensor_representative	
8990	chr10	64173629	DEL	True	False	filtered		tensor_representative	
8995	chr10	64671343	INS	True	True	no_candidate	I2_partly_in_graph_residual_edit	no_candidate	I2_partly_in_graph_residual_edit
8996	chr10	64777958	DEL	True	True	tensor_representative		tensor_representative	
8998	chr10	64829017	INS	True	True	tensor_representative		tensor_representative	
9003	chr10	65127609	DEL	True	True	filtered		filtered	
9005	chr10	65266701	DEL	True	True	tensor_representative		tensor_representative	
9006	chr10	65353741	INS	True	True	tensor_representative		tensor_representative	
9008	chr10	65555929	INS	True	True	no_candidate	I1_allele_fully_in_graph	no_candidate	I1_allele_fully_in_graph
9009	chr10	65677787	INS	True	True	tensor_representative		tensor_representative	
9012	chr10	65950397	DEL	True	True	tensor_representative		tensor_representative	
9013	chr10	65970988	INS	True	True	tensor_representative		tensor_representative	
9015	chr10	66130426	DEL	True	True	tensor_representative		tensor_representative	
9016	chr10	66171270	DEL	True	True	tensor_representative		tensor_representative	
9023	chr10	66972700	DEL	True	True	no_candidate	I2_partly_in_graph_residual_edit	no_candidate	I2_partly_in_graph_residual_edit
9024	chr10	67237122	DEL	True	True	no_candidate	I1_allele_fully_in_graph	no_candidate	I1_allele_fully_in_graph
9034	chr10	67720129	INS	True	False	no_candidate	I2_partly_in_graph_residual_edit	no_candidate	I2_partly_in_graph_residual_edit
9035	chr10	67725179	INS	True	False	tensor_representative		tensor_representative	
9037	chr10	68876119	INS	True	True	tensor_representative		tensor_representative	
9039	chr10	69079545	INS	True	True	no_candidate	I2_partly_in_graph_residual_edit	no_candidate	I2_partly_in_graph_residual_edit
9044	chr10	69764341	INS	True	True	tensor_representative		tensor_representative	
9045	chr10	70002033	INS	True	True	tensor_representative		tensor_representative	
9046	chr10	70016009	INS	True	True	tensor_representative		tensor_representative	
9051	chr10	70568398	INS	True	True	no_candidate	I2_partly_in_graph_residual_edit	no_candidate	I2_partly_in_graph_residual_edit
9052	chr10	70639031	DEL	True	True	filtered		filtered	
9053	chr10	71199658	DEL	True	True	filtered		tensor_representative	
9055	chr10	71310402	DEL	True	True	no_candidate	I3_grch38_path_different_edit	tensor_representative	
9063	chr10	72257850	INS	True	True	no_candidate	I1_allele_fully_in_graph	no_candidate	I1_allele_fully_in_graph
9064	chr10	72352884	DEL	True	True	tensor_representative		tensor_representative	
9065	chr10	72495655	INS	True	False	tensor_representative		tensor_representative	
9066	chr10	72500298	DEL	True	True	no_candidate	I3_grch38_path_different_edit	tensor_representative	
9067	chr10	73190241	INS	True	True	tensor_representative		tensor_representative	
9072	chr10	74192527	INS	True	True	filtered		filtered	
9073	chr10	74356824	DEL	True	True	tensor_representative		tensor_representative	
9075	chr10	74512402	INS	True	False	filtered		filtered	
9076	chr10	74737668	DEL	True	True	no_candidate	I1_allele_fully_in_graph	no_candidate	I1_allele_fully_in_graph
9080	chr10	75241114	INS	True	True	tensor_representative		tensor_representative	
9082	chr10	75274908	INS	True	True	no_candidate	I2_partly_in_graph_residual_edit	no_candidate	I2_partly_in_graph_residual_edit
9084	chr10	75897817	INS	True	True	filtered		no_candidate	I2_partly_in_graph_residual_edit
9085	chr10	75900506	DEL	True	True	tensor_representative		tensor_representative	
9087	chr10	76118840	INS	True	True	tensor_representative		tensor_representative	
9088	chr10	76224667	INS	True	True	filtered		filtered	
9090	chr10	76560198	INS	True	True	tensor_representative		tensor_representative	
9092	chr10	76911204	INS	True	True	tensor_representative		tensor_representative	
9093	chr10	77079553	INS	True	True	tensor_representative		tensor_representative	
9094	chr10	77198568	INS	True	True	filtered		filtered	
9096	chr10	77427821	DEL	True	True	tensor_representative		tensor_representative	
9097	chr10	77616805	INS	True	True	tensor_representative		tensor_representative	
9099	chr10	77947424	DEL	True	True	tensor_representative		tensor_representative	
9105	chr10	78528435	INS	True	True	no_candidate	I2_partly_in_graph_residual_edit	filtered	
9108	chr10	79539889	INS	True	True	tensor_representative		tensor_representative	
9112	chr10	80028752	INS	True	True	filtered		filtered	
9116	chr10	80612198	INS	True	True	no_candidate	I1_allele_fully_in_graph	no_candidate	I1_allele_fully_in_graph
9118	chr10	80748873	INS	True	True	tensor_representative		tensor_representative	
9119	chr10	80826007	DEL	True	True	no_candidate	I1_allele_fully_in_graph	no_candidate	I2_partly_in_graph_residual_edit
9120	chr10	80843009	DEL	True	True	no_candidate	I2_partly_in_graph_residual_edit	no_candidate	I2_partly_in_graph_residual_edit
9121	chr10	80872578	INS	True	True	no_candidate	I2_partly_in_graph_residual_edit	no_candidate	I2_partly_in_graph_residual_edit
9123	chr10	81056289	INS	True	True	tensor_representative		tensor_representative	
9124	chr10	81189450	DEL	True	True	tensor_representative		tensor_representative	
9125	chr10	81196201	DEL	True	True	tensor_representative		tensor_representative	
9127	chr10	81347513	DEL	True	True	no_candidate	I2_partly_in_graph_residual_edit	filtered	
9128	chr10	81360184	INS	True	True	no_candidate	I7_unclear	no_candidate	I3_grch38_path_different_edit
9130	chr10	81369837	DEL	True	True	tensor_representative		tensor_representative	
9132	chr10	81405870	DEL	True	True	tensor_representative		tensor_representative	
9133	chr10	81449434	INS	True	True	tensor_representative		tensor_representative	
9134	chr10	81464930	DEL	True	True	filtered		tensor_representative	
9136	chr10	81650194	INS	True	True	filtered		no_candidate	I1_allele_fully_in_graph
9137	chr10	81775039	INS	True	True	filtered		filtered	
9138	chr10	81806414	DEL	True	True	filtered		tensor_non_representative_allele	
9141	chr10	82588503	INS	True	True	tensor_representative		tensor_representative	
9151	chr10	83521187	DEL	True	True	no_candidate	I2_partly_in_graph_residual_edit	no_candidate	I2_partly_in_graph_residual_edit
9152	chr10	83547355	DEL	True	True	filtered		tensor_representative	
9153	chr10	83576340	DEL	True	True	tensor_representative		tensor_representative	
9154	chr10	83681958	DEL	True	True	tensor_representative		tensor_representative	
9156	chr10	83764882	DEL	True	True	tensor_representative		tensor_representative	
9161	chr10	84524673	INS	True	True	tensor_representative		tensor_representative	
9162	chr10	84533459	INS	True	True	tensor_representative		tensor_representative	
9164	chr10	84811030	DEL	True	True	tensor_representative		tensor_representative	
9165	chr10	84863779	INS	True	True	filtered		filtered	
9166	chr10	84922554	INS	True	True	no_candidate	I4_no_or_few_alt_reads	no_candidate	I4_no_or_few_alt_reads
9167	chr10	84927386	DEL	True	True	tensor_non_representative_allele		tensor_non_representative_allele	
9168	chr10	84949178	INS	True	True	filtered		no_candidate	I1_allele_fully_in_graph
9169	chr10	85097463	INS	True	True	tensor_representative		tensor_representative	
9172	chr10	85350066	DEL	True	True	tensor_representative		tensor_representative	
9173	chr10	85370165	INS	True	True	tensor_representative		tensor_representative	
9177	chr10	85797609	DEL	True	True	tensor_representative		tensor_representative	
9178	chr10	86163408	DEL	True	True	filtered		filtered	
9180	chr10	86564051	DEL	True	True	tensor_representative		tensor_representative	
9181	chr10	86578131	DEL	True	True	no_candidate	I2_partly_in_graph_residual_edit	tensor_non_representative_allele	
9183	chr10	86658048	DEL	True	True	tensor_representative		tensor_representative	
9185	chr10	86975786	DEL	True	True	tensor_representative		tensor_representative	
9189	chr10	87673689	INS	True	True	filtered		no_candidate	I2_partly_in_graph_residual_edit
9190	chr10	87809531	INS	True	True	tensor_representative		tensor_representative	
9193	chr10	88470617	INS	True	True	filtered		no_candidate	I1_allele_fully_in_graph
9200	chr10	89967400	INS	True	True	tensor_representative		tensor_representative	
9202	chr10	90201194	DEL	True	True	no_candidate	I1_allele_fully_in_graph	no_candidate	I1_allele_fully_in_graph
9204	chr10	90211783	INS	True	True	no_candidate	I2_partly_in_graph_residual_edit	no_candidate	I2_partly_in_graph_residual_edit
9210	chr10	90912291	INS	True	False	no_candidate	I2_partly_in_graph_residual_edit	no_candidate	I2_partly_in_graph_residual_edit
9211	chr10	90955767	DEL	True	True	no_candidate	I2_partly_in_graph_residual_edit	no_candidate	I2_partly_in_graph_residual_edit
9212	chr10	91173578	INS	True	True	no_candidate	I2_partly_in_graph_residual_edit	no_candidate	I2_partly_in_graph_residual_edit
9214	chr10	91355754	INS	True	True	filtered		filtered	
9215	chr10	91392900	INS	True	True	tensor_representative		tensor_representative	
9216	chr10	91677776	INS	True	True	filtered		filtered	
9222	chr10	91959718	INS	True	True	no_candidate	I1_allele_fully_in_graph	no_candidate	I1_allele_fully_in_graph
9223	chr10	92106814	INS	True	True	filtered		filtered	
9224	chr10	92295878	INS	True	True	tensor_representative		tensor_representative	
9225	chr10	92298982	INS	True	True	tensor_representative		tensor_representative	
9227	chr10	92445033	DEL	True	True	no_candidate	I1_allele_fully_in_graph	no_candidate	I1_allele_fully_in_graph
9230	chr10	93633480	DEL	True	True	tensor_representative		tensor_representative	
9231	chr10	93806406	DEL	True	True	no_candidate	I3_grch38_path_different_edit	tensor_representative	
9235	chr10	95001546	DEL	True	True	no_candidate	I1_allele_fully_in_graph	no_candidate	I1_allele_fully_in_graph
9236	chr10	95193824	INS	True	True	filtered		tensor_non_representative_allele	
9237	chr10	95313064	DEL	True	True	tensor_representative		tensor_representative	
9240	chr10	96055336	DEL	True	True	tensor_representative		tensor_representative	
9242	chr10	96459704	DEL	True	True	no_candidate	I1_allele_fully_in_graph	no_candidate	I1_allele_fully_in_graph
9243	chr10	96476240	INS	True	True	no_candidate	I2_partly_in_graph_residual_edit	no_candidate	I2_partly_in_graph_residual_edit
9244	chr10	96641127	INS	True	True	no_candidate	I4_no_or_few_alt_reads	no_candidate	I4_no_or_few_alt_reads
9246	chr10	96714174	DEL	True	True	tensor_representative		tensor_representative	
9247	chr10	96819231	INS	True	True	tensor_representative		tensor_representative	
9249	chr10	97100632	INS	True	True	no_candidate	I2_partly_in_graph_residual_edit	no_candidate	I2_partly_in_graph_residual_edit
9250	chr10	97102422	INS	True	True	filtered		filtered	
9252	chr10	97527171	INS	True	True	no_candidate	I1_allele_fully_in_graph	no_candidate	I1_allele_fully_in_graph
9255	chr10	98069563	DEL	True	True	no_candidate	I2_partly_in_graph_residual_edit	no_candidate	I2_partly_in_graph_residual_edit
9258	chr10	98656082	DEL	True	True	tensor_representative		tensor_representative	
9259	chr10	99195846	DEL	True	True	tensor_representative		tensor_representative	
9262	chr10	99244568	INS	True	True	no_candidate	I1_allele_fully_in_graph	no_candidate	I1_allele_fully_in_graph
9263	chr10	99448442	INS	True	True	tensor_representative		tensor_representative	
9264	chr10	99529579	INS	True	True	no_candidate	I1_allele_fully_in_graph	no_candidate	I1_allele_fully_in_graph
9266	chr10	99602367	INS	True	True	no_candidate	I2_partly_in_graph_residual_edit	no_candidate	I2_partly_in_graph_residual_edit
9267	chr10	99678776	INS	True	True	filtered		filtered	
9268	chr10	99862812	DEL	True	True	filtered		no_candidate	I1_allele_fully_in_graph
9269	chr10	100105539	INS	True	True	filtered		filtered	
9271	chr10	100494825	DEL	True	True	filtered		tensor_representative	
9272	chr10	100582403	INS	True	True	tensor_representative		tensor_representative	
9273	chr10	100633240	INS	True	True	tensor_representative		tensor_representative	
9274	chr10	100640736	INS	True	True	tensor_non_representative_allele		tensor_non_representative_allele	
9275	chr10	100704799	INS	True	True	tensor_representative		tensor_representative	
9282	chr10	101486443	DEL	True	True	tensor_representative		tensor_representative	
9283	chr10	102070798	DEL	True	True	tensor_representative		tensor_representative	
9284	chr10	102430160	INS	True	True	no_candidate	I3_grch38_path_different_edit	no_candidate	I3_grch38_path_different_edit
9289	chr10	103286335	INS	True	True	filtered		filtered	
9290	chr10	103533543	INS	True	True	tensor_representative		tensor_representative	
9294	chr10	104491913	INS	True	True	no_candidate	I3_grch38_path_different_edit	no_candidate	I3_grch38_path_different_edit
9296	chr10	104565092	DEL	True	True	tensor_representative		tensor_representative	
9297	chr10	104619210	DEL	True	True	filtered		tensor_representative	
9299	chr10	104684779	DEL	True	False	no_candidate	I2_partly_in_graph_residual_edit	no_candidate	I2_partly_in_graph_residual_edit
9300	chr10	104733520	DEL	True	True	no_candidate	I1_allele_fully_in_graph	no_candidate	I1_allele_fully_in_graph
9303	chr10	104977730	INS	True	True	filtered		filtered	
9307	chr10	105390175	DEL	True	True	filtered		filtered	
9308	chr10	105437501	INS	True	True	tensor_representative		tensor_representative	
9312	chr10	105631329	DEL	True	True	tensor_representative		tensor_representative	
9316	chr10	105845732	DEL	True	True	tensor_representative		tensor_representative	
9320	chr10	106167989	DEL	True	True	no_candidate	I2_partly_in_graph_residual_edit	no_candidate	I1_allele_fully_in_graph
9321	chr10	106306997	INS	True	True	tensor_representative		tensor_representative	
9322	chr10	106362031	INS	True	True	tensor_representative		tensor_representative	
9324	chr10	106478358	INS	True	True	tensor_representative		tensor_representative	
9328	chr10	106617505	INS	True	True	tensor_representative		tensor_representative	
9329	chr10	106669363	DEL	True	True	tensor_representative		tensor_representative	
9330	chr10	106733107	INS	True	True	no_candidate	I1_allele_fully_in_graph	no_candidate	I2_partly_in_graph_residual_edit
9333	chr10	106995313	INS	True	True	no_candidate	I1_allele_fully_in_graph	no_candidate	I1_allele_fully_in_graph
9334	chr10	107041404	DEL	True	True	filtered		filtered	
9336	chr10	107067296	DEL	True	True	tensor_representative		tensor_representative	
9338	chr10	107264795	INS	True	True	filtered		no_candidate	I1_allele_fully_in_graph
9340	chr10	107397416	DEL	True	True	tensor_representative		tensor_representative	
9342	chr10	107583027	INS	True	True	tensor_representative		tensor_representative	
9343	chr10	107729256	INS	True	True	tensor_representative		tensor_representative	
9346	chr10	107834039	INS	True	True	no_candidate	I1_allele_fully_in_graph	no_candidate	I1_allele_fully_in_graph
9347	chr10	107893517	INS	True	True	no_candidate	I3_grch38_path_different_edit	no_candidate	I3_grch38_path_different_edit
9348	chr10	107933808	DEL	True	True	tensor_representative		tensor_representative	
9349	chr10	107961678	INS	True	True	filtered		filtered	
9350	chr10	108105036	DEL	True	True	tensor_representative		tensor_representative	
9353	chr10	108587163	DEL	True	True	no_candidate	I2_partly_in_graph_residual_edit	tensor_non_representative_allele	
9354	chr10	108709499	INS	True	True	no_candidate	I1_allele_fully_in_graph	no_candidate	I1_allele_fully_in_graph
9356	chr10	109116159	INS	True	True	no_candidate	I1_allele_fully_in_graph	no_candidate	I2_partly_in_graph_residual_edit
9357	chr10	109123519	INS	True	True	filtered		filtered	
9358	chr10	109250638	DEL	True	True	no_candidate	I2_partly_in_graph_residual_edit	no_candidate	I2_partly_in_graph_residual_edit
9359	chr10	109280119	DEL	True	True	filtered		tensor_representative	
9362	chr10	109357080	INS	True	True	tensor_representative		tensor_representative	
9363	chr10	109399382	INS	True	True	tensor_representative		tensor_representative	
9364	chr10	109707526	DEL	True	True	filtered		filtered	
9365	chr10	110065539	INS	True	False	no_candidate	I2_partly_in_graph_residual_edit	no_candidate	I2_partly_in_graph_residual_edit
9366	chr10	110452053	INS	True	True	tensor_representative		tensor_representative	
9370	chr10	111012433	INS	True	True	tensor_representative		tensor_representative	
9372	chr10	111260680	INS	True	True	no_candidate	I1_allele_fully_in_graph	no_candidate	I2_partly_in_graph_residual_edit
9373	chr10	111286469	INS	True	True	no_candidate	I2_partly_in_graph_residual_edit	no_candidate	I2_partly_in_graph_residual_edit
9375	chr10	111333405	INS	True	True	tensor_representative		tensor_representative	
9379	chr10	111973647	INS	True	False	no_candidate	I1_allele_fully_in_graph	no_candidate	I1_allele_fully_in_graph
9381	chr10	112182008	INS	True	True	tensor_representative		tensor_representative	
9383	chr10	112471367	INS	True	True	filtered		filtered	
9384	chr10	112496185	DEL	True	False	no_candidate	I1_allele_fully_in_graph	no_candidate	I1_allele_fully_in_graph
9385	chr10	112576019	INS	True	True	no_candidate	I1_allele_fully_in_graph	no_candidate	I1_allele_fully_in_graph
9386	chr10	112736109	INS	True	True	no_candidate	I1_allele_fully_in_graph	no_candidate	I2_partly_in_graph_residual_edit
9389	chr10	113637006	DEL	True	True	no_candidate	I1_allele_fully_in_graph	no_candidate	I1_allele_fully_in_graph
9391	chr10	113948657	DEL	True	True	no_candidate	I1_allele_fully_in_graph	no_candidate	I1_allele_fully_in_graph
9392	chr10	113948681	DEL	True	True	no_candidate	I7_unclear	no_candidate	I7_unclear
9393	chr10	114089637	INS	True	True	tensor_representative		tensor_representative	
9394	chr10	114865807	INS	True	True	filtered		no_candidate	I2_partly_in_graph_residual_edit
9398	chr10	115076302	INS	True	True	tensor_representative		tensor_representative	
9399	chr10	115350342	DEL	True	True	no_candidate	I2_partly_in_graph_residual_edit	no_candidate	I2_partly_in_graph_residual_edit
9403	chr10	115654219	DEL	True	True	tensor_representative		tensor_representative	
9404	chr10	115774425	DEL	True	False	no_candidate	I1_allele_fully_in_graph	no_candidate	I1_allele_fully_in_graph
9405	chr10	115864271	DEL	True	True	tensor_representative		tensor_representative	
9406	chr10	115901743	DEL	True	True	tensor_representative		tensor_non_representative_allele	
9407	chr10	116071857	INS	True	True	tensor_representative		tensor_representative	
9409	chr10	116166780	DEL	True	True	filtered		filtered	
9410	chr10	116206622	INS	True	True	no_candidate	I2_partly_in_graph_residual_edit	no_candidate	I2_partly_in_graph_residual_edit
9411	chr10	116228980	INS	True	True	no_candidate	I1_allele_fully_in_graph	no_candidate	I1_allele_fully_in_graph
9415	chr10	117085918	INS	True	True	tensor_representative		tensor_representative	
9417	chr10	117258766	DEL	True	True	no_candidate	I1_allele_fully_in_graph	no_candidate	I1_allele_fully_in_graph
9419	chr10	117646812	INS	True	True	tensor_representative		tensor_representative	
9421	chr10	118391177	INS	True	True	tensor_representative		tensor_representative	
9422	chr10	118791838	INS	True	True	tensor_representative		tensor_representative	
9423	chr10	119070012	INS	True	True	tensor_representative		tensor_representative	
9425	chr10	119161437	INS	True	True	filtered		no_candidate	I1_allele_fully_in_graph
9426	chr10	119882021	INS	True	True	tensor_representative		tensor_representative	
9428	chr10	120083369	INS	True	True	no_candidate	I1_allele_fully_in_graph	no_candidate	I1_allele_fully_in_graph
9429	chr10	120123648	INS	True	True	no_candidate	I2_partly_in_graph_residual_edit	no_candidate	I2_partly_in_graph_residual_edit
9432	chr10	120701028	INS	True	True	filtered		no_candidate	I2_partly_in_graph_residual_edit
9433	chr10	120705945	INS	True	True	tensor_representative		tensor_representative	
9435	chr10	121125264	INS	True	True	no_candidate	I1_allele_fully_in_graph	no_candidate	I1_allele_fully_in_graph
9436	chr10	121604703	INS	True	True	no_candidate	I1_allele_fully_in_graph	no_candidate	I1_allele_fully_in_graph
9438	chr10	122006859	DEL	True	True	tensor_representative		tensor_representative	
9439	chr10	122008246	INS	True	True	no_candidate	I2_partly_in_graph_residual_edit	no_candidate	I2_partly_in_graph_residual_edit
9443	chr10	122445944	DEL	True	True	tensor_representative		tensor_representative	
9445	chr10	122496777	DEL	True	True	tensor_representative		tensor_representative	
9446	chr10	122513628	DEL	True	True	no_candidate	I1_allele_fully_in_graph	no_candidate	I1_allele_fully_in_graph
9450	chr10	123353078	DEL	True	True	filtered		filtered	
9452	chr10	123536728	DEL	True	True	no_candidate	I3_grch38_path_different_edit	tensor_representative	
9454	chr10	123552082	INS	True	True	filtered		filtered	
9458	chr10	123878296	DEL	True	True	no_candidate	I1_allele_fully_in_graph	no_candidate	I1_allele_fully_in_graph
9466	chr10	125373352	DEL	True	True	tensor_non_representative_allele		filtered	
9470	chr10	126532842	INS	True	True	no_candidate	I2_partly_in_graph_residual_edit	no_candidate	I2_partly_in_graph_residual_edit
9471	chr10	126549744	INS	True	True	no_candidate	I1_allele_fully_in_graph	no_candidate	I1_allele_fully_in_graph
9473	chr10	126696215	DEL	True	True	no_candidate	I4_no_or_few_alt_reads	no_candidate	I4_no_or_few_alt_reads
9474	chr10	126696262	INS	True	True	no_candidate	I4_no_or_few_alt_reads	no_candidate	I4_no_or_few_alt_reads
9475	chr10	126714230	INS	True	True	filtered		filtered	
9476	chr10	126757518	DEL	True	False	tensor_representative		tensor_representative	
9477	chr10	126789713	DEL	True	True	tensor_representative		tensor_representative	
9479	chr10	127076345	INS	True	True	tensor_representative		tensor_representative	
9480	chr10	127158832	DEL	True	True	tensor_representative		tensor_representative	
9486	chr10	128129525	INS	True	True	tensor_representative		tensor_representative	
9489	chr10	128267040	INS	True	True	no_candidate	I2_partly_in_graph_residual_edit	no_candidate	I2_partly_in_graph_residual_edit
9491	chr10	128760060	DEL	True	True	tensor_representative		tensor_representative	
9492	chr10	129066722	DEL	True	True	tensor_representative		tensor_representative	
9494	chr10	129354768	DEL	True	True	filtered		tensor_representative	
9496	chr10	129538553	INS	True	True	tensor_representative		tensor_representative	
9498	chr10	129670271	DEL	True	True	tensor_representative		tensor_representative	
9501	chr10	130367318	DEL	True	False	tensor_representative		tensor_representative	
9507	chr10	130894806	INS	True	True	no_candidate	I1_allele_fully_in_graph	no_candidate	I1_allele_fully_in_graph
9516	chr10	131467167	INS	True	True	filtered		filtered	
9519	chr10	131606502	INS	True	False	filtered		no_candidate	I1_allele_fully_in_graph
9520	chr10	132078619	DEL	True	False	filtered		filtered	
9522	chr10	132531244	INS	True	True	no_candidate	I2_partly_in_graph_residual_edit	no_candidate	I2_partly_in_graph_residual_edit
9523	chr10	132799411	DEL	True	False	no_candidate	I2_partly_in_graph_residual_edit	no_candidate	I2_partly_in_graph_residual_edit
9524	chr10	132826463	INS	True	False	no_candidate	I3_grch38_path_different_edit	no_candidate	I6_longer_than_50bp
9531	chr10	132826572	INS	True	False	no_candidate	I4_no_or_few_alt_reads	no_candidate	I4_no_or_few_alt_reads
9535	chr10	133599786	INS	True	True	filtered		tensor_representative	
9540	chr11	1160424	INS	True	True	tensor_representative		tensor_representative	
9548	chr11	2137529	DEL	True	True	tensor_representative		tensor_representative	
9552	chr11	2305370	INS	True	True	no_candidate	I2_partly_in_graph_residual_edit	no_candidate	I2_partly_in_graph_residual_edit
9555	chr11	3426401	INS	True	True	no_candidate	I1_allele_fully_in_graph	no_candidate	I1_allele_fully_in_graph
9557	chr11	3539942	DEL	True	True	tensor_representative		tensor_non_representative_allele	
9558	chr11	3592579	DEL	True	True	tensor_representative		tensor_representative	
9560	chr11	3611811	INS	True	False	filtered		filtered	
9563	chr11	4309432	INS	True	True	no_candidate	I5_low_mapq_or_no_reads	no_candidate	I5_low_mapq_or_no_reads
9564	chr11	4333915	DEL	True	True	filtered		tensor_non_representative_allele	
9565	chr11	4357837	INS	True	True	no_candidate	I2_partly_in_graph_residual_edit	no_candidate	I2_partly_in_graph_residual_edit
9566	chr11	4422034	DEL	True	True	tensor_representative		tensor_representative	
9568	chr11	4792186	DEL	True	True	tensor_representative		tensor_representative	
9569	chr11	4907095	INS	True	True	no_candidate	I2_partly_in_graph_residual_edit	no_candidate	I2_partly_in_graph_residual_edit
9572	chr11	5144191	DEL	True	True	tensor_representative		tensor_representative	
9573	chr11	5197963	DEL	True	True	tensor_representative		tensor_representative	
9574	chr11	5208905	INS	True	True	tensor_representative		tensor_representative	
9576	chr11	5276336	INS	True	True	tensor_representative		tensor_representative	
9580	chr11	5669080	INS	True	False	no_candidate	I1_allele_fully_in_graph	no_candidate	I1_allele_fully_in_graph
9581	chr11	5739561	DEL	True	True	tensor_non_representative_allele		tensor_non_representative_allele	
9585	chr11	5822812	DEL	True	True	tensor_representative		tensor_representative	
9586	chr11	5847919	INS	True	True	tensor_non_representative_allele		tensor_non_representative_allele	
9587	chr11	5943513	INS	True	True	filtered		filtered	
9588	chr11	6014989	INS	True	True	no_candidate	I2_partly_in_graph_residual_edit	no_candidate	I2_partly_in_graph_residual_edit
9590	chr11	6593415	DEL	True	True	tensor_representative		tensor_representative	
9591	chr11	6694294	DEL	True	True	filtered		filtered	
9593	chr11	7270832	DEL	True	True	no_candidate	I1_allele_fully_in_graph	no_candidate	I1_allele_fully_in_graph
9595	chr11	7533033	INS	True	True	filtered		no_candidate	I2_partly_in_graph_residual_edit
9599	chr11	8509116	INS	True	True	filtered		filtered	
9601	chr11	8716650	INS	True	True	tensor_representative		tensor_representative	
9603	chr11	8979521	INS	True	True	no_candidate	I2_partly_in_graph_residual_edit	no_candidate	I2_partly_in_graph_residual_edit
9604	chr11	9221269	DEL	True	True	tensor_representative		tensor_representative	
9605	chr11	9402851	INS	True	True	tensor_representative		tensor_representative	
9606	chr11	9449702	INS	True	True	tensor_representative		tensor_representative	
9611	chr11	10223399	INS	True	True	no_candidate	I1_allele_fully_in_graph	no_candidate	I1_allele_fully_in_graph
9615	chr11	11294609	DEL	True	True	no_candidate	I1_allele_fully_in_graph	no_candidate	I1_allele_fully_in_graph
9618	chr11	11385298	INS	True	True	filtered		no_candidate	I1_allele_fully_in_graph
9621	chr11	11694921	INS	True	True	tensor_representative		tensor_representative	
9624	chr11	12168964	DEL	True	True	no_candidate	I7_unclear	no_candidate	I7_unclear
9625	chr11	12313961	INS	True	True	no_candidate	I1_allele_fully_in_graph	no_candidate	I1_allele_fully_in_graph
9627	chr11	12894428	INS	True	True	tensor_representative		tensor_representative	
9629	chr11	13735224	INS	True	True	no_candidate	I1_allele_fully_in_graph	no_candidate	I1_allele_fully_in_graph
9632	chr11	14293124	INS	True	True	no_candidate	I2_partly_in_graph_residual_edit	no_candidate	I2_partly_in_graph_residual_edit
9635	chr11	15213140	INS	True	True	filtered		no_candidate	I1_allele_fully_in_graph
9636	chr11	15245132	DEL	True	True	tensor_representative		tensor_representative	
9637	chr11	15388000	DEL	True	True	tensor_representative		tensor_representative	
9638	chr11	15391467	INS	True	True	filtered		filtered	
9643	chr11	16302566	INS	True	True	filtered		filtered	
9645	chr11	16531988	DEL	True	True	tensor_representative		tensor_representative	
9646	chr11	17240194	INS	True	True	filtered		no_candidate	I1_allele_fully_in_graph
9647	chr11	17259400	INS	True	True	no_candidate	I1_allele_fully_in_graph	no_candidate	I1_allele_fully_in_graph
9648	chr11	17408952	INS	True	True	filtered		no_candidate	I2_partly_in_graph_residual_edit
9653	chr11	18037357	INS	True	True	filtered		filtered	
9654	chr11	18224955	INS	True	True	filtered		filtered	
9655	chr11	18391045	INS	True	True	tensor_representative		tensor_representative	
9657	chr11	18443460	INS	True	True	filtered		filtered	
9658	chr11	18465426	DEL	True	True	tensor_representative		tensor_representative	
9659	chr11	18756934	INS	True	True	no_candidate	I3_grch38_path_different_edit	no_candidate	I3_grch38_path_different_edit
9661	chr11	19295154	DEL	True	True	filtered		filtered	
9664	chr11	20122088	INS	True	False	no_candidate	I1_allele_fully_in_graph	no_candidate	I1_allele_fully_in_graph
9665	chr11	20673842	DEL	True	True	tensor_representative		tensor_representative	
9666	chr11	20755548	DEL	True	True	no_candidate	I1_allele_fully_in_graph	no_candidate	I1_allele_fully_in_graph
9668	chr11	20786350	INS	True	True	no_candidate	I2_partly_in_graph_residual_edit	no_candidate	I2_partly_in_graph_residual_edit
9670	chr11	20929436	DEL	True	True	tensor_representative		tensor_representative	
9671	chr11	20930804	DEL	True	True	filtered		tensor_representative	
9672	chr11	21197418	DEL	True	True	no_candidate	I2_partly_in_graph_residual_edit	no_candidate	I2_partly_in_graph_residual_edit
9674	chr11	21388079	DEL	True	True	no_candidate	I2_partly_in_graph_residual_edit	no_candidate	I2_partly_in_graph_residual_edit
9675	chr11	21464402	DEL	True	True	no_candidate	I2_partly_in_graph_residual_edit	no_candidate	I2_partly_in_graph_residual_edit
9677	chr11	21516809	DEL	True	True	filtered		tensor_representative	
9680	chr11	21758989	INS	True	True	filtered		no_candidate	I2_partly_in_graph_residual_edit
9682	chr11	22083259	INS	True	True	no_candidate	I4_no_or_few_alt_reads	no_candidate	I4_no_or_few_alt_reads
9686	chr11	22360537	INS	True	True	filtered		no_candidate	I1_allele_fully_in_graph
9687	chr11	22483517	DEL	True	True	tensor_representative		tensor_representative	
9688	chr11	22507202	INS	True	True	no_candidate	I1_allele_fully_in_graph	no_candidate	I1_allele_fully_in_graph
9691	chr11	22704588	INS	True	True	no_candidate	I2_partly_in_graph_residual_edit	no_candidate	I2_partly_in_graph_residual_edit
9694	chr11	22841203	DEL	True	True	no_candidate	I1_allele_fully_in_graph	no_candidate	I1_allele_fully_in_graph
9699	chr11	23581222	INS	True	True	filtered		tensor_non_representative_allele	
9700	chr11	23608289	DEL	True	True	tensor_representative		tensor_representative	
9702	chr11	23788534	DEL	True	True	filtered		tensor_representative	
9706	chr11	24131659	DEL	True	True	tensor_representative		tensor_representative	
9708	chr11	24267032	DEL	True	True	no_candidate	I1_allele_fully_in_graph	no_candidate	I1_allele_fully_in_graph
9711	chr11	24427043	DEL	True	True	filtered		filtered	
9713	chr11	24581197	DEL	True	True	tensor_representative		tensor_representative	
9714	chr11	25110031	DEL	True	True	tensor_representative		tensor_representative	
9715	chr11	25273964	INS	True	True	no_candidate	I1_allele_fully_in_graph	no_candidate	I1_allele_fully_in_graph
9716	chr11	25274643	INS	True	True	no_candidate	I7_unclear	no_candidate	I7_unclear
9717	chr11	25366752	INS	True	True	tensor_representative		tensor_representative	
9718	chr11	25431160	DEL	True	True	tensor_representative		tensor_representative	
9721	chr11	25464773	INS	True	True	tensor_representative		tensor_representative	
9722	chr11	25529858	INS	True	True	no_candidate	I7_unclear	no_candidate	I7_unclear
9724	chr11	25664597	INS	True	True	no_candidate	I1_allele_fully_in_graph	no_candidate	I1_allele_fully_in_graph
9726	chr11	26159247	INS	True	True	tensor_representative		tensor_representative	
9728	chr11	26295515	INS	True	True	filtered		tensor_non_representative_allele	
9731	chr11	27077615	DEL	True	True	no_candidate	I1_allele_fully_in_graph	no_candidate	I1_allele_fully_in_graph
9732	chr11	28046739	INS	True	True	filtered		no_candidate	I2_partly_in_graph_residual_edit
9734	chr11	28270221	INS	True	True	tensor_representative		tensor_representative	
9735	chr11	28280667	INS	True	True	tensor_representative		tensor_representative	
9738	chr11	28504197	DEL	True	True	tensor_representative		tensor_representative	
9739	chr11	29045070	INS	True	True	filtered		no_candidate	I1_allele_fully_in_graph
9741	chr11	29314659	INS	True	False	no_candidate	I1_allele_fully_in_graph	no_candidate	I1_allele_fully_in_graph
9747	chr11	29739632	DEL	True	True	no_candidate	I2_partly_in_graph_residual_edit	filtered	
9748	chr11	29741114	INS	True	True	no_candidate	I2_partly_in_graph_residual_edit	no_candidate	I2_partly_in_graph_residual_edit
9749	chr11	29908258	INS	True	False	filtered		no_candidate	I1_allele_fully_in_graph
9750	chr11	30003890	DEL	True	True	no_candidate	I1_allele_fully_in_graph	no_candidate	I1_allele_fully_in_graph
9751	chr11	30018467	DEL	True	True	filtered		filtered	
9752	chr11	30026873	DEL	True	True	filtered		tensor_representative	
9753	chr11	30239127	INS	True	True	tensor_representative		tensor_representative	
9754	chr11	30293665	INS	True	True	filtered		no_candidate	I2_partly_in_graph_residual_edit
9756	chr11	30401860	DEL	True	True	tensor_representative		tensor_representative	
9757	chr11	30739385	INS	True	True	filtered		no_candidate	I2_partly_in_graph_residual_edit
9758	chr11	30878716	DEL	True	True	filtered		tensor_non_representative_allele	
9759	chr11	30897582	INS	True	True	filtered		filtered	
9762	chr11	31004681	DEL	True	True	filtered		tensor_non_representative_allele	
9764	chr11	31215790	DEL	True	True	tensor_representative		tensor_representative	
9765	chr11	31274699	INS	True	True	tensor_representative		tensor_representative	
9767	chr11	31285072	INS	True	True	tensor_representative		tensor_representative	
9768	chr11	31399739	INS	True	True	tensor_representative		tensor_representative	
9769	chr11	31456876	DEL	True	True	filtered		no_candidate	I1_allele_fully_in_graph
9772	chr11	31907100	DEL	True	True	filtered		filtered	
9773	chr11	31982871	DEL	True	True	tensor_representative		tensor_representative	
9775	chr11	32076337	DEL	True	True	filtered		filtered	
9778	chr11	32272227	DEL	True	True	tensor_representative		tensor_representative	
9780	chr11	32469633	DEL	True	True	tensor_representative		tensor_representative	
9781	chr11	32498388	DEL	True	True	no_candidate	I2_partly_in_graph_residual_edit	no_candidate	I2_partly_in_graph_residual_edit
9782	chr11	32516818	DEL	True	True	tensor_representative		tensor_representative	
9785	chr11	33229098	INS	True	True	no_candidate	I2_partly_in_graph_residual_edit	no_candidate	I4_no_or_few_alt_reads
9788	chr11	33614573	DEL	True	True	no_candidate	I1_allele_fully_in_graph	no_candidate	I1_allele_fully_in_graph
9789	chr11	33614595	INS	True	True	no_candidate	I3_grch38_path_different_edit	no_candidate	I3_grch38_path_different_edit
9790	chr11	33649860	INS	True	True	no_candidate	I1_allele_fully_in_graph	no_candidate	I1_allele_fully_in_graph
9795	chr11	34195075	INS	True	False	filtered		filtered	
9796	chr11	34375823	INS	True	True	no_candidate	I2_partly_in_graph_residual_edit	no_candidate	I2_partly_in_graph_residual_edit
9799	chr11	35450129	INS	True	True	filtered		filtered	
9800	chr11	35556923	INS	True	True	filtered		tensor_non_representative_allele	
9801	chr11	35634687	DEL	True	True	tensor_representative		tensor_representative	
9802	chr11	35885406	DEL	True	True	no_candidate	I1_allele_fully_in_graph	no_candidate	I1_allele_fully_in_graph
9806	chr11	37035326	INS	True	True	no_candidate	I7_unclear	no_candidate	I7_unclear
9808	chr11	37347683	INS	True	True	no_candidate	I1_allele_fully_in_graph	no_candidate	I1_allele_fully_in_graph
9810	chr11	37413932	DEL	True	True	tensor_representative		tensor_representative	
9812	chr11	38056859	DEL	True	True	tensor_non_representative_allele		filtered	
9816	chr11	38691757	DEL	True	False	tensor_representative		tensor_representative	
9818	chr11	38932205	INS	True	True	tensor_representative		tensor_representative	
9820	chr11	39111141	INS	True	True	no_candidate	I2_partly_in_graph_residual_edit	no_candidate	I2_partly_in_graph_residual_edit
9823	chr11	39653717	DEL	True	True	no_candidate	I2_partly_in_graph_residual_edit	no_candidate	I2_partly_in_graph_residual_edit
9825	chr11	39921669	INS	True	True	filtered		tensor_non_representative_allele	
9826	chr11	40083200	INS	True	True	no_candidate	I1_allele_fully_in_graph	no_candidate	I1_allele_fully_in_graph
9828	chr11	40238495	DEL	True	True	tensor_representative		tensor_representative	
9829	chr11	40243687	INS	True	False	tensor_representative		tensor_representative	
9832	chr11	40440864	DEL	True	True	tensor_representative		tensor_representative	
9834	chr11	40794373	DEL	True	True	filtered		tensor_representative	
9837	chr11	40901999	DEL	True	True	no_candidate	I1_allele_fully_in_graph	no_candidate	I1_allele_fully_in_graph
9840	chr11	41043068	DEL	True	True	filtered		filtered	
9841	chr11	41059210	INS	True	True	no_candidate	I1_allele_fully_in_graph	no_candidate	I1_allele_fully_in_graph
9843	chr11	41389639	INS	True	True	no_candidate	I1_allele_fully_in_graph	no_candidate	I1_allele_fully_in_graph
9848	chr11	41725624	INS	True	True	tensor_representative		tensor_representative	
9849	chr11	42045005	DEL	True	True	tensor_representative		tensor_representative	
9851	chr11	42051307	DEL	True	True	tensor_representative		tensor_representative	
9852	chr11	42136920	INS	True	True	tensor_representative		tensor_representative	
9853	chr11	42145005	INS	True	True	tensor_representative		tensor_representative	
9855	chr11	42216849	DEL	True	True	no_candidate	I3_grch38_path_different_edit	no_candidate	I7_unclear
9857	chr11	42248317	INS	True	True	tensor_representative		tensor_representative	
9858	chr11	42278630	INS	True	True	no_candidate	I2_partly_in_graph_residual_edit	no_candidate	I2_partly_in_graph_residual_edit
9859	chr11	42288834	INS	True	True	no_candidate	I3_grch38_path_different_edit	no_candidate	I3_grch38_path_different_edit
9863	chr11	42748458	DEL	True	True	tensor_representative		tensor_representative	
9864	chr11	42932246	DEL	True	True	filtered		filtered	
9874	chr11	43272892	INS	True	True	no_candidate	I4_no_or_few_alt_reads	no_candidate	I4_no_or_few_alt_reads
9876	chr11	43374749	INS	True	True	tensor_representative		tensor_representative	
9878	chr11	44985148	DEL	True	True	tensor_representative		tensor_representative	
9880	chr11	45136989	INS	True	True	no_candidate	I2_partly_in_graph_residual_edit	no_candidate	I2_partly_in_graph_residual_edit
9882	chr11	46179150	INS	True	True	filtered		no_candidate	I1_allele_fully_in_graph
9883	chr11	46343955	INS	True	True	tensor_representative		tensor_representative	
9884	chr11	46541532	DEL	True	True	filtered		filtered	
9888	chr11	47195347	INS	True	True	tensor_representative		tensor_representative	
9890	chr11	47538642	INS	True	True	filtered		filtered	
9891	chr11	47549820	INS	True	True	filtered		no_candidate	I1_allele_fully_in_graph
9894	chr11	48212397	DEL	True	True	tensor_representative		tensor_representative	
9895	chr11	48373390	INS	True	True	tensor_representative		tensor_representative	
9896	chr11	48417913	INS	True	True	tensor_representative		tensor_representative	
9898	chr11	49086518	INS	True	True	no_candidate	I2_partly_in_graph_residual_edit	no_candidate	I2_partly_in_graph_residual_edit
9899	chr11	49130938	DEL	True	True	tensor_representative		tensor_representative	
9900	chr11	49212421	INS	True	True	filtered		filtered	
9901	chr11	49286951	INS	True	True	tensor_representative		tensor_representative	
9903	chr11	49312685	INS	True	True	tensor_representative		tensor_representative	
9904	chr11	49346855	INS	True	True	filtered		filtered	
9907	chr11	49647432	INS	True	True	tensor_representative		tensor_representative	
9910	chr11	49859015	INS	True	True	no_candidate	I2_partly_in_graph_residual_edit	no_candidate	I2_partly_in_graph_residual_edit
9912	chr11	49971770	DEL	True	True	filtered		filtered	
9913	chr11	50091523	INS	True	True	no_candidate	I2_partly_in_graph_residual_edit	no_candidate	I2_partly_in_graph_residual_edit
9914	chr11	50097630	INS	True	True	tensor_representative		tensor_representative	
9915	chr11	50112561	INS	True	True	tensor_representative		tensor_representative	
9917	chr11	50532770	DEL	True	True	tensor_representative		tensor_representative	
9919	chr11	54557915	INS	True	True	no_candidate	I2_partly_in_graph_residual_edit	no_candidate	I2_partly_in_graph_residual_edit
9921	chr11	54645309	DEL	True	True	tensor_non_representative_allele		tensor_non_representative_allele	
9927	chr11	55433556	INS	True	True	filtered		filtered	
9932	chr11	55723382	INS	True	True	tensor_representative		tensor_representative	
9934	chr11	55939017	INS	True	True	no_candidate	I2_partly_in_graph_residual_edit	no_candidate	I2_partly_in_graph_residual_edit
9936	chr11	55973684	DEL	True	True	tensor_representative		tensor_representative	
9937	chr11	56039648	INS	True	True	no_candidate	I7_unclear	no_candidate	I7_unclear
9938	chr11	56087780	DEL	True	True	filtered		tensor_non_representative_allele	
9942	chr11	56635453	DEL	True	True	tensor_representative		tensor_representative	
9944	chr11	57230748	DEL	True	True	tensor_representative		tensor_representative	
9945	chr11	57275234	INS	True	True	tensor_representative		tensor_representative	
9946	chr11	57403476	DEL	True	True	no_candidate	I1_allele_fully_in_graph	no_candidate	I1_allele_fully_in_graph
9948	chr11	57879510	INS	True	False	tensor_representative		tensor_representative	
9950	chr11	58300762	DEL	True	True	tensor_representative		tensor_representative	
9952	chr11	58468068	INS	True	True	no_candidate	I1_allele_fully_in_graph	no_candidate	I1_allele_fully_in_graph
9953	chr11	58472054	DEL	True	True	tensor_representative		tensor_representative	
9954	chr11	58496311	INS	True	True	filtered		filtered	
9955	chr11	58553335	INS	True	False	filtered		filtered	
9956	chr11	58628106	DEL	True	True	filtered		filtered	
9957	chr11	59013249	DEL	True	True	tensor_representative		tensor_representative	
9958	chr11	59444319	INS	True	True	filtered		filtered	
9960	chr11	59494774	DEL	True	True	tensor_representative		tensor_representative	
9961	chr11	59606433	INS	True	True	tensor_representative		tensor_representative	
9964	chr11	59719137	INS	True	True	filtered		filtered	
9965	chr11	59817755	INS	True	True	tensor_representative		tensor_representative	
9967	chr11	59949479	DEL	True	True	tensor_representative		tensor_representative	
9971	chr11	60476999	DEL	True	True	tensor_representative		tensor_representative	
9973	chr11	60562970	INS	True	True	filtered		filtered	
9974	chr11	60598918	INS	True	True	no_candidate	I2_partly_in_graph_residual_edit	no_candidate	I2_partly_in_graph_residual_edit
9977	chr11	61139446	INS	True	True	tensor_representative		tensor_representative	
9980	chr11	62037606	DEL	True	True	no_candidate	I2_partly_in_graph_residual_edit	no_candidate	I2_partly_in_graph_residual_edit
9981	chr11	62068528	INS	True	True	tensor_representative		tensor_representative	
9982	chr11	62204340	INS	True	True	filtered		filtered	
9983	chr11	62257432	INS	True	True	filtered		filtered	
9984	chr11	62341196	INS	True	True	tensor_representative		tensor_representative	
9987	chr11	62956278	INS	True	True	tensor_representative		tensor_representative	
9988	chr11	63101307	INS	True	True	tensor_representative		tensor_representative	
9990	chr11	63661060	INS	True	True	tensor_representative		tensor_representative	
9992	chr11	64271294	INS	True	True	tensor_representative		tensor_representative	
9997	chr11	65733752	INS	True	True	tensor_representative		tensor_representative	
10000	chr11	66202743	DEL	True	True	no_candidate	I2_partly_in_graph_residual_edit	no_candidate	I2_partly_in_graph_residual_edit
10001	chr11	66254664	INS	True	True	no_candidate	I2_partly_in_graph_residual_edit	no_candidate	I2_partly_in_graph_residual_edit
10003	chr11	66941078	INS	True	True	tensor_representative		tensor_representative	
10004	chr11	67168583	DEL	True	True	tensor_representative		filtered	
10008	chr11	67937271	INS	True	True	no_candidate	I1_allele_fully_in_graph	no_candidate	I1_allele_fully_in_graph
10009	chr11	67965747	DEL	True	True	no_candidate	I2_partly_in_graph_residual_edit	no_candidate	I2_partly_in_graph_residual_edit
10012	chr11	68409073	INS	True	True	no_candidate	I2_partly_in_graph_residual_edit	no_candidate	I2_partly_in_graph_residual_edit
10018	chr11	68831637	INS	True	False	tensor_non_representative_allele		tensor_non_representative_allele	
10019	chr11	69255488	INS	True	True	no_candidate	I2_partly_in_graph_residual_edit	no_candidate	I2_partly_in_graph_residual_edit
10020	chr11	69345599	DEL	True	False	tensor_representative		tensor_representative	
10022	chr11	69710399	INS	True	True	filtered		filtered	
10027	chr11	69934325	INS	True	True	filtered		filtered	
10030	chr11	70251602	INS	True	False	no_candidate	I1_allele_fully_in_graph	no_candidate	I1_allele_fully_in_graph
10035	chr11	70858960	DEL	True	True	tensor_representative		tensor_representative	
10044	chr11	72467256	INS	True	True	filtered		filtered	
10046	chr11	72851101	INS	True	True	filtered		filtered	
10047	chr11	73051868	DEL	True	True	no_candidate	I1_allele_fully_in_graph	no_candidate	I1_allele_fully_in_graph
10048	chr11	73274540	INS	True	False	tensor_representative		tensor_representative	
10049	chr11	73351327	INS	True	True	filtered		no_candidate	I1_allele_fully_in_graph
10050	chr11	73502188	INS	True	True	tensor_representative		tensor_representative	
10053	chr11	73772045	INS	True	True	tensor_representative		tensor_representative	
10056	chr11	75101541	DEL	True	True	filtered		filtered	
10057	chr11	76037539	INS	True	True	filtered		no_candidate	I1_allele_fully_in_graph
10061	chr11	76518167	INS	True	True	filtered		filtered	
10062	chr11	77252059	INS	True	True	no_candidate	I2_partly_in_graph_residual_edit	no_candidate	I2_partly_in_graph_residual_edit
10064	chr11	77315296	INS	True	True	tensor_representative		tensor_representative	
10069	chr11	77788142	INS	True	True	no_candidate	I1_allele_fully_in_graph	no_candidate	I1_allele_fully_in_graph
10070	chr11	77939848	INS	True	True	filtered		filtered	
10074	chr11	79207865	DEL	True	True	filtered		no_candidate	I1_allele_fully_in_graph
10076	chr11	79452803	INS	True	True	tensor_representative		tensor_representative	
10080	chr11	79596414	DEL	True	False	tensor_representative		tensor_representative	
10083	chr11	79633743	DEL	True	True	no_candidate	I2_partly_in_graph_residual_edit	no_candidate	I2_partly_in_graph_residual_edit
10084	chr11	79670084	DEL	True	True	tensor_representative		tensor_representative	
10089	chr11	80709085	INS	True	True	tensor_representative		tensor_representative	
10091	chr11	80932186	INS	True	True	filtered		tensor_non_representative_allele	
10093	chr11	80987485	INS	True	True	no_candidate	I3_grch38_path_different_edit	no_candidate	I3_grch38_path_different_edit
10094	chr11	81286624	INS	True	True	no_candidate	I2_partly_in_graph_residual_edit	no_candidate	I2_partly_in_graph_residual_edit
10095	chr11	81287287	DEL	True	True	filtered		filtered	
10096	chr11	81297359	INS	True	True	tensor_representative		tensor_representative	
10099	chr11	81532439	INS	True	True	tensor_representative		tensor_representative	
10100	chr11	81569577	INS	True	True	tensor_representative		tensor_representative	
10104	chr11	81780870	INS	True	True	tensor_representative		tensor_representative	
10105	chr11	81904667	DEL	True	True	tensor_representative		tensor_representative	
10109	chr11	82363006	INS	True	True	no_candidate	I1_allele_fully_in_graph	no_candidate	I1_allele_fully_in_graph
10111	chr11	82461307	INS	True	True	no_candidate	I7_unclear	no_candidate	I1_allele_fully_in_graph
10117	chr11	82871177	INS	True	True	filtered		filtered	
10120	chr11	83469126	DEL	True	True	tensor_representative		tensor_representative	
10121	chr11	83494553	DEL	True	True	tensor_representative		tensor_representative	
10122	chr11	83577559	INS	True	True	no_candidate	I1_allele_fully_in_graph	no_candidate	I1_allele_fully_in_graph
10125	chr11	84052687	DEL	True	True	no_candidate	I2_partly_in_graph_residual_edit	no_candidate	I2_partly_in_graph_residual_edit
10126	chr11	84096900	DEL	True	True	filtered		tensor_non_representative_allele	
10127	chr11	84174014	INS	True	True	no_candidate	I2_partly_in_graph_residual_edit	no_candidate	I2_partly_in_graph_residual_edit
10131	chr11	84450407	INS	True	True	tensor_representative		tensor_representative	
10132	chr11	84490649	DEL	True	True	tensor_representative		tensor_representative	
10135	chr11	84716752	DEL	True	True	tensor_representative		tensor_representative	
10136	chr11	84746251	DEL	True	True	tensor_representative		tensor_representative	
10137	chr11	84788100	DEL	True	True	tensor_representative		tensor_representative	
10139	chr11	84920713	INS	True	True	no_candidate	I2_partly_in_graph_residual_edit	no_candidate	I2_partly_in_graph_residual_edit
10140	chr11	84944605	INS	True	True	filtered		no_candidate	I2_partly_in_graph_residual_edit
10144	chr11	85561331	INS	True	False	filtered		no_candidate	I1_allele_fully_in_graph
10146	chr11	85791166	INS	True	True	filtered		filtered	
10147	chr11	85833098	DEL	True	True	filtered		tensor_representative	
10149	chr11	85896762	DEL	True	True	tensor_representative		tensor_representative	
10150	chr11	86078056	INS	True	True	no_candidate	I2_partly_in_graph_residual_edit	no_candidate	I2_partly_in_graph_residual_edit
10151	chr11	86100504	INS	True	True	tensor_representative		tensor_representative	
10156	chr11	86928706	INS	True	True	no_candidate	I3_grch38_path_different_edit	no_candidate	I3_grch38_path_different_edit
10157	chr11	86928707	DEL	True	True	no_candidate	I4_no_or_few_alt_reads	no_candidate	I4_no_or_few_alt_reads
10158	chr11	86964715	INS	True	True	tensor_representative		tensor_representative	
10162	chr11	87419191	INS	True	True	filtered		tensor_representative	
10164	chr11	87448162	INS	True	True	no_candidate	I4_no_or_few_alt_reads	no_candidate	I4_no_or_few_alt_reads
10165	chr11	87598296	DEL	True	True	filtered		filtered	
10166	chr11	88082321	INS	True	True	tensor_representative		tensor_representative	
10167	chr11	88106444	INS	True	True	tensor_representative		tensor_representative	
10170	chr11	88570567	DEL	True	True	no_candidate	I2_partly_in_graph_residual_edit	no_candidate	I2_partly_in_graph_residual_edit
10171	chr11	88616389	DEL	True	True	no_candidate	I2_partly_in_graph_residual_edit	no_candidate	I2_partly_in_graph_residual_edit
10172	chr11	88616389	DEL	True	True	tensor_representative		tensor_representative	
10175	chr11	88885450	DEL	True	True	no_candidate	I2_partly_in_graph_residual_edit	no_candidate	I2_partly_in_graph_residual_edit
10180	chr11	89331908	DEL	True	True	tensor_representative		tensor_representative	
10181	chr11	89634287	DEL	True	True	tensor_representative		tensor_representative	
10182	chr11	89750810	INS	True	True	tensor_non_representative_allele		tensor_non_representative_allele	
10183	chr11	89780056	DEL	True	True	no_candidate	I1_allele_fully_in_graph	no_candidate	I1_allele_fully_in_graph
10184	chr11	89876721	DEL	True	True	no_candidate	I5_low_mapq_or_no_reads	no_candidate	I5_low_mapq_or_no_reads
10189	chr11	90146343	DEL	True	True	no_candidate	I2_partly_in_graph_residual_edit	no_candidate	I2_partly_in_graph_residual_edit
10190	chr11	90177313	DEL	True	True	tensor_representative		tensor_representative	
10194	chr11	90562700	DEL	True	True	tensor_representative		tensor_representative	
10195	chr11	90713401	INS	True	True	no_candidate	I1_allele_fully_in_graph	no_candidate	I1_allele_fully_in_graph
10196	chr11	90725942	DEL	True	True	no_candidate	I2_partly_in_graph_residual_edit	no_candidate	I2_partly_in_graph_residual_edit
10202	chr11	91026578	INS	True	True	no_candidate	I1_allele_fully_in_graph	no_candidate	I1_allele_fully_in_graph
10203	chr11	91114229	DEL	True	True	no_candidate	I1_allele_fully_in_graph	no_candidate	I1_allele_fully_in_graph
10204	chr11	91267369	INS	True	True	tensor_representative		tensor_representative	
10209	chr11	91607172	INS	True	True	filtered		filtered	
10211	chr11	92106290	DEL	True	True	no_candidate	I2_partly_in_graph_residual_edit	no_candidate	I2_partly_in_graph_residual_edit
10213	chr11	92189867	INS	True	True	no_candidate	I2_partly_in_graph_residual_edit	no_candidate	I2_partly_in_graph_residual_edit
10215	chr11	92416219	DEL	True	True	no_candidate	I1_allele_fully_in_graph	no_candidate	I1_allele_fully_in_graph
10216	chr11	92524131	INS	True	True	tensor_representative		tensor_representative	
10217	chr11	92605719	INS	True	True	no_candidate	I1_allele_fully_in_graph	no_candidate	I1_allele_fully_in_graph
10218	chr11	92666517	DEL	True	True	tensor_representative		tensor_representative	
10220	chr11	92715241	DEL	True	True	tensor_representative		tensor_representative	
10222	chr11	92959320	INS	True	True	filtered		filtered	
10223	chr11	93085907	DEL	True	True	no_candidate	I1_allele_fully_in_graph	no_candidate	I1_allele_fully_in_graph
10224	chr11	93286601	INS	True	True	no_candidate	I2_partly_in_graph_residual_edit	no_candidate	I2_partly_in_graph_residual_edit
10229	chr11	93646094	INS	True	False	tensor_representative		tensor_representative	
10231	chr11	94120205	DEL	True	True	tensor_representative		tensor_representative	
10232	chr11	94334249	INS	True	True	filtered		no_candidate	I2_partly_in_graph_residual_edit
10235	chr11	94396869	INS	True	True	filtered		no_candidate	I1_allele_fully_in_graph
10237	chr11	94589792	INS	True	True	tensor_representative		tensor_representative	
10238	chr11	94896621	INS	True	True	no_candidate	I2_partly_in_graph_residual_edit	no_candidate	I2_partly_in_graph_residual_edit
10239	chr11	94989752	INS	True	True	filtered		filtered	
10242	chr11	95754526	DEL	True	True	tensor_representative		tensor_representative	
10244	chr11	95845882	INS	True	True	no_candidate	I2_partly_in_graph_residual_edit	no_candidate	I2_partly_in_graph_residual_edit
10249	chr11	96694171	DEL	True	True	tensor_representative		tensor_representative	
10250	chr11	96697379	DEL	True	True	filtered		tensor_representative	
10251	chr11	96937021	INS	True	True	no_candidate	I2_partly_in_graph_residual_edit	no_candidate	I2_partly_in_graph_residual_edit
10252	chr11	96975583	DEL	True	True	filtered		tensor_non_representative_allele	
10253	chr11	97351391	DEL	True	True	filtered		tensor_representative	
10255	chr11	97523197	INS	True	True	no_candidate	I1_allele_fully_in_graph	no_candidate	I1_allele_fully_in_graph
10256	chr11	97546385	INS	True	True	no_candidate	I2_partly_in_graph_residual_edit	no_candidate	I2_partly_in_graph_residual_edit
10257	chr11	97567590	DEL	True	True	tensor_representative		tensor_representative	
10261	chr11	97845407	INS	True	True	no_candidate	I2_partly_in_graph_residual_edit	no_candidate	I2_partly_in_graph_residual_edit
10262	chr11	97972326	DEL	True	True	no_candidate	I1_allele_fully_in_graph	no_candidate	I1_allele_fully_in_graph
10263	chr11	98248416	INS	True	True	filtered		filtered	
10266	chr11	98393685	INS	True	True	filtered		no_candidate	I2_partly_in_graph_residual_edit
10270	chr11	98470965	INS	True	True	tensor_representative		tensor_representative	
10272	chr11	98591393	DEL	True	True	tensor_representative		tensor_representative	
10273	chr11	98596265	INS	True	True	no_candidate	I1_allele_fully_in_graph	no_candidate	I1_allele_fully_in_graph
10275	chr11	98655881	DEL	True	True	no_candidate	I2_partly_in_graph_residual_edit	filtered	
10278	chr11	98702726	DEL	True	True	tensor_representative		tensor_representative	
10279	chr11	98744023	DEL	True	True	tensor_representative		tensor_representative	
10280	chr11	98791001	DEL	True	True	tensor_representative		tensor_representative	
10283	chr11	99037575	DEL	True	True	tensor_representative		tensor_representative	
10284	chr11	99037576	INS	True	True	no_candidate	I2_partly_in_graph_residual_edit	no_candidate	I2_partly_in_graph_residual_edit
10290	chr11	99191257	INS	True	True	tensor_representative		tensor_representative	
10295	chr11	99416286	DEL	True	True	tensor_representative		tensor_representative	
10296	chr11	99462360	DEL	True	True	filtered		tensor_non_representative_allele	
10299	chr11	99703227	DEL	True	True	filtered		filtered	
10301	chr11	99769815	DEL	True	True	tensor_representative		tensor_representative	
10302	chr11	99772071	DEL	True	True	tensor_representative		tensor_representative	
10303	chr11	99889529	INS	True	True	tensor_representative		tensor_representative	
10304	chr11	99980976	INS	True	True	tensor_representative		tensor_representative	
10305	chr11	100069319	INS	True	True	tensor_representative		tensor_representative	
10308	chr11	100797603	INS	True	True	tensor_representative		tensor_representative	
10312	chr11	100917015	DEL	True	True	no_candidate	I2_partly_in_graph_residual_edit	no_candidate	I2_partly_in_graph_residual_edit
10314	chr11	100980559	INS	True	True	no_candidate	I1_allele_fully_in_graph	no_candidate	I2_partly_in_graph_residual_edit
10317	chr11	101506015	DEL	True	True	filtered		tensor_representative	
10318	chr11	101526861	INS	True	True	no_candidate	I1_allele_fully_in_graph	no_candidate	I1_allele_fully_in_graph
10319	chr11	101616494	DEL	True	True	tensor_representative		tensor_representative	
10321	chr11	102204229	INS	True	True	filtered		filtered	
10324	chr11	102604020	INS	True	True	tensor_representative		tensor_representative	
10329	chr11	103483022	DEL	True	True	tensor_non_representative_allele		tensor_representative	
10331	chr11	103827884	DEL	True	True	tensor_representative		tensor_representative	
10332	chr11	104139873	DEL	True	True	tensor_representative		tensor_representative	
10333	chr11	104223823	INS	True	True	tensor_representative		tensor_representative	
10336	chr11	104934870	DEL	True	True	filtered		filtered	
10338	chr11	105058573	INS	True	True	no_candidate	I7_unclear	no_candidate	I3_grch38_path_different_edit
10339	chr11	105290388	DEL	True	True	no_candidate	I1_allele_fully_in_graph	no_candidate	I1_allele_fully_in_graph
10342	chr11	105426008	INS	True	True	no_candidate	I2_partly_in_graph_residual_edit	no_candidate	I2_partly_in_graph_residual_edit
10343	chr11	105551685	DEL	True	True	filtered		filtered	
10350	chr11	106264720	DEL	True	True	tensor_representative		tensor_representative	
10352	chr11	106691735	INS	True	True	tensor_representative		tensor_representative	
10355	chr11	106903211	DEL	True	True	tensor_representative		tensor_representative	
10356	chr11	107055393	DEL	True	True	tensor_representative		tensor_representative	
10357	chr11	107196142	INS	True	True	no_candidate	I2_partly_in_graph_residual_edit	no_candidate	I2_partly_in_graph_residual_edit
10358	chr11	107293089	INS	True	True	no_candidate	I2_partly_in_graph_residual_edit	no_candidate	I2_partly_in_graph_residual_edit
10360	chr11	107602726	INS	True	True	filtered		no_candidate	I1_allele_fully_in_graph
10361	chr11	107643368	DEL	True	True	tensor_representative		tensor_representative	
10362	chr11	107913472	DEL	True	True	tensor_representative		tensor_representative	
10363	chr11	108436111	DEL	True	True	tensor_representative		tensor_representative	
10364	chr11	108986879	INS	True	True	no_candidate	I1_allele_fully_in_graph	no_candidate	I2_partly_in_graph_residual_edit
10366	chr11	109289116	INS	True	True	filtered		filtered	
10367	chr11	109294284	DEL	True	True	tensor_representative		tensor_representative	
10368	chr11	109445678	INS	True	True	filtered		no_candidate	I2_partly_in_graph_residual_edit
10369	chr11	110726024	INS	True	True	filtered		filtered	
10371	chr11	110892433	INS	True	True	no_candidate	I2_partly_in_graph_residual_edit	no_candidate	I2_partly_in_graph_residual_edit
10375	chr11	112461397	INS	True	True	tensor_representative		tensor_representative	
10376	chr11	112782845	INS	True	True	no_candidate	I2_partly_in_graph_residual_edit	no_candidate	I2_partly_in_graph_residual_edit
10378	chr11	112871166	DEL	True	True	no_candidate	I2_partly_in_graph_residual_edit	no_candidate	I2_partly_in_graph_residual_edit
10379	chr11	113071421	INS	True	True	tensor_representative		tensor_representative	
10380	chr11	113173591	DEL	True	True	no_candidate	I1_allele_fully_in_graph	no_candidate	I1_allele_fully_in_graph
10381	chr11	113646661	INS	True	True	tensor_representative		tensor_representative	
10384	chr11	113913350	INS	True	True	tensor_representative		tensor_representative	
10385	chr11	114068060	INS	True	True	filtered		filtered	
10386	chr11	114146848	DEL	True	True	filtered		filtered	
10387	chr11	114468131	DEL	True	True	tensor_representative		tensor_representative	
10391	chr11	114802903	INS	True	True	filtered		no_candidate	I2_partly_in_graph_residual_edit
10392	chr11	115176312	DEL	True	True	tensor_representative		tensor_representative	
10393	chr11	115350925	DEL	True	True	filtered		tensor_representative	
10394	chr11	115461821	DEL	True	True	tensor_representative		tensor_representative	
10395	chr11	115883216	DEL	True	True	tensor_representative		tensor_representative	
10396	chr11	115922396	INS	True	True	filtered		filtered	
10397	chr11	116130852	INS	True	False	tensor_representative		tensor_representative	
10398	chr11	116580728	INS	True	True	no_candidate	I2_partly_in_graph_residual_edit	no_candidate	I2_partly_in_graph_residual_edit
10399	chr11	116795806	INS	True	True	tensor_representative		tensor_representative	
10402	chr11	117687426	INS	True	True	filtered		filtered	
10403	chr11	117695315	DEL	True	True	tensor_representative		tensor_representative	
10407	chr11	118808833	INS	True	True	no_candidate	I2_partly_in_graph_residual_edit	no_candidate	I2_partly_in_graph_residual_edit
10408	chr11	118821597	DEL	True	True	tensor_representative		tensor_representative	
10416	chr11	122016498	INS	True	False	no_candidate	I2_partly_in_graph_residual_edit	no_candidate	I2_partly_in_graph_residual_edit
10418	chr11	122476274	DEL	True	True	no_candidate	I1_allele_fully_in_graph	no_candidate	I1_allele_fully_in_graph
10421	chr11	122967164	INS	True	True	filtered		filtered	
10422	chr11	123102581	DEL	True	True	tensor_representative		tensor_representative	
10423	chr11	123160279	INS	True	True	filtered		filtered	
10426	chr11	124289071	DEL	True	True	filtered		filtered	
10427	chr11	124353864	INS	True	True	no_candidate	I2_partly_in_graph_residual_edit	no_candidate	I2_partly_in_graph_residual_edit
10428	chr11	124716420	INS	True	True	tensor_representative		tensor_representative	
10429	chr11	125481217	DEL	True	True	tensor_representative		tensor_representative	
10430	chr11	125542627	INS	True	True	no_candidate	I1_allele_fully_in_graph	no_candidate	I1_allele_fully_in_graph
10431	chr11	125850092	DEL	True	True	no_candidate	I2_partly_in_graph_residual_edit	no_candidate	I2_partly_in_graph_residual_edit
10432	chr11	126048282	INS	True	True	no_candidate	I2_partly_in_graph_residual_edit	no_candidate	I2_partly_in_graph_residual_edit
10434	chr11	126170735	DEL	True	True	no_candidate	I1_allele_fully_in_graph	no_candidate	I1_allele_fully_in_graph
10436	chr11	127089896	INS	True	True	no_candidate	I1_allele_fully_in_graph	no_candidate	I1_allele_fully_in_graph
10437	chr11	127289740	INS	True	True	tensor_representative		tensor_representative	
10440	chr11	127528989	DEL	True	True	filtered		filtered	
10441	chr11	127593436	DEL	True	True	tensor_representative		tensor_representative	
10442	chr11	127677252	DEL	True	True	tensor_representative		tensor_representative	
10444	chr11	127789736	INS	True	False	tensor_representative		tensor_representative	
10445	chr11	127824737	DEL	True	True	tensor_representative		tensor_representative	
10450	chr11	127938386	DEL	True	True	tensor_representative		tensor_representative	
10453	chr11	128151706	DEL	True	True	no_candidate	I1_allele_fully_in_graph	no_candidate	I1_allele_fully_in_graph
10455	chr11	128579659	DEL	True	True	tensor_representative		tensor_representative	
10456	chr11	128654722	DEL	True	True	no_candidate	I2_partly_in_graph_residual_edit	no_candidate	I2_partly_in_graph_residual_edit
10458	chr11	129193308	DEL	True	True	tensor_representative		filtered	
10463	chr11	129810900	INS	True	True	filtered		tensor_non_representative_allele	
10464	chr11	130041651	DEL	True	True	filtered		filtered	
10466	chr11	130052370	INS	True	True	no_candidate	I1_allele_fully_in_graph	no_candidate	I1_allele_fully_in_graph
10468	chr11	130340009	INS	True	True	tensor_representative		tensor_representative	
10469	chr11	130416955	DEL	True	True	tensor_representative		tensor_representative	
10471	chr11	130718910	INS	True	True	tensor_representative		tensor_representative	
10473	chr11	130974907	DEL	True	True	tensor_representative		tensor_representative	
10474	chr11	130990355	INS	True	True	no_candidate	I1_allele_fully_in_graph	no_candidate	I1_allele_fully_in_graph
10477	chr11	131321890	INS	True	True	no_candidate	I1_allele_fully_in_graph	no_candidate	I1_allele_fully_in_graph
10479	chr11	131440816	DEL	True	True	filtered		tensor_non_representative_allele	
10480	chr11	131440816	DEL	True	True	filtered		tensor_non_representative_allele	
10481	chr11	131632673	INS	True	True	no_candidate	I2_partly_in_graph_residual_edit	no_candidate	I2_partly_in_graph_residual_edit
10484	chr11	132028245	INS	True	True	tensor_representative		tensor_representative	
10488	chr11	132282976	INS	True	True	filtered		tensor_non_representative_allele	
10491	chr11	132782917	INS	True	True	no_candidate	I1_allele_fully_in_graph	no_candidate	I1_allele_fully_in_graph
10492	chr11	133099442	DEL	True	False	tensor_representative		tensor_non_representative_allele	
10493	chr11	133201305	INS	True	True	no_candidate	I1_allele_fully_in_graph	no_candidate	I1_allele_fully_in_graph
10494	chr11	133240212	INS	True	True	filtered		filtered	
10497	chr11	133499859	INS	True	True	no_candidate	I1_allele_fully_in_graph	no_candidate	I1_allele_fully_in_graph
10499	chr11	133572554	DEL	True	True	tensor_representative		tensor_representative	
10504	chr11	134320738	INS	True	True	tensor_representative		tensor_representative	
10506	chr11	134556064	INS	True	True	tensor_representative		tensor_representative	
10508	chr11	134691116	DEL	True	True	no_candidate	I2_partly_in_graph_residual_edit	no_candidate	I2_partly_in_graph_residual_edit
10509	chr11	134738536	INS	True	True	tensor_representative		tensor_representative	
10512	chr11	134897366	DEL	True	True	no_candidate	I2_partly_in_graph_residual_edit	filtered	
10513	chr12	54349	DEL	True	False	filtered		tensor_non_representative_allele	
10516	chr12	1445222	INS	True	True	filtered		filtered	
10518	chr12	1626569	INS	True	True	filtered		no_candidate	I1_allele_fully_in_graph
10519	chr12	1687085	INS	True	False	filtered		filtered	
10521	chr12	2087069	INS	True	True	tensor_representative		tensor_representative	
10523	chr12	2284293	INS	True	False	tensor_representative		tensor_representative	
10527	chr12	3490546	DEL	True	True	filtered		filtered	
10531	chr12	3918111	DEL	True	True	no_candidate	I2_partly_in_graph_residual_edit	no_candidate	I2_partly_in_graph_residual_edit
10534	chr12	4236397	INS	True	False	tensor_representative		tensor_representative	
10535	chr12	4255379	DEL	True	True	tensor_representative		tensor_representative	
10536	chr12	4369970	DEL	True	True	no_candidate	I2_partly_in_graph_residual_edit	no_candidate	I2_partly_in_graph_residual_edit
10538	chr12	4392183	INS	True	True	no_candidate	I2_partly_in_graph_residual_edit	no_candidate	I2_partly_in_graph_residual_edit
10540	chr12	4882307	INS	True	True	filtered		filtered	
10542	chr12	5141768	INS	True	True	filtered		filtered	
10543	chr12	5271321	DEL	True	True	tensor_representative		tensor_representative	
10544	chr12	5394166	INS	True	True	no_candidate	I2_partly_in_graph_residual_edit	no_candidate	I2_partly_in_graph_residual_edit
10545	chr12	5467228	INS	True	True	tensor_non_representative_allele		tensor_non_representative_allele	
10551	chr12	6108587	INS	True	True	tensor_representative		tensor_representative	
10552	chr12	6147654	INS	True	True	tensor_representative		tensor_representative	
10556	chr12	6288529	INS	True	False	tensor_representative		tensor_representative	
10557	chr12	6546650	INS	True	True	tensor_representative		tensor_representative	
10559	chr12	6989313	INS	True	False	tensor_representative		tensor_representative	
10562	chr12	7195613	INS	True	True	tensor_representative		tensor_representative	
10563	chr12	7236859	DEL	True	True	tensor_representative		tensor_representative	
10565	chr12	7785936	DEL	True	True	filtered		tensor_non_representative_allele	
10567	chr12	8103376	DEL	True	False	filtered		tensor_representative	
10568	chr12	8272600	DEL	True	True	no_candidate	I1_allele_fully_in_graph	no_candidate	I1_allele_fully_in_graph
10569	chr12	8331878	INS	True	False	no_candidate	I1_allele_fully_in_graph	no_candidate	I1_allele_fully_in_graph
10570	chr12	8509895	DEL	True	True	tensor_representative		tensor_representative	
10571	chr12	8610993	INS	True	True	filtered		filtered	
10572	chr12	8626766	INS	True	True	no_candidate	I2_partly_in_graph_residual_edit	no_candidate	I2_partly_in_graph_residual_edit
10573	chr12	8660749	INS	True	True	tensor_representative		tensor_representative	
10574	chr12	8847245	INS	True	True	tensor_non_representative_allele		tensor_non_representative_allele	
10575	chr12	8903178	INS	True	False	no_candidate	I2_partly_in_graph_residual_edit	no_candidate	I2_partly_in_graph_residual_edit
10579	chr12	9083754	INS	True	True	tensor_representative		tensor_representative	
10582	chr12	9187077	INS	True	True	filtered		no_candidate	I2_partly_in_graph_residual_edit
10583	chr12	9230200	INS	True	True	tensor_representative		tensor_representative	
10584	chr12	9230637	DEL	True	True	tensor_representative		tensor_representative	
10586	chr12	9775802	INS	True	False	filtered		filtered	
10590	chr12	10784635	DEL	True	True	tensor_representative		tensor_representative	
10592	chr12	10939551	DEL	True	True	tensor_representative		tensor_representative	
10593	chr12	11206411	INS	True	True	no_candidate	I1_allele_fully_in_graph	no_candidate	I1_allele_fully_in_graph
10594	chr12	11239105	DEL	True	True	tensor_representative		tensor_representative	
10596	chr12	11308619	INS	True	True	no_candidate	I2_partly_in_graph_residual_edit	no_candidate	I2_partly_in_graph_residual_edit
10597	chr12	11331792	DEL	True	True	no_candidate	I3_grch38_path_different_edit	tensor_representative	
10598	chr12	11588084	INS	True	True	tensor_representative		tensor_representative	
10600	chr12	11927175	INS	True	False	no_candidate	I1_allele_fully_in_graph	no_candidate	I2_partly_in_graph_residual_edit
10604	chr12	12300436	INS	True	True	no_candidate	I2_partly_in_graph_residual_edit	no_candidate	I2_partly_in_graph_residual_edit
10605	chr12	12647210	INS	True	True	no_candidate	I1_allele_fully_in_graph	no_candidate	I1_allele_fully_in_graph
10606	chr12	12767333	DEL	True	True	tensor_representative		tensor_representative	
10607	chr12	12923951	INS	True	True	no_candidate	I4_no_or_few_alt_reads	no_candidate	I4_no_or_few_alt_reads
10610	chr12	13466976	DEL	True	True	no_candidate	I2_partly_in_graph_residual_edit	no_candidate	I2_partly_in_graph_residual_edit
10612	chr12	13547979	INS	True	True	no_candidate	I1_allele_fully_in_graph	tensor_representative	
10613	chr12	13825530	INS	True	True	no_candidate	I4_no_or_few_alt_reads	no_candidate	I4_no_or_few_alt_reads
10614	chr12	13834197	INS	True	True	filtered		tensor_representative	
10615	chr12	13928302	INS	True	False	filtered		filtered	
10616	chr12	14309464	INS	True	False	filtered		filtered	
10617	chr12	14325324	DEL	True	False	no_candidate	I1_allele_fully_in_graph	no_candidate	I1_allele_fully_in_graph
10618	chr12	14750890	DEL	True	True	filtered		filtered	
10622	chr12	15133503	DEL	True	True	no_candidate	I3_grch38_path_different_edit	tensor_representative	
10623	chr12	15236483	DEL	True	True	tensor_representative		tensor_representative	
10625	chr12	15514451	INS	True	True	filtered		no_candidate	I1_allele_fully_in_graph
10626	chr12	15685482	INS	True	True	tensor_representative		tensor_representative	
10627	chr12	15791701	INS	True	True	filtered		no_candidate	I1_allele_fully_in_graph
10629	chr12	16261052	INS	True	True	tensor_representative		tensor_representative	
10632	chr12	17153979	DEL	True	False	tensor_representative		tensor_representative	
10633	chr12	17217486	DEL	True	True	filtered		tensor_representative	
10634	chr12	17261604	DEL	True	True	filtered		filtered	
10637	chr12	17742442	DEL	True	True	no_candidate	I2_partly_in_graph_residual_edit	filtered	
10638	chr12	17742442	DEL	True	True	tensor_representative		filtered	
10639	chr12	17873597	INS	True	True	no_candidate	I1_allele_fully_in_graph	no_candidate	I1_allele_fully_in_graph
10640	chr12	18030073	INS	True	True	no_candidate	I2_partly_in_graph_residual_edit	no_candidate	I2_partly_in_graph_residual_edit
10641	chr12	18118134	DEL	True	True	tensor_representative		tensor_representative	
10643	chr12	18696322	DEL	True	True	no_candidate	I2_partly_in_graph_residual_edit	no_candidate	I2_partly_in_graph_residual_edit
10644	chr12	18839556	DEL	True	True	no_candidate	I1_allele_fully_in_graph	no_candidate	I1_allele_fully_in_graph
10646	chr12	18931630	INS	True	True	filtered		no_candidate	I1_allele_fully_in_graph
10648	chr12	19253064	INS	True	False	filtered		tensor_non_representative_allele	
10652	chr12	19578196	INS	True	True	no_candidate	I2_partly_in_graph_residual_edit	no_candidate	I2_partly_in_graph_residual_edit
10653	chr12	20006055	DEL	True	True	tensor_representative		tensor_representative	
10654	chr12	20033423	DEL	True	True	tensor_representative		tensor_representative	
10656	chr12	20158370	INS	True	True	filtered		filtered	
10657	chr12	20169855	DEL	True	True	tensor_representative		tensor_representative	
10658	chr12	20249884	INS	True	True	filtered		tensor_representative	
10659	chr12	20310526	DEL	True	True	no_candidate	I2_partly_in_graph_residual_edit	no_candidate	I2_partly_in_graph_residual_edit
10660	chr12	20353912	INS	True	True	no_candidate	I1_allele_fully_in_graph	no_candidate	I1_allele_fully_in_graph
10661	chr12	20378252	DEL	True	True	tensor_representative		tensor_representative	
10662	chr12	20404826	INS	True	True	filtered		filtered	
10667	chr12	20709887	INS	True	False	filtered		no_candidate	I1_allele_fully_in_graph
10668	chr12	20757331	DEL	True	True	no_candidate	I2_partly_in_graph_residual_edit	no_candidate	I2_partly_in_graph_residual_edit
10670	chr12	21116843	INS	True	True	tensor_representative		tensor_representative	
10673	chr12	21235081	DEL	True	False	tensor_representative		tensor_representative	
10675	chr12	21367850	INS	True	True	tensor_representative		tensor_representative	
10678	chr12	21551008	INS	True	True	no_candidate	I2_partly_in_graph_residual_edit	no_candidate	I2_partly_in_graph_residual_edit
10679	chr12	21551010	DEL	True	True	no_candidate	I2_partly_in_graph_residual_edit	no_candidate	I2_partly_in_graph_residual_edit
10680	chr12	21683634	INS	True	True	filtered		filtered	
10681	chr12	21900695	DEL	True	True	tensor_representative		tensor_representative	
10685	chr12	22187124	DEL	True	True	no_candidate	I3_grch38_path_different_edit	no_candidate	I3_grch38_path_different_edit
10686	chr12	22249220	DEL	True	True	no_candidate	I1_allele_fully_in_graph	no_candidate	I1_allele_fully_in_graph
10687	chr12	22287488	DEL	True	True	tensor_representative		tensor_representative	
10690	chr12	22415498	DEL	True	True	tensor_representative		tensor_representative	
10693	chr12	22616729	INS	True	True	filtered		filtered	
10697	chr12	23250345	INS	True	True	filtered		filtered	
10698	chr12	23410495	DEL	True	True	tensor_representative		tensor_representative	
10699	chr12	23555483	INS	True	True	tensor_representative		tensor_representative	
10701	chr12	23570930	DEL	True	True	no_candidate	I1_allele_fully_in_graph	no_candidate	I1_allele_fully_in_graph
10704	chr12	23666114	DEL	True	True	tensor_representative		tensor_representative	
10705	chr12	23674336	INS	True	True	no_candidate	I2_partly_in_graph_residual_edit	no_candidate	I2_partly_in_graph_residual_edit
10708	chr12	24047790	DEL	True	True	tensor_representative		tensor_representative	
10710	chr12	24178244	DEL	True	True	filtered		filtered	
10712	chr12	24252689	INS	True	True	tensor_representative		tensor_representative	
10713	chr12	24269839	DEL	True	False	no_candidate	I2_partly_in_graph_residual_edit	no_candidate	I2_partly_in_graph_residual_edit
10718	chr12	24428726	INS	True	True	tensor_non_representative_allele		tensor_non_representative_allele	
10720	chr12	24754420	DEL	True	True	no_candidate	I1_allele_fully_in_graph	no_candidate	I1_allele_fully_in_graph
10724	chr12	24867337	DEL	True	True	filtered		filtered	
10725	chr12	24911099	INS	True	True	tensor_representative		tensor_representative	
10727	chr12	24952296	DEL	True	True	tensor_representative		tensor_representative	
10728	chr12	24952650	INS	True	True	no_candidate	I3_grch38_path_different_edit	no_candidate	I3_grch38_path_different_edit
10730	chr12	24991225	INS	True	True	filtered		filtered	
10732	chr12	25045848	DEL	True	True	no_candidate	I1_allele_fully_in_graph	no_candidate	I1_allele_fully_in_graph
10737	chr12	25806258	DEL	True	True	tensor_representative		tensor_representative	
10739	chr12	26137636	INS	True	True	no_candidate	I2_partly_in_graph_residual_edit	no_candidate	I2_partly_in_graph_residual_edit
10740	chr12	26137657	INS	True	True	no_candidate	I1_allele_fully_in_graph	no_candidate	I1_allele_fully_in_graph
10741	chr12	26563553	INS	True	True	tensor_representative		tensor_representative	
10742	chr12	27160853	INS	True	True	tensor_representative		tensor_representative	
10745	chr12	27596071	INS	True	True	no_candidate	I1_allele_fully_in_graph	no_candidate	I1_allele_fully_in_graph
10750	chr12	27908421	INS	True	True	filtered		no_candidate	I2_partly_in_graph_residual_edit
10755	chr12	28379452	INS	True	True	tensor_representative		tensor_representative	
10756	chr12	28663697	DEL	True	True	tensor_representative		tensor_representative	
10765	chr12	29685367	DEL	True	True	filtered		filtered	
10766	chr12	29745618	DEL	True	True	tensor_representative		tensor_representative	
10767	chr12	29867347	INS	True	True	filtered		filtered	
10768	chr12	29891419	INS	True	True	no_candidate	I1_allele_fully_in_graph	no_candidate	I1_allele_fully_in_graph
10771	chr12	30232281	DEL	True	True	tensor_representative		tensor_representative	
10772	chr12	30244408	INS	True	True	filtered		filtered	
10775	chr12	30341146	DEL	True	True	tensor_representative		tensor_representative	
10776	chr12	30346482	INS	True	True	tensor_representative		tensor_representative	
10777	chr12	30616888	DEL	True	True	filtered		tensor_non_representative_allele	
10778	chr12	31013410	INS	True	True	tensor_representative		tensor_representative	
10780	chr12	31031608	DEL	True	True	no_candidate	I2_partly_in_graph_residual_edit	no_candidate	I2_partly_in_graph_residual_edit
10782	chr12	31341879	INS	True	True	filtered		no_candidate	I2_partly_in_graph_residual_edit
10783	chr12	31524041	INS	True	True	filtered		tensor_non_representative_allele	
10784	chr12	31632059	DEL	True	True	no_candidate	I1_allele_fully_in_graph	no_candidate	I1_allele_fully_in_graph
10785	chr12	31767741	INS	True	True	filtered		tensor_non_representative_allele	
10787	chr12	32913816	INS	True	True	tensor_representative		tensor_representative	
10788	chr12	32937399	INS	True	False	filtered		filtered	
10789	chr12	33166462	DEL	True	True	no_candidate	I1_allele_fully_in_graph	no_candidate	I1_allele_fully_in_graph
10790	chr12	33209653	INS	True	True	no_candidate	I2_partly_in_graph_residual_edit	no_candidate	I2_partly_in_graph_residual_edit
10791	chr12	33327531	DEL	True	True	filtered		filtered	
10792	chr12	33328991	INS	True	True	tensor_representative		tensor_representative	
10793	chr12	33401026	INS	True	True	filtered		filtered	
10797	chr12	34096575	DEL	True	True	no_candidate	I1_allele_fully_in_graph	no_candidate	I1_allele_fully_in_graph
10799	chr12	34138005	DEL	True	False	filtered		filtered	
10801	chr12	34147197	INS	True	True	no_candidate	I2_partly_in_graph_residual_edit	no_candidate	I2_partly_in_graph_residual_edit
10803	chr12	34280147	INS	True	True	no_candidate	I1_allele_fully_in_graph	no_candidate	I1_allele_fully_in_graph
10805	chr12	37319392	INS	True	True	filtered		filtered	
10808	chr12	37586126	INS	True	True	filtered		filtered	
10809	chr12	38290846	INS	True	True	no_candidate	I1_allele_fully_in_graph	no_candidate	I1_allele_fully_in_graph
10812	chr12	38985394	INS	True	True	tensor_representative		tensor_representative	
10814	chr12	39138303	DEL	True	True	no_candidate	I2_partly_in_graph_residual_edit	no_candidate	I2_partly_in_graph_residual_edit
10815	chr12	39812996	INS	True	True	no_candidate	I2_partly_in_graph_residual_edit	no_candidate	I2_partly_in_graph_residual_edit
10816	chr12	40172642	DEL	True	True	no_candidate	I2_partly_in_graph_residual_edit	no_candidate	I2_partly_in_graph_residual_edit
10817	chr12	40231576	DEL	True	True	tensor_representative		tensor_representative	
10820	chr12	40539300	DEL	True	True	no_candidate	I1_allele_fully_in_graph	no_candidate	I1_allele_fully_in_graph
10822	chr12	40539408	DEL	True	True	no_candidate	I2_partly_in_graph_residual_edit	no_candidate	I2_partly_in_graph_residual_edit
10825	chr12	40872571	INS	True	True	no_candidate	I2_partly_in_graph_residual_edit	no_candidate	I2_partly_in_graph_residual_edit
10826	chr12	40947782	DEL	True	True	no_candidate	I1_allele_fully_in_graph	no_candidate	I1_allele_fully_in_graph
10830	chr12	41139649	INS	True	True	tensor_representative		tensor_representative	
10831	chr12	41166749	INS	True	True	no_candidate	I1_allele_fully_in_graph	no_candidate	I1_allele_fully_in_graph
10833	chr12	41690916	INS	True	True	tensor_non_representative_allele		tensor_non_representative_allele	
10835	chr12	42925750	INS	True	True	tensor_representative		tensor_representative	
10840	chr12	44317300	INS	True	True	no_candidate	I2_partly_in_graph_residual_edit	no_candidate	I2_partly_in_graph_residual_edit
10841	chr12	44518245	INS	True	True	tensor_representative		tensor_representative	
10842	chr12	44587284	INS	True	True	no_candidate	I2_partly_in_graph_residual_edit	no_candidate	I2_partly_in_graph_residual_edit
10844	chr12	45071143	DEL	True	True	tensor_representative		filtered	
10845	chr12	45117155	INS	True	False	no_candidate	I2_partly_in_graph_residual_edit	no_candidate	I2_partly_in_graph_residual_edit
10847	chr12	45391514	DEL	True	True	no_candidate	I3_grch38_path_different_edit	tensor_representative	
10848	chr12	45738779	INS	True	True	filtered		filtered	
10849	chr12	46961979	INS	True	True	tensor_representative		tensor_representative	
10853	chr12	48075055	INS	True	True	filtered		tensor_representative	
10854	chr12	48741069	DEL	True	True	tensor_representative		tensor_representative	
10855	chr12	49317772	DEL	True	True	no_candidate	I2_partly_in_graph_residual_edit	no_candidate	I2_partly_in_graph_residual_edit
10856	chr12	49414939	DEL	True	True	no_candidate	I1_allele_fully_in_graph	no_candidate	I2_partly_in_graph_residual_edit
10857	chr12	50123032	DEL	True	True	no_candidate	I1_allele_fully_in_graph	no_candidate	I1_allele_fully_in_graph
10858	chr12	50626774	INS	True	True	tensor_representative		tensor_representative	
10870	chr12	53803765	DEL	True	True	tensor_representative		tensor_representative	
10871	chr12	53812277	INS	True	True	tensor_representative		tensor_representative	
10872	chr12	53904445	INS	True	True	no_candidate	I2_partly_in_graph_residual_edit	no_candidate	I2_partly_in_graph_residual_edit
10874	chr12	54506796	INS	True	True	no_candidate	I1_allele_fully_in_graph	no_candidate	I2_partly_in_graph_residual_edit
10876	chr12	54783050	INS	True	True	no_candidate	I1_allele_fully_in_graph	no_candidate	I1_allele_fully_in_graph
10878	chr12	55264863	INS	True	True	tensor_representative		tensor_representative	
10879	chr12	55338045	DEL	True	True	tensor_representative		tensor_representative	
10880	chr12	55483779	DEL	True	True	tensor_representative		tensor_representative	
10881	chr12	55661591	DEL	True	False	no_candidate	I2_partly_in_graph_residual_edit	no_candidate	I2_partly_in_graph_residual_edit
10883	chr12	56521502	INS	True	True	tensor_non_representative_allele		tensor_non_representative_allele	
10886	chr12	58637859	DEL	True	True	no_candidate	I2_partly_in_graph_residual_edit	no_candidate	I2_partly_in_graph_residual_edit
10889	chr12	59050281	INS	True	True	no_candidate	I1_allele_fully_in_graph	no_candidate	I1_allele_fully_in_graph
10891	chr12	59128010	DEL	True	True	no_candidate	I1_allele_fully_in_graph	no_candidate	I1_allele_fully_in_graph
10894	chr12	60284481	INS	True	True	filtered		filtered	
10896	chr12	60460510	INS	True	True	no_candidate	I1_allele_fully_in_graph	no_candidate	I1_allele_fully_in_graph
10897	chr12	60549989	DEL	True	True	no_candidate	I2_partly_in_graph_residual_edit	filtered	
10900	chr12	61119266	INS	True	True	tensor_non_representative_allele		tensor_non_representative_allele	
10902	chr12	61424243	INS	True	True	no_candidate	I1_allele_fully_in_graph	no_candidate	I2_partly_in_graph_residual_edit
10905	chr12	61695600	DEL	True	True	tensor_representative		tensor_representative	
10909	chr12	62946489	INS	True	True	no_candidate	I1_allele_fully_in_graph	no_candidate	I1_allele_fully_in_graph
10914	chr12	63866872	INS	True	True	tensor_representative		tensor_representative	
10916	chr12	64392064	INS	True	True	filtered		no_candidate	I1_allele_fully_in_graph
10918	chr12	64517308	INS	True	True	tensor_representative		tensor_representative	
10919	chr12	64958458	DEL	True	True	tensor_representative		tensor_representative	
10921	chr12	65282317	DEL	True	True	tensor_representative		tensor_representative	
10922	chr12	65739000	INS	True	True	tensor_representative		tensor_representative	
10924	chr12	66655606	INS	True	True	tensor_representative		tensor_representative	
10925	chr12	66661459	INS	True	True	tensor_representative		tensor_representative	
10927	chr12	67365981	DEL	True	True	tensor_representative		tensor_representative	
10933	chr12	68166192	INS	True	True	filtered		filtered	
10936	chr12	68390914	INS	True	True	tensor_representative		tensor_representative	
10938	chr12	70073624	INS	True	True	filtered		filtered	
10941	chr12	70665364	DEL	True	True	no_candidate	I2_partly_in_graph_residual_edit	no_candidate	I2_partly_in_graph_residual_edit
10944	chr12	71068041	INS	True	True	tensor_representative		tensor_representative	
10946	chr12	71120033	DEL	True	True	tensor_representative		tensor_representative	
10947	chr12	71412396	INS	True	True	no_candidate	I2_partly_in_graph_residual_edit	no_candidate	I2_partly_in_graph_residual_edit
10950	chr12	71594588	DEL	True	True	tensor_representative		tensor_representative	
10954	chr12	72341132	DEL	True	True	tensor_representative		tensor_representative	
10955	chr12	72376873	DEL	True	True	tensor_representative		tensor_representative	
10957	chr12	72383370	DEL	True	True	tensor_representative		tensor_representative	
10959	chr12	72949928	INS	True	True	filtered		filtered	
10963	chr12	73690444	INS	True	True	no_candidate	I2_partly_in_graph_residual_edit	no_candidate	I2_partly_in_graph_residual_edit
10965	chr12	74171887	DEL	True	True	tensor_representative		tensor_representative	
10970	chr12	74848880	INS	True	True	tensor_representative		tensor_representative	
10972	chr12	75490564	DEL	True	True	no_candidate	I2_partly_in_graph_residual_edit	tensor_representative	
10974	chr12	76257692	DEL	True	True	tensor_representative		tensor_representative	
10975	chr12	76306226	DEL	True	False	no_candidate	I1_allele_fully_in_graph	no_candidate	I1_allele_fully_in_graph
10976	chr12	76433462	INS	True	True	tensor_representative		tensor_representative	
10977	chr12	76883706	DEL	True	True	tensor_representative		tensor_representative	
10979	chr12	78256316	INS	True	True	filtered		filtered	
10980	chr12	78271456	DEL	True	True	tensor_representative		tensor_representative	
10981	chr12	78360990	DEL	True	True	tensor_representative		tensor_representative	
10984	chr12	78729589	DEL	True	True	filtered		filtered	
10985	chr12	78857569	DEL	True	True	tensor_representative		tensor_representative	
10988	chr12	78929407	DEL	True	False	no_candidate	I1_allele_fully_in_graph	no_candidate	I2_partly_in_graph_residual_edit
10990	chr12	78940556	INS	True	True	tensor_representative		tensor_representative	
10992	chr12	79145737	DEL	True	True	tensor_representative		no_candidate	I2_partly_in_graph_residual_edit
10994	chr12	79710288	DEL	True	True	tensor_representative		tensor_representative	
11002	chr12	81181747	INS	True	True	no_candidate	I2_partly_in_graph_residual_edit	no_candidate	I2_partly_in_graph_residual_edit
11003	chr12	81505271	DEL	True	True	tensor_representative		tensor_representative	
11004	chr12	81642703	INS	True	True	no_candidate	I4_no_or_few_alt_reads	no_candidate	I4_no_or_few_alt_reads
11006	chr12	81971550	INS	True	True	tensor_representative		tensor_representative	
11007	chr12	81977320	DEL	True	True	tensor_representative		tensor_representative	
11010	chr12	82569903	INS	True	True	no_candidate	I2_partly_in_graph_residual_edit	no_candidate	I2_partly_in_graph_residual_edit
11011	chr12	82805497	INS	True	True	tensor_representative		tensor_representative	
11014	chr12	83431701	INS	True	True	tensor_representative		tensor_representative	
11016	chr12	84034061	INS	True	True	no_candidate	I1_allele_fully_in_graph	no_candidate	I1_allele_fully_in_graph
11017	chr12	84126693	DEL	True	True	tensor_representative		tensor_non_representative_allele	
11021	chr12	84783321	DEL	True	True	no_candidate	I1_allele_fully_in_graph	filtered	
11022	chr12	84892141	INS	True	True	filtered		no_candidate	I2_partly_in_graph_residual_edit
11023	chr12	84983699	INS	True	True	tensor_representative		tensor_representative	
11024	chr12	85576263	INS	True	True	no_candidate	I1_allele_fully_in_graph	no_candidate	I1_allele_fully_in_graph
11025	chr12	85615251	INS	True	True	no_candidate	I1_allele_fully_in_graph	no_candidate	I2_partly_in_graph_residual_edit
11028	chr12	85932297	INS	True	True	filtered		filtered	
11030	chr12	86921002	DEL	True	True	tensor_representative		tensor_representative	
11031	chr12	86956306	DEL	True	True	tensor_representative		tensor_representative	
11034	chr12	87273541	DEL	True	True	no_candidate	I1_allele_fully_in_graph	no_candidate	I2_partly_in_graph_residual_edit
11038	chr12	88211937	INS	True	True	no_candidate	I2_partly_in_graph_residual_edit	no_candidate	I2_partly_in_graph_residual_edit
11041	chr12	89130232	INS	True	True	no_candidate	I3_grch38_path_different_edit	no_candidate	I3_grch38_path_different_edit
11043	chr12	90181087	DEL	True	True	no_candidate	I2_partly_in_graph_residual_edit	no_candidate	I2_partly_in_graph_residual_edit
11045	chr12	90510496	INS	True	True	no_candidate	I1_allele_fully_in_graph	no_candidate	I1_allele_fully_in_graph
11046	chr12	90640585	DEL	True	True	no_candidate	I1_allele_fully_in_graph	no_candidate	I1_allele_fully_in_graph
11047	chr12	90705167	DEL	True	True	no_candidate	I1_allele_fully_in_graph	no_candidate	I1_allele_fully_in_graph
11048	chr12	91161943	DEL	True	True	tensor_representative		tensor_representative	
11051	chr12	91438583	INS	True	True	tensor_representative		tensor_representative	
11052	chr12	91660409	INS	True	True	no_candidate	I1_allele_fully_in_graph	no_candidate	I1_allele_fully_in_graph
11054	chr12	92220225	INS	True	True	no_candidate	I1_allele_fully_in_graph	no_candidate	I1_allele_fully_in_graph
11055	chr12	93643761	INS	True	True	no_candidate	I1_allele_fully_in_graph	no_candidate	I1_allele_fully_in_graph
11058	chr12	93886162	INS	True	True	no_candidate	I2_partly_in_graph_residual_edit	no_candidate	I2_partly_in_graph_residual_edit
11061	chr12	95288777	DEL	True	True	tensor_representative		tensor_representative	
11062	chr12	96067830	INS	True	True	filtered		filtered	
11064	chr12	97090777	DEL	True	True	tensor_representative		tensor_representative	
11065	chr12	97223407	INS	True	True	no_candidate	I2_partly_in_graph_residual_edit	no_candidate	I2_partly_in_graph_residual_edit
11068	chr12	97989005	INS	True	True	no_candidate	I1_allele_fully_in_graph	no_candidate	I1_allele_fully_in_graph
11069	chr12	98026335	INS	True	True	filtered		no_candidate	I1_allele_fully_in_graph
11072	chr12	98653691	INS	True	True	no_candidate	I2_partly_in_graph_residual_edit	no_candidate	I2_partly_in_graph_residual_edit
11073	chr12	99044213	INS	True	True	tensor_representative		tensor_representative	
11078	chr12	99484764	DEL	True	True	tensor_representative		tensor_representative	
11079	chr12	99601716	DEL	True	True	tensor_representative		tensor_representative	
11080	chr12	99742837	DEL	True	True	tensor_representative		tensor_representative	
11081	chr12	99784168	INS	True	True	tensor_representative		tensor_representative	
11082	chr12	99897852	DEL	True	True	tensor_representative		tensor_representative	
11083	chr12	99982333	INS	True	True	filtered		filtered	
11085	chr12	100033534	INS	True	True	filtered		no_candidate	I1_allele_fully_in_graph
11087	chr12	100423902	INS	True	True	tensor_representative		tensor_representative	
11090	chr12	100892313	INS	True	True	tensor_representative		tensor_representative	
11091	chr12	100895561	DEL	True	True	tensor_representative		tensor_representative	
11094	chr12	102091399	DEL	True	True	tensor_representative		tensor_representative	
11095	chr12	102458730	DEL	True	True	tensor_representative		tensor_representative	
11096	chr12	102651371	INS	True	True	tensor_representative		tensor_representative	
11101	chr12	103801372	INS	True	True	tensor_representative		tensor_non_representative_allele	
11104	chr12	104294233	INS	True	False	no_candidate	I2_partly_in_graph_residual_edit	no_candidate	I2_partly_in_graph_residual_edit
11108	chr12	105265150	INS	True	True	no_candidate	I1_allele_fully_in_graph	no_candidate	I1_allele_fully_in_graph
11109	chr12	105318957	INS	True	True	tensor_representative		tensor_representative	
11110	chr12	105533802	INS	True	True	no_candidate	I2_partly_in_graph_residual_edit	no_candidate	I2_partly_in_graph_residual_edit
11111	chr12	105568942	INS	True	True	no_candidate	I1_allele_fully_in_graph	no_candidate	I1_allele_fully_in_graph
11113	chr12	106486287	INS	True	True	filtered		no_candidate	I1_allele_fully_in_graph
11114	chr12	106916205	DEL	True	True	no_candidate	I1_allele_fully_in_graph	no_candidate	I1_allele_fully_in_graph
11115	chr12	106944474	DEL	True	True	tensor_representative		tensor_representative	
11117	chr12	107493082	INS	True	True	tensor_representative		tensor_representative	
11118	chr12	107924918	DEL	True	True	tensor_representative		tensor_representative	
11123	chr12	108881605	INS	True	True	no_candidate	I2_partly_in_graph_residual_edit	no_candidate	I2_partly_in_graph_residual_edit
11126	chr12	109312790	DEL	True	True	no_candidate	I1_allele_fully_in_graph	no_candidate	I1_allele_fully_in_graph
11127	chr12	109327122	INS	True	True	tensor_representative		tensor_representative	
11128	chr12	109665963	INS	True	True	tensor_representative		tensor_representative	
11129	chr12	110593514	INS	True	True	no_candidate	I3_grch38_path_different_edit	no_candidate	I3_grch38_path_different_edit
11131	chr12	110890302	DEL	True	True	tensor_representative		tensor_representative	
11132	chr12	110891634	INS	True	True	no_candidate	I2_partly_in_graph_residual_edit	no_candidate	I2_partly_in_graph_residual_edit
11134	chr12	110922201	INS	True	True	filtered		filtered	
11136	chr12	111087366	INS	True	True	tensor_representative		tensor_representative	
11137	chr12	111214173	INS	True	True	filtered		filtered	
11138	chr12	111249400	DEL	True	True	tensor_representative		tensor_representative	
11139	chr12	111426385	INS	True	True	tensor_representative		tensor_representative	
11140	chr12	111818888	INS	True	True	tensor_representative		tensor_representative	
11143	chr12	112580394	INS	True	True	no_candidate	I1_allele_fully_in_graph	no_candidate	I1_allele_fully_in_graph
11145	chr12	113035450	INS	True	True	filtered		no_candidate	I1_allele_fully_in_graph
11146	chr12	113047475	INS	True	True	no_candidate	I7_unclear	no_candidate	I7_unclear
11147	chr12	113050771	INS	True	True	tensor_representative		tensor_representative	
11148	chr12	113348239	INS	True	True	tensor_representative		tensor_non_representative_allele	
11150	chr12	113708463	DEL	True	True	tensor_representative		tensor_representative	
11152	chr12	114073906	DEL	True	True	tensor_representative		tensor_representative	
11157	chr12	114683790	INS	True	True	tensor_representative		tensor_representative	
11158	chr12	114806631	DEL	True	True	tensor_representative		tensor_representative	
11159	chr12	114894385	INS	True	True	tensor_representative		tensor_representative	
11161	chr12	115365497	DEL	True	True	no_candidate	I1_allele_fully_in_graph	no_candidate	I1_allele_fully_in_graph
11162	chr12	115770369	INS	True	True	tensor_representative		tensor_representative	
11166	chr12	116323502	INS	True	True	no_candidate	I2_partly_in_graph_residual_edit	no_candidate	I2_partly_in_graph_residual_edit
11167	chr12	116394616	DEL	True	True	tensor_representative		tensor_representative	
11168	chr12	116419524	DEL	True	True	tensor_representative		tensor_non_representative_allele	
11169	chr12	116560188	DEL	True	True	no_candidate	I1_allele_fully_in_graph	no_candidate	I1_allele_fully_in_graph
11170	chr12	117199441	INS	True	True	tensor_representative		tensor_representative	
11173	chr12	117601295	INS	True	True	tensor_non_representative_allele		tensor_non_representative_allele	
11174	chr12	117656958	DEL	True	True	no_candidate	I1_allele_fully_in_graph	no_candidate	I1_allele_fully_in_graph
11176	chr12	117656981	INS	True	True	no_candidate	I1_allele_fully_in_graph	no_candidate	I1_allele_fully_in_graph
11177	chr12	117686215	DEL	True	True	tensor_representative		tensor_representative	
11181	chr12	118324734	INS	True	False	tensor_representative		tensor_representative	
11183	chr12	118489970	DEL	True	True	tensor_representative		tensor_representative	
11184	chr12	118498792	DEL	True	True	filtered		tensor_representative	
11186	chr12	118701939	INS	True	True	no_candidate	I1_allele_fully_in_graph	no_candidate	I1_allele_fully_in_graph
11187	chr12	119114660	DEL	True	True	filtered		tensor_non_representative_allele	
11189	chr12	119287654	DEL	True	True	tensor_representative		tensor_representative	
11190	chr12	119322263	INS	True	True	filtered		filtered	
11191	chr12	119373987	DEL	True	True	tensor_representative		tensor_representative	
11192	chr12	119472576	DEL	True	True	tensor_representative		tensor_representative	
11193	chr12	119478603	INS	True	True	tensor_representative		tensor_representative	
11199	chr12	121979563	INS	True	True	no_candidate	I2_partly_in_graph_residual_edit	no_candidate	I2_partly_in_graph_residual_edit
11202	chr12	122916090	INS	True	True	tensor_representative		tensor_representative	
11204	chr12	123559413	INS	True	True	no_candidate	I1_allele_fully_in_graph	no_candidate	I1_allele_fully_in_graph
11207	chr12	125715838	DEL	True	True	tensor_representative		tensor_representative	
11212	chr12	127394985	DEL	True	True	tensor_representative		tensor_representative	
11213	chr12	127427116	DEL	True	True	tensor_representative		tensor_representative	
11215	chr12	127643815	INS	True	True	no_candidate	I2_partly_in_graph_residual_edit	no_candidate	I2_partly_in_graph_residual_edit
11216	chr12	127840066	DEL	True	True	filtered		tensor_representative	
11217	chr12	127842434	INS	True	True	tensor_representative		tensor_representative	
11223	chr12	128159869	INS	True	True	no_candidate	I1_allele_fully_in_graph	no_candidate	I1_allele_fully_in_graph
11225	chr12	128291400	DEL	True	True	tensor_representative		tensor_representative	
11227	chr12	128456366	DEL	True	True	no_candidate	I2_partly_in_graph_residual_edit	no_candidate	I2_partly_in_graph_residual_edit
11229	chr12	128555712	DEL	True	True	tensor_representative		tensor_representative	
11230	chr12	128566189	INS	True	True	tensor_representative		tensor_non_representative_allele	
11231	chr12	128711534	INS	True	True	no_candidate	I2_partly_in_graph_residual_edit	no_candidate	I2_partly_in_graph_residual_edit
11232	chr12	128729509	INS	True	True	no_candidate	I1_allele_fully_in_graph	no_candidate	I1_allele_fully_in_graph
11235	chr12	128896575	INS	True	True	tensor_representative		tensor_representative	
11236	chr12	128899546	DEL	True	True	tensor_representative		tensor_non_representative_allele	
11238	chr12	128924426	INS	True	True	filtered		no_candidate	I1_allele_fully_in_graph
11240	chr12	128958830	INS	True	True	no_candidate	I2_partly_in_graph_residual_edit	no_candidate	I2_partly_in_graph_residual_edit
11241	chr12	128977760	DEL	True	True	no_candidate	I1_allele_fully_in_graph	no_candidate	I2_partly_in_graph_residual_edit
11242	chr12	129016546	DEL	True	True	tensor_representative		tensor_non_representative_allele	
11246	chr12	129179318	INS	True	True	tensor_representative		tensor_representative	
11248	chr12	129662812	INS	True	True	no_candidate	I1_allele_fully_in_graph	no_candidate	I1_allele_fully_in_graph
11249	chr12	129794253	INS	True	True	filtered		filtered	
11255	chr12	130604291	DEL	True	False	no_candidate	I1_allele_fully_in_graph	no_candidate	I1_allele_fully_in_graph
11256	chr12	130639383	INS	True	True	no_candidate	I1_allele_fully_in_graph	no_candidate	I1_allele_fully_in_graph
11258	chr12	130902982	DEL	True	True	no_candidate	I2_partly_in_graph_residual_edit	no_candidate	I2_partly_in_graph_residual_edit
11259	chr12	130955123	INS	True	True	no_candidate	I1_allele_fully_in_graph	no_candidate	I1_allele_fully_in_graph
11263	chr12	131111611	DEL	True	True	no_candidate	I1_allele_fully_in_graph	no_candidate	I2_partly_in_graph_residual_edit
11264	chr12	131549698	INS	True	True	no_candidate	I2_partly_in_graph_residual_edit	no_candidate	I2_partly_in_graph_residual_edit
11267	chr12	132302229	INS	True	True	no_candidate	I1_allele_fully_in_graph	no_candidate	I1_allele_fully_in_graph
11268	chr12	132458918	DEL	True	True	no_candidate	I2_partly_in_graph_residual_edit	no_candidate	I2_partly_in_graph_residual_edit
11269	chr13	18465429	DEL	True	True	tensor_representative		tensor_representative	
11272	chr13	18575389	DEL	True	True	tensor_representative		tensor_representative	
11274	chr13	18671197	DEL	True	True	tensor_non_representative_allele		tensor_non_representative_allele	
11275	chr13	18716557	DEL	True	True	no_candidate	I1_allele_fully_in_graph	no_candidate	I1_allele_fully_in_graph
11276	chr13	18745440	DEL	True	True	no_candidate	I3_grch38_path_different_edit	tensor_representative	
11278	chr13	18893748	DEL	True	False	tensor_representative		tensor_representative	
11280	chr13	19038517	INS	True	True	no_candidate	I2_partly_in_graph_residual_edit	no_candidate	I2_partly_in_graph_residual_edit
11281	chr13	19081243	DEL	True	True	no_candidate	I2_partly_in_graph_residual_edit	no_candidate	I2_partly_in_graph_residual_edit
11284	chr13	19137030	INS	True	True	no_candidate	I2_partly_in_graph_residual_edit	no_candidate	I2_partly_in_graph_residual_edit
11285	chr13	19389753	INS	True	True	filtered		filtered	
11294	chr13	20007620	INS	True	True	filtered		filtered	
11295	chr13	20164555	INS	True	True	filtered		filtered	
11296	chr13	20450082	INS	True	True	tensor_representative		tensor_representative	
11297	chr13	20710451	INS	True	False	no_candidate	I2_partly_in_graph_residual_edit	no_candidate	I2_partly_in_graph_residual_edit
11298	chr13	20904158	INS	True	False	tensor_representative		tensor_representative	
11300	chr13	21192195	INS	True	True	filtered		tensor_representative	
11301	chr13	21214336	DEL	True	True	tensor_representative		tensor_representative	
11302	chr13	21244175	DEL	True	True	filtered		tensor_representative	
11303	chr13	21763620	INS	True	True	no_candidate	I1_allele_fully_in_graph	no_candidate	I1_allele_fully_in_graph
11304	chr13	21865536	DEL	True	True	filtered		filtered	
11305	chr13	22130876	INS	True	False	tensor_representative		tensor_representative	
11307	chr13	22297946	DEL	True	True	no_candidate	I2_partly_in_graph_residual_edit	no_candidate	I2_partly_in_graph_residual_edit
11312	chr13	22746143	INS	True	False	no_candidate	I1_allele_fully_in_graph	no_candidate	I2_partly_in_graph_residual_edit
11313	chr13	22804387	DEL	True	True	no_candidate	I1_allele_fully_in_graph	no_candidate	I1_allele_fully_in_graph
11314	chr13	22869615	DEL	True	False	tensor_representative		no_candidate	I2_partly_in_graph_residual_edit
11317	chr13	22998442	INS	True	True	filtered		no_candidate	I2_partly_in_graph_residual_edit
11319	chr13	23223276	DEL	True	True	tensor_representative		tensor_representative	
11322	chr13	23656494	DEL	True	True	tensor_representative		tensor_representative	
11325	chr13	24309283	INS	True	True	no_candidate	I2_partly_in_graph_residual_edit	no_candidate	I2_partly_in_graph_residual_edit
11327	chr13	24535176	INS	True	True	filtered		no_candidate	I1_allele_fully_in_graph
11328	chr13	24759079	DEL	True	False	filtered		tensor_representative	
11330	chr13	25106124	INS	True	True	filtered		filtered	
11332	chr13	25337097	INS	True	True	tensor_representative		tensor_representative	
11333	chr13	25542384	DEL	True	True	tensor_representative		tensor_representative	
11334	chr13	25589600	DEL	True	True	tensor_representative		tensor_representative	
11338	chr13	26137653	INS	True	True	tensor_representative		tensor_representative	
11339	chr13	26148632	INS	True	True	no_candidate	I1_allele_fully_in_graph	no_candidate	I1_allele_fully_in_graph
11340	chr13	26160544	INS	True	True	tensor_representative		tensor_representative	
11341	chr13	26174496	INS	True	True	no_candidate	I2_partly_in_graph_residual_edit	no_candidate	I2_partly_in_graph_residual_edit
11342	chr13	26241944	DEL	True	True	no_candidate	I2_partly_in_graph_residual_edit	no_candidate	I2_partly_in_graph_residual_edit
11345	chr13	26521754	DEL	True	True	tensor_representative		tensor_representative	
11346	chr13	26599184	INS	True	True	no_candidate	I1_allele_fully_in_graph	no_candidate	I1_allele_fully_in_graph
11347	chr13	26818713	INS	True	True	no_candidate	I1_allele_fully_in_graph	no_candidate	I1_allele_fully_in_graph
11349	chr13	26967300	INS	True	True	tensor_representative		tensor_representative	
11350	chr13	27872512	INS	True	True	filtered		filtered	
11353	chr13	28523893	DEL	True	True	no_candidate	I2_partly_in_graph_residual_edit	no_candidate	I2_partly_in_graph_residual_edit
11354	chr13	28728261	INS	True	True	filtered		filtered	
11355	chr13	28737290	INS	True	True	no_candidate	I4_no_or_few_alt_reads	no_candidate	I4_no_or_few_alt_reads
11356	chr13	28888419	INS	True	True	filtered		filtered	
11361	chr13	29031237	INS	True	True	no_candidate	I2_partly_in_graph_residual_edit	no_candidate	I2_partly_in_graph_residual_edit
11363	chr13	29676288	INS	True	True	tensor_representative		tensor_representative	
11364	chr13	29735108	DEL	True	True	tensor_representative		tensor_representative	
11365	chr13	29927665	INS	True	True	filtered		tensor_representative	
11368	chr13	29949600	INS	True	True	filtered		filtered	
11369	chr13	30003096	INS	True	True	no_candidate	I3_grch38_path_different_edit	no_candidate	I3_grch38_path_different_edit
11373	chr13	30223441	DEL	True	True	filtered		tensor_non_representative_allele	
11375	chr13	30492165	INS	True	True	tensor_representative		tensor_representative	
11377	chr13	30785219	INS	True	True	tensor_representative		tensor_representative	
11384	chr13	31201010	INS	True	True	filtered		filtered	
11386	chr13	31445287	DEL	True	True	tensor_representative		tensor_representative	
11387	chr13	31465565	INS	True	True	tensor_representative		tensor_representative	
11388	chr13	31535695	DEL	True	True	tensor_representative		tensor_representative	
11389	chr13	31592504	DEL	True	True	tensor_representative		tensor_representative	
11390	chr13	31654529	INS	True	True	tensor_representative		tensor_representative	
11391	chr13	31954679	INS	True	True	no_candidate	I3_grch38_path_different_edit	no_candidate	I3_grch38_path_different_edit
11393	chr13	31976131	DEL	True	True	no_candidate	I1_allele_fully_in_graph	no_candidate	I1_allele_fully_in_graph
11394	chr13	31976202	INS	True	True	no_candidate	I4_no_or_few_alt_reads	no_candidate	I4_no_or_few_alt_reads
11396	chr13	32548095	DEL	True	True	no_candidate	I2_partly_in_graph_residual_edit	no_candidate	I2_partly_in_graph_residual_edit
11397	chr13	32661385	INS	True	True	no_candidate	I2_partly_in_graph_residual_edit	no_candidate	I2_partly_in_graph_residual_edit
11399	chr13	32809648	DEL	True	True	filtered		tensor_representative	
11400	chr13	33116006	DEL	True	True	tensor_representative		tensor_representative	
11405	chr13	34055254	INS	True	False	no_candidate	I2_partly_in_graph_residual_edit	no_candidate	I2_partly_in_graph_residual_edit
11407	chr13	34104940	INS	True	True	tensor_representative		tensor_representative	
11410	chr13	34491303	DEL	True	True	filtered		filtered	
11412	chr13	34852203	INS	True	True	no_candidate	I1_allele_fully_in_graph	no_candidate	I1_allele_fully_in_graph
11413	chr13	34910529	DEL	True	True	tensor_representative		tensor_representative	
11415	chr13	35143891	DEL	True	True	tensor_representative		tensor_representative	
11416	chr13	35254324	DEL	True	True	tensor_representative		tensor_representative	
11417	chr13	35469990	DEL	True	True	tensor_representative		tensor_representative	
11419	chr13	35681482	INS	True	True	no_candidate	I1_allele_fully_in_graph	no_candidate	I1_allele_fully_in_graph
11420	chr13	35733333	INS	True	True	filtered		filtered	
11421	chr13	35765038	DEL	True	True	no_candidate	I2_partly_in_graph_residual_edit	no_candidate	I2_partly_in_graph_residual_edit
11422	chr13	35813730	DEL	True	True	tensor_representative		tensor_representative	
11426	chr13	36030463	DEL	True	True	tensor_representative		tensor_representative	
11429	chr13	36201048	INS	True	True	filtered		filtered	
11437	chr13	37195969	INS	True	False	filtered		filtered	
11444	chr13	37953956	DEL	True	True	tensor_representative		tensor_representative	
11445	chr13	38286673	INS	True	True	no_candidate	I1_allele_fully_in_graph	no_candidate	I1_allele_fully_in_graph
11446	chr13	38572449	INS	True	True	filtered		filtered	
11447	chr13	38995988	INS	True	False	filtered		tensor_representative	
11450	chr13	39060023	INS	True	True	tensor_representative		tensor_representative	
11452	chr13	39199536	INS	True	True	no_candidate	I2_partly_in_graph_residual_edit	no_candidate	I2_partly_in_graph_residual_edit
11453	chr13	39218854	INS	True	True	filtered		filtered	
11456	chr13	39482442	INS	True	True	no_candidate	I1_allele_fully_in_graph	no_candidate	I1_allele_fully_in_graph
11472	chr13	40011595	INS	True	True	no_candidate	I2_partly_in_graph_residual_edit	no_candidate	I2_partly_in_graph_residual_edit
11474	chr13	40323595	DEL	True	True	no_candidate	I2_partly_in_graph_residual_edit	no_candidate	I2_partly_in_graph_residual_edit
11475	chr13	40397529	DEL	True	True	no_candidate	I1_allele_fully_in_graph	filtered	
11477	chr13	40625658	DEL	True	True	filtered		tensor_representative	
11480	chr13	41114460	DEL	True	True	tensor_representative		tensor_representative	
11483	chr13	41379500	DEL	True	False	no_candidate	I1_allele_fully_in_graph	no_candidate	I1_allele_fully_in_graph
11488	chr13	42442115	INS	True	True	tensor_representative		tensor_representative	
11489	chr13	42617621	INS	True	True	no_candidate	I2_partly_in_graph_residual_edit	no_candidate	I2_partly_in_graph_residual_edit
11490	chr13	42704624	DEL	True	True	tensor_representative		tensor_representative	
11491	chr13	42828795	INS	True	True	tensor_representative		tensor_representative	
11493	chr13	42864405	INS	True	True	no_candidate	I2_partly_in_graph_residual_edit	no_candidate	I2_partly_in_graph_residual_edit
11494	chr13	42888516	DEL	True	True	tensor_representative		tensor_representative	
11495	chr13	43334825	DEL	True	True	tensor_representative		tensor_representative	
11497	chr13	43616170	INS	True	True	no_candidate	I2_partly_in_graph_residual_edit	no_candidate	I2_partly_in_graph_residual_edit
11499	chr13	43718676	INS	True	True	tensor_representative		tensor_non_representative_allele	
11500	chr13	43894702	INS	True	True	tensor_representative		tensor_representative	
11502	chr13	44336563	INS	True	True	no_candidate	I3_grch38_path_different_edit	no_candidate	I3_grch38_path_different_edit
11504	chr13	44440587	INS	True	True	tensor_representative		tensor_representative	
11507	chr13	45508068	INS	True	True	tensor_representative		tensor_representative	
11508	chr13	45664013	DEL	True	True	filtered		filtered	
11510	chr13	46062025	INS	True	True	tensor_representative		tensor_representative	
11512	chr13	46102592	INS	True	True	no_candidate	I2_partly_in_graph_residual_edit	no_candidate	I2_partly_in_graph_residual_edit
11514	chr13	46299573	DEL	True	True	tensor_representative		tensor_representative	
11517	chr13	47267655	DEL	True	True	tensor_representative		tensor_representative	
11520	chr13	47834311	DEL	True	True	no_candidate	I2_partly_in_graph_residual_edit	no_candidate	I2_partly_in_graph_residual_edit
11523	chr13	48540217	DEL	True	True	tensor_representative		tensor_representative	
11528	chr13	49207535	INS	True	True	tensor_representative		tensor_representative	
11529	chr13	49313522	DEL	True	True	tensor_representative		tensor_representative	
11530	chr13	49522758	DEL	True	False	no_candidate	I1_allele_fully_in_graph	no_candidate	I1_allele_fully_in_graph
11531	chr13	49806706	DEL	True	True	tensor_representative		tensor_representative	
11532	chr13	49872977	DEL	True	True	tensor_representative		tensor_non_representative_allele	
11533	chr13	50250670	DEL	True	False	tensor_representative		tensor_representative	
11535	chr13	50865757	DEL	True	True	filtered		tensor_non_representative_allele	
11536	chr13	51085184	INS	True	True	filtered		filtered	
11537	chr13	51141095	INS	True	True	no_candidate	I2_partly_in_graph_residual_edit	no_candidate	I2_partly_in_graph_residual_edit
11538	chr13	51142595	INS	True	True	tensor_representative		tensor_representative	
11539	chr13	51287187	DEL	True	True	filtered		tensor_non_representative_allele	
11540	chr13	51342178	DEL	True	True	tensor_representative		tensor_representative	
11544	chr13	52352641	DEL	True	True	tensor_representative		tensor_representative	
11546	chr13	52822295	INS	True	True	tensor_representative		tensor_representative	
11547	chr13	52874440	INS	True	True	tensor_representative		tensor_representative	
11548	chr13	52877862	INS	True	True	tensor_representative		tensor_representative	
11554	chr13	53969175	INS	True	True	filtered		filtered	
11555	chr13	54018939	DEL	True	True	filtered		tensor_representative	
11557	chr13	54277239	INS	True	True	no_candidate	I1_allele_fully_in_graph	no_candidate	I1_allele_fully_in_graph
11558	chr13	54299717	DEL	True	True	tensor_representative		tensor_representative	
11562	chr13	54518873	DEL	True	True	tensor_representative		tensor_representative	
11563	chr13	54545848	DEL	True	True	filtered		tensor_non_representative_allele	
11565	chr13	54698881	DEL	True	True	no_candidate	I1_allele_fully_in_graph	no_candidate	I1_allele_fully_in_graph
11570	chr13	55010179	INS	True	True	tensor_representative		tensor_representative	
11571	chr13	55044458	INS	True	False	tensor_representative		tensor_representative	
11577	chr13	55445373	INS	True	True	tensor_representative		tensor_representative	
11579	chr13	55546213	DEL	True	True	no_candidate	I2_partly_in_graph_residual_edit	no_candidate	I2_partly_in_graph_residual_edit
11580	chr13	55612424	INS	True	True	no_candidate	I2_partly_in_graph_residual_edit	no_candidate	I2_partly_in_graph_residual_edit
11581	chr13	55617075	DEL	True	True	tensor_representative		tensor_representative	
11585	chr13	55708414	DEL	True	True	no_candidate	I1_allele_fully_in_graph	no_candidate	I1_allele_fully_in_graph
11586	chr13	55751059	INS	True	False	filtered		filtered	
11587	chr13	55765676	INS	True	True	tensor_representative		tensor_representative	
11589	chr13	55939310	DEL	True	True	filtered		filtered	
11592	chr13	55987321	DEL	True	True	filtered		filtered	
11593	chr13	55987781	DEL	True	True	tensor_representative		tensor_representative	
11594	chr13	56017650	DEL	True	True	filtered		filtered	
11599	chr13	56266222	DEL	True	True	tensor_representative		tensor_representative	
11600	chr13	56324511	INS	True	True	tensor_representative		tensor_representative	
11603	chr13	56461326	DEL	True	True	no_candidate	I2_partly_in_graph_residual_edit	no_candidate	I1_allele_fully_in_graph
11604	chr13	56474634	INS	True	True	tensor_representative		tensor_representative	
11605	chr13	56575415	DEL	True	True	tensor_representative		tensor_representative	
11606	chr13	56691919	DEL	True	True	tensor_representative		tensor_representative	
11609	chr13	56856516	INS	True	True	no_candidate	I1_allele_fully_in_graph	no_candidate	I1_allele_fully_in_graph
11618	chr13	57495867	INS	True	True	no_candidate	I2_partly_in_graph_residual_edit	no_candidate	I2_partly_in_graph_residual_edit
11620	chr13	57763396	INS	True	True	tensor_representative		tensor_representative	
11629	chr13	58824666	DEL	True	True	tensor_representative		tensor_representative	
11630	chr13	58837197	INS	True	True	tensor_representative		tensor_representative	
11632	chr13	59091726	DEL	True	True	tensor_representative		tensor_representative	
11633	chr13	59124728	DEL	True	True	no_candidate	I1_allele_fully_in_graph	no_candidate	I2_partly_in_graph_residual_edit
11635	chr13	59142531	INS	True	True	filtered		filtered	
11639	chr13	60327066	DEL	True	True	tensor_representative		tensor_representative	
11641	chr13	60671207	INS	True	True	tensor_representative		tensor_representative	
11642	chr13	60689190	DEL	True	True	tensor_representative		tensor_representative	
11646	chr13	60948741	INS	True	True	tensor_representative		tensor_representative	
11649	chr13	60986613	DEL	True	True	tensor_representative		tensor_representative	
11650	chr13	61026070	INS	True	True	no_candidate	I2_partly_in_graph_residual_edit	no_candidate	I2_partly_in_graph_residual_edit
11652	chr13	61240721	INS	True	True	tensor_representative		tensor_non_representative_allele	
11653	chr13	61487014	DEL	True	True	filtered		filtered	
11655	chr13	61566836	INS	True	True	filtered		filtered	
11656	chr13	61604435	DEL	True	True	tensor_representative		tensor_representative	
11660	chr13	61828557	INS	True	True	no_candidate	I2_partly_in_graph_residual_edit	no_candidate	I2_partly_in_graph_residual_edit
11662	chr13	62021018	DEL	True	True	tensor_representative		tensor_representative	
11663	chr13	62080716	DEL	True	True	no_candidate	I2_partly_in_graph_residual_edit	no_candidate	I2_partly_in_graph_residual_edit
11671	chr13	62867779	DEL	True	True	tensor_representative		tensor_representative	
11672	chr13	62869976	DEL	True	True	tensor_representative		tensor_representative	
11675	chr13	63054142	INS	True	True	filtered		tensor_non_representative_allele	
11676	chr13	63092224	DEL	True	True	no_candidate	I2_partly_in_graph_residual_edit	no_candidate	I2_partly_in_graph_residual_edit
11682	chr13	63555531	INS	True	True	tensor_representative		tensor_representative	
11683	chr13	63650724	INS	True	True	filtered		filtered	
11685	chr13	63946432	DEL	True	True	tensor_representative		tensor_representative	
11686	chr13	63975619	INS	True	True	no_candidate	I1_allele_fully_in_graph	no_candidate	I1_allele_fully_in_graph
11687	chr13	63988517	INS	True	True	tensor_representative		tensor_representative	
11691	chr13	64221686	INS	True	True	tensor_representative		tensor_representative	
11702	chr13	64736836	DEL	True	True	tensor_representative		tensor_representative	
11703	chr13	64922205	INS	True	True	no_candidate	I1_allele_fully_in_graph	no_candidate	I1_allele_fully_in_graph
11704	chr13	65038274	DEL	True	True	tensor_representative		tensor_representative	
11705	chr13	65064940	DEL	True	True	tensor_representative		tensor_representative	
11706	chr13	65158595	INS	True	True	filtered		filtered	
11707	chr13	65198916	DEL	True	True	tensor_representative		tensor_representative	
11708	chr13	65283829	DEL	True	True	tensor_representative		tensor_representative	
11710	chr13	65370940	INS	True	True	no_candidate	I2_partly_in_graph_residual_edit	no_candidate	I2_partly_in_graph_residual_edit
11711	chr13	65487707	INS	True	True	filtered		no_candidate	I1_allele_fully_in_graph
11712	chr13	65588867	INS	True	True	tensor_representative		tensor_representative	
11713	chr13	65606585	INS	True	True	no_candidate	I2_partly_in_graph_residual_edit	no_candidate	I2_partly_in_graph_residual_edit
11716	chr13	65858477	DEL	True	True	tensor_representative		tensor_representative	
11718	chr13	65963100	INS	True	True	filtered		filtered	
11719	chr13	66069839	INS	True	True	tensor_representative		tensor_representative	
11720	chr13	66113240	INS	True	True	filtered		tensor_non_representative_allele	
11721	chr13	66490711	DEL	True	True	tensor_representative		tensor_representative	
11724	chr13	66717479	DEL	True	True	no_candidate	I1_allele_fully_in_graph	no_candidate	I1_allele_fully_in_graph
11725	chr13	66733677	INS	True	True	no_candidate	I1_allele_fully_in_graph	no_candidate	I1_allele_fully_in_graph
11727	chr13	67271717	INS	True	True	filtered		no_candidate	I1_allele_fully_in_graph
11728	chr13	67308349	INS	True	True	tensor_representative		tensor_representative	
11730	chr13	67680244	DEL	True	True	tensor_representative		tensor_representative	
11732	chr13	67936951	INS	True	True	no_candidate	I2_partly_in_graph_residual_edit	no_candidate	I2_partly_in_graph_residual_edit
11736	chr13	68253518	INS	True	True	tensor_representative		tensor_representative	
11737	chr13	68417049	INS	True	True	no_candidate	I2_partly_in_graph_residual_edit	no_candidate	I2_partly_in_graph_residual_edit
11739	chr13	69215880	DEL	True	True	tensor_representative		tensor_representative	
11740	chr13	69757957	DEL	True	True	tensor_representative		tensor_representative	
11742	chr13	69942188	INS	True	True	tensor_representative		tensor_representative	
11743	chr13	69944978	DEL	True	True	tensor_representative		tensor_representative	
11745	chr13	70139320	INS	True	True	tensor_representative		tensor_representative	
11748	chr13	70549013	DEL	True	True	no_candidate	I1_allele_fully_in_graph	no_candidate	I1_allele_fully_in_graph
11752	chr13	70819326	DEL	True	True	no_candidate	I1_allele_fully_in_graph	no_candidate	I1_allele_fully_in_graph
11753	chr13	71149603	DEL	True	True	tensor_representative		tensor_representative	
11755	chr13	71925908	DEL	True	True	no_candidate	I2_partly_in_graph_residual_edit	no_candidate	I2_partly_in_graph_residual_edit
11757	chr13	72025605	INS	True	True	filtered		filtered	
11758	chr13	72411679	INS	True	True	no_candidate	I2_partly_in_graph_residual_edit	no_candidate	I2_partly_in_graph_residual_edit
11759	chr13	72429105	INS	True	True	no_candidate	I1_allele_fully_in_graph	no_candidate	I1_allele_fully_in_graph
11760	chr13	72474841	DEL	True	True	filtered		filtered	
11762	chr13	72822569	DEL	True	True	tensor_representative		tensor_representative	
11763	chr13	72987858	DEL	True	True	no_candidate	I1_allele_fully_in_graph	no_candidate	I1_allele_fully_in_graph
11764	chr13	73408810	INS	True	True	no_candidate	I2_partly_in_graph_residual_edit	no_candidate	I2_partly_in_graph_residual_edit
11765	chr13	73526441	INS	True	True	tensor_representative		tensor_representative	
11767	chr13	73930860	INS	True	True	tensor_non_representative_allele		tensor_non_representative_allele	
11768	chr13	74007885	INS	True	True	tensor_representative		tensor_representative	
11770	chr13	74166087	DEL	True	True	no_candidate	I2_partly_in_graph_residual_edit	no_candidate	I2_partly_in_graph_residual_edit
11773	chr13	74434861	DEL	True	True	tensor_representative		tensor_representative	
11774	chr13	74550699	INS	True	True	tensor_non_representative_allele		tensor_non_representative_allele	
11775	chr13	74609337	DEL	True	True	tensor_representative		tensor_representative	
11778	chr13	74838608	DEL	True	True	tensor_representative		tensor_representative	
11779	chr13	74919633	DEL	True	True	no_candidate	I2_partly_in_graph_residual_edit	no_candidate	I2_partly_in_graph_residual_edit
11781	chr13	74945125	DEL	True	True	filtered		filtered	
11782	chr13	74985731	DEL	True	True	filtered		filtered	
11783	chr13	75208324	INS	True	False	filtered		filtered	
11785	chr13	75384561	INS	True	True	filtered		filtered	
11787	chr13	75866448	INS	True	True	filtered		filtered	
11789	chr13	76120845	DEL	True	True	no_candidate	I1_allele_fully_in_graph	no_candidate	I1_allele_fully_in_graph
11791	chr13	76293805	INS	True	True	filtered		filtered	
11792	chr13	76366911	DEL	True	True	tensor_representative		tensor_representative	
11793	chr13	76512029	DEL	True	True	no_candidate	I1_allele_fully_in_graph	no_candidate	I1_allele_fully_in_graph
11795	chr13	76767954	DEL	True	True	tensor_representative		tensor_representative	
11797	chr13	77454953	INS	True	False	filtered		no_candidate	I2_partly_in_graph_residual_edit
11798	chr13	77592562	INS	True	True	filtered		no_candidate	I1_allele_fully_in_graph
11800	chr13	78032985	INS	True	True	tensor_representative		tensor_representative	
11802	chr13	78172743	DEL	True	True	tensor_representative		tensor_representative	
11803	chr13	78204795	DEL	True	True	filtered		tensor_non_representative_allele	
11807	chr13	78404399	DEL	True	True	tensor_representative		tensor_representative	
11809	chr13	78612950	INS	True	True	tensor_representative		filtered	
11811	chr13	78711074	INS	True	True	filtered		filtered	
11812	chr13	78720942	INS	True	True	no_candidate	I2_partly_in_graph_residual_edit	no_candidate	I2_partly_in_graph_residual_edit
11813	chr13	78767335	DEL	True	True	tensor_representative		tensor_representative	
11815	chr13	78943254	DEL	True	True	tensor_representative		tensor_representative	
11817	chr13	79047697	DEL	True	False	tensor_representative		tensor_representative	
11819	chr13	79204547	INS	True	True	tensor_representative		tensor_representative	
11820	chr13	79213358	INS	True	True	tensor_representative		tensor_representative	
11825	chr13	79741787	DEL	True	True	tensor_representative		tensor_representative	
11826	chr13	80366694	DEL	True	True	tensor_representative		tensor_representative	
11829	chr13	80843161	INS	True	True	no_candidate	I1_allele_fully_in_graph	no_candidate	I1_allele_fully_in_graph
11831	chr13	80990108	INS	True	True	tensor_representative		tensor_representative	
11832	chr13	81138193	DEL	True	True	tensor_representative		tensor_representative	
11834	chr13	81243322	DEL	True	False	filtered		filtered	
11836	chr13	81286414	INS	True	True	filtered		no_candidate	I1_allele_fully_in_graph
11839	chr13	81937465	INS	True	True	filtered		filtered	
11841	chr13	82119475	INS	True	True	filtered		filtered	
11843	chr13	82243235	DEL	True	True	no_candidate	I1_allele_fully_in_graph	no_candidate	I1_allele_fully_in_graph
11846	chr13	82266356	DEL	True	True	tensor_representative		tensor_representative	
11849	chr13	82392688	INS	True	True	no_candidate	I2_partly_in_graph_residual_edit	no_candidate	I2_partly_in_graph_residual_edit
11850	chr13	82424479	INS	True	True	tensor_representative		tensor_representative	
11851	chr13	82503413	DEL	True	True	tensor_representative		tensor_representative	
11852	chr13	82670737	INS	True	True	tensor_representative		tensor_representative	
11856	chr13	82742962	DEL	True	True	tensor_representative		tensor_representative	
11857	chr13	82769292	INS	True	True	no_candidate	I1_allele_fully_in_graph	no_candidate	I1_allele_fully_in_graph
11859	chr13	82875910	DEL	True	False	tensor_representative		tensor_representative	
11860	chr13	82979195	INS	True	True	tensor_representative		tensor_representative	
11861	chr13	83004884	DEL	True	True	filtered		tensor_representative	
11864	chr13	83529068	INS	True	True	tensor_representative		tensor_representative	
11865	chr13	83566768	DEL	True	True	no_candidate	I1_allele_fully_in_graph	no_candidate	I1_allele_fully_in_graph
11866	chr13	83582412	INS	True	True	filtered		tensor_representative	
11868	chr13	83618304	DEL	True	True	tensor_non_representative_allele		tensor_non_representative_allele	
11870	chr13	83769455	INS	True	True	tensor_representative		tensor_representative	
11872	chr13	83811706	DEL	True	True	no_candidate	I1_allele_fully_in_graph	no_candidate	I1_allele_fully_in_graph
11877	chr13	83953386	INS	True	True	tensor_representative		tensor_representative	
11880	chr13	84017759	DEL	True	True	tensor_representative		tensor_representative	
11881	chr13	84039485	DEL	True	True	tensor_representative		tensor_representative	
11882	chr13	84079743	DEL	True	True	tensor_representative		tensor_representative	
11883	chr13	84108697	INS	True	True	tensor_representative		tensor_representative	
11884	chr13	84327648	DEL	True	True	tensor_representative		tensor_representative	
11886	chr13	84347254	INS	True	True	filtered		filtered	
11887	chr13	84388876	INS	True	True	no_candidate	I2_partly_in_graph_residual_edit	no_candidate	I2_partly_in_graph_residual_edit
11894	chr13	84431653	DEL	True	True	no_candidate	I1_allele_fully_in_graph	no_candidate	I1_allele_fully_in_graph
11897	chr13	84450139	INS	True	True	no_candidate	I1_allele_fully_in_graph	no_candidate	I1_allele_fully_in_graph
11899	chr13	84466494	DEL	True	True	tensor_representative		tensor_representative	
11900	chr13	84509844	INS	True	True	no_candidate	I2_partly_in_graph_residual_edit	no_candidate	I2_partly_in_graph_residual_edit
11903	chr13	84596656	INS	True	True	no_candidate	I7_unclear	no_candidate	I7_unclear
11905	chr13	84736628	DEL	True	True	tensor_representative		filtered	
11907	chr13	84854018	INS	True	True	tensor_representative		tensor_representative	
11908	chr13	84863231	INS	True	True	no_candidate	I2_partly_in_graph_residual_edit	no_candidate	I2_partly_in_graph_residual_edit
11909	chr13	84999808	INS	True	True	no_candidate	I2_partly_in_graph_residual_edit	no_candidate	I2_partly_in_graph_residual_edit
11910	chr13	85088364	DEL	True	True	tensor_representative		tensor_representative	
11912	chr13	85629854	DEL	True	True	tensor_representative		tensor_representative	
11913	chr13	85648516	INS	True	True	tensor_representative		tensor_representative	
11914	chr13	85711671	INS	True	True	filtered		filtered	
11915	chr13	85748774	INS	True	True	no_candidate	I2_partly_in_graph_residual_edit	no_candidate	I2_partly_in_graph_residual_edit
11919	chr13	86055316	INS	True	True	filtered		filtered	
11920	chr13	86155545	INS	True	True	tensor_representative		tensor_non_representative_allele	
11921	chr13	86279430	DEL	True	False	tensor_representative		tensor_representative	
11923	chr13	86484956	INS	True	True	tensor_representative		tensor_representative	
11929	chr13	86950173	INS	True	False	no_candidate	I2_partly_in_graph_residual_edit	no_candidate	I2_partly_in_graph_residual_edit
11930	chr13	86973974	INS	True	True	filtered		filtered	
11932	chr13	87223065	INS	True	True	tensor_representative		tensor_representative	
11933	chr13	87258122	DEL	True	False	tensor_representative		tensor_representative	
11936	chr13	87609418	INS	True	True	tensor_representative		tensor_representative	
11937	chr13	87631548	DEL	True	True	tensor_representative		tensor_representative	
11940	chr13	87814333	INS	True	True	no_candidate	I1_allele_fully_in_graph	no_candidate	I1_allele_fully_in_graph
11942	chr13	87837249	INS	True	True	no_candidate	I1_allele_fully_in_graph	no_candidate	I1_allele_fully_in_graph
11943	chr13	88104170	DEL	True	True	filtered		tensor_representative	
11945	chr13	88117466	INS	True	True	filtered		no_candidate	I2_partly_in_graph_residual_edit
11946	chr13	88143429	DEL	True	False	tensor_representative		tensor_representative	
11947	chr13	88251421	INS	True	True	tensor_representative		tensor_representative	
11949	chr13	88510923	DEL	True	True	filtered		filtered	
11950	chr13	88560392	DEL	True	True	tensor_representative		tensor_representative	
11953	chr13	88880760	DEL	True	True	no_candidate	I2_partly_in_graph_residual_edit	no_candidate	I2_partly_in_graph_residual_edit
11955	chr13	88931591	DEL	True	True	tensor_representative		tensor_representative	
11957	chr13	88963072	INS	True	False	filtered		tensor_representative	
11962	chr13	89318482	INS	True	True	no_candidate	I3_grch38_path_different_edit	no_candidate	I3_grch38_path_different_edit
11963	chr13	89374259	DEL	True	True	tensor_representative		tensor_representative	
11965	chr13	89481833	DEL	True	False	filtered		filtered	
11969	chr13	90017658	INS	True	True	no_candidate	I2_partly_in_graph_residual_edit	no_candidate	I2_partly_in_graph_residual_edit
11972	chr13	90297236	INS	True	True	tensor_representative		tensor_representative	
11973	chr13	90321193	DEL	True	True	tensor_representative		tensor_representative	
11975	chr13	90509120	INS	True	True	no_candidate	I1_allele_fully_in_graph	no_candidate	I1_allele_fully_in_graph
11976	chr13	90570399	INS	True	True	tensor_representative		tensor_representative	
11984	chr13	91056479	DEL	True	True	no_candidate	I1_allele_fully_in_graph	no_candidate	I1_allele_fully_in_graph
11985	chr13	91324436	INS	True	True	tensor_representative		tensor_representative	
11986	chr13	91328873	INS	True	True	tensor_representative		tensor_representative	
11989	chr13	91501240	DEL	True	True	filtered		tensor_representative	
11990	chr13	91562619	DEL	True	True	filtered		tensor_non_representative_allele	
11991	chr13	91562619	INS	True	True	no_candidate	I1_allele_fully_in_graph	no_candidate	I1_allele_fully_in_graph
11993	chr13	91920924	DEL	True	False	no_candidate	I2_partly_in_graph_residual_edit	no_candidate	I2_partly_in_graph_residual_edit
11994	chr13	91968248	INS	True	True	tensor_representative		tensor_representative	
11995	chr13	91986061	INS	True	False	no_candidate	I1_allele_fully_in_graph	no_candidate	I1_allele_fully_in_graph
11997	chr13	92051199	DEL	True	False	filtered		filtered	
12003	chr13	92474147	DEL	True	True	filtered		tensor_representative	
12005	chr13	92618687	DEL	True	True	no_candidate	I2_partly_in_graph_residual_edit	filtered	
12006	chr13	92623165	INS	True	True	filtered		no_candidate	I1_allele_fully_in_graph
12007	chr13	92628264	INS	True	True	tensor_representative		tensor_representative	
12012	chr13	92908186	INS	True	True	tensor_representative		tensor_representative	
12015	chr13	93341709	INS	True	True	tensor_representative		tensor_representative	
12016	chr13	93376776	DEL	True	True	filtered		filtered	
12017	chr13	93393127	INS	True	True	no_candidate	I1_allele_fully_in_graph	no_candidate	I1_allele_fully_in_graph
12018	chr13	93401689	DEL	True	True	no_candidate	I1_allele_fully_in_graph	no_candidate	I1_allele_fully_in_graph
12019	chr13	93591468	DEL	True	True	filtered		tensor_non_representative_allele	
12020	chr13	93667735	INS	True	True	tensor_representative		tensor_representative	
12023	chr13	94045745	DEL	True	True	tensor_representative		tensor_representative	
12025	chr13	94076960	DEL	True	True	no_candidate	I2_partly_in_graph_residual_edit	no_candidate	I2_partly_in_graph_residual_edit
12026	chr13	94114096	DEL	True	True	filtered		filtered	
12028	chr13	94190020	INS	True	True	tensor_representative		tensor_representative	
12029	chr13	94272463	INS	True	False	tensor_representative		tensor_representative	
12030	chr13	94335901	DEL	True	True	no_candidate	I1_allele_fully_in_graph	no_candidate	I1_allele_fully_in_graph
12032	chr13	94717045	INS	True	True	filtered		filtered	
12039	chr13	95336520	INS	True	False	no_candidate	I3_grch38_path_different_edit	no_candidate	I3_grch38_path_different_edit
12042	chr13	95675663	INS	True	True	filtered		no_candidate	I1_allele_fully_in_graph
12043	chr13	96112578	INS	True	True	no_candidate	I2_partly_in_graph_residual_edit	no_candidate	I2_partly_in_graph_residual_edit
12045	chr13	96689606	INS	True	True	no_candidate	I2_partly_in_graph_residual_edit	no_candidate	I2_partly_in_graph_residual_edit
12047	chr13	96831977	INS	True	True	no_candidate	I2_partly_in_graph_residual_edit	no_candidate	I1_allele_fully_in_graph
12049	chr13	96897630	DEL	True	True	tensor_representative		tensor_representative	
12050	chr13	96990946	INS	True	False	no_candidate	I2_partly_in_graph_residual_edit	no_candidate	I2_partly_in_graph_residual_edit
12052	chr13	97597223	INS	True	True	no_candidate	I1_allele_fully_in_graph	no_candidate	I1_allele_fully_in_graph
12053	chr13	97606749	INS	True	True	tensor_representative		tensor_representative	
12054	chr13	97689605	DEL	True	True	tensor_representative		tensor_representative	
12055	chr13	97697455	INS	True	True	no_candidate	I1_allele_fully_in_graph	no_candidate	I1_allele_fully_in_graph
12057	chr13	97823016	INS	True	True	tensor_representative		tensor_representative	
12058	chr13	97937292	INS	True	False	tensor_representative		tensor_representative	
12061	chr13	98277109	INS	True	True	no_candidate	I1_allele_fully_in_graph	no_candidate	I1_allele_fully_in_graph
12068	chr13	99780390	INS	True	True	tensor_representative		tensor_representative	
12069	chr13	100028512	INS	True	True	filtered		filtered	
12070	chr13	100054833	INS	True	True	no_candidate	I1_allele_fully_in_graph	no_candidate	I1_allele_fully_in_graph
12071	chr13	100313591	DEL	True	True	tensor_representative		tensor_representative	
12073	chr13	100733747	DEL	True	True	tensor_representative		tensor_representative	
12076	chr13	100984390	DEL	True	True	no_candidate	I2_partly_in_graph_residual_edit	no_candidate	I2_partly_in_graph_residual_edit
12078	chr13	101294560	DEL	True	True	tensor_representative		tensor_representative	
12080	chr13	101439208	INS	True	True	no_candidate	I1_allele_fully_in_graph	no_candidate	I1_allele_fully_in_graph
12083	chr13	101689211	INS	True	True	tensor_non_representative_allele		tensor_non_representative_allele	
12089	chr13	102292278	DEL	True	True	no_candidate	I2_partly_in_graph_residual_edit	no_candidate	I2_partly_in_graph_residual_edit
12090	chr13	102366618	DEL	True	True	filtered		tensor_representative	
12093	chr13	102909810	INS	True	True	tensor_representative		tensor_representative	
12097	chr13	103456972	INS	True	True	no_candidate	I1_allele_fully_in_graph	no_candidate	I1_allele_fully_in_graph
12098	chr13	103493507	INS	True	True	filtered		filtered	
12099	chr13	103496653	DEL	True	True	tensor_non_representative_allele		tensor_representative	
12105	chr13	104206204	INS	True	True	filtered		tensor_representative	
12107	chr13	104393864	DEL	True	False	no_candidate	I2_partly_in_graph_residual_edit	no_candidate	I2_partly_in_graph_residual_edit
12108	chr13	104555143	DEL	True	True	no_candidate	I2_partly_in_graph_residual_edit	no_candidate	I2_partly_in_graph_residual_edit
12109	chr13	104596112	INS	True	True	filtered		filtered	
12111	chr13	104883214	DEL	True	True	tensor_representative		tensor_representative	
12117	chr13	105336120	DEL	True	True	tensor_representative		tensor_representative	
12118	chr13	105480078	INS	True	True	tensor_representative		tensor_representative	
12119	chr13	105716749	INS	True	True	no_candidate	I1_allele_fully_in_graph	no_candidate	I1_allele_fully_in_graph
12122	chr13	106017314	DEL	True	True	no_candidate	I2_partly_in_graph_residual_edit	no_candidate	I2_partly_in_graph_residual_edit
12124	chr13	106138484	INS	True	True	no_candidate	I2_partly_in_graph_residual_edit	no_candidate	I2_partly_in_graph_residual_edit
12125	chr13	106138516	INS	True	True	no_candidate	I2_partly_in_graph_residual_edit	no_candidate	I2_partly_in_graph_residual_edit
12126	chr13	106173139	INS	True	True	tensor_representative		tensor_representative	
12131	chr13	106460302	INS	True	True	no_candidate	I1_allele_fully_in_graph	no_candidate	I1_allele_fully_in_graph
12136	chr13	107057581	INS	True	True	filtered		filtered	
12138	chr13	107191833	DEL	True	True	filtered		filtered	
12139	chr13	107213230	INS	True	True	filtered		no_candidate	I1_allele_fully_in_graph
12140	chr13	107269913	INS	True	True	tensor_representative		filtered	
12141	chr13	107384498	DEL	True	True	tensor_representative		tensor_representative	
12142	chr13	107514434	INS	True	True	no_candidate	I3_grch38_path_different_edit	no_candidate	I3_grch38_path_different_edit
12143	chr13	107643962	INS	True	True	tensor_representative		tensor_representative	
12146	chr13	107906831	INS	True	True	no_candidate	I1_allele_fully_in_graph	no_candidate	I1_allele_fully_in_graph
12148	chr13	108270950	DEL	True	True	tensor_representative		tensor_representative	
12151	chr13	108628890	INS	True	True	tensor_representative		tensor_representative	
12153	chr13	108959976	INS	True	True	tensor_representative		tensor_representative	
12155	chr13	109127859	INS	True	False	tensor_representative		tensor_representative	
12157	chr13	109278619	INS	True	True	filtered		filtered	
12158	chr13	109388916	DEL	True	True	no_candidate	I2_partly_in_graph_residual_edit	no_candidate	I2_partly_in_graph_residual_edit
12159	chr13	109463796	INS	True	True	no_candidate	I2_partly_in_graph_residual_edit	no_candidate	I2_partly_in_graph_residual_edit
12166	chr13	110610168	INS	True	True	filtered		no_candidate	I1_allele_fully_in_graph
12168	chr13	110769469	INS	True	True	tensor_representative		tensor_representative	
12169	chr13	110847994	DEL	True	True	no_candidate	I2_partly_in_graph_residual_edit	no_candidate	I2_partly_in_graph_residual_edit
12171	chr13	111342557	DEL	True	True	tensor_representative		tensor_representative	
12173	chr13	111421067	INS	True	True	no_candidate	I2_partly_in_graph_residual_edit	no_candidate	I2_partly_in_graph_residual_edit
12175	chr13	111935917	INS	True	True	no_candidate	I1_allele_fully_in_graph	no_candidate	I1_allele_fully_in_graph
12183	chr13	113876874	DEL	True	True	tensor_representative		tensor_representative	
12184	chr13	113894589	DEL	True	True	tensor_representative		tensor_representative	
12185	chr13	114237222	INS	True	True	tensor_representative		tensor_representative	
12187	chr14	19978170	DEL	True	True	no_candidate	I3_grch38_path_different_edit	no_candidate	I3_grch38_path_different_edit
12191	chr14	20494364	DEL	True	True	tensor_representative		tensor_representative	
12192	chr14	20540982	DEL	True	True	tensor_representative		tensor_representative	
12193	chr14	20654236	INS	True	True	filtered		no_candidate	I2_partly_in_graph_residual_edit
12194	chr14	21226878	INS	True	True	no_candidate	I1_allele_fully_in_graph	no_candidate	I1_allele_fully_in_graph
12195	chr14	21313944	DEL	True	True	tensor_representative		tensor_representative	
12197	chr14	21549279	INS	True	True	tensor_representative		tensor_representative	
12200	chr14	21746461	INS	True	True	filtered		filtered	
12210	chr14	23318474	INS	True	True	filtered		filtered	
12211	chr14	23423436	INS	True	True	tensor_non_representative_allele		tensor_non_representative_allele	
12212	chr14	23736944	INS	True	True	no_candidate	I1_allele_fully_in_graph	no_candidate	I1_allele_fully_in_graph
12213	chr14	23784020	INS	True	True	no_candidate	I1_allele_fully_in_graph	no_candidate	I2_partly_in_graph_residual_edit
12215	chr14	24748253	INS	True	True	filtered		filtered	
12216	chr14	24829684	DEL	True	True	tensor_representative		tensor_representative	
12217	chr14	24965340	INS	True	True	no_candidate	I6_longer_than_50bp	no_candidate	I6_longer_than_50bp
12218	chr14	24990659	INS	True	True	no_candidate	I2_partly_in_graph_residual_edit	no_candidate	I2_partly_in_graph_residual_edit
12221	chr14	25120814	INS	True	True	tensor_representative		tensor_representative	
12223	chr14	25377710	INS	True	True	tensor_representative		tensor_representative	
12225	chr14	25442410	DEL	True	True	no_candidate	I2_partly_in_graph_residual_edit	no_candidate	I2_partly_in_graph_residual_edit
12226	chr14	25606302	INS	True	True	filtered		filtered	
12228	chr14	25777835	DEL	True	True	tensor_representative		tensor_representative	
12230	chr14	25982699	DEL	True	True	tensor_representative		tensor_representative	
12231	chr14	26006669	INS	True	True	no_candidate	I1_allele_fully_in_graph	no_candidate	I1_allele_fully_in_graph
12232	chr14	26071971	INS	True	False	no_candidate	I2_partly_in_graph_residual_edit	no_candidate	I2_partly_in_graph_residual_edit
12233	chr14	26271497	INS	True	True	filtered		no_candidate	I2_partly_in_graph_residual_edit
12235	chr14	26352744	INS	True	True	no_candidate	I1_allele_fully_in_graph	no_candidate	I1_allele_fully_in_graph
12236	chr14	26355345	INS	True	True	tensor_representative		tensor_representative	
12237	chr14	26523748	DEL	True	True	tensor_representative		tensor_representative	
12238	chr14	26572725	INS	True	True	no_candidate	I2_partly_in_graph_residual_edit	no_candidate	I2_partly_in_graph_residual_edit
12239	chr14	26593506	INS	True	True	tensor_representative		tensor_representative	
12240	chr14	26614365	DEL	True	True	tensor_representative		tensor_representative	
12241	chr14	26628808	DEL	True	True	no_candidate	I2_partly_in_graph_residual_edit	filtered	
12243	chr14	27056431	INS	True	True	tensor_representative		tensor_representative	
12245	chr14	27299093	DEL	True	True	no_candidate	I1_allele_fully_in_graph	no_candidate	I1_allele_fully_in_graph
12246	chr14	27447060	DEL	True	True	tensor_representative		tensor_representative	
12250	chr14	27677599	INS	True	True	tensor_representative		tensor_representative	
12251	chr14	27759736	INS	True	True	tensor_representative		tensor_representative	
12252	chr14	27827512	INS	True	False	no_candidate	I2_partly_in_graph_residual_edit	no_candidate	I2_partly_in_graph_residual_edit
12253	chr14	27881985	INS	True	True	tensor_representative		tensor_representative	
12259	chr14	28108453	DEL	True	True	tensor_representative		tensor_representative	
12265	chr14	28352522	INS	True	True	tensor_representative		tensor_representative	
12266	chr14	28394405	INS	True	True	tensor_representative		tensor_representative	
12267	chr14	28440929	INS	True	False	tensor_non_representative_allele		tensor_representative	
12268	chr14	28705230	INS	True	True	no_candidate	I2_partly_in_graph_residual_edit	no_candidate	I2_partly_in_graph_residual_edit
12269	chr14	28713186	INS	True	True	no_candidate	I1_allele_fully_in_graph	no_candidate	I2_partly_in_graph_residual_edit
12270	chr14	28716242	INS	True	True	filtered		filtered	
12277	chr14	29305609	INS	True	True	tensor_representative		tensor_representative	
12281	chr14	29644588	DEL	True	True	tensor_representative		tensor_non_representative_allele	
12282	chr14	29644588	INS	True	True	tensor_representative		tensor_representative	
12285	chr14	29804235	DEL	True	True	tensor_representative		tensor_representative	
12288	chr14	30343371	DEL	True	True	tensor_representative		tensor_representative	
12289	chr14	30397992	DEL	True	True	tensor_representative		tensor_representative	
12290	chr14	30571176	INS	True	True	tensor_non_representative_allele		tensor_non_representative_allele	
12291	chr14	30829579	DEL	True	True	filtered		filtered	
12292	chr14	31186688	DEL	True	True	tensor_representative		tensor_non_representative_allele	
12293	chr14	31270109	DEL	True	True	tensor_representative		tensor_representative	
12296	chr14	31484287	INS	True	True	tensor_representative		tensor_representative	
12297	chr14	31508091	INS	True	True	filtered		no_candidate	I1_allele_fully_in_graph
12299	chr14	31805073	INS	True	True	filtered		no_candidate	I1_allele_fully_in_graph
12300	chr14	32056469	DEL	True	True	no_candidate	I1_allele_fully_in_graph	no_candidate	I1_allele_fully_in_graph
12302	chr14	32780155	INS	True	True	no_candidate	I7_unclear	no_candidate	I3_grch38_path_different_edit
12303	chr14	32797925	INS	True	True	no_candidate	I1_allele_fully_in_graph	no_candidate	I1_allele_fully_in_graph
12304	chr14	32930762	INS	True	True	tensor_representative		tensor_representative	
12305	chr14	32943174	INS	True	True	tensor_representative		tensor_representative	
12309	chr14	33078542	DEL	True	True	no_candidate	I1_allele_fully_in_graph	no_candidate	I1_allele_fully_in_graph
12311	chr14	33183421	INS	True	True	tensor_representative		tensor_non_representative_allele	
12313	chr14	33328446	DEL	True	True	tensor_representative		tensor_representative	
12315	chr14	33854223	INS	True	True	no_candidate	I1_allele_fully_in_graph	no_candidate	I1_allele_fully_in_graph
12316	chr14	33854241	DEL	True	True	no_candidate	I4_no_or_few_alt_reads	no_candidate	I4_no_or_few_alt_reads
12317	chr14	34002861	INS	True	True	no_candidate	I2_partly_in_graph_residual_edit	no_candidate	I2_partly_in_graph_residual_edit
12318	chr14	34030570	INS	True	True	filtered		filtered	
12320	chr14	34566516	DEL	True	True	tensor_representative		tensor_representative	
12321	chr14	34685641	DEL	True	True	no_candidate	I1_allele_fully_in_graph	no_candidate	I1_allele_fully_in_graph
12322	chr14	34928441	INS	True	True	tensor_representative		tensor_representative	
12326	chr14	35291823	INS	True	True	filtered		filtered	
12328	chr14	35469179	INS	True	True	no_candidate	I2_partly_in_graph_residual_edit	no_candidate	I2_partly_in_graph_residual_edit
12332	chr14	35920141	INS	True	True	no_candidate	I1_allele_fully_in_graph	no_candidate	I1_allele_fully_in_graph
12334	chr14	36470708	INS	True	True	tensor_representative		tensor_representative	
12335	chr14	36549760	DEL	True	True	tensor_representative		tensor_representative	
12336	chr14	36574802	INS	True	True	tensor_representative		tensor_representative	
12338	chr14	36592050	DEL	True	True	filtered		tensor_non_representative_allele	
12340	chr14	37020414	INS	True	False	tensor_representative		tensor_representative	
12341	chr14	37503489	DEL	True	True	tensor_representative		tensor_representative	
12343	chr14	37751823	INS	True	False	filtered		filtered	
12348	chr14	37966382	INS	True	True	tensor_representative		tensor_representative	
12350	chr14	38287661	INS	True	True	no_candidate	I2_partly_in_graph_residual_edit	no_candidate	I2_partly_in_graph_residual_edit
12352	chr14	38297189	INS	True	True	no_candidate	I2_partly_in_graph_residual_edit	no_candidate	I2_partly_in_graph_residual_edit
12353	chr14	38312763	DEL	True	True	filtered		tensor_representative	
12354	chr14	38452417	DEL	True	True	filtered		no_candidate	I2_partly_in_graph_residual_edit
12356	chr14	38616176	DEL	True	True	tensor_representative		tensor_representative	
12358	chr14	38832335	DEL	True	True	filtered		filtered	
12362	chr14	39380008	DEL	True	True	filtered		tensor_representative	
12363	chr14	39674948	INS	True	True	tensor_representative		tensor_representative	
12364	chr14	39865161	INS	True	False	no_candidate	I2_partly_in_graph_residual_edit	no_candidate	I2_partly_in_graph_residual_edit
12365	chr14	39937207	INS	True	False	no_candidate	I1_allele_fully_in_graph	no_candidate	I1_allele_fully_in_graph
12366	chr14	39993251	DEL	True	True	filtered		tensor_representative	
12367	chr14	40092580	DEL	True	True	tensor_representative		tensor_representative	
12368	chr14	40123529	DEL	True	True	tensor_representative		tensor_representative	
12370	chr14	41271428	INS	True	True	no_candidate	I1_allele_fully_in_graph	no_candidate	I1_allele_fully_in_graph
12372	chr14	41370790	DEL	True	True	no_candidate	I1_allele_fully_in_graph	no_candidate	I1_allele_fully_in_graph
12374	chr14	41600074	INS	True	True	tensor_representative		tensor_representative	
12375	chr14	41613494	INS	True	True	tensor_representative		tensor_representative	
12383	chr14	42092734	INS	True	True	no_candidate	I2_partly_in_graph_residual_edit	no_candidate	I2_partly_in_graph_residual_edit
12384	chr14	42273965	INS	True	True	no_candidate	I1_allele_fully_in_graph	no_candidate	I1_allele_fully_in_graph
12385	chr14	42278906	DEL	True	True	tensor_representative		tensor_representative	
12386	chr14	42481332	DEL	True	True	tensor_representative		tensor_representative	
12387	chr14	42486031	DEL	True	True	no_candidate	I2_partly_in_graph_residual_edit	no_candidate	I2_partly_in_graph_residual_edit
12390	chr14	42747083	INS	True	True	tensor_representative		tensor_representative	
12391	chr14	42817436	DEL	True	True	filtered		filtered	
12394	chr14	42992050	DEL	True	False	tensor_representative		tensor_representative	
12396	chr14	43127772	DEL	True	True	tensor_representative		tensor_representative	
12403	chr14	43726301	DEL	True	True	tensor_representative		tensor_representative	
12406	chr14	43849811	INS	True	True	tensor_representative		tensor_representative	
12407	chr14	43941453	INS	True	True	no_candidate	I1_allele_fully_in_graph	no_candidate	I1_allele_fully_in_graph
12409	chr14	44130818	INS	True	True	tensor_representative		tensor_representative	
12412	chr14	44419562	DEL	True	True	tensor_representative		tensor_representative	
12413	chr14	44439692	INS	True	True	tensor_representative		tensor_representative	
12414	chr14	44467817	INS	True	True	tensor_representative		tensor_representative	
12415	chr14	44622963	INS	True	True	no_candidate	I2_partly_in_graph_residual_edit	no_candidate	I2_partly_in_graph_residual_edit
12416	chr14	44753141	DEL	True	True	filtered		filtered	
12417	chr14	44872332	DEL	True	True	tensor_representative		tensor_representative	
12418	chr14	44880563	DEL	True	False	tensor_representative		tensor_representative	
12419	chr14	44888154	INS	True	False	no_candidate	I1_allele_fully_in_graph	no_candidate	I1_allele_fully_in_graph
12421	chr14	45413733	INS	True	True	no_candidate	I1_allele_fully_in_graph	filtered	
12423	chr14	45649579	INS	True	True	tensor_representative		tensor_representative	
12425	chr14	46485730	INS	True	True	filtered		filtered	
12430	chr14	46742576	INS	True	True	filtered		no_candidate	I2_partly_in_graph_residual_edit
12431	chr14	46784868	INS	True	True	filtered		filtered	
12432	chr14	46916423	DEL	True	True	tensor_representative		tensor_representative	
12433	chr14	46925631	INS	True	True	tensor_representative		tensor_representative	
12434	chr14	47017299	DEL	True	True	tensor_representative		tensor_representative	
12435	chr14	47018733	INS	True	True	no_candidate	I1_allele_fully_in_graph	no_candidate	I1_allele_fully_in_graph
12438	chr14	47301295	DEL	True	True	no_candidate	I1_allele_fully_in_graph	no_candidate	I1_allele_fully_in_graph
12439	chr14	47419312	DEL	True	True	tensor_representative		tensor_representative	
12441	chr14	47557933	INS	True	True	tensor_representative		tensor_representative	
12442	chr14	47636784	DEL	True	True	no_candidate	I1_allele_fully_in_graph	no_candidate	I1_allele_fully_in_graph
12445	chr14	47764394	DEL	True	True	tensor_representative		tensor_representative	
12446	chr14	47772366	DEL	True	True	tensor_representative		tensor_representative	
12449	chr14	48357932	INS	True	True	no_candidate	I2_partly_in_graph_residual_edit	no_candidate	I2_partly_in_graph_residual_edit
12450	chr14	48531795	DEL	True	True	tensor_representative		tensor_representative	
12453	chr14	48689158	DEL	True	True	tensor_representative		tensor_representative	
12455	chr14	48779488	DEL	True	True	tensor_representative		tensor_representative	
12456	chr14	48799296	DEL	True	True	tensor_representative		tensor_representative	
12457	chr14	48812985	DEL	True	True	tensor_representative		tensor_representative	
12460	chr14	49348585	DEL	True	True	filtered		filtered	
12461	chr14	49470010	DEL	True	True	no_candidate	I3_grch38_path_different_edit	tensor_representative	
12462	chr14	49503391	DEL	True	True	no_candidate	I1_allele_fully_in_graph	no_candidate	I1_allele_fully_in_graph
12464	chr14	49956270	DEL	True	True	tensor_representative		tensor_representative	
12466	chr14	50274274	INS	True	False	filtered		filtered	
12468	chr14	50765063	DEL	True	True	filtered		tensor_non_representative_allele	
12469	chr14	50946267	DEL	True	False	tensor_non_representative_allele		tensor_non_representative_allele	
12471	chr14	51080226	INS	True	True	tensor_representative		tensor_representative	
12472	chr14	51105254	DEL	True	True	tensor_representative		tensor_non_representative_allele	
12474	chr14	51175447	DEL	True	True	tensor_representative		tensor_representative	
12481	chr14	51883009	INS	True	True	tensor_representative		tensor_representative	
12484	chr14	52160088	DEL	True	True	tensor_non_representative_allele		tensor_non_representative_allele	
12485	chr14	52458546	INS	True	True	tensor_representative		tensor_representative	
12487	chr14	52491368	DEL	True	True	no_candidate	I1_allele_fully_in_graph	filtered	
12488	chr14	53190092	INS	True	True	no_candidate	I2_partly_in_graph_residual_edit	no_candidate	I2_partly_in_graph_residual_edit
12490	chr14	53291815	INS	True	True	tensor_representative		tensor_representative	
12493	chr14	53927967	INS	True	False	no_candidate	I2_partly_in_graph_residual_edit	no_candidate	I2_partly_in_graph_residual_edit
12496	chr14	54507315	INS	True	False	no_candidate	I1_allele_fully_in_graph	no_candidate	I1_allele_fully_in_graph
12501	chr14	55234613	INS	True	True	filtered		filtered	
12503	chr14	55777164	INS	True	True	no_candidate	I1_allele_fully_in_graph	no_candidate	I1_allele_fully_in_graph
12505	chr14	56093478	DEL	True	True	tensor_representative		tensor_representative	
12506	chr14	56102549	DEL	True	True	tensor_representative		tensor_representative	
12510	chr14	56475485	INS	True	True	no_candidate	I4_no_or_few_alt_reads	no_candidate	I4_no_or_few_alt_reads
12511	chr14	56758154	DEL	True	True	no_candidate	I2_partly_in_graph_residual_edit	filtered	
12513	chr14	56976624	DEL	True	True	no_candidate	I3_grch38_path_different_edit	no_candidate	I3_grch38_path_different_edit
12515	chr14	57005437	INS	True	True	tensor_representative		tensor_representative	
12518	chr14	57444276	INS	True	True	tensor_representative		tensor_representative	
12519	chr14	57582203	DEL	True	True	tensor_representative		tensor_representative	
12520	chr14	57586717	INS	True	True	filtered		no_candidate	I1_allele_fully_in_graph
12521	chr14	57617130	INS	True	True	no_candidate	I1_allele_fully_in_graph	no_candidate	I1_allele_fully_in_graph
12525	chr14	58054883	INS	True	True	no_candidate	I7_unclear	no_candidate	I7_unclear
12526	chr14	58198850	DEL	True	True	tensor_representative		tensor_representative	
12529	chr14	58589178	DEL	True	True	tensor_representative		tensor_representative	
12532	chr14	59165352	DEL	True	True	tensor_representative		no_candidate	I2_partly_in_graph_residual_edit
12537	chr14	59854639	DEL	True	True	no_candidate	I2_partly_in_graph_residual_edit	no_candidate	I2_partly_in_graph_residual_edit
12540	chr14	60160343	INS	True	True	tensor_representative		tensor_representative	
12541	chr14	60325308	DEL	True	True	tensor_representative		tensor_representative	
12545	chr14	60711784	INS	True	False	filtered		no_candidate	I2_partly_in_graph_residual_edit
12546	chr14	60775140	DEL	True	True	tensor_representative		tensor_representative	
12548	chr14	61261668	INS	True	True	filtered		filtered	
12549	chr14	61303012	DEL	True	True	tensor_representative		tensor_representative	
12551	chr14	61433043	INS	True	True	tensor_representative		tensor_representative	
12556	chr14	61970935	DEL	True	True	filtered		filtered	
12557	chr14	62453379	INS	True	True	no_candidate	I2_partly_in_graph_residual_edit	no_candidate	I2_partly_in_graph_residual_edit
12558	chr14	62571489	INS	True	True	filtered		no_candidate	I1_allele_fully_in_graph
12561	chr14	63102005	DEL	True	True	no_candidate	I2_partly_in_graph_residual_edit	no_candidate	I2_partly_in_graph_residual_edit
12562	chr14	63126834	DEL	True	False	tensor_representative		tensor_representative	
12565	chr14	63465450	INS	True	True	filtered		filtered	
12566	chr14	63566483	DEL	True	True	tensor_representative		tensor_representative	
12572	chr14	64463227	INS	True	True	no_candidate	I2_partly_in_graph_residual_edit	no_candidate	I2_partly_in_graph_residual_edit
12574	chr14	65124899	INS	True	True	filtered		filtered	
12577	chr14	65370201	INS	True	True	tensor_representative		tensor_representative	
12578	chr14	65868864	INS	True	True	filtered		filtered	
12580	chr14	66161526	INS	True	True	tensor_representative		tensor_representative	
12583	chr14	66289013	DEL	True	True	tensor_representative		tensor_representative	
12585	chr14	66462793	INS	True	True	tensor_representative		tensor_representative	
12586	chr14	66502494	INS	True	True	tensor_representative		tensor_representative	
12600	chr14	67310831	DEL	True	True	tensor_representative		tensor_representative	
12602	chr14	67642793	INS	True	False	no_candidate	I2_partly_in_graph_residual_edit	no_candidate	I2_partly_in_graph_residual_edit
12604	chr14	68362848	INS	True	True	tensor_representative		tensor_representative	
12607	chr14	68835056	INS	True	True	no_candidate	I2_partly_in_graph_residual_edit	no_candidate	I2_partly_in_graph_residual_edit
12610	chr14	69365783	INS	True	True	tensor_representative		tensor_representative	
12614	chr14	69715852	INS	True	False	tensor_representative		tensor_representative	
12616	chr14	69883889	INS	True	False	no_candidate	I1_allele_fully_in_graph	no_candidate	I1_allele_fully_in_graph
12617	chr14	69919910	DEL	True	True	filtered		filtered	
12620	chr14	70280738	INS	True	False	no_candidate	I1_allele_fully_in_graph	no_candidate	I1_allele_fully_in_graph
12621	chr14	70586766	DEL	True	True	tensor_representative		tensor_representative	
12622	chr14	70676344	DEL	True	True	tensor_representative		tensor_representative	
12624	chr14	70899971	INS	True	False	no_candidate	I2_partly_in_graph_residual_edit	no_candidate	I2_partly_in_graph_residual_edit
12625	chr14	70910064	INS	True	True	no_candidate	I4_no_or_few_alt_reads	no_candidate	I4_no_or_few_alt_reads
12627	chr14	71229350	INS	True	False	no_candidate	I2_partly_in_graph_residual_edit	no_candidate	I2_partly_in_graph_residual_edit
12628	chr14	71252428	DEL	True	True	tensor_representative		tensor_representative	
12629	chr14	71344058	DEL	True	True	tensor_representative		tensor_representative	
12631	chr14	71759376	DEL	True	True	no_candidate	I2_partly_in_graph_residual_edit	no_candidate	I2_partly_in_graph_residual_edit
12632	chr14	71805488	DEL	True	True	tensor_representative		tensor_representative	
12633	chr14	71834214	INS	True	True	filtered		filtered	
12634	chr14	71953969	INS	True	False	no_candidate	I1_allele_fully_in_graph	no_candidate	I1_allele_fully_in_graph
12635	chr14	72066500	DEL	True	True	no_candidate	I2_partly_in_graph_residual_edit	no_candidate	I2_partly_in_graph_residual_edit
12638	chr14	72148129	DEL	True	True	filtered		filtered	
12639	chr14	72259910	INS	True	True	filtered		filtered	
12640	chr14	72298454	DEL	True	True	no_candidate	I1_allele_fully_in_graph	no_candidate	I1_allele_fully_in_graph
12644	chr14	72475199	INS	True	True	filtered		no_candidate	I1_allele_fully_in_graph
12645	chr14	72795291	INS	True	True	no_candidate	I3_grch38_path_different_edit	no_candidate	I3_grch38_path_different_edit
12648	chr14	73367348	INS	True	True	no_candidate	I2_partly_in_graph_residual_edit	no_candidate	I2_partly_in_graph_residual_edit
12649	chr14	73524310	INS	True	True	no_candidate	I2_partly_in_graph_residual_edit	no_candidate	I2_partly_in_graph_residual_edit
12653	chr14	74023925	INS	True	True	tensor_representative		tensor_representative	
12654	chr14	74331542	INS	True	True	no_candidate	I2_partly_in_graph_residual_edit	no_candidate	I2_partly_in_graph_residual_edit
12658	chr14	74705043	INS	True	True	filtered		filtered	
12659	chr14	74874251	INS	True	True	tensor_representative		tensor_representative	
12662	chr14	76608505	INS	True	True	no_candidate	I1_allele_fully_in_graph	no_candidate	I1_allele_fully_in_graph
12665	chr14	77419446	DEL	True	True	filtered		tensor_representative	
12668	chr14	77788013	DEL	True	True	tensor_representative		tensor_representative	
12669	chr14	77898601	DEL	True	True	no_candidate	I3_grch38_path_different_edit	tensor_representative	
12671	chr14	78036412	DEL	True	True	tensor_representative		tensor_representative	
12673	chr14	78312585	INS	True	True	filtered		filtered	
12676	chr14	78524194	INS	True	True	tensor_representative		tensor_representative	
12677	chr14	78550030	DEL	True	True	no_candidate	I2_partly_in_graph_residual_edit	no_candidate	I2_partly_in_graph_residual_edit
12678	chr14	78566380	DEL	True	True	tensor_representative		tensor_representative	
12679	chr14	78578046	INS	True	True	tensor_representative		tensor_representative	
12680	chr14	78711434	DEL	True	True	no_candidate	I1_allele_fully_in_graph	no_candidate	I1_allele_fully_in_graph
12681	chr14	78817847	INS	True	False	tensor_representative		tensor_representative	
12682	chr14	78824103	INS	True	False	no_candidate	I1_allele_fully_in_graph	no_candidate	I1_allele_fully_in_graph
12683	chr14	78880239	DEL	True	True	tensor_representative		tensor_representative	
12684	chr14	78948628	INS	True	True	tensor_representative		tensor_representative	
12688	chr14	79049081	DEL	True	True	no_candidate	I4_no_or_few_alt_reads	no_candidate	I4_no_or_few_alt_reads
12690	chr14	79192765	INS	True	True	filtered		no_candidate	I2_partly_in_graph_residual_edit
12691	chr14	79202074	INS	True	True	filtered		no_candidate	I1_allele_fully_in_graph
12692	chr14	79215283	INS	True	True	tensor_representative		tensor_representative	
12693	chr14	79265231	DEL	True	True	tensor_representative		tensor_representative	
12695	chr14	79365725	INS	True	False	filtered		filtered	
12700	chr14	79695637	DEL	True	True	tensor_representative		tensor_representative	
12703	chr14	79999310	DEL	True	True	tensor_representative		tensor_representative	
12704	chr14	80026107	INS	True	True	filtered		filtered	
12705	chr14	80038271	INS	True	False	filtered		no_candidate	I2_partly_in_graph_residual_edit
12707	chr14	80185044	INS	True	True	tensor_representative		tensor_representative	
12708	chr14	80209350	INS	True	True	tensor_representative		tensor_representative	
12709	chr14	80337207	INS	True	False	no_candidate	I1_allele_fully_in_graph	no_candidate	I1_allele_fully_in_graph
12710	chr14	80417860	DEL	True	True	no_candidate	I3_grch38_path_different_edit	tensor_representative	
12713	chr14	81122020	DEL	True	True	filtered		filtered	
12715	chr14	81686410	INS	True	True	tensor_representative		tensor_representative	
12716	chr14	81788160	INS	True	True	tensor_representative		tensor_representative	
12717	chr14	82013852	INS	True	True	tensor_representative		tensor_representative	
12720	chr14	82225847	INS	True	True	tensor_representative		tensor_representative	
12721	chr14	82318544	INS	True	True	tensor_representative		tensor_representative	
12726	chr14	82624431	DEL	True	True	tensor_representative		tensor_representative	
12727	chr14	82734676	DEL	True	True	no_candidate	I2_partly_in_graph_residual_edit	filtered	
12728	chr14	82742827	INS	True	True	no_candidate	I3_grch38_path_different_edit	no_candidate	I3_grch38_path_different_edit
12730	chr14	82928850	INS	True	True	tensor_representative		tensor_representative	
12740	chr14	83264073	INS	True	True	no_candidate	I2_partly_in_graph_residual_edit	no_candidate	I2_partly_in_graph_residual_edit
12741	chr14	83286081	INS	True	True	no_candidate	I2_partly_in_graph_residual_edit	no_candidate	I1_allele_fully_in_graph
12744	chr14	83577812	INS	True	True	no_candidate	I1_allele_fully_in_graph	filtered	
12746	chr14	83676092	DEL	True	True	tensor_representative		tensor_representative	
12748	chr14	83715679	DEL	True	True	no_candidate	I1_allele_fully_in_graph	no_candidate	I1_allele_fully_in_graph
12751	chr14	83807615	INS	True	True	filtered		no_candidate	I1_allele_fully_in_graph
12752	chr14	83925075	DEL	True	True	tensor_representative		tensor_representative	
12756	chr14	84141492	INS	True	True	tensor_representative		tensor_representative	
12758	chr14	84356386	INS	True	True	tensor_representative		tensor_representative	
12759	chr14	84600780	INS	True	True	no_candidate	I1_allele_fully_in_graph	no_candidate	I1_allele_fully_in_graph
12763	chr14	84817916	DEL	True	True	tensor_representative		tensor_representative	
12764	chr14	84939246	INS	True	True	filtered		filtered	
12767	chr14	85004836	INS	True	True	filtered		filtered	
12768	chr14	85033274	INS	True	True	filtered		filtered	
12771	chr14	85239342	INS	True	True	no_candidate	I4_no_or_few_alt_reads	no_candidate	I4_no_or_few_alt_reads
12772	chr14	85258912	DEL	True	True	tensor_representative		tensor_representative	
12774	chr14	85432919	INS	True	True	no_candidate	I1_allele_fully_in_graph	no_candidate	I1_allele_fully_in_graph
12780	chr14	85805383	DEL	True	True	no_candidate	I2_partly_in_graph_residual_edit	no_candidate	I2_partly_in_graph_residual_edit
12781	chr14	85810507	INS	True	True	tensor_representative		tensor_representative	
12782	chr14	85864482	INS	True	True	no_candidate	I2_partly_in_graph_residual_edit	no_candidate	I2_partly_in_graph_residual_edit
12783	chr14	85876788	DEL	True	True	no_candidate	I2_partly_in_graph_residual_edit	tensor_non_representative_allele	
12785	chr14	85937554	DEL	True	True	tensor_representative		tensor_representative	
12787	chr14	86173328	DEL	True	True	tensor_representative		tensor_representative	
12788	chr14	86226345	INS	True	True	no_candidate	I1_allele_fully_in_graph	no_candidate	I1_allele_fully_in_graph
12789	chr14	86293727	DEL	True	True	tensor_representative		tensor_representative	
12790	chr14	86300764	INS	True	True	no_candidate	I2_partly_in_graph_residual_edit	no_candidate	I2_partly_in_graph_residual_edit
12794	chr14	87032919	DEL	True	True	tensor_representative		tensor_representative	
12797	chr14	87131606	DEL	True	True	tensor_representative		tensor_representative	
12798	chr14	87135329	INS	True	True	tensor_representative		tensor_representative	
12800	chr14	87182998	DEL	True	True	tensor_representative		tensor_representative	
12801	chr14	87249541	DEL	True	True	tensor_representative		tensor_representative	
12803	chr14	87373511	DEL	True	True	tensor_representative		tensor_representative	
12810	chr14	88378850	DEL	True	True	tensor_representative		tensor_representative	
12811	chr14	88523716	INS	True	True	tensor_representative		tensor_representative	
12813	chr14	88797344	INS	True	True	tensor_representative		tensor_representative	
12815	chr14	88899172	DEL	True	True	tensor_representative		tensor_non_representative_allele	
12816	chr14	88900395	DEL	True	True	tensor_representative		tensor_representative	
12817	chr14	89064051	INS	True	True	no_candidate	I1_allele_fully_in_graph	no_candidate	I1_allele_fully_in_graph
12820	chr14	89333749	INS	True	True	no_candidate	I2_partly_in_graph_residual_edit	no_candidate	I2_partly_in_graph_residual_edit
12824	chr14	90069030	INS	True	True	filtered		filtered	
12826	chr14	90206727	DEL	True	True	tensor_representative		tensor_representative	
12827	chr14	90221977	INS	True	True	no_candidate	I2_partly_in_graph_residual_edit	no_candidate	I2_partly_in_graph_residual_edit
12831	chr14	91052285	DEL	True	True	no_candidate	I2_partly_in_graph_residual_edit	no_candidate	I2_partly_in_graph_residual_edit
12832	chr14	91429026	DEL	True	True	no_candidate	I1_allele_fully_in_graph	no_candidate	I1_allele_fully_in_graph
12835	chr14	91531496	INS	True	True	filtered		no_candidate	I1_allele_fully_in_graph
12836	chr14	91541654	INS	True	True	tensor_representative		tensor_representative	
12838	chr14	91801150	DEL	True	True	tensor_representative		tensor_representative	
12840	chr14	92173421	INS	True	True	no_candidate	I2_partly_in_graph_residual_edit	no_candidate	I2_partly_in_graph_residual_edit
12841	chr14	92183492	INS	True	True	tensor_representative		tensor_representative	
12842	chr14	92245592	DEL	True	True	tensor_representative		tensor_non_representative_allele	
12847	chr14	93095574	INS	True	True	tensor_representative		tensor_representative	
12848	chr14	93171884	INS	True	True	tensor_representative		tensor_representative	
12853	chr14	93695890	INS	True	True	no_candidate	I2_partly_in_graph_residual_edit	no_candidate	I2_partly_in_graph_residual_edit
12859	chr14	94704983	DEL	True	True	tensor_representative		tensor_representative	
12860	chr14	94864158	INS	True	True	tensor_representative		tensor_representative	
12861	chr14	94864182	DEL	True	True	no_candidate	I1_allele_fully_in_graph	no_candidate	I1_allele_fully_in_graph
12865	chr14	95279972	INS	True	True	tensor_representative		tensor_representative	
12866	chr14	95345852	DEL	True	True	no_candidate	I1_allele_fully_in_graph	no_candidate	I2_partly_in_graph_residual_edit
12868	chr14	95457084	DEL	True	True	tensor_representative		tensor_representative	
12870	chr14	95665950	INS	True	True	filtered		no_candidate	I1_allele_fully_in_graph
12871	chr14	95689322	DEL	True	True	filtered		tensor_representative	
12872	chr14	95708474	INS	True	True	no_candidate	I2_partly_in_graph_residual_edit	no_candidate	I2_partly_in_graph_residual_edit
12873	chr14	95884875	DEL	True	True	filtered		filtered	
12876	chr14	96188277	INS	True	True	no_candidate	I2_partly_in_graph_residual_edit	no_candidate	I2_partly_in_graph_residual_edit
12880	chr14	96659471	INS	True	True	tensor_representative		tensor_representative	
12881	chr14	96961762	INS	True	True	tensor_representative		tensor_representative	
12884	chr14	97105765	DEL	True	True	tensor_representative		tensor_representative	
12886	chr14	97419021	INS	True	True	no_candidate	I1_allele_fully_in_graph	no_candidate	I1_allele_fully_in_graph
12888	chr14	97420684	DEL	True	True	tensor_representative		tensor_representative	
12889	chr14	97482761	INS	True	True	tensor_representative		tensor_representative	
12890	chr14	97556157	DEL	True	True	tensor_representative		tensor_representative	
12891	chr14	97675606	INS	True	True	tensor_representative		tensor_representative	
12893	chr14	97868754	INS	True	True	filtered		no_candidate	I1_allele_fully_in_graph
12894	chr14	97889556	INS	True	True	tensor_representative		tensor_representative	
12895	chr14	98157599	DEL	True	True	tensor_representative		tensor_representative	
12897	chr14	98247482	INS	True	True	no_candidate	I1_allele_fully_in_graph	no_candidate	I1_allele_fully_in_graph
12898	chr14	98257627	INS	True	True	filtered		filtered	
12899	chr14	98307277	DEL	True	True	tensor_representative		tensor_representative	
12900	chr14	98372402	INS	True	True	tensor_representative		tensor_representative	
12904	chr14	98590790	DEL	True	True	tensor_representative		tensor_representative	
12905	chr14	98592659	INS	True	True	filtered		no_candidate	I1_allele_fully_in_graph
12908	chr14	98758461	DEL	True	True	tensor_representative		tensor_representative	
12911	chr14	99299584	INS	True	True	no_candidate	I2_partly_in_graph_residual_edit	no_candidate	I2_partly_in_graph_residual_edit
12912	chr14	99307833	INS	True	True	filtered		filtered	
12913	chr14	99439686	DEL	True	True	filtered		tensor_representative	
12914	chr14	99694371	DEL	True	True	tensor_representative		tensor_representative	
12915	chr14	100196266	INS	True	True	tensor_representative		tensor_representative	
12917	chr14	100656568	INS	True	True	no_candidate	I1_allele_fully_in_graph	no_candidate	I1_allele_fully_in_graph
12919	chr14	100887749	INS	True	True	filtered		no_candidate	I2_partly_in_graph_residual_edit
12920	chr14	100965478	DEL	True	True	tensor_representative		tensor_representative	
12921	chr14	100965749	DEL	True	True	tensor_representative		tensor_representative	
12922	chr14	100977771	INS	True	True	filtered		filtered	
12923	chr14	101078141	DEL	True	True	filtered		filtered	
12928	chr14	101699643	INS	True	True	filtered		filtered	
12929	chr14	102021656	INS	True	True	filtered		filtered	
12930	chr14	102124190	INS	True	False	filtered		no_candidate	I2_partly_in_graph_residual_edit
12933	chr14	102775385	INS	True	False	tensor_representative		tensor_representative	
12935	chr14	103199914	INS	True	True	tensor_representative		tensor_representative	
12936	chr14	103245054	INS	True	True	filtered		tensor_non_representative_allele	
12939	chr14	103922634	DEL	True	True	tensor_representative		tensor_representative	
12940	chr14	103968795	INS	True	True	no_candidate	I2_partly_in_graph_residual_edit	no_candidate	I2_partly_in_graph_residual_edit
12941	chr14	104058579	DEL	True	True	tensor_representative		tensor_representative	
12944	chr14	105605347	DEL	True	True	tensor_representative		tensor_representative	
12949	chr14	106280680	DEL	True	False	filtered		tensor_non_representative_allele	
12956	chr15	20075179	INS	True	False	no_candidate	I5_low_mapq_or_no_reads	no_candidate	I5_low_mapq_or_no_reads
12957	chr15	20818349	INS	True	False	no_candidate	I4_no_or_few_alt_reads	no_candidate	I4_no_or_few_alt_reads
12958	chr15	22624526	INS	True	False	filtered		filtered	
12959	chr15	23084749	INS	True	True	tensor_representative		tensor_representative	
12960	chr15	23090339	DEL	True	True	filtered		tensor_non_representative_allele	
12961	chr15	23099249	INS	True	True	tensor_representative		tensor_representative	
12962	chr15	23373273	DEL	True	False	tensor_representative		tensor_representative	
12963	chr15	23411311	DEL	True	False	no_candidate	I1_allele_fully_in_graph	no_candidate	I1_allele_fully_in_graph
12964	chr15	23414098	DEL	True	True	tensor_representative		tensor_representative	
12965	chr15	23604245	DEL	True	True	tensor_representative		tensor_non_representative_allele	
12969	chr15	23831423	DEL	True	True	filtered		filtered	
12971	chr15	23953484	INS	True	True	filtered		no_candidate	I1_allele_fully_in_graph
12972	chr15	24280544	INS	True	True	filtered		filtered	
12973	chr15	24346081	INS	True	True	no_candidate	I2_partly_in_graph_residual_edit	no_candidate	I2_partly_in_graph_residual_edit
12975	chr15	24411446	DEL	True	True	tensor_representative		tensor_representative	
12978	chr15	24657745	INS	True	True	filtered		filtered	
12979	chr15	24834751	INS	True	True	no_candidate	I2_partly_in_graph_residual_edit	no_candidate	I2_partly_in_graph_residual_edit
12983	chr15	25341783	INS	True	True	filtered		tensor_representative	
12984	chr15	25542375	INS	True	True	no_candidate	I2_partly_in_graph_residual_edit	no_candidate	I2_partly_in_graph_residual_edit
12985	chr15	25577576	DEL	True	True	no_candidate	I2_partly_in_graph_residual_edit	no_candidate	I2_partly_in_graph_residual_edit
12988	chr15	25663395	INS	True	True	no_candidate	I2_partly_in_graph_residual_edit	no_candidate	I2_partly_in_graph_residual_edit
12992	chr15	25915894	DEL	True	True	filtered		filtered	
12993	chr15	25938689	INS	True	True	filtered		filtered	
12999	chr15	26486841	INS	True	True	filtered		filtered	
13000	chr15	26568665	INS	True	True	filtered		filtered	
13001	chr15	27101842	DEL	True	True	tensor_representative		tensor_representative	
13002	chr15	27101842	INS	True	True	no_candidate	I1_allele_fully_in_graph	no_candidate	I1_allele_fully_in_graph
13004	chr15	27176028	DEL	True	True	tensor_representative		tensor_representative	
13010	chr15	27729289	INS	True	True	tensor_non_representative_allele		tensor_non_representative_allele	
13012	chr15	27734151	DEL	True	True	filtered		tensor_representative	
13016	chr15	27832830	INS	True	True	no_candidate	I1_allele_fully_in_graph	no_candidate	I1_allele_fully_in_graph
13020	chr15	27979702	DEL	True	True	tensor_representative		tensor_representative	
13023	chr15	28042472	DEL	True	True	tensor_representative		tensor_representative	
13027	chr15	29026759	INS	True	True	filtered		filtered	
13031	chr15	29174710	DEL	True	True	no_candidate	I2_partly_in_graph_residual_edit	no_candidate	I2_partly_in_graph_residual_edit
13033	chr15	29306664	DEL	True	True	no_candidate	I2_partly_in_graph_residual_edit	no_candidate	I2_partly_in_graph_residual_edit
13034	chr15	29306664	DEL	True	True	tensor_non_representative_allele		tensor_non_representative_allele	
13036	chr15	29423631	DEL	True	True	filtered		filtered	
13040	chr15	29996779	DEL	True	True	tensor_representative		tensor_representative	
13045	chr15	30318026	DEL	True	True	tensor_representative		tensor_representative	
13046	chr15	30332229	DEL	True	True	no_candidate	I2_partly_in_graph_residual_edit	no_candidate	I2_partly_in_graph_residual_edit
13050	chr15	31004436	INS	True	True	tensor_representative		tensor_representative	
13051	chr15	31146987	DEL	True	True	tensor_representative		tensor_representative	
13054	chr15	31352011	INS	True	True	tensor_representative		tensor_representative	
13056	chr15	31801053	INS	True	False	tensor_representative		tensor_representative	
13060	chr15	31991738	DEL	True	True	tensor_representative		tensor_representative	
13062	chr15	32033189	DEL	True	True	tensor_representative		tensor_representative	
13063	chr15	32064482	INS	True	True	no_candidate	I1_allele_fully_in_graph	no_candidate	I1_allele_fully_in_graph
13064	chr15	32164913	INS	True	True	tensor_non_representative_allele		tensor_non_representative_allele	
13067	chr15	32619763	DEL	True	True	tensor_representative		tensor_representative	
13069	chr15	33180744	INS	True	False	no_candidate	I1_allele_fully_in_graph	no_candidate	I1_allele_fully_in_graph
13070	chr15	33236816	DEL	True	True	no_candidate	I1_allele_fully_in_graph	no_candidate	I1_allele_fully_in_graph
13071	chr15	33286254	INS	True	True	no_candidate	I2_partly_in_graph_residual_edit	no_candidate	I2_partly_in_graph_residual_edit
13072	chr15	33481789	DEL	True	True	tensor_representative		tensor_representative	
13073	chr15	33511329	DEL	True	True	tensor_representative		tensor_representative	
13074	chr15	33516264	INS	True	True	tensor_representative		tensor_representative	
13076	chr15	34042396	INS	True	True	filtered		filtered	
13077	chr15	34475371	INS	True	True	no_candidate	I2_partly_in_graph_residual_edit	no_candidate	I2_partly_in_graph_residual_edit
13078	chr15	34630873	INS	True	True	filtered		filtered	
13079	chr15	34641636	INS	True	True	no_candidate	I1_allele_fully_in_graph	no_candidate	I2_partly_in_graph_residual_edit
13080	chr15	34751954	INS	True	True	no_candidate	I1_allele_fully_in_graph	no_candidate	I2_partly_in_graph_residual_edit
13081	chr15	34847140	DEL	True	True	no_candidate	I3_grch38_path_different_edit	no_candidate	I3_grch38_path_different_edit
13083	chr15	35131685	DEL	True	True	tensor_representative		tensor_representative	
13084	chr15	35448984	INS	True	True	no_candidate	I1_allele_fully_in_graph	no_candidate	I1_allele_fully_in_graph
13085	chr15	35684951	INS	True	False	filtered		no_candidate	I1_allele_fully_in_graph
13089	chr15	36147592	DEL	True	True	tensor_representative		tensor_representative	
13092	chr15	36410642	INS	True	True	no_candidate	I2_partly_in_graph_residual_edit	no_candidate	I2_partly_in_graph_residual_edit
13095	chr15	36919577	DEL	True	True	filtered		tensor_non_representative_allele	
13097	chr15	37166382	DEL	True	True	tensor_representative		tensor_representative	
13099	chr15	37252572	DEL	True	True	no_candidate	I2_partly_in_graph_residual_edit	filtered	
13102	chr15	37532551	INS	True	True	tensor_representative		tensor_representative	
13104	chr15	37610092	INS	True	True	no_candidate	I2_partly_in_graph_residual_edit	no_candidate	I2_partly_in_graph_residual_edit
13106	chr15	37779418	DEL	True	True	tensor_representative		tensor_representative	
13107	chr15	37818993	DEL	True	True	tensor_representative		tensor_representative	
13109	chr15	38632107	INS	True	True	filtered		filtered	
13110	chr15	38660796	DEL	True	True	tensor_representative		tensor_representative	
13113	chr15	38919142	DEL	True	True	no_candidate	I7_unclear	no_candidate	I1_allele_fully_in_graph
13116	chr15	39046365	INS	True	True	tensor_representative		tensor_representative	
13118	chr15	40483353	INS	True	True	no_candidate	I2_partly_in_graph_residual_edit	no_candidate	I2_partly_in_graph_residual_edit
13121	chr15	41112786	INS	True	True	filtered		filtered	
13122	chr15	41289672	INS	True	True	no_candidate	I3_grch38_path_different_edit	no_candidate	I3_grch38_path_different_edit
13123	chr15	41301970	DEL	True	True	no_candidate	I1_allele_fully_in_graph	no_candidate	I1_allele_fully_in_graph
13124	chr15	41378944	INS	True	True	no_candidate	I2_partly_in_graph_residual_edit	no_candidate	I2_partly_in_graph_residual_edit
13126	chr15	41615143	DEL	True	True	tensor_representative		tensor_representative	
13127	chr15	42026972	INS	True	True	no_candidate	I1_allele_fully_in_graph	filtered	
13135	chr15	43815637	INS	True	True	tensor_representative		tensor_representative	
13136	chr15	44221934	DEL	True	True	filtered		filtered	
13137	chr15	44748825	DEL	True	True	no_candidate	I2_partly_in_graph_residual_edit	no_candidate	I2_partly_in_graph_residual_edit
13141	chr15	45724850	DEL	True	True	no_candidate	I2_partly_in_graph_residual_edit	no_candidate	I2_partly_in_graph_residual_edit
13143	chr15	45742937	DEL	True	True	tensor_representative		tensor_representative	
13146	chr15	45989368	DEL	True	True	filtered		filtered	
13147	chr15	46020485	DEL	True	True	tensor_representative		tensor_representative	
13150	chr15	46179585	INS	True	True	tensor_representative		tensor_representative	
13152	chr15	46476895	INS	True	True	no_candidate	I2_partly_in_graph_residual_edit	no_candidate	I2_partly_in_graph_residual_edit
13153	chr15	46532730	DEL	True	True	tensor_representative		tensor_representative	
13155	chr15	46868296	DEL	True	True	tensor_representative		tensor_representative	
13156	chr15	46958815	DEL	True	True	tensor_representative		tensor_representative	
13158	chr15	46983480	INS	True	True	no_candidate	I2_partly_in_graph_residual_edit	no_candidate	I2_partly_in_graph_residual_edit
13162	chr15	47134313	DEL	True	True	tensor_representative		tensor_non_representative_allele	
13163	chr15	47138067	DEL	True	True	filtered		tensor_representative	
13166	chr15	47196025	INS	True	True	filtered		filtered	
13170	chr15	47342006	INS	True	True	tensor_representative		tensor_representative	
13172	chr15	47494800	INS	True	True	tensor_representative		tensor_representative	
13173	chr15	47689861	DEL	True	True	tensor_representative		tensor_representative	
13176	chr15	47848719	INS	True	True	filtered		filtered	
13178	chr15	47913447	INS	True	True	tensor_representative		tensor_representative	
13179	chr15	47926554	DEL	True	True	no_candidate	I2_partly_in_graph_residual_edit	no_candidate	I2_partly_in_graph_residual_edit
13181	chr15	48091898	DEL	True	True	tensor_representative		tensor_representative	
13183	chr15	48186909	DEL	True	False	tensor_representative		tensor_representative	
13184	chr15	48372672	INS	True	True	filtered		filtered	
13187	chr15	48572148	INS	True	True	tensor_representative		tensor_representative	
13188	chr15	48619875	DEL	True	False	filtered		filtered	
13189	chr15	48649346	DEL	True	True	tensor_representative		tensor_representative	
13192	chr15	48919295	INS	True	True	filtered		filtered	
13193	chr15	49364852	DEL	True	True	tensor_representative		tensor_representative	
13194	chr15	49476212	INS	True	True	tensor_representative		tensor_representative	
13195	chr15	49512166	DEL	True	True	tensor_representative		tensor_representative	
13196	chr15	49751011	INS	True	True	filtered		no_candidate	I2_partly_in_graph_residual_edit
13198	chr15	49815992	DEL	True	True	tensor_representative		tensor_representative	
13201	chr15	50024285	INS	True	True	tensor_representative		tensor_representative	
13202	chr15	50054783	DEL	True	True	no_candidate	I1_allele_fully_in_graph	no_candidate	I1_allele_fully_in_graph
13205	chr15	50838990	INS	True	True	tensor_representative		tensor_representative	
13206	chr15	51519636	INS	True	True	filtered		filtered	
13207	chr15	51709695	INS	True	True	no_candidate	I3_grch38_path_different_edit	no_candidate	I3_grch38_path_different_edit
13209	chr15	51710752	INS	True	False	filtered		filtered	
13211	chr15	52132636	INS	True	True	filtered		filtered	
13213	chr15	52639083	INS	True	True	tensor_representative		tensor_representative	
13214	chr15	52835449	INS	True	True	filtered		filtered	
13215	chr15	52899958	DEL	True	True	tensor_representative		tensor_representative	
13217	chr15	53082138	DEL	True	True	tensor_non_representative_allele		tensor_non_representative_allele	
13218	chr15	53250051	INS	True	True	no_candidate	I2_partly_in_graph_residual_edit	no_candidate	I2_partly_in_graph_residual_edit
13219	chr15	53275571	INS	True	True	filtered		filtered	
13220	chr15	53655230	DEL	True	True	no_candidate	I1_allele_fully_in_graph	no_candidate	I1_allele_fully_in_graph
13223	chr15	53802063	INS	True	True	no_candidate	I2_partly_in_graph_residual_edit	no_candidate	I2_partly_in_graph_residual_edit
13224	chr15	53813138	DEL	True	True	tensor_representative		tensor_representative	
13225	chr15	54077375	DEL	True	True	tensor_representative		tensor_representative	
13226	chr15	54093192	DEL	True	True	no_candidate	I1_allele_fully_in_graph	no_candidate	I1_allele_fully_in_graph
13227	chr15	54138953	INS	True	True	no_candidate	I2_partly_in_graph_residual_edit	no_candidate	I2_partly_in_graph_residual_edit
13229	chr15	54186836	INS	True	True	no_candidate	I1_allele_fully_in_graph	no_candidate	I2_partly_in_graph_residual_edit
13231	chr15	54339640	INS	True	True	tensor_representative		tensor_representative	
13232	chr15	54455164	INS	True	True	no_candidate	I2_partly_in_graph_residual_edit	no_candidate	I2_partly_in_graph_residual_edit
13235	chr15	54785587	INS	True	True	no_candidate	I2_partly_in_graph_residual_edit	no_candidate	I2_partly_in_graph_residual_edit
13236	chr15	54865819	DEL	True	True	tensor_representative		tensor_representative	
13240	chr15	55708148	INS	True	True	no_candidate	I1_allele_fully_in_graph	no_candidate	I1_allele_fully_in_graph
13241	chr15	55756022	DEL	True	True	no_candidate	I1_allele_fully_in_graph	no_candidate	I1_allele_fully_in_graph
13242	chr15	55777099	INS	True	True	no_candidate	I2_partly_in_graph_residual_edit	no_candidate	I2_partly_in_graph_residual_edit
13246	chr15	56727465	INS	True	True	tensor_representative		tensor_representative	
13247	chr15	56751793	INS	True	True	filtered		filtered	
13248	chr15	56854656	INS	True	True	tensor_representative		tensor_representative	
13250	chr15	57654002	DEL	True	True	filtered		no_candidate	I2_partly_in_graph_residual_edit
13251	chr15	57870911	DEL	True	True	no_candidate	I2_partly_in_graph_residual_edit	no_candidate	I2_partly_in_graph_residual_edit
13252	chr15	58024093	INS	True	True	tensor_representative		tensor_representative	
13253	chr15	58060460	DEL	True	True	tensor_representative		tensor_representative	
13256	chr15	58489217	INS	True	False	no_candidate	I2_partly_in_graph_residual_edit	no_candidate	I2_partly_in_graph_residual_edit
13259	chr15	58688524	INS	True	True	tensor_representative		tensor_representative	
13260	chr15	58694745	INS	True	True	tensor_representative		tensor_representative	
13262	chr15	58877171	INS	True	True	no_candidate	I2_partly_in_graph_residual_edit	no_candidate	I2_partly_in_graph_residual_edit
13263	chr15	59421869	INS	True	True	tensor_representative		tensor_representative	
13265	chr15	59849989	DEL	True	True	tensor_representative		tensor_representative	
13266	chr15	60085249	INS	True	True	tensor_representative		tensor_representative	
13268	chr15	60109310	INS	True	True	no_candidate	I2_partly_in_graph_residual_edit	no_candidate	I2_partly_in_graph_residual_edit
13269	chr15	60212582	DEL	True	True	tensor_representative		tensor_representative	
13270	chr15	60645797	DEL	True	True	no_candidate	I1_allele_fully_in_graph	no_candidate	I1_allele_fully_in_graph
13272	chr15	60837800	INS	True	True	tensor_representative		tensor_representative	
13273	chr15	61277731	DEL	True	True	no_candidate	I1_allele_fully_in_graph	no_candidate	I1_allele_fully_in_graph
13274	chr15	61300541	INS	True	True	filtered		filtered	
13275	chr15	61406408	INS	True	True	tensor_representative		tensor_representative	
13277	chr15	61672641	DEL	True	True	no_candidate	I2_partly_in_graph_residual_edit	no_candidate	I2_partly_in_graph_residual_edit
13279	chr15	61763841	DEL	True	True	tensor_representative		tensor_representative	
13284	chr15	62465104	DEL	True	True	no_candidate	I1_allele_fully_in_graph	no_candidate	I1_allele_fully_in_graph
13288	chr15	63197370	INS	True	True	filtered		filtered	
13290	chr15	64006036	INS	True	True	filtered		filtered	
13291	chr15	64377470	INS	True	True	filtered		filtered	
13292	chr15	64561552	DEL	True	True	tensor_representative		tensor_representative	
13295	chr15	64942672	INS	True	False	filtered		filtered	
13300	chr15	67708150	INS	True	True	tensor_representative		tensor_representative	
13306	chr15	68340213	INS	True	True	filtered		filtered	
13310	chr15	69045536	INS	True	True	no_candidate	I1_allele_fully_in_graph	no_candidate	I1_allele_fully_in_graph
13311	chr15	69077571	DEL	True	True	tensor_representative		tensor_representative	
13312	chr15	69226733	DEL	True	True	filtered		filtered	
13313	chr15	69409223	INS	True	True	filtered		filtered	
13315	chr15	69476383	INS	True	False	tensor_representative		tensor_representative	
13319	chr15	70785203	INS	True	True	no_candidate	I1_allele_fully_in_graph	no_candidate	I1_allele_fully_in_graph
13320	chr15	71103147	INS	True	False	tensor_representative		tensor_representative	
13322	chr15	71217622	INS	True	True	tensor_representative		tensor_representative	
13323	chr15	71332892	INS	True	True	no_candidate	I1_allele_fully_in_graph	no_candidate	I1_allele_fully_in_graph
13325	chr15	72444555	INS	True	False	filtered		tensor_representative	
13326	chr15	72513789	INS	True	True	filtered		filtered	
13330	chr15	73008827	INS	True	True	no_candidate	I1_allele_fully_in_graph	no_candidate	I1_allele_fully_in_graph
13331	chr15	73034509	INS	True	True	tensor_representative		tensor_representative	
13332	chr15	73097776	DEL	True	True	no_candidate	I2_partly_in_graph_residual_edit	no_candidate	I2_partly_in_graph_residual_edit
13333	chr15	73238271	DEL	True	True	no_candidate	I2_partly_in_graph_residual_edit	no_candidate	I2_partly_in_graph_residual_edit
13334	chr15	73244954	INS	True	True	no_candidate	I2_partly_in_graph_residual_edit	no_candidate	I2_partly_in_graph_residual_edit
13335	chr15	73274796	DEL	True	True	tensor_representative		tensor_representative	
13339	chr15	73792857	INS	True	True	tensor_representative		tensor_representative	
13340	chr15	73838330	INS	True	True	tensor_representative		tensor_representative	
13343	chr15	74584599	DEL	True	True	tensor_representative		tensor_representative	
13344	chr15	74875902	DEL	True	True	tensor_representative		filtered	
13345	chr15	74903625	DEL	True	True	tensor_representative		tensor_representative	
13346	chr15	75081793	INS	True	True	tensor_representative		tensor_representative	
13347	chr15	75534674	INS	True	True	tensor_non_representative_allele		tensor_non_representative_allele	
13348	chr15	75568530	INS	True	True	tensor_representative		tensor_representative	
13352	chr15	75822867	INS	True	True	no_candidate	I2_partly_in_graph_residual_edit	no_candidate	I2_partly_in_graph_residual_edit
13353	chr15	76285578	INS	True	True	tensor_representative		tensor_representative	
13354	chr15	76295936	DEL	True	False	no_candidate	I2_partly_in_graph_residual_edit	no_candidate	I2_partly_in_graph_residual_edit
13355	chr15	76464007	INS	True	True	no_candidate	I2_partly_in_graph_residual_edit	no_candidate	I2_partly_in_graph_residual_edit
13357	chr15	77226044	INS	True	True	no_candidate	I1_allele_fully_in_graph	no_candidate	I1_allele_fully_in_graph
13358	chr15	77456634	INS	True	True	tensor_representative		tensor_representative	
13369	chr15	78699340	INS	True	True	tensor_representative		tensor_representative	
13372	chr15	79498718	DEL	True	True	tensor_representative		tensor_representative	
13373	chr15	79536158	INS	True	True	no_candidate	I2_partly_in_graph_residual_edit	no_candidate	I2_partly_in_graph_residual_edit
13375	chr15	79930234	DEL	True	False	no_candidate	I3_grch38_path_different_edit	tensor_representative	
13380	chr15	80875021	DEL	True	True	filtered		filtered	
13381	chr15	81108340	INS	True	True	tensor_representative		tensor_representative	
13382	chr15	81406191	DEL	True	True	tensor_representative		tensor_representative	
13384	chr15	81591416	INS	True	True	filtered		filtered	
13385	chr15	81762855	INS	True	True	tensor_representative		tensor_representative	
13387	chr15	81898400	INS	True	True	tensor_representative		tensor_representative	
13388	chr15	81898912	DEL	True	True	no_candidate	I2_partly_in_graph_residual_edit	no_candidate	I2_partly_in_graph_residual_edit
13392	chr15	82090583	DEL	True	True	tensor_representative		tensor_representative	
13393	chr15	82353795	INS	True	True	filtered		filtered	
13395	chr15	82485071	INS	True	True	no_candidate	I5_low_mapq_or_no_reads	no_candidate	I5_low_mapq_or_no_reads
13398	chr15	83098683	DEL	True	True	tensor_representative		tensor_representative	
13401	chr15	83355863	INS	True	True	tensor_representative		tensor_representative	
13403	chr15	83449714	DEL	True	True	tensor_representative		tensor_representative	
13404	chr15	83463767	INS	True	True	filtered		filtered	
13405	chr15	83468800	INS	True	True	tensor_representative		tensor_representative	
13407	chr15	83610975	INS	True	True	no_candidate	I1_allele_fully_in_graph	no_candidate	I1_allele_fully_in_graph
13408	chr15	83769786	INS	True	True	tensor_representative		tensor_representative	
13409	chr15	83771167	DEL	True	True	no_candidate	I2_partly_in_graph_residual_edit	filtered	
13410	chr15	83860007	INS	True	True	tensor_representative		tensor_representative	
13411	chr15	84002939	INS	True	True	no_candidate	I3_grch38_path_different_edit	no_candidate	I3_grch38_path_different_edit
13412	chr15	84019076	INS	True	True	no_candidate	I1_allele_fully_in_graph	no_candidate	I1_allele_fully_in_graph
13414	chr15	84137448	INS	True	True	filtered		tensor_representative	
13415	chr15	84240066	INS	True	True	no_candidate	I4_no_or_few_alt_reads	no_candidate	I4_no_or_few_alt_reads
13417	chr15	85140288	INS	True	True	no_candidate	I2_partly_in_graph_residual_edit	no_candidate	I2_partly_in_graph_residual_edit
13418	chr15	85396901	INS	True	True	no_candidate	I1_allele_fully_in_graph	no_candidate	I1_allele_fully_in_graph
13419	chr15	85631002	INS	True	True	tensor_representative		tensor_representative	
13421	chr15	85923299	DEL	True	True	filtered		tensor_non_representative_allele	
13423	chr15	86160099	DEL	True	True	filtered		tensor_representative	
13424	chr15	86296215	DEL	True	True	filtered		tensor_representative	
13426	chr15	86686442	DEL	True	True	tensor_representative		tensor_representative	
13427	chr15	86700510	DEL	True	True	filtered		filtered	
13428	chr15	86748510	INS	True	True	tensor_representative		tensor_representative	
13429	chr15	86780657	INS	True	True	no_candidate	I2_partly_in_graph_residual_edit	no_candidate	I2_partly_in_graph_residual_edit
13430	chr15	86795587	DEL	True	True	tensor_representative		tensor_representative	
13431	chr15	86817522	DEL	True	True	tensor_representative		tensor_representative	
13432	chr15	86827938	INS	True	True	no_candidate	I1_allele_fully_in_graph	no_candidate	I1_allele_fully_in_graph
13433	chr15	86838941	INS	True	True	no_candidate	I1_allele_fully_in_graph	no_candidate	I1_allele_fully_in_graph
13435	chr15	86925720	DEL	True	True	filtered		filtered	
13436	chr15	86966279	INS	True	True	tensor_representative		tensor_representative	
13437	chr15	86980885	DEL	True	True	filtered		tensor_representative	
13438	chr15	87032292	INS	True	True	tensor_representative		tensor_representative	
13440	chr15	87107868	DEL	True	True	filtered		filtered	
13441	chr15	87108939	INS	True	True	tensor_representative		tensor_representative	
13442	chr15	87158400	INS	True	True	filtered		no_candidate	I1_allele_fully_in_graph
13443	chr15	87646903	INS	True	True	filtered		tensor_non_representative_allele	
13444	chr15	87726113	INS	True	True	tensor_representative		tensor_representative	
13448	chr15	87898823	INS	True	True	no_candidate	I1_allele_fully_in_graph	no_candidate	I1_allele_fully_in_graph
13450	chr15	88002168	DEL	True	True	tensor_representative		tensor_representative	
13451	chr15	88033176	INS	True	True	no_candidate	I4_no_or_few_alt_reads	no_candidate	I4_no_or_few_alt_reads
13452	chr15	88187933	INS	True	True	tensor_representative		tensor_representative	
13453	chr15	88421191	INS	True	True	tensor_non_representative_allele		no_candidate	I2_partly_in_graph_residual_edit
13455	chr15	88801586	INS	True	True	filtered		filtered	
13457	chr15	89240679	INS	True	True	tensor_representative		tensor_representative	
13459	chr15	89711525	INS	True	True	no_candidate	I2_partly_in_graph_residual_edit	no_candidate	I2_partly_in_graph_residual_edit
13460	chr15	89713124	INS	True	True	tensor_representative		tensor_representative	
13462	chr15	89944514	INS	True	False	tensor_representative		tensor_representative	
13466	chr15	90353425	INS	True	True	filtered		filtered	
13470	chr15	90870959	INS	True	True	tensor_representative		tensor_representative	
13471	chr15	90937490	INS	True	True	tensor_representative		tensor_representative	
13473	chr15	91016375	INS	True	True	filtered		filtered	
13474	chr15	91086916	INS	True	True	filtered		no_candidate	I2_partly_in_graph_residual_edit
13479	chr15	91850267	DEL	True	True	no_candidate	I1_allele_fully_in_graph	no_candidate	I1_allele_fully_in_graph
13483	chr15	92278521	DEL	True	True	tensor_representative		tensor_representative	
13484	chr15	92285689	DEL	True	True	tensor_representative		tensor_representative	
13485	chr15	92716246	DEL	True	True	filtered		filtered	
13486	chr15	92721955	DEL	True	True	no_candidate	I1_allele_fully_in_graph	no_candidate	I1_allele_fully_in_graph
13488	chr15	93292705	INS	True	True	no_candidate	I1_allele_fully_in_graph	no_candidate	I1_allele_fully_in_graph
13489	chr15	93348656	INS	True	True	tensor_representative		tensor_representative	
13491	chr15	93641538	INS	True	True	tensor_representative		tensor_representative	
13492	chr15	93657180	INS	True	True	filtered		no_candidate	I1_allele_fully_in_graph
13493	chr15	93768649	DEL	True	True	filtered		filtered	
13494	chr15	93778207	INS	True	False	tensor_representative		tensor_representative	
13495	chr15	94173575	INS	True	True	filtered		filtered	
13497	chr15	94579662	DEL	True	True	tensor_representative		tensor_representative	
13498	chr15	94635283	INS	True	True	tensor_representative		tensor_representative	
13500	chr15	94732242	INS	True	True	no_candidate	I2_partly_in_graph_residual_edit	no_candidate	I2_partly_in_graph_residual_edit
13501	chr15	94782796	INS	True	True	no_candidate	I1_allele_fully_in_graph	no_candidate	I1_allele_fully_in_graph
13502	chr15	94836141	INS	True	True	tensor_representative		tensor_representative	
13503	chr15	94868218	INS	True	True	no_candidate	I1_allele_fully_in_graph	no_candidate	I1_allele_fully_in_graph
13504	chr15	94974960	DEL	True	True	no_candidate	I2_partly_in_graph_residual_edit	no_candidate	I2_partly_in_graph_residual_edit
13509	chr15	95126264	DEL	True	True	tensor_representative		tensor_representative	
13512	chr15	95444415	DEL	True	True	tensor_representative		tensor_representative	
13513	chr15	95505416	DEL	True	True	tensor_representative		tensor_representative	
13517	chr15	95552752	DEL	True	True	no_candidate	I1_allele_fully_in_graph	no_candidate	I1_allele_fully_in_graph
13518	chr15	95571599	INS	True	True	filtered		no_candidate	I1_allele_fully_in_graph
13519	chr15	95620710	INS	True	True	filtered		filtered	
13522	chr15	96196294	DEL	True	True	tensor_representative		tensor_non_representative_allele	
13524	chr15	96520079	DEL	True	True	tensor_representative		tensor_representative	
13526	chr15	96686873	DEL	True	True	tensor_representative		tensor_representative	
13527	chr15	96708179	DEL	True	True	tensor_representative		tensor_representative	
13530	chr15	96850736	DEL	True	True	no_candidate	I2_partly_in_graph_residual_edit	no_candidate	I2_partly_in_graph_residual_edit
13531	chr15	96866676	DEL	True	True	filtered		filtered	
13532	chr15	96948341	INS	True	True	filtered		filtered	
13534	chr15	97047340	DEL	True	True	tensor_representative		tensor_representative	
13535	chr15	97073599	DEL	True	True	filtered		filtered	
13536	chr15	97127053	DEL	True	True	tensor_representative		tensor_representative	
13537	chr15	97282582	INS	True	True	no_candidate	I2_partly_in_graph_residual_edit	no_candidate	I2_partly_in_graph_residual_edit
13538	chr15	97336383	INS	True	True	tensor_representative		tensor_representative	
13541	chr15	97389801	INS	True	True	filtered		filtered	
13542	chr15	97464202	INS	True	True	tensor_representative		tensor_representative	
13545	chr15	97735288	INS	True	True	filtered		filtered	
13547	chr15	97891262	DEL	True	True	tensor_representative		tensor_representative	
13550	chr15	98179447	INS	True	True	tensor_representative		tensor_representative	
13555	chr15	98542909	DEL	True	True	tensor_representative		tensor_representative	
13557	chr15	99887729	INS	True	True	tensor_representative		tensor_representative	
13559	chr15	99970474	DEL	True	True	tensor_representative		tensor_representative	
13561	chr15	100413773	INS	True	True	filtered		no_candidate	I2_partly_in_graph_residual_edit
13571	chr16	1654142	INS	True	True	tensor_representative		tensor_representative	
13576	chr16	3258970	DEL	True	True	filtered		tensor_representative	
13578	chr16	3849429	DEL	True	True	no_candidate	I3_grch38_path_different_edit	no_candidate	I3_grch38_path_different_edit
13580	chr16	5266548	INS	True	True	no_candidate	I2_partly_in_graph_residual_edit	no_candidate	I2_partly_in_graph_residual_edit
13581	chr16	5301618	INS	True	True	filtered		filtered	
13582	chr16	5403349	DEL	True	True	filtered		filtered	
13584	chr16	5756223	INS	True	True	filtered		filtered	
13585	chr16	5885319	DEL	True	True	tensor_representative		tensor_representative	
13586	chr16	6028509	INS	True	True	filtered		no_candidate	I1_allele_fully_in_graph
13588	chr16	6231831	INS	True	True	no_candidate	I1_allele_fully_in_graph	no_candidate	I1_allele_fully_in_graph
13591	chr16	6371628	INS	True	True	tensor_representative		tensor_representative	
13592	chr16	6380398	DEL	True	True	tensor_representative		tensor_representative	
13597	chr16	6688182	INS	True	True	tensor_representative		tensor_representative	
13598	chr16	6775329	INS	True	True	no_candidate	I1_allele_fully_in_graph	no_candidate	I1_allele_fully_in_graph
13599	chr16	6783316	DEL	True	True	tensor_representative		tensor_representative	
13600	chr16	6784694	INS	True	True	tensor_representative		tensor_representative	
13601	chr16	6817532	DEL	True	True	tensor_representative		tensor_representative	
13602	chr16	7023564	INS	True	True	tensor_representative		tensor_representative	
13603	chr16	7047753	INS	True	True	tensor_representative		tensor_representative	
13604	chr16	7091268	DEL	True	True	tensor_representative		filtered	
13605	chr16	7244247	INS	True	True	tensor_representative		tensor_representative	
13607	chr16	7335584	DEL	True	True	tensor_non_representative_allele		tensor_non_representative_allele	
13609	chr16	7534086	INS	True	True	no_candidate	I1_allele_fully_in_graph	no_candidate	I1_allele_fully_in_graph
13610	chr16	7693479	DEL	True	True	tensor_representative		tensor_representative	
13612	chr16	7810989	INS	True	True	no_candidate	I2_partly_in_graph_residual_edit	no_candidate	I2_partly_in_graph_residual_edit
13613	chr16	8122007	DEL	True	True	tensor_representative		tensor_representative	
13614	chr16	8157456	DEL	True	True	tensor_representative		tensor_representative	
13615	chr16	8300417	DEL	True	True	tensor_representative		tensor_representative	
13617	chr16	9070819	INS	True	True	no_candidate	I2_partly_in_graph_residual_edit	no_candidate	I2_partly_in_graph_residual_edit
13621	chr16	10109632	INS	True	True	no_candidate	I1_allele_fully_in_graph	no_candidate	I1_allele_fully_in_graph
13623	chr16	11209005	INS	True	True	no_candidate	I2_partly_in_graph_residual_edit	no_candidate	I2_partly_in_graph_residual_edit
13624	chr16	11244326	INS	True	True	no_candidate	I2_partly_in_graph_residual_edit	no_candidate	I2_partly_in_graph_residual_edit
13625	chr16	12362555	DEL	True	True	no_candidate	I2_partly_in_graph_residual_edit	no_candidate	I2_partly_in_graph_residual_edit
13628	chr16	12817412	INS	True	True	filtered		filtered	
13629	chr16	12848415	INS	True	True	no_candidate	I1_allele_fully_in_graph	no_candidate	I1_allele_fully_in_graph
13630	chr16	12895690	DEL	True	True	no_candidate	I1_allele_fully_in_graph	no_candidate	I1_allele_fully_in_graph
13631	chr16	12974479	DEL	True	True	tensor_representative		tensor_representative	
13632	chr16	13203661	DEL	True	False	tensor_representative		tensor_representative	
13633	chr16	13469320	INS	True	True	no_candidate	I1_allele_fully_in_graph	no_candidate	I1_allele_fully_in_graph
13635	chr16	13826481	DEL	True	True	no_candidate	I2_partly_in_graph_residual_edit	no_candidate	I2_partly_in_graph_residual_edit
13637	chr16	14059997	INS	True	True	filtered		no_candidate	I1_allele_fully_in_graph
13642	chr16	15423047	INS	True	True	tensor_representative		tensor_representative	
13643	chr16	15806279	INS	True	True	filtered		filtered	
13644	chr16	15941054	INS	True	True	filtered		filtered	
13645	chr16	16406724	DEL	True	True	no_candidate	I5_low_mapq_or_no_reads	no_candidate	I5_low_mapq_or_no_reads
13646	chr16	16550592	DEL	True	True	tensor_representative		tensor_representative	
13647	chr16	16580374	DEL	True	True	tensor_representative		tensor_representative	
13648	chr16	16631232	DEL	True	True	no_candidate	I4_no_or_few_alt_reads	no_candidate	I4_no_or_few_alt_reads
13649	chr16	16856274	INS	True	True	tensor_non_representative_allele		tensor_non_representative_allele	
13650	chr16	16869646	DEL	True	True	no_candidate	I1_allele_fully_in_graph	no_candidate	I1_allele_fully_in_graph
13654	chr16	17531169	INS	True	True	no_candidate	I1_allele_fully_in_graph	no_candidate	I1_allele_fully_in_graph
13656	chr16	17648868	DEL	True	True	tensor_representative		tensor_representative	
13660	chr16	18581079	DEL	True	True	tensor_representative		tensor_representative	
13661	chr16	19820648	INS	True	True	filtered		filtered	
13662	chr16	19911871	DEL	True	True	tensor_representative		tensor_representative	
13663	chr16	20067804	INS	True	True	no_candidate	I1_allele_fully_in_graph	no_candidate	I1_allele_fully_in_graph
13665	chr16	20270203	DEL	True	True	tensor_representative		tensor_representative	
13667	chr16	20287700	DEL	True	True	tensor_representative		tensor_representative	
13669	chr16	20358633	INS	True	True	filtered		no_candidate	I1_allele_fully_in_graph
13671	chr16	20483569	INS	True	True	no_candidate	I1_allele_fully_in_graph	no_candidate	I1_allele_fully_in_graph
13675	chr16	22976269	DEL	True	True	tensor_representative		tensor_representative	
13676	chr16	23759423	INS	True	True	no_candidate	I1_allele_fully_in_graph	no_candidate	I1_allele_fully_in_graph
13677	chr16	23779488	DEL	True	True	no_candidate	I2_partly_in_graph_residual_edit	no_candidate	I2_partly_in_graph_residual_edit
13678	chr16	23875480	INS	True	True	no_candidate	I2_partly_in_graph_residual_edit	no_candidate	I2_partly_in_graph_residual_edit
13679	chr16	24088714	DEL	True	True	filtered		filtered	
13682	chr16	24174494	INS	True	True	tensor_representative		tensor_representative	
13683	chr16	24390492	DEL	True	True	tensor_representative		tensor_representative	
13684	chr16	24520725	DEL	True	False	tensor_representative		tensor_representative	
13686	chr16	24602278	INS	True	True	filtered		no_candidate	I1_allele_fully_in_graph
13687	chr16	24849572	DEL	True	True	no_candidate	I1_allele_fully_in_graph	no_candidate	I1_allele_fully_in_graph
13688	chr16	25198848	DEL	True	True	no_candidate	I2_partly_in_graph_residual_edit	no_candidate	I2_partly_in_graph_residual_edit
13689	chr16	25294850	INS	True	True	filtered		filtered	
13691	chr16	25456370	INS	True	True	filtered		filtered	
13692	chr16	25488233	DEL	True	True	tensor_representative		tensor_representative	
13698	chr16	25911496	DEL	True	True	no_candidate	I2_partly_in_graph_residual_edit	filtered	
13701	chr16	26456991	INS	True	True	tensor_representative		tensor_representative	
13702	chr16	26528357	DEL	True	True	tensor_representative		tensor_representative	
13703	chr16	26596714	INS	True	True	tensor_non_representative_allele		tensor_non_representative_allele	
13706	chr16	27336676	INS	True	True	tensor_representative		tensor_representative	
13707	chr16	27892789	DEL	True	True	filtered		filtered	
13708	chr16	28677950	INS	True	True	no_candidate	I5_low_mapq_or_no_reads	no_candidate	I5_low_mapq_or_no_reads
13709	chr16	29322753	INS	True	True	tensor_representative		tensor_representative	
13710	chr16	29633018	INS	True	True	tensor_representative		tensor_representative	
13711	chr16	30012544	INS	True	True	tensor_representative		tensor_representative	
13712	chr16	30043104	INS	True	True	tensor_representative		tensor_representative	
13714	chr16	31419023	INS	True	True	no_candidate	I1_allele_fully_in_graph	no_candidate	I1_allele_fully_in_graph
13718	chr16	32042033	INS	True	True	no_candidate	I5_low_mapq_or_no_reads	no_candidate	I5_low_mapq_or_no_reads
13719	chr16	32211220	DEL	True	True	no_candidate	I5_low_mapq_or_no_reads	no_candidate	I5_low_mapq_or_no_reads
13721	chr16	34694480	INS	True	True	tensor_non_representative_allele		tensor_non_representative_allele	
13723	chr16	34756119	DEL	True	True	tensor_representative		tensor_representative	
13724	chr16	34812897	INS	True	True	no_candidate	I2_partly_in_graph_residual_edit	no_candidate	I2_partly_in_graph_residual_edit
13729	chr16	35189832	DEL	True	True	filtered		filtered	
13730	chr16	35220892	INS	True	True	no_candidate	I2_partly_in_graph_residual_edit	no_candidate	I2_partly_in_graph_residual_edit
13731	chr16	35326695	INS	True	False	tensor_representative		tensor_representative	
13733	chr16	35455374	DEL	True	True	tensor_representative		tensor_representative	
13734	chr16	35508787	INS	True	True	tensor_representative		tensor_representative	
13735	chr16	35544515	INS	True	True	tensor_representative		tensor_representative	
13738	chr16	35602674	INS	True	True	filtered		filtered	
13739	chr16	35621535	DEL	True	True	tensor_representative		tensor_representative	
13740	chr16	35669170	DEL	True	True	tensor_representative		tensor_representative	
13741	chr16	35777357	INS	True	True	no_candidate	I1_allele_fully_in_graph	filtered	
13745	chr16	35973651	INS	True	True	filtered		filtered	
13746	chr16	46523405	INS	True	False	tensor_representative		tensor_representative	
13749	chr16	46764210	INS	True	True	filtered		filtered	
13753	chr16	47160187	INS	True	True	tensor_representative		tensor_representative	
13755	chr16	47433770	INS	True	True	filtered		filtered	
13756	chr16	47479458	INS	True	True	tensor_representative		tensor_representative	
13757	chr16	47609440	DEL	True	True	tensor_representative		tensor_representative	
13761	chr16	48949324	INS	True	False	filtered		filtered	
13762	chr16	48952756	INS	True	True	filtered		tensor_representative	
13765	chr16	49298270	DEL	True	True	filtered		filtered	
13766	chr16	49315543	INS	True	False	tensor_representative		tensor_representative	
13767	chr16	49445235	INS	True	True	no_candidate	I2_partly_in_graph_residual_edit	no_candidate	I2_partly_in_graph_residual_edit
13772	chr16	50153183	INS	True	True	no_candidate	I1_allele_fully_in_graph	no_candidate	I1_allele_fully_in_graph
13773	chr16	50205558	DEL	True	True	no_candidate	I1_allele_fully_in_graph	no_candidate	I1_allele_fully_in_graph
13776	chr16	50960349	INS	True	True	filtered		filtered	
13777	chr16	50976471	DEL	True	True	tensor_representative		tensor_representative	
13781	chr16	51293610	DEL	True	True	tensor_representative		tensor_representative	
13782	chr16	51415585	INS	True	True	filtered		filtered	
13784	chr16	51772755	DEL	True	True	tensor_representative		tensor_representative	
13785	chr16	51924225	DEL	True	True	tensor_representative		tensor_representative	
13786	chr16	51945513	INS	True	True	tensor_representative		tensor_representative	
13787	chr16	51952474	INS	True	True	filtered		no_candidate	I1_allele_fully_in_graph
13788	chr16	52431544	INS	True	True	filtered		filtered	
13790	chr16	52621382	INS	True	False	filtered		filtered	
13792	chr16	52730082	DEL	True	True	tensor_representative		tensor_representative	
13793	chr16	52827238	INS	True	True	no_candidate	I1_allele_fully_in_graph	no_candidate	I1_allele_fully_in_graph
13796	chr16	53076449	DEL	True	True	no_candidate	I3_grch38_path_different_edit	tensor_representative	
13800	chr16	53562392	DEL	True	True	tensor_representative		tensor_representative	
13801	chr16	53621715	DEL	True	True	tensor_representative		tensor_representative	
13802	chr16	53648626	INS	True	True	no_candidate	I3_grch38_path_different_edit	no_candidate	I3_grch38_path_different_edit
13803	chr16	53938161	DEL	True	True	tensor_representative		tensor_representative	
13807	chr16	54230780	DEL	True	True	filtered		no_candidate	I1_allele_fully_in_graph
13809	chr16	54462662	DEL	True	True	tensor_representative		tensor_representative	
13815	chr16	55380819	INS	True	False	tensor_representative		tensor_representative	
13822	chr16	56197004	DEL	True	True	tensor_representative		tensor_representative	
13823	chr16	56244366	INS	True	True	filtered		no_candidate	I1_allele_fully_in_graph
13825	chr16	56382509	INS	True	True	tensor_representative		tensor_representative	
13827	chr16	56711133	DEL	True	True	no_candidate	I2_partly_in_graph_residual_edit	no_candidate	I1_allele_fully_in_graph
13828	chr16	56827044	INS	True	True	tensor_representative		tensor_representative	
13833	chr16	57216069	INS	True	True	filtered		filtered	
13834	chr16	57275641	INS	True	True	filtered		no_candidate	I2_partly_in_graph_residual_edit
13835	chr16	57406041	INS	True	True	filtered		no_candidate	I2_partly_in_graph_residual_edit
13836	chr16	57840760	INS	True	True	no_candidate	I1_allele_fully_in_graph	no_candidate	I1_allele_fully_in_graph
13837	chr16	57863271	DEL	True	True	no_candidate	I2_partly_in_graph_residual_edit	no_candidate	I2_partly_in_graph_residual_edit
13838	chr16	58237488	INS	True	True	tensor_representative		tensor_representative	
13839	chr16	58685427	DEL	True	True	tensor_representative		tensor_representative	
13840	chr16	58918342	DEL	True	True	tensor_representative		tensor_representative	
13842	chr16	59096241	INS	True	True	filtered		no_candidate	I2_partly_in_graph_residual_edit
13846	chr16	59369327	DEL	True	True	no_candidate	I2_partly_in_graph_residual_edit	filtered	
13849	chr16	59546171	DEL	True	True	tensor_representative		tensor_representative	
13850	chr16	59789909	DEL	True	True	tensor_representative		no_candidate	I2_partly_in_graph_residual_edit
13851	chr16	59922567	DEL	True	True	tensor_representative		tensor_representative	
13852	chr16	59949633	INS	True	True	no_candidate	I2_partly_in_graph_residual_edit	no_candidate	I2_partly_in_graph_residual_edit
13853	chr16	60159720	INS	True	False	filtered		no_candidate	I1_allele_fully_in_graph
13855	chr16	60219564	DEL	True	True	tensor_representative		tensor_representative	
13856	chr16	60283596	DEL	True	True	no_candidate	I2_partly_in_graph_residual_edit	no_candidate	I2_partly_in_graph_residual_edit
13857	chr16	60319443	INS	True	True	no_candidate	I2_partly_in_graph_residual_edit	no_candidate	I2_partly_in_graph_residual_edit
13859	chr16	60479963	INS	True	True	tensor_representative		tensor_representative	
13860	chr16	60614137	DEL	True	True	no_candidate	I1_allele_fully_in_graph	no_candidate	I1_allele_fully_in_graph
13865	chr16	60763159	INS	True	False	filtered		no_candidate	I1_allele_fully_in_graph
13866	chr16	60809063	INS	True	True	no_candidate	I1_allele_fully_in_graph	no_candidate	I1_allele_fully_in_graph
13869	chr16	60991322	INS	True	True	no_candidate	I1_allele_fully_in_graph	no_candidate	I1_allele_fully_in_graph
13875	chr16	61335043	INS	True	True	tensor_representative		tensor_representative	
13877	chr16	61726238	DEL	True	False	tensor_representative		tensor_representative	
13878	chr16	61774459	INS	True	False	tensor_representative		tensor_representative	
13879	chr16	61779958	INS	True	True	tensor_representative		tensor_representative	
13880	chr16	61820314	INS	True	True	filtered		filtered	
13884	chr16	61917062	DEL	True	True	no_candidate	I1_allele_fully_in_graph	no_candidate	I1_allele_fully_in_graph
13885	chr16	61931491	INS	True	True	tensor_representative		tensor_representative	
13886	chr16	62060932	DEL	True	True	tensor_representative		tensor_representative	
13887	chr16	62077673	INS	True	True	filtered		no_candidate	I1_allele_fully_in_graph
13888	chr16	62117392	DEL	True	True	tensor_representative		tensor_representative	
13889	chr16	62137552	INS	True	False	no_candidate	I4_no_or_few_alt_reads	no_candidate	I4_no_or_few_alt_reads
13890	chr16	62319563	DEL	True	True	no_candidate	I2_partly_in_graph_residual_edit	no_candidate	I2_partly_in_graph_residual_edit
13892	chr16	62378222	DEL	True	True	tensor_representative		tensor_non_representative_allele	
13894	chr16	62431075	DEL	True	True	tensor_representative		tensor_representative	
13895	chr16	62498799	DEL	True	True	filtered		filtered	
13897	chr16	62553788	DEL	True	True	tensor_representative		tensor_representative	
13898	chr16	62563060	DEL	True	False	tensor_representative		tensor_representative	
13899	chr16	62569131	DEL	True	True	tensor_representative		tensor_representative	
13901	chr16	62680753	DEL	True	True	filtered		tensor_representative	
13902	chr16	62749930	INS	True	True	no_candidate	I7_unclear	no_candidate	I7_unclear
13903	chr16	62761139	DEL	True	True	no_candidate	I2_partly_in_graph_residual_edit	no_candidate	I2_partly_in_graph_residual_edit
13906	chr16	63115877	DEL	True	True	no_candidate	I1_allele_fully_in_graph	no_candidate	I1_allele_fully_in_graph
13907	chr16	63116227	DEL	True	True	no_candidate	I1_allele_fully_in_graph	no_candidate	I1_allele_fully_in_graph
13908	chr16	63346548	INS	True	True	tensor_representative		tensor_representative	
13909	chr16	63366485	INS	True	True	no_candidate	I2_partly_in_graph_residual_edit	no_candidate	I2_partly_in_graph_residual_edit
13911	chr16	63658223	INS	True	True	filtered		no_candidate	I1_allele_fully_in_graph
13912	chr16	63672402	INS	True	False	filtered		filtered	
13913	chr16	63708539	INS	True	False	filtered		no_candidate	I2_partly_in_graph_residual_edit
13917	chr16	64439068	DEL	True	True	tensor_representative		tensor_representative	
13919	chr16	64464170	DEL	True	True	tensor_representative		tensor_representative	
13921	chr16	64487042	DEL	True	True	filtered		filtered	
13923	chr16	64687806	INS	True	False	tensor_representative		tensor_representative	
13927	chr16	65201132	INS	True	True	filtered		filtered	
13929	chr16	65483873	INS	True	True	filtered		no_candidate	I1_allele_fully_in_graph
13930	chr16	65484632	DEL	True	True	tensor_representative		tensor_representative	
13931	chr16	65537111	INS	True	False	no_candidate	I3_grch38_path_different_edit	no_candidate	I3_grch38_path_different_edit
13934	chr16	65724736	INS	True	True	tensor_representative		tensor_representative	
13935	chr16	65833045	INS	True	True	no_candidate	I1_allele_fully_in_graph	filtered	
13936	chr16	65922765	INS	True	True	filtered		no_candidate	I1_allele_fully_in_graph
13939	chr16	66590323	INS	True	True	filtered		filtered	
13940	chr16	66672418	INS	True	True	tensor_representative		tensor_representative	
13943	chr16	67435202	INS	True	True	filtered		filtered	
13946	chr16	67972481	INS	True	True	filtered		no_candidate	I1_allele_fully_in_graph
13948	chr16	68121672	INS	True	True	tensor_representative		tensor_representative	
13952	chr16	68837085	DEL	True	True	no_candidate	I2_partly_in_graph_residual_edit	tensor_non_representative_allele	
13955	chr16	69478443	INS	True	True	no_candidate	I4_no_or_few_alt_reads	no_candidate	I4_no_or_few_alt_reads
13957	chr16	69531485	DEL	True	True	filtered		filtered	
13959	chr16	69770863	INS	True	True	tensor_representative		tensor_representative	
13960	chr16	69945125	INS	True	True	tensor_representative		tensor_representative	
13962	chr16	70443115	INS	True	True	filtered		no_candidate	I1_allele_fully_in_graph
13963	chr16	70597845	INS	True	True	tensor_representative		tensor_representative	
13964	chr16	70845502	INS	True	True	tensor_representative		tensor_representative	
13967	chr16	71296002	DEL	True	True	tensor_representative		tensor_non_representative_allele	
13970	chr16	71425200	INS	True	True	no_candidate	I1_allele_fully_in_graph	no_candidate	I2_partly_in_graph_residual_edit
13971	chr16	71425215	INS	True	True	no_candidate	I2_partly_in_graph_residual_edit	no_candidate	I1_allele_fully_in_graph
13972	chr16	71601555	INS	True	True	no_candidate	I2_partly_in_graph_residual_edit	no_candidate	I2_partly_in_graph_residual_edit
13973	chr16	71964309	DEL	True	True	no_candidate	I2_partly_in_graph_residual_edit	no_candidate	I2_partly_in_graph_residual_edit
13974	chr16	72140928	DEL	True	True	tensor_representative		tensor_representative	
13975	chr16	72157183	DEL	True	True	tensor_representative		tensor_representative	
13976	chr16	72161094	INS	True	True	tensor_representative		tensor_representative	
13977	chr16	72213197	INS	True	True	filtered		filtered	
13979	chr16	72393009	INS	True	False	tensor_representative		tensor_representative	
13980	chr16	72639633	INS	True	True	tensor_representative		tensor_representative	
13982	chr16	72786415	INS	True	True	filtered		filtered	
13983	chr16	72843513	INS	True	False	tensor_representative		tensor_representative	
13984	chr16	73085985	INS	True	True	filtered		tensor_representative	
13986	chr16	73140623	DEL	True	True	tensor_representative		tensor_representative	
13987	chr16	73337892	INS	True	True	no_candidate	I2_partly_in_graph_residual_edit	no_candidate	I2_partly_in_graph_residual_edit
13988	chr16	73392418	INS	True	True	no_candidate	I2_partly_in_graph_residual_edit	no_candidate	I2_partly_in_graph_residual_edit
13991	chr16	73439909	INS	True	False	tensor_representative		tensor_representative	
13992	chr16	73472987	INS	True	True	tensor_representative		tensor_representative	
13996	chr16	73531714	INS	True	True	tensor_representative		tensor_representative	
13997	chr16	73778236	DEL	True	True	tensor_representative		tensor_representative	
14000	chr16	73973192	DEL	True	True	tensor_representative		tensor_representative	
14001	chr16	74036370	DEL	True	True	filtered		filtered	
14002	chr16	74052444	INS	True	True	no_candidate	I2_partly_in_graph_residual_edit	no_candidate	I2_partly_in_graph_residual_edit
14003	chr16	74059809	DEL	True	True	no_candidate	I2_partly_in_graph_residual_edit	tensor_non_representative_allele	
14004	chr16	74082528	DEL	True	True	no_candidate	I2_partly_in_graph_residual_edit	no_candidate	I2_partly_in_graph_residual_edit
14005	chr16	74137377	INS	True	True	filtered		no_candidate	I1_allele_fully_in_graph
14006	chr16	74243008	DEL	True	True	tensor_representative		tensor_representative	
14007	chr16	74374342	INS	True	True	no_candidate	I4_no_or_few_alt_reads	no_candidate	I4_no_or_few_alt_reads
14008	chr16	74382906	INS	True	True	no_candidate	I5_low_mapq_or_no_reads	no_candidate	I5_low_mapq_or_no_reads
14010	chr16	74795302	INS	True	True	tensor_representative		tensor_representative	
14011	chr16	74807932	INS	True	True	filtered		tensor_non_representative_allele	
14013	chr16	75297166	INS	True	True	tensor_representative		tensor_representative	
14014	chr16	75491191	DEL	True	True	tensor_representative		tensor_representative	
14016	chr16	76097122	INS	True	True	filtered		filtered	
14017	chr16	76236851	DEL	True	True	tensor_representative		tensor_representative	
14018	chr16	76307503	INS	True	True	no_candidate	I1_allele_fully_in_graph	no_candidate	I1_allele_fully_in_graph
14022	chr16	76548295	DEL	True	True	filtered		tensor_non_representative_allele	
14027	chr16	76947600	DEL	True	True	tensor_representative		tensor_representative	
14028	chr16	76999152	DEL	True	True	tensor_representative		tensor_representative	
14029	chr16	77008511	INS	True	True	no_candidate	I2_partly_in_graph_residual_edit	no_candidate	I2_partly_in_graph_residual_edit
14031	chr16	77415725	DEL	True	True	tensor_representative		tensor_representative	
14032	chr16	77491284	DEL	True	True	tensor_representative		tensor_representative	
14034	chr16	77945278	INS	True	True	no_candidate	I1_allele_fully_in_graph	no_candidate	I1_allele_fully_in_graph
14036	chr16	78345639	INS	True	True	tensor_representative		tensor_representative	
14037	chr16	78453287	INS	True	True	tensor_representative		tensor_representative	
14038	chr16	78457909	INS	True	True	tensor_representative		tensor_representative	
14041	chr16	78864270	INS	True	True	filtered		no_candidate	I1_allele_fully_in_graph
14042	chr16	78962302	INS	True	True	filtered		filtered	
14043	chr16	78999145	INS	True	True	tensor_representative		tensor_representative	
14045	chr16	79058239	DEL	True	True	tensor_representative		tensor_representative	
14046	chr16	79058258	DEL	True	True	tensor_representative		tensor_representative	
14047	chr16	79217986	DEL	True	True	tensor_non_representative_allele		tensor_representative	
14051	chr16	79664953	INS	True	True	filtered		tensor_non_representative_allele	
14053	chr16	79817087	INS	True	True	tensor_representative		tensor_representative	
14057	chr16	80588051	INS	True	True	tensor_representative		tensor_representative	
14058	chr16	80843991	INS	True	True	filtered		no_candidate	I1_allele_fully_in_graph
14061	chr16	81080664	DEL	True	True	filtered		filtered	
14063	chr16	81778043	INS	True	True	no_candidate	I1_allele_fully_in_graph	no_candidate	I1_allele_fully_in_graph
14064	chr16	82374343	INS	True	False	tensor_non_representative_allele		tensor_non_representative_allele	
14065	chr16	82525122	INS	True	True	filtered		filtered	
14066	chr16	82530564	INS	True	True	no_candidate	I2_partly_in_graph_residual_edit	no_candidate	I2_partly_in_graph_residual_edit
14068	chr16	83077186	DEL	True	True	tensor_representative		tensor_representative	
14069	chr16	83131182	DEL	True	True	no_candidate	I2_partly_in_graph_residual_edit	no_candidate	I2_partly_in_graph_residual_edit
14070	chr16	83256844	DEL	True	True	no_candidate	I1_allele_fully_in_graph	no_candidate	I1_allele_fully_in_graph
14071	chr16	83379938	INS	True	True	no_candidate	I1_allele_fully_in_graph	no_candidate	I1_allele_fully_in_graph
14073	chr16	83672409	INS	True	False	filtered		filtered	
14074	chr16	83707836	INS	True	True	no_candidate	I1_allele_fully_in_graph	no_candidate	I1_allele_fully_in_graph
14075	chr16	83893811	INS	True	False	no_candidate	I1_allele_fully_in_graph	no_candidate	I1_allele_fully_in_graph
14077	chr16	84303021	INS	True	True	filtered		filtered	
14078	chr16	84382894	INS	True	True	filtered		no_candidate	I1_allele_fully_in_graph
14079	chr16	84812323	INS	True	True	tensor_representative		tensor_representative	
14082	chr16	85285682	INS	True	True	tensor_representative		tensor_representative	
14083	chr16	86054494	INS	True	True	filtered		filtered	
14084	chr16	86056445	DEL	True	False	no_candidate	I2_partly_in_graph_residual_edit	no_candidate	I2_partly_in_graph_residual_edit
14085	chr16	86128278	INS	True	True	filtered		filtered	
14086	chr16	86357354	DEL	True	True	tensor_representative		tensor_representative	
14088	chr16	86750555	INS	True	True	no_candidate	I2_partly_in_graph_residual_edit	no_candidate	I2_partly_in_graph_residual_edit
14093	chr16	87398025	INS	True	False	tensor_representative		tensor_representative	
14094	chr16	87562248	DEL	True	True	no_candidate	I1_allele_fully_in_graph	no_candidate	I1_allele_fully_in_graph
14096	chr16	87659374	INS	True	True	filtered		no_candidate	I2_partly_in_graph_residual_edit
14097	chr16	88006643	INS	True	True	tensor_representative		tensor_representative	
14100	chr16	88251538	DEL	True	True	no_candidate	I1_allele_fully_in_graph	no_candidate	I1_allele_fully_in_graph
14103	chr16	88757319	INS	True	True	no_candidate	I2_partly_in_graph_residual_edit	no_candidate	I2_partly_in_graph_residual_edit
14109	chr17	724675	DEL	True	True	no_candidate	I1_allele_fully_in_graph	no_candidate	I1_allele_fully_in_graph
14110	chr17	1630500	INS	True	True	no_candidate	I2_partly_in_graph_residual_edit	no_candidate	I2_partly_in_graph_residual_edit
14112	chr17	2180033	DEL	True	True	tensor_representative		tensor_representative	
14115	chr17	4382298	INS	True	True	no_candidate	I2_partly_in_graph_residual_edit	no_candidate	I2_partly_in_graph_residual_edit
14116	chr17	4413717	INS	True	True	no_candidate	I1_allele_fully_in_graph	no_candidate	I2_partly_in_graph_residual_edit
14117	chr17	4651368	INS	True	True	no_candidate	I1_allele_fully_in_graph	no_candidate	I1_allele_fully_in_graph
14119	chr17	6152434	INS	True	True	no_candidate	I1_allele_fully_in_graph	no_candidate	I1_allele_fully_in_graph
14120	chr17	6224142	INS	True	True	no_candidate	I1_allele_fully_in_graph	no_candidate	I1_allele_fully_in_graph
14121	chr17	6230073	DEL	True	True	no_candidate	I2_partly_in_graph_residual_edit	no_candidate	I2_partly_in_graph_residual_edit
14122	chr17	6259138	INS	True	True	filtered		tensor_representative	
14124	chr17	7408235	DEL	True	True	tensor_representative		tensor_representative	
14125	chr17	7454794	INS	True	True	tensor_representative		tensor_representative	
14128	chr17	8092105	INS	True	True	no_candidate	I2_partly_in_graph_residual_edit	no_candidate	I2_partly_in_graph_residual_edit
14130	chr17	8485457	INS	True	True	tensor_representative		no_candidate	I1_allele_fully_in_graph
14131	chr17	8638467	INS	True	True	no_candidate	I2_partly_in_graph_residual_edit	no_candidate	I2_partly_in_graph_residual_edit
14132	chr17	8653796	INS	True	True	tensor_representative		tensor_representative	
14133	chr17	8690698	INS	True	True	no_candidate	I2_partly_in_graph_residual_edit	no_candidate	I2_partly_in_graph_residual_edit
14134	chr17	8694594	DEL	True	True	no_candidate	I2_partly_in_graph_residual_edit	no_candidate	I2_partly_in_graph_residual_edit
14135	chr17	8863543	INS	True	True	tensor_representative		tensor_representative	
14136	chr17	9175956	INS	True	True	tensor_representative		tensor_representative	
14139	chr17	9871343	DEL	True	True	tensor_representative		tensor_representative	
14141	chr17	10213390	INS	True	True	no_candidate	I2_partly_in_graph_residual_edit	no_candidate	I2_partly_in_graph_residual_edit
14144	chr17	10428452	DEL	True	True	no_candidate	I2_partly_in_graph_residual_edit	no_candidate	I2_partly_in_graph_residual_edit
14145	chr17	10495760	INS	True	True	no_candidate	I2_partly_in_graph_residual_edit	no_candidate	I2_partly_in_graph_residual_edit
14146	chr17	10540359	INS	True	True	no_candidate	I1_allele_fully_in_graph	no_candidate	I1_allele_fully_in_graph
14147	chr17	10943625	DEL	True	True	tensor_representative		tensor_representative	
14148	chr17	10974889	INS	True	True	no_candidate	I1_allele_fully_in_graph	no_candidate	I1_allele_fully_in_graph
14149	chr17	11104411	DEL	True	True	tensor_representative		tensor_representative	
14150	chr17	11201867	DEL	True	True	no_candidate	I2_partly_in_graph_residual_edit	no_candidate	I2_partly_in_graph_residual_edit
14151	chr17	11204228	INS	True	True	tensor_representative		tensor_representative	
14156	chr17	11578713	INS	True	True	filtered		no_candidate	I2_partly_in_graph_residual_edit
14157	chr17	11673601	INS	True	True	no_candidate	I1_allele_fully_in_graph	no_candidate	I1_allele_fully_in_graph
14159	chr17	12198205	INS	True	True	no_candidate	I2_partly_in_graph_residual_edit	no_candidate	I2_partly_in_graph_residual_edit
14160	chr17	12284073	DEL	True	True	tensor_representative		tensor_representative	
14161	chr17	12413150	INS	True	True	no_candidate	I2_partly_in_graph_residual_edit	no_candidate	I2_partly_in_graph_residual_edit
14164	chr17	13156349	DEL	True	True	filtered		filtered	
14167	chr17	13414499	INS	True	True	tensor_representative		tensor_representative	
14168	chr17	13560289	INS	True	False	filtered		no_candidate	I1_allele_fully_in_graph
14170	chr17	13593233	INS	True	True	filtered		no_candidate	I2_partly_in_graph_residual_edit
14172	chr17	13634946	INS	True	True	tensor_representative		tensor_representative	
14173	chr17	13659188	INS	True	True	no_candidate	I2_partly_in_graph_residual_edit	no_candidate	I2_partly_in_graph_residual_edit
14174	chr17	13787671	DEL	True	True	filtered		tensor_non_representative_allele	
14177	chr17	14412360	INS	True	True	no_candidate	I2_partly_in_graph_residual_edit	no_candidate	I2_partly_in_graph_residual_edit
14178	chr17	14493388	DEL	True	True	tensor_representative		tensor_non_representative_allele	
14179	chr17	15022340	INS	True	True	no_candidate	I1_allele_fully_in_graph	no_candidate	I1_allele_fully_in_graph
14180	chr17	15414553	DEL	True	True	tensor_representative		tensor_representative	
14181	chr17	15717930	INS	True	True	no_candidate	I1_allele_fully_in_graph	no_candidate	I1_allele_fully_in_graph
14182	chr17	15723575	INS	True	True	filtered		filtered	
14184	chr17	15862211	INS	True	True	tensor_representative		tensor_representative	
14186	chr17	15971629	INS	True	True	tensor_representative		tensor_representative	
14187	chr17	17194943	INS	True	True	no_candidate	I1_allele_fully_in_graph	no_candidate	I1_allele_fully_in_graph
14189	chr17	17574315	INS	True	True	filtered		filtered	
14193	chr17	17920335	DEL	True	True	tensor_representative		tensor_representative	
14194	chr17	18017171	INS	True	True	tensor_representative		tensor_representative	
14195	chr17	18073216	INS	True	True	no_candidate	I1_allele_fully_in_graph	no_candidate	I1_allele_fully_in_graph
14196	chr17	18415295	INS	True	True	no_candidate	I2_partly_in_graph_residual_edit	no_candidate	I2_partly_in_graph_residual_edit
14197	chr17	19319632	DEL	True	False	tensor_representative		tensor_representative	
14198	chr17	19512859	INS	True	True	no_candidate	I2_partly_in_graph_residual_edit	no_candidate	I2_partly_in_graph_residual_edit
14199	chr17	19584305	INS	True	True	tensor_representative		tensor_representative	
14201	chr17	20038403	INS	True	True	filtered		filtered	
14202	chr17	20622181	INS	True	True	no_candidate	I2_partly_in_graph_residual_edit	no_candidate	I2_partly_in_graph_residual_edit
14203	chr17	21519872	INS	True	True	filtered		no_candidate	I2_partly_in_graph_residual_edit
14206	chr17	22315290	INS	True	True	no_candidate	I2_partly_in_graph_residual_edit	no_candidate	I2_partly_in_graph_residual_edit
14211	chr17	27160980	DEL	True	True	tensor_representative		tensor_representative	
14212	chr17	27226506	INS	True	False	tensor_representative		tensor_representative	
14214	chr17	27812877	INS	True	True	tensor_representative		tensor_representative	
14215	chr17	27984630	DEL	True	True	no_candidate	I2_partly_in_graph_residual_edit	tensor_non_representative_allele	
14222	chr17	30070949	INS	True	True	tensor_representative		tensor_representative	
14223	chr17	30133109	DEL	True	True	filtered		filtered	
14224	chr17	30164633	INS	True	True	tensor_representative		tensor_representative	
14227	chr17	30913159	INS	True	True	tensor_representative		tensor_representative	
14228	chr17	30941911	INS	True	True	tensor_representative		tensor_representative	
14230	chr17	31127593	DEL	True	True	tensor_representative		tensor_representative	
14232	chr17	32260554	INS	True	True	tensor_representative		tensor_representative	
14237	chr17	32648411	DEL	True	True	tensor_non_representative_allele		tensor_representative	
14243	chr17	34180251	INS	True	True	tensor_representative		tensor_representative	
14244	chr17	34424759	DEL	True	True	no_candidate	I1_allele_fully_in_graph	no_candidate	I1_allele_fully_in_graph
14245	chr17	34429829	INS	True	True	tensor_representative		tensor_representative	
14247	chr17	35197411	INS	True	True	tensor_representative		tensor_representative	
14248	chr17	35720567	INS	True	True	no_candidate	I3_grch38_path_different_edit	no_candidate	I3_grch38_path_different_edit
14249	chr17	35963052	INS	True	False	tensor_representative		tensor_representative	
14254	chr17	37100630	INS	True	True	tensor_representative		tensor_representative	
14255	chr17	37351927	INS	True	True	tensor_representative		tensor_representative	
14259	chr17	38648510	INS	True	True	tensor_representative		tensor_representative	
14263	chr17	39160324	INS	True	True	filtered		no_candidate	I1_allele_fully_in_graph
14267	chr17	41450170	INS	True	True	no_candidate	I1_allele_fully_in_graph	no_candidate	I1_allele_fully_in_graph
14269	chr17	41729868	DEL	True	True	tensor_representative		tensor_representative	
14270	chr17	42277758	INS	True	True	filtered		filtered	
14274	chr17	44784274	INS	True	True	filtered		no_candidate	I2_partly_in_graph_residual_edit
14277	chr17	45786636	INS	True	True	filtered		tensor_non_representative_allele	
14278	chr17	45938810	DEL	True	True	tensor_representative		tensor_representative	
14279	chr17	47210913	DEL	True	True	tensor_representative		tensor_representative	
14281	chr17	47743879	INS	True	True	tensor_representative		tensor_representative	
14282	chr17	48268502	INS	True	True	filtered		filtered	
14284	chr17	48963995	INS	True	True	tensor_representative		tensor_representative	
14285	chr17	49113539	DEL	True	False	filtered		filtered	
14286	chr17	49241969	INS	True	True	no_candidate	I1_allele_fully_in_graph	no_candidate	I1_allele_fully_in_graph
14288	chr17	49327757	DEL	True	True	no_candidate	I2_partly_in_graph_residual_edit	no_candidate	I1_allele_fully_in_graph
14289	chr17	49403576	DEL	True	False	filtered		filtered	
14291	chr17	50250812	DEL	True	True	no_candidate	I1_allele_fully_in_graph	no_candidate	I1_allele_fully_in_graph
14292	chr17	50916032	INS	True	True	no_candidate	I2_partly_in_graph_residual_edit	no_candidate	I2_partly_in_graph_residual_edit
14293	chr17	51089620	INS	True	True	no_candidate	I2_partly_in_graph_residual_edit	no_candidate	I2_partly_in_graph_residual_edit
14294	chr17	51211783	INS	True	True	tensor_representative		tensor_representative	
14295	chr17	51572093	INS	True	True	no_candidate	I1_allele_fully_in_graph	no_candidate	I1_allele_fully_in_graph
14296	chr17	51644800	DEL	True	True	tensor_representative		tensor_representative	
14297	chr17	51699323	DEL	True	True	tensor_representative		tensor_representative	
14298	chr17	51878885	INS	True	True	no_candidate	I3_grch38_path_different_edit	no_candidate	I7_unclear
14299	chr17	52600555	INS	True	True	tensor_non_representative_allele		tensor_non_representative_allele	
14300	chr17	52715063	INS	True	True	no_candidate	I2_partly_in_graph_residual_edit	no_candidate	I2_partly_in_graph_residual_edit
14302	chr17	53424812	DEL	True	True	tensor_representative		tensor_representative	
14303	chr17	53604724	DEL	True	True	tensor_representative		tensor_representative	
14304	chr17	53680217	INS	True	True	no_candidate	I7_unclear	no_candidate	I7_unclear
14305	chr17	53680227	INS	True	True	no_candidate	I7_unclear	no_candidate	I1_allele_fully_in_graph
14306	chr17	53808284	INS	True	True	tensor_representative		no_candidate	I2_partly_in_graph_residual_edit
14311	chr17	54393188	INS	True	True	tensor_representative		tensor_representative	
14315	chr17	54714577	INS	True	True	no_candidate	I1_allele_fully_in_graph	no_candidate	I1_allele_fully_in_graph
14317	chr17	55943591	INS	True	True	tensor_representative		tensor_representative	
14318	chr17	56338640	INS	True	True	filtered		tensor_representative	
14319	chr17	57220470	INS	True	True	tensor_representative		tensor_representative	
14320	chr17	58073266	DEL	True	True	tensor_representative		tensor_representative	
14321	chr17	58127970	DEL	True	True	tensor_representative		tensor_representative	
14322	chr17	58460510	INS	True	True	no_candidate	I1_allele_fully_in_graph	no_candidate	I1_allele_fully_in_graph
14323	chr17	58603851	INS	True	False	tensor_representative		tensor_representative	
14326	chr17	61593456	DEL	True	True	tensor_representative		tensor_representative	
14329	chr17	62620641	DEL	True	True	tensor_representative		tensor_representative	
14333	chr17	65859852	DEL	True	True	tensor_representative		tensor_non_representative_allele	
14336	chr17	66626362	INS	True	True	filtered		no_candidate	I1_allele_fully_in_graph
14337	chr17	67562539	INS	True	True	tensor_representative		tensor_representative	
14338	chr17	67716544	INS	True	True	tensor_representative		tensor_representative	
14340	chr17	68618382	DEL	True	True	tensor_representative		tensor_representative	
14341	chr17	68841986	DEL	True	False	no_candidate	I3_grch38_path_different_edit	tensor_representative	
14343	chr17	69182632	INS	True	True	tensor_representative		tensor_representative	
14349	chr17	70260641	INS	True	True	filtered		tensor_representative	
14350	chr17	70280402	DEL	True	True	tensor_representative		tensor_representative	
14351	chr17	70865119	DEL	True	True	filtered		filtered	
14353	chr17	71430869	INS	True	True	tensor_representative		tensor_representative	
14354	chr17	71576292	INS	True	True	no_candidate	I1_allele_fully_in_graph	no_candidate	I1_allele_fully_in_graph
14359	chr17	73890231	INS	True	True	tensor_representative		tensor_representative	
14361	chr17	74023927	INS	True	True	tensor_representative		tensor_representative	
14363	chr17	74586222	DEL	True	True	tensor_representative		tensor_representative	
14365	chr17	74713315	INS	True	False	tensor_representative		tensor_representative	
14377	chr17	79638318	DEL	True	True	no_candidate	I1_allele_fully_in_graph	no_candidate	I1_allele_fully_in_graph
14378	chr17	79936867	DEL	True	True	tensor_representative		tensor_representative	
14379	chr17	80190628	INS	True	True	tensor_representative		tensor_representative	
14380	chr17	80991075	DEL	True	True	tensor_representative		tensor_representative	
14383	chr17	82758661	INS	True	True	tensor_representative		tensor_representative	
14386	chr18	507423	INS	True	True	no_candidate	I3_grch38_path_different_edit	no_candidate	I3_grch38_path_different_edit
14388	chr18	513023	INS	True	True	no_candidate	I2_partly_in_graph_residual_edit	no_candidate	I2_partly_in_graph_residual_edit
14389	chr18	521541	DEL	True	True	no_candidate	I2_partly_in_graph_residual_edit	no_candidate	I2_partly_in_graph_residual_edit
14390	chr18	588956	INS	True	True	no_candidate	I1_allele_fully_in_graph	no_candidate	I1_allele_fully_in_graph
14392	chr18	1091860	INS	True	True	filtered		tensor_representative	
14393	chr18	1112778	INS	True	True	no_candidate	I1_allele_fully_in_graph	no_candidate	I1_allele_fully_in_graph
14394	chr18	1112806	DEL	True	True	no_candidate	I3_grch38_path_different_edit	no_candidate	I3_grch38_path_different_edit
14395	chr18	1224969	INS	True	True	no_candidate	I1_allele_fully_in_graph	no_candidate	I1_allele_fully_in_graph
14398	chr18	1419887	INS	True	True	no_candidate	I3_grch38_path_different_edit	no_candidate	I3_grch38_path_different_edit
14401	chr18	1634173	DEL	True	False	tensor_representative		tensor_representative	
14402	chr18	1670839	INS	True	True	filtered		filtered	
14405	chr18	1908188	DEL	True	True	filtered		tensor_non_representative_allele	
14406	chr18	2124446	DEL	True	True	tensor_representative		tensor_representative	
14407	chr18	2366053	DEL	True	True	tensor_representative		tensor_representative	
14409	chr18	2708908	INS	True	True	no_candidate	I4_no_or_few_alt_reads	no_candidate	I4_no_or_few_alt_reads
14410	chr18	2726437	INS	True	True	tensor_representative		tensor_representative	
14411	chr18	2845809	INS	True	True	no_candidate	I2_partly_in_graph_residual_edit	no_candidate	I2_partly_in_graph_residual_edit
14413	chr18	3632304	INS	True	True	tensor_representative		tensor_representative	
14414	chr18	3677960	DEL	True	True	no_candidate	I1_allele_fully_in_graph	filtered	
14415	chr18	3688614	DEL	True	True	no_candidate	I1_allele_fully_in_graph	no_candidate	I1_allele_fully_in_graph
14417	chr18	4225854	INS	True	True	tensor_representative		tensor_representative	
14418	chr18	4234103	DEL	True	True	tensor_representative		tensor_representative	
14419	chr18	4343306	DEL	True	True	tensor_representative		tensor_representative	
14420	chr18	4423851	INS	True	True	filtered		no_candidate	I1_allele_fully_in_graph
14421	chr18	4537465	DEL	True	True	tensor_representative		tensor_representative	
14428	chr18	5174738	DEL	True	True	tensor_representative		tensor_representative	
14430	chr18	5374745	INS	True	True	tensor_representative		tensor_representative	
14431	chr18	5447448	DEL	True	True	tensor_representative		tensor_representative	
14435	chr18	5867743	INS	True	True	no_candidate	I1_allele_fully_in_graph	no_candidate	I1_allele_fully_in_graph
14437	chr18	6000885	DEL	True	True	tensor_representative		tensor_representative	
14438	chr18	6060391	DEL	True	True	tensor_representative		tensor_representative	
14439	chr18	6063950	INS	True	True	tensor_representative		tensor_representative	
14440	chr18	6171300	DEL	True	True	tensor_representative		tensor_representative	
14446	chr18	6736333	INS	True	True	tensor_representative		tensor_representative	
14447	chr18	6826488	INS	True	True	tensor_representative		tensor_representative	
14448	chr18	6858869	DEL	True	True	tensor_representative		tensor_representative	
14451	chr18	6988808	DEL	True	True	tensor_representative		tensor_representative	
14452	chr18	7033455	INS	True	True	tensor_representative		tensor_representative	
14456	chr18	7446124	INS	True	True	no_candidate	I1_allele_fully_in_graph	no_candidate	I1_allele_fully_in_graph
14457	chr18	7493488	DEL	True	True	tensor_representative		tensor_representative	
14459	chr18	7602428	INS	True	True	tensor_representative		tensor_representative	
14461	chr18	8069109	DEL	True	False	no_candidate	I1_allele_fully_in_graph	filtered	
14463	chr18	8383296	DEL	True	True	no_candidate	I1_allele_fully_in_graph	no_candidate	I1_allele_fully_in_graph
14464	chr18	8716569	DEL	True	True	no_candidate	I1_allele_fully_in_graph	no_candidate	I1_allele_fully_in_graph
14465	chr18	8726286	DEL	True	True	no_candidate	I1_allele_fully_in_graph	no_candidate	I1_allele_fully_in_graph
14466	chr18	9356971	INS	True	True	filtered		filtered	
14471	chr18	10382361	DEL	True	True	tensor_representative		tensor_representative	
14473	chr18	10582387	DEL	True	True	tensor_representative		tensor_representative	
14474	chr18	10691800	DEL	True	True	no_candidate	I2_partly_in_graph_residual_edit	no_candidate	I2_partly_in_graph_residual_edit
14475	chr18	10851155	INS	True	True	tensor_representative		tensor_representative	
14476	chr18	10858321	DEL	True	True	tensor_representative		no_candidate	I2_partly_in_graph_residual_edit
14477	chr18	11003438	INS	True	True	tensor_representative		tensor_representative	
14478	chr18	11178144	INS	True	True	no_candidate	I1_allele_fully_in_graph	no_candidate	I1_allele_fully_in_graph
14479	chr18	11286325	INS	True	True	tensor_representative		tensor_representative	
14484	chr18	11638745	INS	True	True	tensor_representative		tensor_representative	
14489	chr18	12870454	INS	True	True	no_candidate	I1_allele_fully_in_graph	no_candidate	I1_allele_fully_in_graph
14493	chr18	13370716	INS	True	True	no_candidate	I3_grch38_path_different_edit	no_candidate	I3_grch38_path_different_edit
14496	chr18	13566367	INS	True	True	no_candidate	I1_allele_fully_in_graph	no_candidate	I1_allele_fully_in_graph
14497	chr18	13578827	INS	True	True	no_candidate	I2_partly_in_graph_residual_edit	no_candidate	I2_partly_in_graph_residual_edit
14499	chr18	13744159	INS	True	True	tensor_representative		tensor_non_representative_allele	
14500	chr18	13782897	INS	True	True	filtered		no_candidate	I1_allele_fully_in_graph
14502	chr18	14058542	DEL	True	True	no_candidate	I1_allele_fully_in_graph	no_candidate	I1_allele_fully_in_graph
14503	chr18	14058543	DEL	True	True	no_candidate	I1_allele_fully_in_graph	no_candidate	I1_allele_fully_in_graph
14505	chr18	14311937	INS	True	True	no_candidate	I2_partly_in_graph_residual_edit	no_candidate	I2_partly_in_graph_residual_edit
14506	chr18	14357640	DEL	True	True	tensor_representative		tensor_representative	
14508	chr18	14559740	DEL	True	True	filtered		filtered	
14511	chr18	14696779	DEL	True	False	no_candidate	I2_partly_in_graph_residual_edit	no_candidate	I2_partly_in_graph_residual_edit
14513	chr18	14847050	DEL	True	True	no_candidate	I2_partly_in_graph_residual_edit	no_candidate	I2_partly_in_graph_residual_edit
14519	chr18	15263264	DEL	True	True	tensor_representative		tensor_representative	
14520	chr18	15274872	DEL	True	True	tensor_representative		tensor_representative	
14521	chr18	15292693	DEL	True	True	tensor_representative		tensor_representative	
14539	chr18	21432472	INS	True	True	tensor_representative		tensor_representative	
14541	chr18	21724727	INS	True	True	no_candidate	I2_partly_in_graph_residual_edit	no_candidate	I2_partly_in_graph_residual_edit
14542	chr18	21731733	INS	True	True	filtered		filtered	
14543	chr18	21879295	DEL	True	True	filtered		tensor_non_representative_allele	
14544	chr18	21938024	DEL	True	True	no_candidate	I1_allele_fully_in_graph	no_candidate	I1_allele_fully_in_graph
14545	chr18	22212562	DEL	True	True	tensor_representative		tensor_representative	
14547	chr18	22460157	DEL	True	True	tensor_representative		tensor_representative	
14554	chr18	23313200	INS	True	True	tensor_representative		tensor_representative	
14557	chr18	23994312	INS	True	True	no_candidate	I2_partly_in_graph_residual_edit	no_candidate	I2_partly_in_graph_residual_edit
14558	chr18	24253164	INS	True	True	no_candidate	I1_allele_fully_in_graph	no_candidate	I1_allele_fully_in_graph
14559	chr18	24310061	DEL	True	True	tensor_representative		tensor_representative	
14561	chr18	24725046	DEL	True	True	no_candidate	I2_partly_in_graph_residual_edit	no_candidate	I2_partly_in_graph_residual_edit
14562	chr18	24768746	DEL	True	True	no_candidate	I3_grch38_path_different_edit	tensor_representative	
14563	chr18	24815922	DEL	True	True	tensor_representative		tensor_non_representative_allele	
14566	chr18	24954050	DEL	True	False	tensor_representative		tensor_non_representative_allele	
14567	chr18	25139372	INS	True	True	tensor_representative		tensor_representative	
14568	chr18	25179116	DEL	True	True	no_candidate	I2_partly_in_graph_residual_edit	no_candidate	I2_partly_in_graph_residual_edit
14569	chr18	25186904	DEL	True	True	tensor_representative		tensor_representative	
14570	chr18	25212509	DEL	True	True	filtered		filtered	
14573	chr18	25391098	DEL	True	True	tensor_representative		tensor_representative	
14576	chr18	25535109	DEL	True	True	no_candidate	I2_partly_in_graph_residual_edit	no_candidate	I2_partly_in_graph_residual_edit
14577	chr18	25551980	INS	True	True	no_candidate	I1_allele_fully_in_graph	no_candidate	I1_allele_fully_in_graph
14578	chr18	25728576	DEL	True	True	tensor_representative		tensor_representative	
14584	chr18	25869333	INS	True	True	filtered		filtered	
14585	chr18	25901720	DEL	True	True	tensor_representative		tensor_representative	
14586	chr18	26108466	INS	True	False	tensor_representative		tensor_representative	
14587	chr18	26126185	DEL	True	False	filtered		filtered	
14591	chr18	26310956	INS	True	True	filtered		no_candidate	I1_allele_fully_in_graph
14592	chr18	26673929	INS	True	True	filtered		filtered	
14593	chr18	26860372	INS	True	True	tensor_representative		tensor_representative	
14594	chr18	26969000	DEL	True	True	no_candidate	I1_allele_fully_in_graph	no_candidate	I1_allele_fully_in_graph
14596	chr18	27302843	INS	True	True	no_candidate	I2_partly_in_graph_residual_edit	no_candidate	I2_partly_in_graph_residual_edit
14599	chr18	28034683	INS	True	True	tensor_representative		tensor_representative	
14600	chr18	28106423	INS	True	True	tensor_representative		tensor_representative	
14602	chr18	28240324	DEL	True	True	tensor_representative		tensor_representative	
14608	chr18	28783072	INS	True	True	tensor_representative		tensor_representative	
14610	chr18	28945135	DEL	True	True	tensor_representative		tensor_representative	
14614	chr18	29936367	DEL	True	True	no_candidate	I1_allele_fully_in_graph	no_candidate	I1_allele_fully_in_graph
14615	chr18	30043916	INS	True	False	no_candidate	I2_partly_in_graph_residual_edit	no_candidate	I2_partly_in_graph_residual_edit
14616	chr18	30075938	DEL	True	True	tensor_representative		tensor_representative	
14617	chr18	30402541	INS	True	True	no_candidate	I2_partly_in_graph_residual_edit	no_candidate	I2_partly_in_graph_residual_edit
14620	chr18	30912585	INS	True	True	no_candidate	I2_partly_in_graph_residual_edit	no_candidate	I2_partly_in_graph_residual_edit
14621	chr18	30943358	DEL	True	True	tensor_representative		tensor_representative	
14622	chr18	31166331	INS	True	True	tensor_non_representative_allele		tensor_non_representative_allele	
14625	chr18	31485389	INS	True	True	tensor_representative		tensor_representative	
14626	chr18	31603657	DEL	True	True	tensor_representative		tensor_representative	
14627	chr18	32020002	INS	True	True	tensor_representative		tensor_representative	
14628	chr18	32377294	DEL	True	True	tensor_representative		tensor_representative	
14632	chr18	33597793	INS	True	True	tensor_representative		tensor_representative	
14634	chr18	34041678	INS	True	True	tensor_representative		tensor_representative	
14635	chr18	34095251	INS	True	True	tensor_representative		tensor_representative	
14637	chr18	34436623	DEL	True	True	no_candidate	I1_allele_fully_in_graph	no_candidate	I1_allele_fully_in_graph
14638	chr18	34581621	DEL	True	True	tensor_representative		tensor_representative	
14641	chr18	34945974	INS	True	True	tensor_representative		tensor_representative	
14642	chr18	35168820	DEL	True	True	no_candidate	I2_partly_in_graph_residual_edit	filtered	
14644	chr18	35287574	INS	True	True	filtered		filtered	
14647	chr18	35821535	DEL	True	True	no_candidate	I2_partly_in_graph_residual_edit	no_candidate	I2_partly_in_graph_residual_edit
14650	chr18	36767308	INS	True	True	tensor_representative		tensor_representative	
14651	chr18	37118008	INS	True	True	filtered		filtered	
14652	chr18	37686942	DEL	True	True	tensor_representative		tensor_representative	
14654	chr18	37975207	DEL	True	True	tensor_representative		tensor_representative	
14655	chr18	38124763	DEL	True	True	tensor_representative		tensor_representative	
14656	chr18	38150953	DEL	True	True	tensor_representative		tensor_representative	
14660	chr18	39054307	INS	True	True	tensor_representative		tensor_representative	
14661	chr18	39160650	INS	True	True	no_candidate	I2_partly_in_graph_residual_edit	no_candidate	I2_partly_in_graph_residual_edit
14662	chr18	39320611	INS	True	True	no_candidate	I1_allele_fully_in_graph	no_candidate	I1_allele_fully_in_graph
14663	chr18	39409316	INS	True	True	no_candidate	I2_partly_in_graph_residual_edit	no_candidate	I2_partly_in_graph_residual_edit
14664	chr18	39434438	DEL	True	True	tensor_representative		tensor_representative	
14666	chr18	39760264	DEL	True	True	tensor_representative		tensor_representative	
14669	chr18	40020735	DEL	True	True	tensor_representative		tensor_representative	
14670	chr18	40078131	INS	True	True	no_candidate	I1_allele_fully_in_graph	no_candidate	I1_allele_fully_in_graph
14672	chr18	40426234	INS	True	True	filtered		filtered	
14673	chr18	40617377	INS	True	True	filtered		no_candidate	I2_partly_in_graph_residual_edit
14678	chr18	41203627	DEL	True	True	filtered		filtered	
14680	chr18	41410455	INS	True	True	no_candidate	I1_allele_fully_in_graph	no_candidate	I2_partly_in_graph_residual_edit
14682	chr18	41616477	DEL	True	True	tensor_representative		tensor_representative	
14683	chr18	41681263	INS	True	True	tensor_representative		tensor_representative	
14684	chr18	41730347	DEL	True	True	tensor_representative		tensor_representative	
14685	chr18	41833926	DEL	True	True	tensor_representative		tensor_representative	
14686	chr18	42325431	INS	True	True	filtered		filtered	
14688	chr18	42687502	INS	True	True	tensor_representative		tensor_representative	
14689	chr18	42929034	INS	True	True	no_candidate	I2_partly_in_graph_residual_edit	no_candidate	I2_partly_in_graph_residual_edit
14691	chr18	43697203	INS	True	True	no_candidate	I2_partly_in_graph_residual_edit	no_candidate	I2_partly_in_graph_residual_edit
14692	chr18	43707480	INS	True	True	no_candidate	I2_partly_in_graph_residual_edit	no_candidate	I2_partly_in_graph_residual_edit
14694	chr18	43788579	DEL	True	True	tensor_representative		tensor_representative	
14696	chr18	44179836	INS	True	True	no_candidate	I1_allele_fully_in_graph	no_candidate	I1_allele_fully_in_graph
14697	chr18	44272009	DEL	True	True	tensor_representative		tensor_representative	
14698	chr18	44355016	DEL	True	True	tensor_representative		tensor_representative	
14701	chr18	45020258	INS	True	True	tensor_representative		tensor_representative	
14702	chr18	45241639	INS	True	True	tensor_representative		tensor_representative	
14703	chr18	45247701	INS	True	True	tensor_representative		tensor_representative	
14704	chr18	45595406	INS	True	True	tensor_representative		tensor_representative	
14708	chr18	46241277	INS	True	True	tensor_representative		tensor_representative	
14710	chr18	46461646	INS	True	True	tensor_representative		tensor_representative	
14712	chr18	48389368	DEL	True	True	no_candidate	I1_allele_fully_in_graph	no_candidate	I1_allele_fully_in_graph
14713	chr18	48913790	INS	True	True	tensor_representative		tensor_representative	
14719	chr18	50575792	INS	True	True	filtered		tensor_representative	
14720	chr18	50838613	INS	True	True	no_candidate	I2_partly_in_graph_residual_edit	no_candidate	I2_partly_in_graph_residual_edit
14721	chr18	51047193	INS	True	True	tensor_representative		tensor_representative	
14722	chr18	51203756	INS	True	True	tensor_representative		tensor_representative	
14723	chr18	51556995	INS	True	True	filtered		filtered	
14724	chr18	51771968	DEL	True	True	tensor_representative		tensor_representative	
14727	chr18	52293539	INS	True	True	tensor_non_representative_allele		no_candidate	I2_partly_in_graph_residual_edit
14728	chr18	52443005	DEL	True	True	tensor_representative		tensor_representative	
14732	chr18	52802643	INS	True	True	no_candidate	I2_partly_in_graph_residual_edit	no_candidate	I2_partly_in_graph_residual_edit
14733	chr18	53208105	DEL	True	True	tensor_representative		tensor_representative	
14734	chr18	53226948	INS	True	True	no_candidate	I3_grch38_path_different_edit	no_candidate	I3_grch38_path_different_edit
14735	chr18	53402397	INS	True	True	filtered		filtered	
14737	chr18	53676578	INS	True	True	tensor_representative		tensor_representative	
14740	chr18	54063878	INS	True	True	no_candidate	I2_partly_in_graph_residual_edit	no_candidate	I2_partly_in_graph_residual_edit
14741	chr18	54133428	DEL	True	True	no_candidate	I1_allele_fully_in_graph	no_candidate	I1_allele_fully_in_graph
14742	chr18	54422095	INS	True	True	filtered		no_candidate	I2_partly_in_graph_residual_edit
14743	chr18	55021812	DEL	True	True	no_candidate	I2_partly_in_graph_residual_edit	no_candidate	I2_partly_in_graph_residual_edit
14750	chr18	56521244	DEL	True	True	tensor_representative		tensor_representative	
14751	chr18	57545820	INS	True	True	tensor_representative		tensor_representative	
14753	chr18	58469719	INS	True	True	tensor_representative		tensor_representative	
14754	chr18	59031379	INS	True	True	no_candidate	I1_allele_fully_in_graph	no_candidate	I1_allele_fully_in_graph
14756	chr18	59550998	INS	True	True	filtered		no_candidate	I2_partly_in_graph_residual_edit
14758	chr18	59727480	INS	True	True	no_candidate	I1_allele_fully_in_graph	no_candidate	I1_allele_fully_in_graph
14760	chr18	59925831	DEL	True	True	no_candidate	I1_allele_fully_in_graph	no_candidate	I1_allele_fully_in_graph
14761	chr18	60359149	DEL	True	True	tensor_representative		tensor_representative	
14762	chr18	60462581	DEL	True	False	filtered		filtered	
14763	chr18	60515814	INS	True	True	no_candidate	I2_partly_in_graph_residual_edit	no_candidate	I2_partly_in_graph_residual_edit
14764	chr18	60560432	DEL	True	True	no_candidate	I1_allele_fully_in_graph	no_candidate	I1_allele_fully_in_graph
14765	chr18	60602010	DEL	True	True	tensor_representative		tensor_representative	
14768	chr18	61086001	INS	True	True	tensor_representative		tensor_representative	
14770	chr18	61210291	DEL	True	True	tensor_representative		tensor_representative	
14772	chr18	61358116	DEL	True	True	tensor_representative		tensor_representative	
14773	chr18	61546585	INS	True	True	filtered		tensor_representative	
14774	chr18	62342401	INS	True	True	no_candidate	I2_partly_in_graph_residual_edit	no_candidate	I2_partly_in_graph_residual_edit
14776	chr18	62460420	DEL	True	True	no_candidate	I2_partly_in_graph_residual_edit	no_candidate	I2_partly_in_graph_residual_edit
14777	chr18	63073077	INS	True	True	no_candidate	I1_allele_fully_in_graph	no_candidate	I1_allele_fully_in_graph
14784	chr18	64196221	DEL	True	True	tensor_representative		tensor_representative	
14785	chr18	64522456	DEL	True	True	tensor_representative		tensor_representative	
14786	chr18	64678962	INS	True	True	tensor_representative		tensor_representative	
14787	chr18	64958116	INS	True	True	tensor_representative		tensor_representative	
14789	chr18	65357014	DEL	True	True	no_candidate	I2_partly_in_graph_residual_edit	no_candidate	I2_partly_in_graph_residual_edit
14790	chr18	65388544	INS	True	True	tensor_representative		tensor_representative	
14793	chr18	65698775	DEL	True	True	no_candidate	I2_partly_in_graph_residual_edit	filtered	
14796	chr18	65837924	INS	True	True	no_candidate	I1_allele_fully_in_graph	no_candidate	I1_allele_fully_in_graph
14797	chr18	65885372	INS	True	True	no_candidate	I2_partly_in_graph_residual_edit	no_candidate	I2_partly_in_graph_residual_edit
14798	chr18	65926341	DEL	True	True	tensor_representative		tensor_representative	
14800	chr18	66140684	INS	True	True	no_candidate	I1_allele_fully_in_graph	no_candidate	I2_partly_in_graph_residual_edit
14802	chr18	66604293	INS	True	True	no_candidate	I2_partly_in_graph_residual_edit	no_candidate	I2_partly_in_graph_residual_edit
14805	chr18	67003656	INS	True	True	tensor_non_representative_allele		tensor_non_representative_allele	
14806	chr18	67162817	DEL	True	True	tensor_representative		tensor_representative	
14807	chr18	67200317	DEL	True	True	tensor_representative		tensor_representative	
14810	chr18	67791103	DEL	True	True	no_candidate	I1_allele_fully_in_graph	no_candidate	I1_allele_fully_in_graph
14812	chr18	68545131	DEL	True	True	no_candidate	I1_allele_fully_in_graph	no_candidate	I1_allele_fully_in_graph
14813	chr18	68611747	DEL	True	True	tensor_representative		tensor_representative	
14814	chr18	68643403	INS	True	True	tensor_non_representative_allele		tensor_non_representative_allele	
14818	chr18	69321951	DEL	True	True	tensor_representative		tensor_representative	
14819	chr18	69397573	DEL	True	True	tensor_representative		tensor_representative	
14821	chr18	69436171	INS	True	True	no_candidate	I2_partly_in_graph_residual_edit	no_candidate	I2_partly_in_graph_residual_edit
14824	chr18	70504442	INS	True	True	tensor_representative		tensor_representative	
14825	chr18	71145727	INS	True	True	filtered		tensor_non_representative_allele	
14826	chr18	71592609	INS	True	True	filtered		no_candidate	I2_partly_in_graph_residual_edit
14831	chr18	72255474	DEL	True	True	no_candidate	I1_allele_fully_in_graph	no_candidate	I1_allele_fully_in_graph
14832	chr18	72305040	INS	True	True	no_candidate	I1_allele_fully_in_graph	no_candidate	I1_allele_fully_in_graph
14833	chr18	72643956	INS	True	True	no_candidate	I2_partly_in_graph_residual_edit	no_candidate	I2_partly_in_graph_residual_edit
14834	chr18	72925947	INS	True	True	filtered		tensor_representative	
14835	chr18	72982648	INS	True	True	tensor_representative		tensor_representative	
14839	chr18	73174101	INS	True	True	tensor_representative		tensor_representative	
14840	chr18	73423560	INS	True	True	no_candidate	I2_partly_in_graph_residual_edit	no_candidate	I2_partly_in_graph_residual_edit
14841	chr18	73507041	INS	True	True	tensor_representative		tensor_representative	
14847	chr18	75481748	INS	True	True	no_candidate	I2_partly_in_graph_residual_edit	no_candidate	I2_partly_in_graph_residual_edit
14849	chr18	75976254	INS	True	True	tensor_representative		tensor_representative	
14851	chr18	76001922	INS	True	True	no_candidate	I1_allele_fully_in_graph	no_candidate	I1_allele_fully_in_graph
14854	chr18	76336443	INS	True	True	no_candidate	I1_allele_fully_in_graph	no_candidate	I1_allele_fully_in_graph
14866	chr18	78165592	DEL	True	True	tensor_representative		tensor_representative	
14868	chr18	78270942	DEL	True	True	tensor_representative		tensor_non_representative_allele	
14869	chr18	78273744	DEL	True	True	tensor_representative		tensor_non_representative_allele	
14875	chr18	79515338	DEL	True	True	tensor_representative		tensor_representative	
14877	chr18	79793351	INS	True	True	tensor_representative		tensor_representative	
14884	chr19	744399	INS	True	True	filtered		no_candidate	I2_partly_in_graph_residual_edit
14885	chr19	844946	INS	True	True	no_candidate	I2_partly_in_graph_residual_edit	filtered	
14887	chr19	1709456	INS	True	True	filtered		filtered	
14888	chr19	2745999	INS	True	True	no_candidate	I1_allele_fully_in_graph	no_candidate	I1_allele_fully_in_graph
14889	chr19	2861999	DEL	True	True	no_candidate	I1_allele_fully_in_graph	no_candidate	I1_allele_fully_in_graph
14897	chr19	5445360	INS	True	True	filtered		no_candidate	I1_allele_fully_in_graph
14898	chr19	5747610	DEL	True	True	tensor_representative		tensor_representative	
14900	chr19	6615744	DEL	True	True	no_candidate	I1_allele_fully_in_graph	no_candidate	I1_allele_fully_in_graph
14902	chr19	6910570	INS	True	True	no_candidate	I2_partly_in_graph_residual_edit	no_candidate	I2_partly_in_graph_residual_edit
14903	chr19	7022554	INS	True	True	tensor_representative		tensor_representative	
14905	chr19	7667690	DEL	True	True	tensor_representative		tensor_representative	
14906	chr19	8032380	INS	True	True	tensor_representative		tensor_representative	
14907	chr19	8072966	INS	True	True	no_candidate	I1_allele_fully_in_graph	no_candidate	I1_allele_fully_in_graph
14908	chr19	8249587	INS	True	True	no_candidate	I1_allele_fully_in_graph	no_candidate	I1_allele_fully_in_graph
14910	chr19	8319560	INS	True	True	tensor_representative		tensor_representative	
14911	chr19	8429479	DEL	True	False	no_candidate	I2_partly_in_graph_residual_edit	no_candidate	I2_partly_in_graph_residual_edit
14912	chr19	8693158	INS	True	True	tensor_representative		tensor_representative	
14913	chr19	8732668	DEL	True	True	tensor_representative		tensor_representative	
14914	chr19	9028284	INS	True	False	no_candidate	I2_partly_in_graph_residual_edit	no_candidate	I2_partly_in_graph_residual_edit
14915	chr19	9103501	DEL	True	True	filtered		tensor_non_representative_allele	
14916	chr19	9176653	DEL	True	True	filtered		no_candidate	I2_partly_in_graph_residual_edit
14917	chr19	9501156	DEL	True	True	tensor_representative		tensor_representative	
14919	chr19	9706450	DEL	True	True	tensor_representative		tensor_representative	
14920	chr19	9812759	INS	True	True	no_candidate	I1_allele_fully_in_graph	no_candidate	I1_allele_fully_in_graph
14921	chr19	9898533	DEL	True	True	filtered		filtered	
14923	chr19	10201912	INS	True	True	filtered		tensor_representative	
14926	chr19	11101786	INS	True	True	tensor_representative		tensor_representative	
14927	chr19	11434534	DEL	True	True	tensor_representative		tensor_representative	
14928	chr19	11705885	DEL	True	True	tensor_representative		tensor_representative	
14929	chr19	11804206	INS	True	True	tensor_non_representative_allele		tensor_non_representative_allele	
14932	chr19	12296504	INS	True	True	no_candidate	I1_allele_fully_in_graph	no_candidate	I1_allele_fully_in_graph
14934	chr19	12533727	INS	True	True	no_candidate	I1_allele_fully_in_graph	no_candidate	I1_allele_fully_in_graph
14935	chr19	12858006	INS	True	True	filtered		tensor_non_representative_allele	
14936	chr19	13310454	INS	True	True	no_candidate	I2_partly_in_graph_residual_edit	no_candidate	I2_partly_in_graph_residual_edit
14937	chr19	13888209	INS	True	True	tensor_representative		tensor_representative	
14938	chr19	14071323	INS	True	True	no_candidate	I2_partly_in_graph_residual_edit	no_candidate	I2_partly_in_graph_residual_edit
14939	chr19	14527165	INS	True	True	filtered		filtered	
14940	chr19	14618846	INS	True	True	no_candidate	I1_allele_fully_in_graph	no_candidate	I1_allele_fully_in_graph
14942	chr19	14795739	INS	True	True	tensor_representative		tensor_representative	
14943	chr19	14839412	INS	True	True	tensor_representative		tensor_representative	
14944	chr19	14880209	INS	True	True	filtered		no_candidate	I2_partly_in_graph_residual_edit
14947	chr19	14951269	INS	True	True	no_candidate	I3_grch38_path_different_edit	no_candidate	I3_grch38_path_different_edit
14948	chr19	14991621	INS	True	True	tensor_representative		tensor_representative	
14949	chr19	15044028	INS	True	True	tensor_representative		tensor_representative	
14951	chr19	15095521	INS	True	True	tensor_representative		tensor_representative	
14952	chr19	15568797	DEL	True	True	filtered		filtered	
14954	chr19	15784353	INS	True	True	no_candidate	I2_partly_in_graph_residual_edit	no_candidate	I1_allele_fully_in_graph
14955	chr19	16027190	DEL	True	True	filtered		tensor_representative	
14960	chr19	17179027	INS	True	True	tensor_representative		no_candidate	I1_allele_fully_in_graph
14962	chr19	18019509	INS	True	True	tensor_representative		tensor_representative	
14963	chr19	19203953	INS	True	True	filtered		no_candidate	I1_allele_fully_in_graph
14965	chr19	19666292	DEL	True	True	tensor_representative		no_candidate	I2_partly_in_graph_residual_edit
14966	chr19	19814410	INS	True	True	no_candidate	I2_partly_in_graph_residual_edit	no_candidate	I2_partly_in_graph_residual_edit
14968	chr19	20272547	INS	True	True	tensor_representative		tensor_representative	
14969	chr19	20330299	INS	True	True	no_candidate	I2_partly_in_graph_residual_edit	no_candidate	I2_partly_in_graph_residual_edit
14970	chr19	20575955	INS	True	True	no_candidate	I1_allele_fully_in_graph	no_candidate	I1_allele_fully_in_graph
14975	chr19	20931620	INS	True	True	no_candidate	I1_allele_fully_in_graph	no_candidate	I1_allele_fully_in_graph
14976	chr19	21011659	INS	True	True	no_candidate	I1_allele_fully_in_graph	no_candidate	I1_allele_fully_in_graph
14979	chr19	21243381	DEL	True	True	tensor_representative		tensor_representative	
14981	chr19	21464659	DEL	True	False	filtered		filtered	
14982	chr19	22143600	DEL	True	True	tensor_representative		tensor_representative	
14983	chr19	22209327	DEL	True	True	tensor_representative		tensor_representative	
14984	chr19	22214598	DEL	True	True	filtered		filtered	
14986	chr19	22285962	INS	True	True	no_candidate	I2_partly_in_graph_residual_edit	no_candidate	I2_partly_in_graph_residual_edit
14987	chr19	22307316	DEL	True	True	no_candidate	I2_partly_in_graph_residual_edit	filtered	
14988	chr19	22427199	INS	True	True	filtered		no_candidate	I2_partly_in_graph_residual_edit
14989	chr19	22441647	DEL	True	True	tensor_representative		tensor_representative	
14991	chr19	22874515	DEL	True	True	tensor_representative		tensor_representative	
14992	chr19	22963574	INS	True	True	tensor_representative		tensor_representative	
14993	chr19	22980185	INS	True	True	tensor_representative		tensor_representative	
14995	chr19	23112735	DEL	True	True	tensor_representative		tensor_non_representative_allele	
14996	chr19	23129572	DEL	True	True	tensor_representative		tensor_representative	
14997	chr19	23281152	INS	True	True	filtered		filtered	
14998	chr19	23446946	DEL	True	True	no_candidate	I2_partly_in_graph_residual_edit	no_candidate	I2_partly_in_graph_residual_edit
15004	chr19	27462165	INS	True	True	filtered		no_candidate	I2_partly_in_graph_residual_edit
15007	chr19	28173888	INS	True	True	no_candidate	I1_allele_fully_in_graph	no_candidate	I1_allele_fully_in_graph
15008	chr19	28356637	INS	True	True	no_candidate	I1_allele_fully_in_graph	no_candidate	I1_allele_fully_in_graph
15010	chr19	28670618	DEL	True	True	filtered		tensor_representative	
15012	chr19	29646614	INS	True	True	filtered		no_candidate	I1_allele_fully_in_graph
15014	chr19	30025224	INS	True	True	tensor_representative		tensor_representative	
15017	chr19	30414093	INS	True	True	no_candidate	I1_allele_fully_in_graph	no_candidate	I1_allele_fully_in_graph
15018	chr19	30484226	DEL	True	True	tensor_representative		tensor_representative	
15019	chr19	30484685	DEL	True	True	tensor_representative		tensor_representative	
15024	chr19	30706485	INS	True	True	tensor_representative		tensor_representative	
15026	chr19	31468629	INS	True	True	tensor_non_representative_allele		tensor_non_representative_allele	
15028	chr19	31606711	DEL	True	True	tensor_representative		tensor_representative	
15029	chr19	31673416	INS	True	True	filtered		tensor_representative	
15031	chr19	32096193	INS	True	True	no_candidate	I2_partly_in_graph_residual_edit	no_candidate	I2_partly_in_graph_residual_edit
15032	chr19	32498189	DEL	True	True	tensor_representative		tensor_representative	
15033	chr19	32716454	INS	True	True	filtered		filtered	
15034	chr19	33858865	DEL	True	True	no_candidate	I2_partly_in_graph_residual_edit	tensor_non_representative_allele	
15035	chr19	33864260	INS	True	True	tensor_non_representative_allele		tensor_representative	
15036	chr19	33942393	DEL	True	True	tensor_representative		tensor_representative	
15037	chr19	34016077	INS	True	True	tensor_representative		tensor_representative	
15038	chr19	34029907	DEL	True	True	tensor_representative		tensor_representative	
15040	chr19	35318366	INS	True	True	tensor_representative		tensor_representative	
15043	chr19	35920298	INS	True	True	tensor_representative		tensor_representative	
15046	chr19	36743359	INS	True	True	tensor_non_representative_allele		no_candidate	I2_partly_in_graph_residual_edit
15047	chr19	36967562	INS	True	True	tensor_representative		tensor_representative	
15049	chr19	37181696	INS	True	True	tensor_representative		tensor_representative	
15050	chr19	37503577	INS	True	True	filtered		filtered	
15051	chr19	37510702	INS	True	True	tensor_representative		tensor_representative	
15052	chr19	37553113	DEL	True	True	no_candidate	I1_allele_fully_in_graph	no_candidate	I1_allele_fully_in_graph
15054	chr19	38133986	INS	True	True	tensor_representative		tensor_representative	
15055	chr19	38181845	INS	True	False	no_candidate	I1_allele_fully_in_graph	no_candidate	I1_allele_fully_in_graph
15057	chr19	38301140	INS	True	False	filtered		tensor_representative	
15058	chr19	38363489	INS	True	False	filtered		no_candidate	I1_allele_fully_in_graph
15063	chr19	39230152	INS	True	False	no_candidate	I2_partly_in_graph_residual_edit	no_candidate	I2_partly_in_graph_residual_edit
15066	chr19	39644122	DEL	True	True	tensor_representative		tensor_representative	
15067	chr19	39663788	INS	True	False	no_candidate	I2_partly_in_graph_residual_edit	no_candidate	I2_partly_in_graph_residual_edit
15069	chr19	39791646	INS	True	True	filtered		no_candidate	I1_allele_fully_in_graph
15070	chr19	39795727	INS	True	True	no_candidate	I2_partly_in_graph_residual_edit	no_candidate	I2_partly_in_graph_residual_edit
15076	chr19	41722204	INS	True	True	tensor_representative		tensor_representative	
15077	chr19	42074456	INS	True	True	no_candidate	I1_allele_fully_in_graph	no_candidate	I1_allele_fully_in_graph
15079	chr19	42677635	DEL	True	True	tensor_representative		tensor_representative	
15081	chr19	43978934	INS	True	True	no_candidate	I1_allele_fully_in_graph	no_candidate	I1_allele_fully_in_graph
15085	chr19	44749284	DEL	True	True	no_candidate	I1_allele_fully_in_graph	no_candidate	I1_allele_fully_in_graph
15091	chr19	46024714	INS	True	True	tensor_representative		no_candidate	I1_allele_fully_in_graph
15092	chr19	46074286	INS	True	True	tensor_representative		tensor_representative	
15098	chr19	48059764	DEL	True	True	tensor_representative		tensor_representative	
15099	chr19	48657616	DEL	True	True	filtered		no_candidate	I1_allele_fully_in_graph
15101	chr19	49137628	INS	True	True	tensor_non_representative_allele		tensor_non_representative_allele	
15103	chr19	49698049	INS	True	True	tensor_representative		tensor_representative	
15112	chr19	52482942	DEL	True	True	tensor_representative		tensor_representative	
15114	chr19	54040358	INS	True	True	filtered		filtered	
15118	chr19	54487630	DEL	True	True	filtered		tensor_representative	
15119	chr19	54862802	DEL	True	True	filtered		filtered	
15120	chr19	55121875	DEL	True	True	tensor_representative		tensor_representative	
15125	chr19	55533659	DEL	True	True	no_candidate	I2_partly_in_graph_residual_edit	no_candidate	I2_partly_in_graph_residual_edit
15126	chr19	56266493	INS	True	True	no_candidate	I1_allele_fully_in_graph	no_candidate	I1_allele_fully_in_graph
15130	chr19	56908272	DEL	True	True	filtered		tensor_non_representative_allele	
15133	chr19	58076671	INS	True	True	tensor_representative		tensor_representative	
15137	chr20	105364	INS	True	True	tensor_representative		tensor_representative	
15138	chr20	453153	INS	True	True	tensor_representative		no_candidate	I2_partly_in_graph_residual_edit
15141	chr20	1536402	DEL	True	True	tensor_representative		tensor_non_representative_allele	
15142	chr20	1624233	INS	True	True	filtered		no_candidate	I1_allele_fully_in_graph
15143	chr20	2512919	DEL	True	True	filtered		filtered	
15145	chr20	3375849	INS	True	True	tensor_representative		tensor_representative	
15146	chr20	3641590	DEL	True	True	tensor_representative		tensor_representative	
15147	chr20	3721899	INS	True	True	no_candidate	I2_partly_in_graph_residual_edit	no_candidate	I2_partly_in_graph_residual_edit
15149	chr20	4420656	INS	True	True	no_candidate	I1_allele_fully_in_graph	no_candidate	I1_allele_fully_in_graph
15152	chr20	5454164	INS	True	True	no_candidate	I1_allele_fully_in_graph	no_candidate	I1_allele_fully_in_graph
15154	chr20	6425084	INS	True	True	no_candidate	I1_allele_fully_in_graph	no_candidate	I1_allele_fully_in_graph
15155	chr20	6478218	DEL	True	True	tensor_representative		tensor_representative	
15156	chr20	6549521	INS	True	True	no_candidate	I2_partly_in_graph_residual_edit	no_candidate	I2_partly_in_graph_residual_edit
15157	chr20	6899981	INS	True	True	tensor_non_representative_allele		tensor_non_representative_allele	
15158	chr20	7725204	INS	True	True	filtered		no_candidate	I2_partly_in_graph_residual_edit
15159	chr20	7815199	INS	True	True	tensor_representative		tensor_representative	
15162	chr20	8472677	INS	True	True	tensor_representative		tensor_representative	
15166	chr20	9471449	DEL	True	True	tensor_representative		tensor_representative	
15167	chr20	9665085	INS	True	True	no_candidate	I2_partly_in_graph_residual_edit	no_candidate	I2_partly_in_graph_residual_edit
15168	chr20	9768790	INS	True	True	filtered		no_candidate	I1_allele_fully_in_graph
15170	chr20	10636513	INS	True	True	tensor_representative		tensor_non_representative_allele	
15172	chr20	11278708	INS	True	True	tensor_representative		tensor_representative	
15175	chr20	12441354	INS	True	True	no_candidate	I1_allele_fully_in_graph	no_candidate	I2_partly_in_graph_residual_edit
15177	chr20	13576342	INS	True	True	filtered		no_candidate	I1_allele_fully_in_graph
15180	chr20	13969511	DEL	True	True	tensor_representative		tensor_representative	
15183	chr20	14344780	DEL	True	True	tensor_representative		tensor_representative	
15185	chr20	15869238	INS	True	True	no_candidate	I1_allele_fully_in_graph	no_candidate	I1_allele_fully_in_graph
15186	chr20	15898549	INS	True	True	no_candidate	I1_allele_fully_in_graph	no_candidate	I1_allele_fully_in_graph
15187	chr20	16194268	INS	True	True	filtered		filtered	
15188	chr20	16576765	DEL	True	True	no_candidate	I2_partly_in_graph_residual_edit	no_candidate	I2_partly_in_graph_residual_edit
15189	chr20	17047314	DEL	True	False	tensor_representative		tensor_representative	
15192	chr20	17189850	DEL	True	True	no_candidate	I2_partly_in_graph_residual_edit	no_candidate	I2_partly_in_graph_residual_edit
15193	chr20	17212694	DEL	True	True	no_candidate	I2_partly_in_graph_residual_edit	no_candidate	I2_partly_in_graph_residual_edit
15194	chr20	17384425	DEL	True	True	tensor_representative		tensor_representative	
15195	chr20	18680430	DEL	True	True	no_candidate	I2_partly_in_graph_residual_edit	no_candidate	I1_allele_fully_in_graph
15196	chr20	18807907	INS	True	True	tensor_representative		tensor_representative	
15198	chr20	19123175	DEL	True	True	tensor_representative		tensor_representative	
15199	chr20	19502868	DEL	True	True	tensor_representative		tensor_representative	
15201	chr20	19677686	DEL	True	True	no_candidate	I2_partly_in_graph_residual_edit	no_candidate	I2_partly_in_graph_residual_edit
15203	chr20	19817740	DEL	True	True	tensor_representative		tensor_representative	
15205	chr20	21007021	DEL	True	True	filtered		no_candidate	I2_partly_in_graph_residual_edit
15208	chr20	21578496	INS	True	True	filtered		filtered	
15209	chr20	21646627	INS	True	True	tensor_representative		tensor_representative	
15210	chr20	21924792	DEL	True	True	tensor_representative		tensor_representative	
15212	chr20	21974990	INS	True	True	tensor_representative		tensor_representative	
15231	chr20	22135947	INS	True	True	no_candidate	I1_allele_fully_in_graph	no_candidate	I1_allele_fully_in_graph
15236	chr20	23889340	INS	True	True	filtered		no_candidate	I1_allele_fully_in_graph
15237	chr20	24146505	DEL	True	True	tensor_representative		tensor_representative	
15238	chr20	24210917	DEL	True	True	no_candidate	I1_allele_fully_in_graph	no_candidate	I1_allele_fully_in_graph
15242	chr20	26172602	INS	True	True	tensor_representative		tensor_representative	
15245	chr20	29083590	INS	True	True	filtered		filtered	
15250	chr20	29758463	INS	True	True	filtered		filtered	
15255	chr20	30620520	DEL	True	True	tensor_representative		tensor_representative	
15256	chr20	30686195	INS	True	True	tensor_representative		tensor_representative	
15257	chr20	30833312	INS	True	True	tensor_representative		tensor_representative	
15260	chr20	30876821	INS	True	True	tensor_representative		tensor_non_representative_allele	
15261	chr20	30896258	DEL	True	True	tensor_representative		tensor_representative	
15262	chr20	30913373	INS	True	True	tensor_representative		tensor_representative	
15265	chr20	31298455	DEL	True	True	tensor_representative		tensor_representative	
15266	chr20	31355224	INS	True	True	no_candidate	I2_partly_in_graph_residual_edit	no_candidate	I2_partly_in_graph_residual_edit
15268	chr20	31507014	INS	True	True	filtered		filtered	
15270	chr20	31899633	INS	True	False	tensor_representative		tensor_representative	
15273	chr20	32938367	DEL	True	True	tensor_representative		tensor_representative	
15274	chr20	33209647	DEL	True	True	tensor_representative		tensor_representative	
15276	chr20	33593391	INS	True	True	tensor_representative		tensor_representative	
15277	chr20	33642108	DEL	True	True	no_candidate	I2_partly_in_graph_residual_edit	no_candidate	I2_partly_in_graph_residual_edit
15278	chr20	33887396	INS	True	True	no_candidate	I1_allele_fully_in_graph	no_candidate	I2_partly_in_graph_residual_edit
15279	chr20	33937935	INS	True	True	tensor_representative		tensor_representative	
15280	chr20	33957582	DEL	True	False	filtered		filtered	
15281	chr20	34028705	DEL	True	True	filtered		tensor_non_representative_allele	
15282	chr20	34104459	INS	True	True	tensor_representative		tensor_representative	
15283	chr20	35150021	INS	True	True	filtered		filtered	
15284	chr20	35338888	INS	True	False	no_candidate	I2_partly_in_graph_residual_edit	no_candidate	I1_allele_fully_in_graph
15286	chr20	35367092	INS	True	True	no_candidate	I1_allele_fully_in_graph	no_candidate	I1_allele_fully_in_graph
15292	chr20	36577366	INS	True	True	tensor_representative		tensor_representative	
15293	chr20	36829513	INS	True	True	filtered		no_candidate	I1_allele_fully_in_graph
15295	chr20	37155405	INS	True	True	tensor_representative		tensor_representative	
15299	chr20	38051402	DEL	True	True	tensor_representative		tensor_representative	
15300	chr20	38101030	INS	True	True	no_candidate	I1_allele_fully_in_graph	no_candidate	I1_allele_fully_in_graph
15309	chr20	38972004	DEL	True	True	filtered		no_candidate	I1_allele_fully_in_graph
15310	chr20	39056723	DEL	True	True	filtered		tensor_non_representative_allele	
15311	chr20	39135800	DEL	True	True	filtered		no_candidate	I1_allele_fully_in_graph
15312	chr20	39144395	INS	True	True	filtered		filtered	
15314	chr20	39409180	DEL	True	True	no_candidate	I2_partly_in_graph_residual_edit	no_candidate	I2_partly_in_graph_residual_edit
15317	chr20	39512613	DEL	True	True	tensor_representative		tensor_representative	
15318	chr20	39617512	INS	True	True	no_candidate	I2_partly_in_graph_residual_edit	no_candidate	I2_partly_in_graph_residual_edit
15328	chr20	40907684	DEL	True	False	no_candidate	I6_longer_than_50bp	no_candidate	I6_longer_than_50bp
15331	chr20	41337926	INS	True	True	no_candidate	I2_partly_in_graph_residual_edit	no_candidate	I2_partly_in_graph_residual_edit
15332	chr20	41371454	DEL	True	True	tensor_representative		tensor_representative	
15340	chr20	42126025	INS	True	True	filtered		filtered	
15341	chr20	42232813	INS	True	True	filtered		tensor_non_representative_allele	
15343	chr20	42363301	INS	True	True	no_candidate	I3_grch38_path_different_edit	no_candidate	I3_grch38_path_different_edit
15347	chr20	42569077	INS	True	False	no_candidate	I2_partly_in_graph_residual_edit	no_candidate	I3_grch38_path_different_edit
15358	chr20	43527722	INS	True	True	tensor_representative		tensor_representative	
15360	chr20	43740248	INS	True	True	no_candidate	I2_partly_in_graph_residual_edit	no_candidate	I2_partly_in_graph_residual_edit
15364	chr20	43851917	DEL	True	True	no_candidate	I3_grch38_path_different_edit	tensor_representative	
15369	chr20	44512325	INS	True	True	tensor_representative		tensor_representative	
15371	chr20	44882057	INS	True	True	tensor_representative		tensor_representative	
15373	chr20	45447232	INS	True	True	tensor_representative		tensor_representative	
15380	chr20	46909666	DEL	True	True	tensor_representative		tensor_representative	
15382	chr20	47959869	INS	True	True	tensor_representative		tensor_representative	
15385	chr20	48244947	DEL	True	True	no_candidate	I2_partly_in_graph_residual_edit	no_candidate	I2_partly_in_graph_residual_edit
15386	chr20	48482629	DEL	True	False	no_candidate	I1_allele_fully_in_graph	no_candidate	I1_allele_fully_in_graph
15387	chr20	48518922	INS	True	True	no_candidate	I2_partly_in_graph_residual_edit	no_candidate	I2_partly_in_graph_residual_edit
15389	chr20	48737215	DEL	True	True	tensor_representative		tensor_representative	
15390	chr20	49300163	INS	True	True	tensor_representative		tensor_representative	
15392	chr20	49455356	INS	True	False	filtered		filtered	
15393	chr20	49485495	INS	True	True	tensor_representative		tensor_representative	
15403	chr20	51085320	INS	True	True	filtered		filtered	
15406	chr20	51551568	DEL	True	True	tensor_representative		tensor_representative	
15408	chr20	51895675	INS	True	True	tensor_representative		tensor_representative	
15414	chr20	52429966	INS	True	True	no_candidate	I1_allele_fully_in_graph	no_candidate	I1_allele_fully_in_graph
15415	chr20	52458259	DEL	True	True	no_candidate	I1_allele_fully_in_graph	no_candidate	I1_allele_fully_in_graph
15417	chr20	52483968	DEL	True	False	filtered		no_candidate	I2_partly_in_graph_residual_edit
15418	chr20	52496596	DEL	True	True	tensor_representative		tensor_representative	
15421	chr20	53240786	DEL	True	True	tensor_representative		tensor_representative	
15425	chr20	53501524	DEL	True	False	no_candidate	I3_grch38_path_different_edit	filtered	
15428	chr20	54148369	INS	True	True	no_candidate	I2_partly_in_graph_residual_edit	no_candidate	I2_partly_in_graph_residual_edit
15430	chr20	54376170	INS	True	True	tensor_representative		tensor_representative	
15431	chr20	54418398	INS	True	True	no_candidate	I1_allele_fully_in_graph	no_candidate	I1_allele_fully_in_graph
15433	chr20	54449024	DEL	True	True	tensor_representative		tensor_representative	
15440	chr20	54969217	INS	True	True	tensor_representative		tensor_representative	
15442	chr20	55092728	INS	True	True	no_candidate	I1_allele_fully_in_graph	no_candidate	I1_allele_fully_in_graph
15443	chr20	55142424	DEL	True	False	no_candidate	I1_allele_fully_in_graph	no_candidate	I1_allele_fully_in_graph
15444	chr20	55151592	INS	True	True	no_candidate	I1_allele_fully_in_graph	no_candidate	I1_allele_fully_in_graph
15446	chr20	55280003	DEL	True	True	filtered		filtered	
15447	chr20	55290373	INS	True	True	filtered		filtered	
15450	chr20	55421622	DEL	True	True	tensor_representative		tensor_representative	
15451	chr20	55428886	INS	True	True	tensor_representative		tensor_representative	
15452	chr20	55631779	INS	True	True	no_candidate	I1_allele_fully_in_graph	no_candidate	I1_allele_fully_in_graph
15453	chr20	55759740	INS	True	True	no_candidate	I1_allele_fully_in_graph	no_candidate	I1_allele_fully_in_graph
15454	chr20	55831682	INS	True	True	tensor_representative		tensor_representative	
15455	chr20	55984228	INS	True	False	tensor_representative		tensor_representative	
15456	chr20	56079348	DEL	True	False	filtered		tensor_non_representative_allele	
15457	chr20	56136275	DEL	True	True	filtered		filtered	
15460	chr20	56638659	INS	True	True	filtered		filtered	
15461	chr20	56649226	INS	True	True	tensor_representative		tensor_representative	
15462	chr20	56651359	DEL	True	True	tensor_representative		tensor_representative	
15463	chr20	56675084	DEL	True	True	tensor_representative		tensor_representative	
15465	chr20	56806511	INS	True	True	tensor_representative		tensor_representative	
15471	chr20	57669142	INS	True	True	no_candidate	I1_allele_fully_in_graph	no_candidate	I1_allele_fully_in_graph
15478	chr20	58511661	INS	True	True	tensor_representative		tensor_representative	
15479	chr20	58528188	INS	True	True	no_candidate	I1_allele_fully_in_graph	no_candidate	I1_allele_fully_in_graph
15481	chr20	58872348	INS	True	True	filtered		no_candidate	I2_partly_in_graph_residual_edit
15485	chr20	59510112	INS	True	True	filtered		filtered	
15489	chr20	60338203	INS	True	True	no_candidate	I1_allele_fully_in_graph	filtered	
15490	chr20	60419702	DEL	True	True	no_candidate	I2_partly_in_graph_residual_edit	no_candidate	I2_partly_in_graph_residual_edit
15494	chr20	60730313	DEL	True	True	tensor_representative		tensor_representative	
15495	chr20	60781828	DEL	True	True	no_candidate	I2_partly_in_graph_residual_edit	no_candidate	I2_partly_in_graph_residual_edit
15498	chr20	61025952	DEL	True	False	tensor_representative		tensor_representative	
15499	chr20	61049405	INS	True	True	filtered		no_candidate	I1_allele_fully_in_graph
15501	chr20	61325222	DEL	True	True	tensor_representative		tensor_representative	
15503	chr20	61447323	DEL	True	True	filtered		filtered	
15508	chr20	62521837	INS	True	True	filtered		tensor_non_representative_allele	
15513	chr20	62791160	INS	True	True	no_candidate	I2_partly_in_graph_residual_edit	no_candidate	I2_partly_in_graph_residual_edit
15514	chr20	63015332	DEL	True	True	tensor_representative		tensor_representative	
15524	chr21	13075630	DEL	True	True	tensor_representative		tensor_representative	
15526	chr21	13330584	DEL	True	True	no_candidate	I7_unclear	no_candidate	I7_unclear
15527	chr21	13342362	INS	True	True	no_candidate	I1_allele_fully_in_graph	no_candidate	I2_partly_in_graph_residual_edit
15530	chr21	13579671	DEL	True	True	tensor_representative		tensor_representative	
15533	chr21	15959434	INS	True	True	tensor_representative		tensor_representative	
15535	chr21	16197130	DEL	True	True	tensor_representative		tensor_representative	
15536	chr21	16249768	INS	True	True	no_candidate	I2_partly_in_graph_residual_edit	no_candidate	I2_partly_in_graph_residual_edit
15537	chr21	16413142	INS	True	True	no_candidate	I2_partly_in_graph_residual_edit	no_candidate	I2_partly_in_graph_residual_edit
15540	chr21	16772096	INS	True	True	filtered		filtered	
15541	chr21	16880536	INS	True	True	tensor_representative		tensor_representative	
15554	chr21	20199489	INS	True	True	no_candidate	I1_allele_fully_in_graph	no_candidate	I1_allele_fully_in_graph
15555	chr21	20535560	INS	True	True	no_candidate	I2_partly_in_graph_residual_edit	no_candidate	I2_partly_in_graph_residual_edit
15556	chr21	20549005	INS	True	True	no_candidate	I2_partly_in_graph_residual_edit	no_candidate	I2_partly_in_graph_residual_edit
15559	chr21	20655508	INS	True	True	tensor_representative		tensor_representative	
15560	chr21	20709268	DEL	True	True	no_candidate	I1_allele_fully_in_graph	filtered	
15561	chr21	20979445	INS	True	True	tensor_representative		tensor_representative	
15563	chr21	21304328	INS	True	True	tensor_representative		tensor_representative	
15564	chr21	21431046	INS	True	True	tensor_representative		tensor_representative	
15565	chr21	21479583	DEL	True	True	tensor_representative		tensor_representative	
15570	chr21	21934883	INS	True	True	no_candidate	I1_allele_fully_in_graph	no_candidate	I1_allele_fully_in_graph
15573	chr21	22169135	DEL	True	True	tensor_representative		tensor_representative	
15575	chr21	22269976	INS	True	True	no_candidate	I2_partly_in_graph_residual_edit	no_candidate	I2_partly_in_graph_residual_edit
15576	chr21	22278106	INS	True	True	no_candidate	I2_partly_in_graph_residual_edit	no_candidate	I2_partly_in_graph_residual_edit
15578	chr21	22488220	DEL	True	True	tensor_representative		tensor_representative	
15579	chr21	22513937	DEL	True	True	no_candidate	I3_grch38_path_different_edit	tensor_non_representative_allele	
15582	chr21	23392613	INS	True	True	filtered		filtered	
15583	chr21	23404290	DEL	True	True	no_candidate	I1_allele_fully_in_graph	filtered	
15584	chr21	23593602	DEL	True	True	tensor_representative		filtered	
15585	chr21	23624512	DEL	True	True	tensor_representative		tensor_representative	
15586	chr21	23758056	INS	True	True	no_candidate	I2_partly_in_graph_residual_edit	no_candidate	I2_partly_in_graph_residual_edit
15587	chr21	24101785	DEL	True	True	no_candidate	I2_partly_in_graph_residual_edit	no_candidate	I2_partly_in_graph_residual_edit
15589	chr21	24186994	INS	True	True	tensor_representative		tensor_representative	
15590	chr21	24341059	DEL	True	True	no_candidate	I2_partly_in_graph_residual_edit	no_candidate	I2_partly_in_graph_residual_edit
15591	chr21	24427690	DEL	True	True	tensor_representative		tensor_representative	
15592	chr21	24499123	INS	True	True	tensor_representative		tensor_representative	
15593	chr21	24765823	INS	True	True	no_candidate	I1_allele_fully_in_graph	no_candidate	I1_allele_fully_in_graph
15596	chr21	24891964	INS	True	True	no_candidate	I2_partly_in_graph_residual_edit	no_candidate	I2_partly_in_graph_residual_edit
15598	chr21	25018810	INS	True	True	tensor_representative		tensor_representative	
15601	chr21	25372824	INS	True	True	tensor_non_representative_allele		tensor_non_representative_allele	
15606	chr21	26439806	INS	True	True	tensor_non_representative_allele		tensor_non_representative_allele	
15609	chr21	26630704	INS	True	True	no_candidate	I1_allele_fully_in_graph	no_candidate	I1_allele_fully_in_graph
15610	chr21	26727777	INS	True	True	filtered		tensor_representative	
15611	chr21	26976088	INS	True	True	no_candidate	I1_allele_fully_in_graph	no_candidate	I1_allele_fully_in_graph
15613	chr21	27385909	DEL	True	True	filtered		filtered	
15616	chr21	27502255	DEL	True	True	no_candidate	I2_partly_in_graph_residual_edit	no_candidate	I2_partly_in_graph_residual_edit
15617	chr21	27656003	DEL	True	True	no_candidate	I2_partly_in_graph_residual_edit	no_candidate	I2_partly_in_graph_residual_edit
15619	chr21	27961775	INS	True	True	tensor_representative		tensor_representative	
15620	chr21	28135931	DEL	True	True	tensor_representative		tensor_representative	
15622	chr21	28850217	INS	True	True	no_candidate	I2_partly_in_graph_residual_edit	no_candidate	I2_partly_in_graph_residual_edit
15624	chr21	29658121	INS	True	True	tensor_representative		tensor_representative	
15626	chr21	29871760	INS	True	True	filtered		no_candidate	I1_allele_fully_in_graph
15627	chr21	29962869	INS	True	True	tensor_non_representative_allele		tensor_non_representative_allele	
15629	chr21	30228838	INS	True	True	tensor_representative		tensor_representative	
15630	chr21	30235159	DEL	True	True	tensor_representative		tensor_representative	
15634	chr21	30631724	DEL	True	True	tensor_representative		tensor_representative	
15635	chr21	31091877	DEL	True	True	tensor_non_representative_allele		tensor_non_representative_allele	
15636	chr21	31430225	INS	True	True	no_candidate	I1_allele_fully_in_graph	no_candidate	I1_allele_fully_in_graph
15637	chr21	31686203	INS	True	True	tensor_representative		tensor_representative	
15638	chr21	31798672	INS	True	True	filtered		tensor_representative	
15639	chr21	32482854	INS	True	True	filtered		filtered	
15640	chr21	32892761	DEL	True	True	tensor_representative		tensor_representative	
15642	chr21	33007080	DEL	True	True	no_candidate	I2_partly_in_graph_residual_edit	no_candidate	I2_partly_in_graph_residual_edit
15643	chr21	33107255	INS	True	True	tensor_representative		no_candidate	I1_allele_fully_in_graph
15644	chr21	33166177	DEL	True	True	no_candidate	I1_allele_fully_in_graph	no_candidate	I2_partly_in_graph_residual_edit
15645	chr21	34418500	DEL	True	True	no_candidate	I5_low_mapq_or_no_reads	no_candidate	I5_low_mapq_or_no_reads
15652	chr21	36770141	INS	True	True	tensor_non_representative_allele		tensor_non_representative_allele	
15654	chr21	36980026	INS	True	True	filtered		filtered	
15655	chr21	37308515	DEL	True	True	no_candidate	I4_no_or_few_alt_reads	no_candidate	I4_no_or_few_alt_reads
15659	chr21	37308538	INS	True	True	no_candidate	I1_allele_fully_in_graph	no_candidate	I1_allele_fully_in_graph
15660	chr21	37616590	INS	True	True	no_candidate	I2_partly_in_graph_residual_edit	no_candidate	I2_partly_in_graph_residual_edit
15662	chr21	37645963	INS	True	True	no_candidate	I3_grch38_path_different_edit	no_candidate	I3_grch38_path_different_edit
15665	chr21	37764383	INS	True	True	no_candidate	I1_allele_fully_in_graph	no_candidate	I1_allele_fully_in_graph
15667	chr21	38480591	INS	True	True	no_candidate	I2_partly_in_graph_residual_edit	no_candidate	I2_partly_in_graph_residual_edit
15672	chr21	39745056	DEL	True	True	no_candidate	I1_allele_fully_in_graph	no_candidate	I1_allele_fully_in_graph
15673	chr21	39809976	INS	True	True	no_candidate	I1_allele_fully_in_graph	no_candidate	I1_allele_fully_in_graph
15674	chr21	39889411	INS	True	True	tensor_representative		tensor_representative	
15675	chr21	39962365	DEL	True	True	no_candidate	I2_partly_in_graph_residual_edit	no_candidate	I2_partly_in_graph_residual_edit
15678	chr21	40205602	DEL	True	True	tensor_representative		tensor_representative	
15679	chr21	40206686	INS	True	True	tensor_representative		tensor_representative	
15680	chr21	40246354	DEL	True	True	tensor_representative		tensor_non_representative_allele	
15681	chr21	40347298	DEL	True	True	tensor_representative		tensor_representative	
15683	chr21	40642042	DEL	True	True	tensor_representative		tensor_representative	
15685	chr21	40797946	INS	True	True	tensor_representative		tensor_representative	
15686	chr21	40803776	DEL	True	True	tensor_representative		tensor_representative	
15687	chr21	40817086	INS	True	True	filtered		filtered	
15697	chr21	43133347	INS	True	True	no_candidate	I5_low_mapq_or_no_reads	no_candidate	I5_low_mapq_or_no_reads
15698	chr21	43990947	INS	True	True	no_candidate	I1_allele_fully_in_graph	no_candidate	I1_allele_fully_in_graph
15699	chr21	44599134	INS	True	True	no_candidate	I2_partly_in_graph_residual_edit	no_candidate	I2_partly_in_graph_residual_edit
15700	chr21	45231472	INS	True	True	tensor_representative		tensor_representative	
15703	chr21	46099889	INS	True	True	no_candidate	I2_partly_in_graph_residual_edit	no_candidate	I2_partly_in_graph_residual_edit
15704	chr21	46102706	INS	True	True	tensor_non_representative_allele		tensor_non_representative_allele	
15705	chr21	46630072	INS	True	True	tensor_representative		tensor_representative	
15707	chr22	16102487	INS	True	True	no_candidate	I1_allele_fully_in_graph	no_candidate	I1_allele_fully_in_graph
15709	chr22	17534857	INS	True	True	tensor_representative		tensor_representative	
15710	chr22	17649101	INS	True	True	tensor_representative		tensor_representative	
15712	chr22	17886988	INS	True	True	filtered		no_candidate	I1_allele_fully_in_graph
15713	chr22	18218015	INS	True	True	no_candidate	I5_low_mapq_or_no_reads	no_candidate	I5_low_mapq_or_no_reads
15714	chr22	19158130	DEL	True	True	tensor_representative		tensor_representative	
15719	chr22	21166632	INS	True	True	no_candidate	I1_allele_fully_in_graph	no_candidate	I1_allele_fully_in_graph
15723	chr22	22467500	DEL	True	True	tensor_representative		tensor_representative	
15724	chr22	22526055	INS	True	True	no_candidate	I1_allele_fully_in_graph	no_candidate	I1_allele_fully_in_graph
15725	chr22	22551642	INS	True	True	no_candidate	I1_allele_fully_in_graph	no_candidate	I1_allele_fully_in_graph
15727	chr22	23065534	INS	True	True	filtered		filtered	
15728	chr22	23421678	DEL	True	True	tensor_representative		tensor_representative	
15730	chr22	23724788	INS	True	True	tensor_representative		tensor_representative	
15733	chr22	24757079	DEL	True	True	no_candidate	I2_partly_in_graph_residual_edit	no_candidate	I2_partly_in_graph_residual_edit
15735	chr22	25019599	INS	True	True	tensor_representative		tensor_representative	
15736	chr22	25251412	DEL	True	True	no_candidate	I1_allele_fully_in_graph	filtered	
15737	chr22	25276189	INS	True	True	tensor_representative		tensor_representative	
15739	chr22	25644135	INS	True	True	tensor_representative		tensor_representative	
15740	chr22	25739535	INS	True	True	tensor_representative		tensor_representative	
15741	chr22	25989626	DEL	True	True	no_candidate	I2_partly_in_graph_residual_edit	no_candidate	I2_partly_in_graph_residual_edit
15743	chr22	26115859	INS	True	True	tensor_representative		tensor_representative	
15746	chr22	28895666	INS	True	True	tensor_representative		tensor_representative	
15747	chr22	29801264	DEL	True	True	tensor_representative		tensor_representative	
15750	chr22	30357668	DEL	True	True	tensor_representative		tensor_non_representative_allele	
15752	chr22	31012515	INS	True	True	tensor_non_representative_allele		tensor_non_representative_allele	
15753	chr22	31113936	DEL	True	True	tensor_representative		tensor_representative	
15755	chr22	32027479	INS	True	True	filtered		filtered	
15759	chr22	33967530	INS	True	True	filtered		no_candidate	I1_allele_fully_in_graph
15761	chr22	34137118	INS	True	True	no_candidate	I1_allele_fully_in_graph	no_candidate	I1_allele_fully_in_graph
15762	chr22	34151456	INS	True	True	no_candidate	I2_partly_in_graph_residual_edit	no_candidate	I2_partly_in_graph_residual_edit
15763	chr22	34181554	INS	True	True	tensor_representative		tensor_representative	
15765	chr22	34629893	INS	True	True	tensor_non_representative_allele		tensor_non_representative_allele	
15766	chr22	34656953	DEL	True	True	tensor_representative		tensor_representative	
15767	chr22	34701843	DEL	True	True	no_candidate	I2_partly_in_graph_residual_edit	no_candidate	I2_partly_in_graph_residual_edit
15768	chr22	34786768	DEL	True	True	no_candidate	I4_no_or_few_alt_reads	no_candidate	I4_no_or_few_alt_reads
15769	chr22	34786833	INS	True	True	no_candidate	I2_partly_in_graph_residual_edit	no_candidate	I2_partly_in_graph_residual_edit
15773	chr22	35145223	DEL	True	True	tensor_representative		tensor_representative	
15774	chr22	35364770	INS	True	True	no_candidate	I1_allele_fully_in_graph	no_candidate	I1_allele_fully_in_graph
15775	chr22	35392717	INS	True	True	tensor_representative		tensor_representative	
15776	chr22	36509035	INS	True	True	tensor_representative		tensor_representative	
15779	chr22	36966317	DEL	True	True	tensor_representative		tensor_representative	
15780	chr22	37462372	DEL	True	True	tensor_representative		tensor_representative	
15781	chr22	37720000	INS	True	True	tensor_representative		tensor_representative	
15782	chr22	38196823	INS	True	True	no_candidate	I3_grch38_path_different_edit	no_candidate	I3_grch38_path_different_edit
15784	chr22	39046619	INS	True	True	tensor_representative		tensor_representative	
15785	chr22	39247888	DEL	True	True	no_candidate	I1_allele_fully_in_graph	no_candidate	I3_grch38_path_different_edit
15786	chr22	39553718	INS	True	True	no_candidate	I1_allele_fully_in_graph	no_candidate	I1_allele_fully_in_graph
15789	chr22	40704413	INS	True	True	no_candidate	I1_allele_fully_in_graph	no_candidate	I2_partly_in_graph_residual_edit
15791	chr22	41110282	DEL	True	True	tensor_representative		tensor_representative	
15792	chr22	41204790	DEL	True	True	no_candidate	I2_partly_in_graph_residual_edit	no_candidate	I2_partly_in_graph_residual_edit
15796	chr22	43078945	INS	True	True	no_candidate	I2_partly_in_graph_residual_edit	no_candidate	I2_partly_in_graph_residual_edit
15798	chr22	43574645	DEL	True	True	no_candidate	I1_allele_fully_in_graph	no_candidate	I1_allele_fully_in_graph
15799	chr22	43575358	DEL	True	True	filtered		filtered	
15800	chr22	43599509	DEL	True	True	no_candidate	I2_partly_in_graph_residual_edit	no_candidate	I2_partly_in_graph_residual_edit
15801	chr22	43784738	INS	True	True	tensor_representative		tensor_representative	
15802	chr22	43786947	INS	True	True	tensor_representative		tensor_representative	
15803	chr22	43897417	DEL	True	True	tensor_representative		tensor_representative	
15804	chr22	44142377	DEL	True	True	tensor_representative		tensor_representative	
15805	chr22	44623402	INS	True	True	filtered		tensor_non_representative_allele	
15806	chr22	45194052	INS	True	True	tensor_representative		tensor_representative	
15807	chr22	47097610	INS	True	True	tensor_representative		tensor_representative	
15814	chr22	48481350	INS	True	True	no_candidate	I2_partly_in_graph_residual_edit	no_candidate	I2_partly_in_graph_residual_edit
15817	chr22	48512944	DEL	True	True	no_candidate	I3_grch38_path_different_edit	no_candidate	I3_grch38_path_different_edit
15820	chr22	49066946	DEL	True	True	tensor_representative		tensor_non_representative_allele	
15825	chr22	49132751	DEL	True	True	no_candidate	I2_partly_in_graph_residual_edit	filtered	
15828	chr22	49389325	DEL	True	True	filtered		filtered	
15829	chr22	49443706	DEL	True	True	no_candidate	I2_partly_in_graph_residual_edit	no_candidate	I2_partly_in_graph_residual_edit
15832	chr22	49720929	INS	True	True	no_candidate	I2_partly_in_graph_residual_edit	no_candidate	I2_partly_in_graph_residual_edit
15834	chr22	50360350	INS	True	True	tensor_representative		tensor_representative	
15835	chr22	50669906	INS	True	True	tensor_representative		tensor_representative	
15836	chr4	980586	INS	True	True	tensor_representative		tensor_representative	
15837	chr4	2013540	DEL	True	True	filtered		tensor_representative	
15839	chr4	3456227	INS	True	True	tensor_representative		tensor_representative	
15842	chr4	4225566	INS	True	True	no_candidate	I1_allele_fully_in_graph	no_candidate	I1_allele_fully_in_graph
15845	chr4	4597324	DEL	True	True	filtered		filtered	
15847	chr4	5426692	DEL	True	True	tensor_representative		tensor_representative	
15848	chr4	5434454	INS	True	True	tensor_representative		tensor_representative	
15849	chr4	5782536	DEL	True	True	filtered		filtered	
15850	chr4	5801671	DEL	True	True	no_candidate	I2_partly_in_graph_residual_edit	no_candidate	I2_partly_in_graph_residual_edit
15854	chr4	6073077	INS	True	True	tensor_representative		tensor_representative	
15856	chr4	6798057	INS	True	True	tensor_representative		tensor_representative	
15857	chr4	7180800	INS	True	True	tensor_representative		tensor_representative	
15861	chr4	9646883	DEL	True	True	no_candidate	I1_allele_fully_in_graph	no_candidate	I1_allele_fully_in_graph
15862	chr4	9673633	INS	True	False	no_candidate	I4_no_or_few_alt_reads	no_candidate	I4_no_or_few_alt_reads
15864	chr4	10379364	INS	True	True	tensor_representative		tensor_representative	
15866	chr4	11142400	DEL	True	True	tensor_representative		tensor_representative	
15867	chr4	11746477	INS	True	True	tensor_representative		tensor_representative	
15868	chr4	11823962	DEL	True	True	tensor_representative		tensor_non_representative_allele	
15869	chr4	11884215	DEL	True	True	no_candidate	I1_allele_fully_in_graph	no_candidate	I1_allele_fully_in_graph
15870	chr4	11987026	DEL	True	True	tensor_representative		tensor_representative	
15873	chr4	12187456	DEL	True	True	tensor_representative		tensor_representative	
15874	chr4	12281702	DEL	True	True	tensor_representative		tensor_representative	
15882	chr4	14412764	DEL	True	True	filtered		no_candidate	I1_allele_fully_in_graph
15885	chr4	14796767	INS	True	True	no_candidate	I1_allele_fully_in_graph	no_candidate	I1_allele_fully_in_graph
15888	chr4	15081747	DEL	True	True	tensor_representative		tensor_representative	
15889	chr4	15328754	INS	True	True	tensor_representative		tensor_representative	
15890	chr4	15819367	INS	True	True	tensor_representative		tensor_representative	
15893	chr4	16336089	INS	True	True	no_candidate	I2_partly_in_graph_residual_edit	no_candidate	I2_partly_in_graph_residual_edit
15897	chr4	16864074	INS	True	True	tensor_representative		tensor_representative	
15898	chr4	16887032	INS	True	True	tensor_representative		tensor_representative	
15900	chr4	17174639	INS	True	True	no_candidate	I2_partly_in_graph_residual_edit	no_candidate	I2_partly_in_graph_residual_edit
15901	chr4	17263528	INS	True	True	tensor_representative		tensor_representative	
15902	chr4	17304709	INS	True	True	no_candidate	I1_allele_fully_in_graph	no_candidate	I1_allele_fully_in_graph
15903	chr4	17395172	DEL	True	True	no_candidate	I2_partly_in_graph_residual_edit	no_candidate	I2_partly_in_graph_residual_edit
15904	chr4	17433838	DEL	True	True	tensor_representative		tensor_representative	
15905	chr4	18343972	DEL	True	True	tensor_representative		tensor_representative	
15910	chr4	19162501	DEL	True	True	tensor_representative		tensor_representative	
15911	chr4	19434251	INS	True	True	no_candidate	I1_allele_fully_in_graph	no_candidate	I1_allele_fully_in_graph
15912	chr4	19772393	DEL	True	True	tensor_representative		tensor_representative	
15915	chr4	20291486	DEL	True	True	no_candidate	I2_partly_in_graph_residual_edit	no_candidate	I2_partly_in_graph_residual_edit
15916	chr4	20458088	INS	True	True	tensor_representative		tensor_representative	
15919	chr4	21396549	INS	True	True	no_candidate	I2_partly_in_graph_residual_edit	no_candidate	I2_partly_in_graph_residual_edit
15922	chr4	21475000	INS	True	True	tensor_representative		tensor_representative	
15923	chr4	21541180	INS	True	True	no_candidate	I2_partly_in_graph_residual_edit	no_candidate	I2_partly_in_graph_residual_edit
15925	chr4	22288057	DEL	True	True	filtered		tensor_representative	
15926	chr4	22300274	INS	True	True	filtered		filtered	
15930	chr4	22785570	INS	True	True	no_candidate	I1_allele_fully_in_graph	no_candidate	I1_allele_fully_in_graph
15931	chr4	23485788	INS	True	True	filtered		filtered	
15932	chr4	23890602	DEL	True	True	tensor_representative		tensor_representative	
15936	chr4	25449117	INS	True	True	filtered		no_candidate	I1_allele_fully_in_graph
15939	chr4	26109415	DEL	True	True	no_candidate	I1_allele_fully_in_graph	no_candidate	I1_allele_fully_in_graph
15940	chr4	26109460	INS	True	True	no_candidate	I2_partly_in_graph_residual_edit	no_candidate	I2_partly_in_graph_residual_edit
15943	chr4	26510953	DEL	True	True	tensor_representative		tensor_non_representative_allele	
15944	chr4	26885821	DEL	True	True	filtered		tensor_representative	
15945	chr4	27359609	DEL	True	True	tensor_representative		tensor_representative	
15949	chr4	28041765	INS	True	False	no_candidate	I2_partly_in_graph_residual_edit	no_candidate	I2_partly_in_graph_residual_edit
15950	chr4	28167409	INS	True	True	tensor_representative		tensor_representative	
15953	chr4	28517980	INS	True	True	no_candidate	I1_allele_fully_in_graph	no_candidate	I1_allele_fully_in_graph
15954	chr4	28596023	DEL	True	True	tensor_representative		tensor_representative	
15955	chr4	28599638	DEL	True	True	no_candidate	I2_partly_in_graph_residual_edit	no_candidate	I2_partly_in_graph_residual_edit
15957	chr4	28864346	DEL	True	True	tensor_representative		tensor_representative	
15958	chr4	28920542	DEL	True	True	tensor_representative		tensor_representative	
15960	chr4	29315666	INS	True	True	tensor_representative		tensor_representative	
15963	chr4	29600817	INS	True	True	filtered		filtered	
15965	chr4	30120744	DEL	True	True	tensor_representative		tensor_representative	
15966	chr4	30152712	DEL	True	True	tensor_representative		tensor_representative	
15967	chr4	30226660	DEL	True	True	tensor_non_representative_allele		tensor_non_representative_allele	
15968	chr4	30541291	INS	True	True	no_candidate	I2_partly_in_graph_residual_edit	no_candidate	I2_partly_in_graph_residual_edit
15971	chr4	31784181	INS	True	True	tensor_representative		tensor_representative	
15972	chr4	31833903	INS	True	True	no_candidate	I1_allele_fully_in_graph	no_candidate	I1_allele_fully_in_graph
15975	chr4	32432472	DEL	True	True	tensor_representative		tensor_representative	
15976	chr4	32683412	DEL	True	True	tensor_representative		tensor_representative	
15977	chr4	32793744	INS	True	True	no_candidate	I1_allele_fully_in_graph	no_candidate	I1_allele_fully_in_graph
15980	chr4	32993567	DEL	True	True	no_candidate	I1_allele_fully_in_graph	no_candidate	I1_allele_fully_in_graph
15985	chr4	33129391	INS	True	True	tensor_representative		tensor_representative	
15986	chr4	33294748	INS	True	True	tensor_representative		tensor_representative	
15988	chr4	33542334	INS	True	True	filtered		tensor_representative	
15989	chr4	33612385	DEL	True	True	tensor_representative		tensor_representative	
15990	chr4	33774463	DEL	True	True	tensor_representative		tensor_representative	
15992	chr4	34458870	DEL	True	True	tensor_representative		tensor_representative	
15995	chr4	34637170	DEL	True	True	tensor_representative		tensor_representative	
15997	chr4	35094636	INS	True	True	tensor_non_representative_allele		tensor_non_representative_allele	
16001	chr4	36670497	DEL	True	True	tensor_representative		tensor_representative	
16008	chr4	37208190	DEL	True	True	tensor_representative		tensor_representative	
16016	chr4	39430409	INS	True	True	no_candidate	I2_partly_in_graph_residual_edit	no_candidate	I2_partly_in_graph_residual_edit
16017	chr4	39494684	INS	True	True	no_candidate	I2_partly_in_graph_residual_edit	filtered	
16018	chr4	39530369	INS	True	True	tensor_representative		tensor_representative	
16021	chr4	40196692	INS	True	True	no_candidate	I1_allele_fully_in_graph	no_candidate	I1_allele_fully_in_graph
16022	chr4	40329667	INS	True	True	tensor_representative		tensor_representative	
16023	chr4	41700416	DEL	True	True	tensor_representative		tensor_representative	
16024	chr4	42168536	DEL	True	True	tensor_representative		tensor_representative	
16029	chr4	42980960	INS	True	True	tensor_representative		tensor_representative	
16030	chr4	43049788	DEL	True	True	no_candidate	I2_partly_in_graph_residual_edit	no_candidate	I2_partly_in_graph_residual_edit
16032	chr4	43264804	INS	True	True	no_candidate	I1_allele_fully_in_graph	no_candidate	I1_allele_fully_in_graph
16033	chr4	43289948	INS	True	True	no_candidate	I2_partly_in_graph_residual_edit	no_candidate	I2_partly_in_graph_residual_edit
16036	chr4	44007137	DEL	True	True	no_candidate	I1_allele_fully_in_graph	filtered	
16039	chr4	44403822	INS	True	True	tensor_representative		tensor_representative	
16041	chr4	44991088	DEL	True	True	no_candidate	I4_no_or_few_alt_reads	filtered	
16042	chr4	45439052	DEL	True	True	no_candidate	I1_allele_fully_in_graph	no_candidate	I1_allele_fully_in_graph
16043	chr4	45488439	DEL	True	True	tensor_representative		tensor_representative	
16046	chr4	45724740	DEL	True	True	no_candidate	I1_allele_fully_in_graph	no_candidate	I1_allele_fully_in_graph
16047	chr4	45868418	DEL	True	False	tensor_non_representative_allele		tensor_non_representative_allele	
16048	chr4	45871654	INS	True	True	filtered		filtered	
16050	chr4	46317789	DEL	True	True	tensor_representative		tensor_representative	
16051	chr4	46458230	INS	True	True	tensor_representative		tensor_representative	
16053	chr4	46723756	INS	True	True	tensor_representative		tensor_representative	
16055	chr4	46790004	INS	True	True	tensor_representative		tensor_representative	
16059	chr4	47474206	DEL	True	True	no_candidate	I3_grch38_path_different_edit	no_candidate	I3_grch38_path_different_edit
16060	chr4	47597351	INS	True	True	filtered		filtered	
16061	chr4	48377336	INS	True	True	filtered		filtered	
16062	chr4	48674736	INS	True	True	no_candidate	I1_allele_fully_in_graph	no_candidate	I1_allele_fully_in_graph
16064	chr4	53492506	INS	True	True	no_candidate	I2_partly_in_graph_residual_edit	no_candidate	I2_partly_in_graph_residual_edit
16065	chr4	53506856	INS	True	True	filtered		filtered	
16068	chr4	53995823	DEL	True	True	tensor_representative		tensor_representative	
16070	chr4	54954710	INS	True	True	no_candidate	I2_partly_in_graph_residual_edit	no_candidate	I2_partly_in_graph_residual_edit
16074	chr4	56786514	INS	True	True	no_candidate	I2_partly_in_graph_residual_edit	no_candidate	I2_partly_in_graph_residual_edit
16075	chr4	57084788	INS	True	True	filtered		filtered	
16077	chr4	57514457	INS	True	False	no_candidate	I1_allele_fully_in_graph	no_candidate	I1_allele_fully_in_graph
16078	chr4	57514464	INS	True	False	no_candidate	I1_allele_fully_in_graph	no_candidate	I1_allele_fully_in_graph
16081	chr4	57934763	DEL	True	True	tensor_representative		tensor_representative	
16084	chr4	58079730	DEL	True	True	tensor_representative		tensor_representative	
16086	chr4	58316435	DEL	True	True	tensor_representative		tensor_representative	
16089	chr4	58665244	INS	True	True	no_candidate	I1_allele_fully_in_graph	no_candidate	I1_allele_fully_in_graph
16090	chr4	58792816	INS	True	False	no_candidate	I1_allele_fully_in_graph	no_candidate	I1_allele_fully_in_graph
16091	chr4	58848881	INS	True	True	tensor_representative		tensor_representative	
16094	chr4	59348034	DEL	True	True	tensor_representative		tensor_representative	
16096	chr4	59755798	DEL	True	True	no_candidate	I2_partly_in_graph_residual_edit	no_candidate	I2_partly_in_graph_residual_edit
16097	chr4	59767809	INS	True	True	filtered		filtered	
16099	chr4	60019270	INS	True	True	tensor_representative		tensor_representative	
16100	chr4	60721195	DEL	True	True	tensor_representative		tensor_representative	
16101	chr4	60879745	INS	True	True	no_candidate	I1_allele_fully_in_graph	no_candidate	I1_allele_fully_in_graph
16102	chr4	61280107	INS	True	True	tensor_representative		tensor_representative	
16104	chr4	61629721	DEL	True	True	tensor_representative		tensor_non_representative_allele	
16105	chr4	61676722	DEL	True	True	tensor_representative		tensor_representative	
16106	chr4	61814226	DEL	True	True	tensor_representative		tensor_representative	
16107	chr4	61980306	INS	True	True	no_candidate	I1_allele_fully_in_graph	no_candidate	I1_allele_fully_in_graph
16108	chr4	62206274	DEL	True	True	filtered		tensor_non_representative_allele	
16110	chr4	62307552	INS	True	True	filtered		no_candidate	I1_allele_fully_in_graph
16112	chr4	62887953	DEL	True	True	no_candidate	I2_partly_in_graph_residual_edit	no_candidate	I2_partly_in_graph_residual_edit
16113	chr4	63045108	INS	True	True	tensor_representative		tensor_representative	
16116	chr4	63643307	INS	True	True	no_candidate	I2_partly_in_graph_residual_edit	no_candidate	I2_partly_in_graph_residual_edit
16117	chr4	63770018	DEL	True	True	filtered		tensor_non_representative_allele	
16118	chr4	63930991	DEL	True	True	no_candidate	I1_allele_fully_in_graph	filtered	
16121	chr4	64502047	DEL	True	True	tensor_representative		tensor_representative	
16122	chr4	64621249	INS	True	True	tensor_representative		tensor_representative	
16123	chr4	64678125	INS	True	True	no_candidate	I2_partly_in_graph_residual_edit	no_candidate	I2_partly_in_graph_residual_edit
16130	chr4	66324057	DEL	True	True	filtered		tensor_non_representative_allele	
16131	chr4	66333792	DEL	True	True	tensor_representative		tensor_representative	
16133	chr4	67015319	DEL	True	True	tensor_representative		tensor_representative	
16134	chr4	67206858	DEL	True	True	filtered		tensor_non_representative_allele	
16136	chr4	67990271	INS	True	True	no_candidate	I2_partly_in_graph_residual_edit	no_candidate	I2_partly_in_graph_residual_edit
16137	chr4	68113414	INS	True	True	filtered		filtered	
16139	chr4	68646729	INS	True	True	no_candidate	I4_no_or_few_alt_reads	no_candidate	I4_no_or_few_alt_reads
16141	chr4	69052545	INS	True	False	tensor_representative		tensor_representative	
16143	chr4	69461503	INS	True	True	tensor_representative		tensor_representative	
16147	chr4	70123948	INS	True	True	tensor_representative		tensor_representative	
16151	chr4	71867311	DEL	True	True	no_candidate	I1_allele_fully_in_graph	no_candidate	I1_allele_fully_in_graph
16154	chr4	72288099	DEL	True	True	tensor_representative		tensor_representative	
16156	chr4	72526733	DEL	True	True	no_candidate	I2_partly_in_graph_residual_edit	no_candidate	I2_partly_in_graph_residual_edit
16160	chr4	73492792	DEL	True	True	tensor_representative		tensor_representative	
16162	chr4	74186438	INS	True	True	no_candidate	I1_allele_fully_in_graph	no_candidate	I1_allele_fully_in_graph
16163	chr4	74443735	INS	True	True	no_candidate	I1_allele_fully_in_graph	no_candidate	I1_allele_fully_in_graph
16169	chr4	75870878	INS	True	True	no_candidate	I1_allele_fully_in_graph	no_candidate	I1_allele_fully_in_graph
16170	chr4	76528343	INS	True	True	tensor_representative		tensor_representative	
16171	chr4	77070325	INS	True	True	tensor_representative		tensor_representative	
16172	chr4	77103258	DEL	True	True	no_candidate	I2_partly_in_graph_residual_edit	tensor_non_representative_allele	
16173	chr4	77335987	DEL	True	True	tensor_representative		tensor_representative	
16174	chr4	77462426	INS	True	True	filtered		no_candidate	I2_partly_in_graph_residual_edit
16175	chr4	77617538	DEL	True	True	no_candidate	I2_partly_in_graph_residual_edit	no_candidate	I2_partly_in_graph_residual_edit
16176	chr4	77661277	DEL	True	True	tensor_representative		tensor_representative	
16177	chr4	78148139	INS	True	True	tensor_representative		tensor_representative	
16178	chr4	78538798	INS	True	True	tensor_representative		tensor_representative	
16181	chr4	79463337	INS	True	True	filtered		filtered	
16184	chr4	80629885	INS	True	True	filtered		no_candidate	I2_partly_in_graph_residual_edit
16186	chr4	80776874	INS	True	True	tensor_representative		tensor_representative	
16188	chr4	82164329	INS	True	True	no_candidate	I7_unclear	no_candidate	I7_unclear
16189	chr4	82492792	INS	True	True	tensor_representative		tensor_representative	
16191	chr4	82947235	INS	True	True	no_candidate	I1_allele_fully_in_graph	no_candidate	I1_allele_fully_in_graph
16193	chr4	84125542	INS	True	True	no_candidate	I2_partly_in_graph_residual_edit	no_candidate	I2_partly_in_graph_residual_edit
16194	chr4	84465029	DEL	True	True	tensor_representative		tensor_representative	
16195	chr4	84528267	INS	True	True	tensor_representative		tensor_representative	
16196	chr4	84568416	INS	True	True	filtered		filtered	
16197	chr4	85000666	INS	True	True	tensor_representative		tensor_representative	
16198	chr4	85449858	DEL	True	True	tensor_representative		tensor_representative	
16199	chr4	85461477	DEL	True	True	tensor_representative		tensor_representative	
16201	chr4	85930682	INS	True	True	tensor_representative		tensor_representative	
16204	chr4	87245790	INS	True	True	tensor_non_representative_allele		tensor_non_representative_allele	
16205	chr4	87586500	DEL	True	True	tensor_representative		tensor_representative	
16207	chr4	87643077	INS	True	True	no_candidate	I2_partly_in_graph_residual_edit	no_candidate	I2_partly_in_graph_residual_edit
16208	chr4	87742717	DEL	True	True	tensor_representative		tensor_representative	
16209	chr4	89123199	INS	True	True	no_candidate	I2_partly_in_graph_residual_edit	no_candidate	I2_partly_in_graph_residual_edit
16213	chr4	89580066	INS	True	True	filtered		no_candidate	I1_allele_fully_in_graph
16214	chr4	89605600	DEL	True	True	filtered		filtered	
16215	chr4	89667138	DEL	True	False	tensor_representative		tensor_representative	
16216	chr4	89791005	INS	True	True	no_candidate	I1_allele_fully_in_graph	no_candidate	I1_allele_fully_in_graph
16217	chr4	89956680	DEL	True	True	filtered		filtered	
16218	chr4	89986847	DEL	True	True	tensor_representative		tensor_representative	
16219	chr4	90037140	DEL	True	True	no_candidate	I1_allele_fully_in_graph	no_candidate	I2_partly_in_graph_residual_edit
16224	chr4	90551706	INS	True	True	no_candidate	I2_partly_in_graph_residual_edit	no_candidate	I2_partly_in_graph_residual_edit
16229	chr4	91411491	INS	True	True	no_candidate	I1_allele_fully_in_graph	no_candidate	I1_allele_fully_in_graph
16230	chr4	91733853	DEL	True	True	filtered		tensor_non_representative_allele	
16231	chr4	92510858	INS	True	True	filtered		filtered	
16233	chr4	92596696	DEL	True	True	tensor_representative		tensor_representative	
16234	chr4	92961379	DEL	True	True	tensor_representative		tensor_representative	
16235	chr4	93145470	DEL	True	True	filtered		filtered	
16236	chr4	93178380	INS	True	True	no_candidate	I1_allele_fully_in_graph	no_candidate	I1_allele_fully_in_graph
16241	chr4	94053549	INS	True	True	tensor_representative		tensor_representative	
16245	chr4	95679697	INS	True	True	no_candidate	I1_allele_fully_in_graph	no_candidate	I1_allele_fully_in_graph
16247	chr4	96054199	DEL	True	True	tensor_representative		tensor_representative	
16248	chr4	96397314	DEL	True	True	tensor_representative		tensor_representative	
16249	chr4	96544557	DEL	True	True	filtered		tensor_representative	
16251	chr4	96897895	DEL	True	True	tensor_representative		tensor_representative	
16253	chr4	97526188	INS	True	True	tensor_representative		tensor_representative	
16255	chr4	97616036	INS	True	True	filtered		filtered	
16256	chr4	97993545	DEL	True	True	filtered		tensor_representative	
16258	chr4	98955613	INS	True	True	filtered		filtered	
16259	chr4	99384656	INS	True	True	tensor_representative		tensor_representative	
16262	chr4	100750620	DEL	True	True	tensor_representative		tensor_representative	
16264	chr4	101584981	DEL	True	True	tensor_representative		tensor_representative	
16265	chr4	101606203	DEL	True	True	tensor_representative		tensor_representative	
16268	chr4	101724962	INS	True	True	tensor_representative		tensor_representative	
16269	chr4	101830244	DEL	True	True	no_candidate	I1_allele_fully_in_graph	no_candidate	I1_allele_fully_in_graph
16272	chr4	103965132	DEL	True	True	tensor_representative		tensor_representative	
16273	chr4	103997055	DEL	True	True	tensor_representative		tensor_representative	
16274	chr4	104015325	INS	True	True	tensor_representative		tensor_representative	
16275	chr4	104053487	INS	True	True	tensor_representative		tensor_representative	
16280	chr4	104581091	INS	True	True	tensor_non_representative_allele		tensor_non_representative_allele	
16282	chr4	105388834	DEL	True	True	no_candidate	I1_allele_fully_in_graph	no_candidate	I1_allele_fully_in_graph
16283	chr4	105508740	DEL	True	True	no_candidate	I1_allele_fully_in_graph	no_candidate	I1_allele_fully_in_graph
16284	chr4	106363883	INS	True	True	filtered		tensor_representative	
16285	chr4	106835613	INS	True	True	no_candidate	I1_allele_fully_in_graph	no_candidate	I2_partly_in_graph_residual_edit
16287	chr4	107052430	INS	True	True	no_candidate	I1_allele_fully_in_graph	no_candidate	I1_allele_fully_in_graph
16288	chr4	107407539	INS	True	True	filtered		filtered	
16289	chr4	108036650	INS	True	True	no_candidate	I1_allele_fully_in_graph	no_candidate	I1_allele_fully_in_graph
16290	chr4	108252474	DEL	True	True	no_candidate	I1_allele_fully_in_graph	no_candidate	I1_allele_fully_in_graph
16291	chr4	108350215	DEL	True	True	tensor_representative		tensor_non_representative_allele	
16294	chr4	108442079	INS	True	True	no_candidate	I1_allele_fully_in_graph	no_candidate	I1_allele_fully_in_graph
16296	chr4	108667005	INS	True	True	tensor_representative		tensor_representative	
16297	chr4	108807815	INS	True	True	no_candidate	I1_allele_fully_in_graph	no_candidate	I2_partly_in_graph_residual_edit
16298	chr4	108843148	DEL	True	True	no_candidate	I2_partly_in_graph_residual_edit	no_candidate	I2_partly_in_graph_residual_edit
16299	chr4	109285028	INS	True	True	tensor_representative		tensor_representative	
16300	chr4	109297862	INS	True	True	tensor_representative		tensor_representative	
16302	chr4	110212439	INS	True	True	tensor_non_representative_allele		tensor_non_representative_allele	
16305	chr4	110491718	INS	True	True	tensor_representative		tensor_representative	
16307	chr4	110581279	INS	True	True	no_candidate	I1_allele_fully_in_graph	no_candidate	I1_allele_fully_in_graph
16308	chr4	110728938	INS	True	True	no_candidate	I2_partly_in_graph_residual_edit	no_candidate	I2_partly_in_graph_residual_edit
16309	chr4	110842030	DEL	True	True	tensor_representative		tensor_representative	
16311	chr4	111180857	DEL	True	True	tensor_representative		tensor_representative	
16313	chr4	111597438	INS	True	True	no_candidate	I2_partly_in_graph_residual_edit	no_candidate	I2_partly_in_graph_residual_edit
16314	chr4	111598835	INS	True	True	no_candidate	I1_allele_fully_in_graph	no_candidate	I1_allele_fully_in_graph
16315	chr4	111777268	INS	True	True	no_candidate	I2_partly_in_graph_residual_edit	no_candidate	I2_partly_in_graph_residual_edit
16317	chr4	112074093	DEL	True	True	tensor_representative		tensor_representative	
16318	chr4	112496045	INS	True	True	no_candidate	I1_allele_fully_in_graph	no_candidate	I1_allele_fully_in_graph
16319	chr4	112845322	INS	True	True	no_candidate	I1_allele_fully_in_graph	no_candidate	I1_allele_fully_in_graph
16320	chr4	112885796	DEL	True	True	tensor_representative		tensor_representative	
16321	chr4	112951081	INS	True	True	no_candidate	I1_allele_fully_in_graph	no_candidate	I1_allele_fully_in_graph
16323	chr4	113190478	INS	True	True	tensor_representative		tensor_representative	
16328	chr4	114821152	INS	True	True	filtered		filtered	
16329	chr4	114933432	DEL	True	True	tensor_representative		tensor_representative	
16331	chr4	115407735	INS	True	True	tensor_representative		tensor_representative	
16333	chr4	115579540	DEL	True	True	tensor_representative		tensor_representative	
16336	chr4	116178393	INS	True	True	no_candidate	I2_partly_in_graph_residual_edit	no_candidate	I2_partly_in_graph_residual_edit
16338	chr4	116226725	INS	True	True	tensor_representative		tensor_representative	
16339	chr4	116496539	INS	True	True	tensor_representative		tensor_representative	
16340	chr4	116551069	INS	True	True	tensor_representative		tensor_representative	
16342	chr4	117009625	DEL	True	True	filtered		tensor_representative	
16344	chr4	117784568	INS	True	True	no_candidate	I2_partly_in_graph_residual_edit	no_candidate	I2_partly_in_graph_residual_edit
16346	chr4	119237554	INS	True	True	no_candidate	I2_partly_in_graph_residual_edit	no_candidate	I2_partly_in_graph_residual_edit
16348	chr4	120224631	INS	True	False	no_candidate	I1_allele_fully_in_graph	no_candidate	I1_allele_fully_in_graph
16349	chr4	120407578	INS	True	True	filtered		filtered	
16350	chr4	120527711	INS	True	True	tensor_representative		tensor_representative	
16352	chr4	120658636	INS	True	True	tensor_representative		tensor_representative	
16355	chr4	121081914	INS	True	False	no_candidate	I1_allele_fully_in_graph	no_candidate	I1_allele_fully_in_graph
16358	chr4	121877778	DEL	True	True	no_candidate	I2_partly_in_graph_residual_edit	no_candidate	I2_partly_in_graph_residual_edit
16359	chr4	122149305	INS	True	True	tensor_non_representative_allele		tensor_non_representative_allele	
16360	chr4	122448712	DEL	True	True	filtered		filtered	
16361	chr4	122921616	DEL	True	True	no_candidate	I1_allele_fully_in_graph	no_candidate	I1_allele_fully_in_graph
16363	chr4	124644423	INS	True	True	no_candidate	I2_partly_in_graph_residual_edit	no_candidate	I2_partly_in_graph_residual_edit
16364	chr4	124926061	DEL	True	True	no_candidate	I3_grch38_path_different_edit	tensor_representative	
16365	chr4	124971321	INS	True	True	tensor_representative		no_candidate	I1_allele_fully_in_graph
16375	chr4	126704477	DEL	True	True	tensor_representative		tensor_representative	
16376	chr4	126730977	DEL	True	True	tensor_representative		tensor_representative	
16377	chr4	126905501	DEL	True	True	tensor_representative		tensor_representative	
16378	chr4	127086270	INS	True	True	filtered		filtered	
16379	chr4	127570152	DEL	True	True	tensor_representative		tensor_representative	
16381	chr4	128091599	INS	True	True	tensor_representative		tensor_representative	
16382	chr4	128744745	INS	True	True	tensor_representative		tensor_representative	
16383	chr4	128783188	INS	True	True	no_candidate	I1_allele_fully_in_graph	no_candidate	I1_allele_fully_in_graph
16384	chr4	129260239	DEL	True	True	no_candidate	I2_partly_in_graph_residual_edit	no_candidate	I2_partly_in_graph_residual_edit
16388	chr4	129656378	INS	True	True	no_candidate	I1_allele_fully_in_graph	no_candidate	I1_allele_fully_in_graph
16389	chr4	129772584	INS	True	True	no_candidate	I2_partly_in_graph_residual_edit	no_candidate	I2_partly_in_graph_residual_edit
16391	chr4	129945779	DEL	True	True	filtered		tensor_representative	
16392	chr4	129973772	INS	True	True	no_candidate	I1_allele_fully_in_graph	no_candidate	I1_allele_fully_in_graph
16394	chr4	130535602	INS	True	True	no_candidate	I1_allele_fully_in_graph	no_candidate	I1_allele_fully_in_graph
16399	chr4	131220257	DEL	True	True	tensor_representative		tensor_non_representative_allele	
16403	chr4	131592775	INS	True	True	tensor_representative		tensor_representative	
16404	chr4	131611581	DEL	True	True	tensor_representative		tensor_representative	
16405	chr4	131702766	INS	True	True	no_candidate	I1_allele_fully_in_graph	no_candidate	I1_allele_fully_in_graph
16406	chr4	131863153	DEL	True	True	tensor_representative		tensor_representative	
16408	chr4	132309531	INS	True	True	no_candidate	I1_allele_fully_in_graph	no_candidate	I1_allele_fully_in_graph
16410	chr4	132340527	INS	True	True	no_candidate	I1_allele_fully_in_graph	no_candidate	I1_allele_fully_in_graph
16412	chr4	132410759	DEL	True	True	tensor_representative		tensor_representative	
16415	chr4	132718229	INS	True	True	no_candidate	I1_allele_fully_in_graph	no_candidate	I1_allele_fully_in_graph
16420	chr4	133478957	DEL	True	True	tensor_representative		tensor_representative	
16421	chr4	133499949	DEL	True	True	tensor_representative		tensor_representative	
16424	chr4	133577577	INS	True	True	tensor_representative		tensor_representative	
16426	chr4	133731278	INS	True	True	filtered		tensor_representative	
16427	chr4	134024923	DEL	True	True	tensor_representative		tensor_representative	
16428	chr4	134079578	INS	True	True	tensor_representative		tensor_representative	
16430	chr4	134345829	DEL	True	True	tensor_representative		tensor_representative	
16431	chr4	134362031	INS	True	True	no_candidate	I2_partly_in_graph_residual_edit	no_candidate	I2_partly_in_graph_residual_edit
16432	chr4	134365989	INS	True	True	tensor_representative		tensor_representative	
16433	chr4	134487037	DEL	True	True	tensor_representative		tensor_representative	
16438	chr4	135734229	INS	True	True	filtered		tensor_representative	
16439	chr4	135827818	DEL	True	True	tensor_representative		tensor_representative	
16441	chr4	135923958	DEL	True	True	tensor_representative		tensor_representative	
16442	chr4	136048792	INS	True	True	tensor_representative		no_candidate	I1_allele_fully_in_graph
16445	chr4	136153727	INS	True	True	no_candidate	I1_allele_fully_in_graph	no_candidate	I1_allele_fully_in_graph
16446	chr4	136170243	INS	True	True	tensor_representative		tensor_representative	
16447	chr4	136217493	INS	True	True	tensor_representative		tensor_representative	
16449	chr4	136373036	INS	True	True	tensor_representative		tensor_representative	
16451	chr4	136785854	INS	True	True	no_candidate	I1_allele_fully_in_graph	no_candidate	I1_allele_fully_in_graph
16452	chr4	136913411	INS	True	True	no_candidate	I1_allele_fully_in_graph	no_candidate	I1_allele_fully_in_graph
16455	chr4	137951945	DEL	True	True	filtered		filtered	
16456	chr4	138298119	INS	True	True	filtered		tensor_non_representative_allele	
16458	chr4	138571705	DEL	True	True	no_candidate	I1_allele_fully_in_graph	no_candidate	I1_allele_fully_in_graph
16459	chr4	138748170	INS	True	True	tensor_representative		tensor_representative	
16460	chr4	139229099	INS	True	True	tensor_representative		tensor_representative	
16462	chr4	139885932	DEL	True	True	tensor_representative		tensor_representative	
16463	chr4	140496837	INS	True	True	filtered		filtered	
16466	chr4	142720807	INS	True	True	no_candidate	I2_partly_in_graph_residual_edit	no_candidate	I1_allele_fully_in_graph
16469	chr4	143055308	INS	True	True	no_candidate	I1_allele_fully_in_graph	no_candidate	I1_allele_fully_in_graph
16471	chr4	143318871	DEL	True	True	filtered		tensor_non_representative_allele	
16472	chr4	143577120	INS	True	True	no_candidate	I2_partly_in_graph_residual_edit	no_candidate	I2_partly_in_graph_residual_edit
16474	chr4	143957040	DEL	True	True	no_candidate	I2_partly_in_graph_residual_edit	no_candidate	I2_partly_in_graph_residual_edit
16475	chr4	144116073	DEL	True	True	tensor_representative		tensor_representative	
16476	chr4	144158703	INS	True	True	no_candidate	I2_partly_in_graph_residual_edit	no_candidate	I2_partly_in_graph_residual_edit
16477	chr4	144167043	DEL	True	True	tensor_representative		tensor_representative	
16482	chr4	145573152	INS	True	True	filtered		tensor_representative	
16483	chr4	145745320	DEL	True	True	no_candidate	I2_partly_in_graph_residual_edit	filtered	
16486	chr4	146592038	DEL	True	True	filtered		tensor_non_representative_allele	
16487	chr4	146684065	INS	True	True	filtered		filtered	
16490	chr4	147505327	INS	True	True	tensor_non_representative_allele		tensor_non_representative_allele	
16491	chr4	147798761	DEL	True	True	no_candidate	I2_partly_in_graph_residual_edit	no_candidate	I2_partly_in_graph_residual_edit
16492	chr4	148186996	INS	True	True	tensor_representative		tensor_representative	
16494	chr4	148453007	INS	True	True	tensor_representative		tensor_representative	
16497	chr4	149363794	DEL	True	True	tensor_representative		tensor_representative	
16503	chr4	152454251	INS	True	True	no_candidate	I1_allele_fully_in_graph	tensor_representative	
16505	chr4	152795820	INS	True	True	no_candidate	I2_partly_in_graph_residual_edit	no_candidate	I2_partly_in_graph_residual_edit
16506	chr4	152847299	DEL	True	True	tensor_representative		tensor_representative	
16510	chr4	153718224	DEL	True	True	no_candidate	I2_partly_in_graph_residual_edit	no_candidate	I2_partly_in_graph_residual_edit
16511	chr4	154183271	DEL	True	True	filtered		filtered	
16514	chr4	154763633	INS	True	True	no_candidate	I1_allele_fully_in_graph	no_candidate	I1_allele_fully_in_graph
16515	chr4	154799755	INS	True	True	tensor_representative		tensor_representative	
16516	chr4	154949813	INS	True	True	tensor_representative		tensor_representative	
16519	chr4	155247804	DEL	True	True	tensor_representative		tensor_representative	
16523	chr4	156243716	INS	True	True	tensor_representative		tensor_representative	
16525	chr4	156435755	INS	True	True	tensor_representative		tensor_representative	
16526	chr4	156498401	INS	True	True	no_candidate	I2_partly_in_graph_residual_edit	no_candidate	I2_partly_in_graph_residual_edit
16527	chr4	156945342	DEL	True	True	no_candidate	I1_allele_fully_in_graph	no_candidate	I1_allele_fully_in_graph
16528	chr4	157093754	DEL	True	True	tensor_representative		tensor_representative	
16529	chr4	157104528	INS	True	True	tensor_representative		tensor_representative	
16532	chr4	158487803	DEL	True	True	tensor_representative		tensor_representative	
16534	chr4	158741974	INS	True	True	tensor_representative		tensor_representative	
16536	chr4	159145250	INS	True	True	tensor_representative		tensor_representative	
16537	chr4	159437248	DEL	True	True	tensor_representative		tensor_representative	
16540	chr4	159773105	INS	True	True	no_candidate	I1_allele_fully_in_graph	no_candidate	I1_allele_fully_in_graph
16543	chr4	160723925	INS	True	True	tensor_representative		tensor_representative	
16544	chr4	160833147	INS	True	True	filtered		filtered	
16545	chr4	160862701	INS	True	True	tensor_representative		tensor_representative	
16546	chr4	160988609	DEL	True	True	tensor_representative		tensor_representative	
16547	chr4	161086704	INS	True	True	no_candidate	I2_partly_in_graph_residual_edit	no_candidate	I2_partly_in_graph_residual_edit
16548	chr4	161153474	INS	True	True	no_candidate	I1_allele_fully_in_graph	no_candidate	I1_allele_fully_in_graph
16549	chr4	161396121	DEL	True	True	tensor_representative		tensor_representative	
16551	chr4	161585587	INS	True	True	filtered		filtered	
16554	chr4	161783677	INS	True	True	no_candidate	I4_no_or_few_alt_reads	no_candidate	I4_no_or_few_alt_reads
16555	chr4	161784892	INS	True	True	no_candidate	I1_allele_fully_in_graph	no_candidate	I1_allele_fully_in_graph
16556	chr4	161812879	INS	True	True	no_candidate	I1_allele_fully_in_graph	no_candidate	I1_allele_fully_in_graph
16560	chr4	162486397	DEL	True	True	no_candidate	I2_partly_in_graph_residual_edit	no_candidate	I2_partly_in_graph_residual_edit
16561	chr4	162698556	INS	True	True	no_candidate	I1_allele_fully_in_graph	no_candidate	I1_allele_fully_in_graph
16562	chr4	162725775	INS	True	True	no_candidate	I2_partly_in_graph_residual_edit	no_candidate	I2_partly_in_graph_residual_edit
16564	chr4	162919598	DEL	True	True	tensor_representative		tensor_representative	
16565	chr4	163227777	DEL	True	True	tensor_representative		tensor_representative	
16566	chr4	163247493	INS	True	True	tensor_representative		tensor_representative	
16571	chr4	164033176	DEL	True	True	tensor_representative		tensor_representative	
16572	chr4	164610853	INS	True	True	no_candidate	I1_allele_fully_in_graph	no_candidate	I1_allele_fully_in_graph
16573	chr4	164850894	DEL	True	True	no_candidate	I2_partly_in_graph_residual_edit	no_candidate	I2_partly_in_graph_residual_edit
16577	chr4	165456739	INS	True	True	no_candidate	I1_allele_fully_in_graph	no_candidate	I1_allele_fully_in_graph
16578	chr4	165563193	INS	True	True	tensor_representative		tensor_representative	
16579	chr4	165982736	DEL	True	True	tensor_representative		tensor_representative	
16580	chr4	166172049	INS	True	True	no_candidate	I1_allele_fully_in_graph	no_candidate	I1_allele_fully_in_graph
16581	chr4	166428337	DEL	True	True	tensor_representative		tensor_representative	
16582	chr4	166447921	INS	True	True	no_candidate	I1_allele_fully_in_graph	no_candidate	I1_allele_fully_in_graph
16583	chr4	166535729	INS	True	True	no_candidate	I1_allele_fully_in_graph	no_candidate	I1_allele_fully_in_graph
16584	chr4	166545612	INS	True	True	tensor_representative		tensor_representative	
16585	chr4	167615956	INS	True	True	filtered		no_candidate	I1_allele_fully_in_graph
16586	chr4	167813279	INS	True	True	tensor_representative		tensor_representative	
16587	chr4	167832503	INS	True	True	tensor_representative		tensor_representative	
16588	chr4	168527422	INS	True	True	no_candidate	I2_partly_in_graph_residual_edit	no_candidate	I2_partly_in_graph_residual_edit
16589	chr4	168567542	INS	True	True	no_candidate	I2_partly_in_graph_residual_edit	no_candidate	I2_partly_in_graph_residual_edit
16591	chr4	168723891	INS	True	True	tensor_representative		tensor_representative	
16593	chr4	169363723	INS	True	True	no_candidate	I3_grch38_path_different_edit	no_candidate	I3_grch38_path_different_edit
16597	chr4	169882811	INS	True	True	no_candidate	I1_allele_fully_in_graph	no_candidate	I1_allele_fully_in_graph
16598	chr4	170464138	INS	True	True	no_candidate	I2_partly_in_graph_residual_edit	no_candidate	I2_partly_in_graph_residual_edit
16600	chr4	170658745	DEL	True	True	tensor_representative		tensor_representative	
16605	chr4	171241412	INS	True	True	tensor_representative		tensor_representative	
16606	chr4	171530255	DEL	True	True	tensor_representative		tensor_representative	
16608	chr4	171761335	INS	True	True	no_candidate	I2_partly_in_graph_residual_edit	no_candidate	I2_partly_in_graph_residual_edit
16611	chr4	171996723	DEL	True	True	tensor_representative		tensor_non_representative_allele	
16612	chr4	172008459	DEL	True	True	tensor_representative		tensor_representative	
16614	chr4	172308003	INS	True	True	no_candidate	I2_partly_in_graph_residual_edit	no_candidate	I2_partly_in_graph_residual_edit
16616	chr4	173517480	INS	True	True	tensor_representative		tensor_representative	
16617	chr4	173734542	DEL	True	True	no_candidate	I1_allele_fully_in_graph	no_candidate	I1_allele_fully_in_graph
16618	chr4	173799111	DEL	True	True	no_candidate	I1_allele_fully_in_graph	no_candidate	I1_allele_fully_in_graph
16619	chr4	173799143	INS	True	True	no_candidate	I4_no_or_few_alt_reads	no_candidate	I4_no_or_few_alt_reads
16620	chr4	173851925	DEL	True	True	filtered		filtered	
16621	chr4	173938955	INS	True	True	filtered		filtered	
16622	chr4	173980378	INS	True	True	no_candidate	I2_partly_in_graph_residual_edit	no_candidate	I2_partly_in_graph_residual_edit
16623	chr4	174360614	DEL	True	True	filtered		filtered	
16624	chr4	174645420	INS	True	True	filtered		no_candidate	I2_partly_in_graph_residual_edit
16627	chr4	175344480	INS	True	True	tensor_representative		tensor_representative	
16629	chr4	175621145	INS	True	True	tensor_representative		tensor_representative	
16630	chr4	175685916	INS	True	True	tensor_representative		tensor_representative	
16632	chr4	175747269	DEL	True	True	no_candidate	I2_partly_in_graph_residual_edit	no_candidate	I2_partly_in_graph_residual_edit
16633	chr4	176151555	DEL	True	True	tensor_representative		tensor_representative	
16634	chr4	176341110	INS	True	True	tensor_representative		tensor_representative	
16635	chr4	176563664	INS	True	True	no_candidate	I1_allele_fully_in_graph	no_candidate	I1_allele_fully_in_graph
16636	chr4	176564277	INS	True	True	no_candidate	I1_allele_fully_in_graph	no_candidate	I1_allele_fully_in_graph
16637	chr4	176572307	INS	True	True	no_candidate	I2_partly_in_graph_residual_edit	no_candidate	I2_partly_in_graph_residual_edit
16638	chr4	176612368	DEL	True	True	tensor_representative		tensor_representative	
16639	chr4	176634054	DEL	True	True	tensor_representative		tensor_representative	
16640	chr4	176767123	INS	True	True	no_candidate	I2_partly_in_graph_residual_edit	no_candidate	I2_partly_in_graph_residual_edit
16642	chr4	177113536	DEL	True	True	tensor_representative		tensor_non_representative_allele	
16648	chr4	178092325	DEL	True	True	tensor_representative		tensor_representative	
16651	chr4	178650646	DEL	True	True	tensor_representative		tensor_representative	
16655	chr4	179281533	DEL	True	True	tensor_representative		tensor_representative	
16657	chr4	179357923	DEL	True	True	filtered		tensor_non_representative_allele	
16659	chr4	179461383	INS	True	True	no_candidate	I1_allele_fully_in_graph	no_candidate	I1_allele_fully_in_graph
16660	chr4	179590211	INS	True	True	tensor_representative		tensor_representative	
16663	chr4	179691558	INS	True	True	tensor_representative		tensor_representative	
16664	chr4	179984321	INS	True	True	tensor_representative		tensor_representative	
16665	chr4	180121013	INS	True	True	no_candidate	I2_partly_in_graph_residual_edit	no_candidate	I2_partly_in_graph_residual_edit
16667	chr4	180338636	INS	True	True	no_candidate	I2_partly_in_graph_residual_edit	no_candidate	I2_partly_in_graph_residual_edit
16668	chr4	180374315	DEL	True	True	no_candidate	I2_partly_in_graph_residual_edit	no_candidate	I2_partly_in_graph_residual_edit
16669	chr4	180433221	DEL	True	True	no_candidate	I1_allele_fully_in_graph	no_candidate	I1_allele_fully_in_graph
16670	chr4	180672688	DEL	True	True	filtered		tensor_non_representative_allele	
16671	chr4	180728234	INS	True	True	tensor_representative		tensor_representative	
16672	chr4	180806344	DEL	True	True	no_candidate	I2_partly_in_graph_residual_edit	no_candidate	I2_partly_in_graph_residual_edit
16676	chr4	180905030	INS	True	True	tensor_representative		tensor_representative	
16677	chr4	181149548	INS	True	True	no_candidate	I2_partly_in_graph_residual_edit	no_candidate	I2_partly_in_graph_residual_edit
16682	chr4	181831499	INS	True	True	no_candidate	I2_partly_in_graph_residual_edit	no_candidate	I2_partly_in_graph_residual_edit
16684	chr4	181979097	DEL	True	True	no_candidate	I1_allele_fully_in_graph	no_candidate	I1_allele_fully_in_graph
16685	chr4	181985319	DEL	True	True	tensor_representative		tensor_representative	
16687	chr4	182806199	DEL	True	True	tensor_representative		tensor_representative	
16688	chr4	183014456	DEL	True	True	tensor_representative		tensor_non_representative_allele	
16689	chr4	183389757	DEL	True	True	no_candidate	I2_partly_in_graph_residual_edit	no_candidate	I2_partly_in_graph_residual_edit
16690	chr4	183529072	DEL	True	True	filtered		filtered	
16694	chr4	185206660	INS	True	True	no_candidate	I1_allele_fully_in_graph	no_candidate	I1_allele_fully_in_graph
16695	chr4	185975902	INS	True	True	no_candidate	I1_allele_fully_in_graph	no_candidate	I1_allele_fully_in_graph
16696	chr4	186449790	INS	True	True	tensor_representative		tensor_representative	
16699	chr4	187415673	DEL	True	True	tensor_representative		tensor_representative	
16703	chr4	187866214	INS	True	True	no_candidate	I1_allele_fully_in_graph	no_candidate	I1_allele_fully_in_graph
16704	chr4	187987581	INS	True	True	tensor_representative		tensor_representative	
16705	chr4	188040347	DEL	True	True	tensor_representative		tensor_representative	
16706	chr4	188203326	DEL	True	True	tensor_representative		tensor_representative	
16708	chr4	188336227	INS	True	True	no_candidate	I2_partly_in_graph_residual_edit	no_candidate	I2_partly_in_graph_residual_edit
16709	chr4	188426910	DEL	True	True	tensor_representative		tensor_representative	
16711	chr4	188745056	INS	True	True	tensor_representative		tensor_representative	
16713	chr4	189114588	DEL	True	True	no_candidate	I1_allele_fully_in_graph	no_candidate	I1_allele_fully_in_graph
16722	chr9	1071434	INS	True	True	tensor_representative		tensor_representative	
16724	chr9	1386914	DEL	True	True	no_candidate	I1_allele_fully_in_graph	no_candidate	I2_partly_in_graph_residual_edit
16726	chr9	1942970	DEL	True	True	tensor_representative		tensor_representative	
16730	chr9	3423778	DEL	True	True	tensor_representative		tensor_representative	
16732	chr9	4265171	INS	True	True	filtered		no_candidate	I2_partly_in_graph_residual_edit
16736	chr9	5718139	INS	True	True	no_candidate	I1_allele_fully_in_graph	no_candidate	I1_allele_fully_in_graph
16737	chr9	5850427	INS	True	True	no_candidate	I3_grch38_path_different_edit	no_candidate	I3_grch38_path_different_edit
16738	chr9	6677601	INS	True	True	filtered		no_candidate	I1_allele_fully_in_graph
16740	chr9	7423598	INS	True	True	no_candidate	I1_allele_fully_in_graph	no_candidate	I1_allele_fully_in_graph
16742	chr9	7785305	DEL	True	True	no_candidate	I2_partly_in_graph_residual_edit	filtered	
16745	chr9	8520608	INS	True	True	tensor_representative		tensor_representative	
16746	chr9	8594860	DEL	True	True	tensor_representative		tensor_representative	
16748	chr9	9036209	INS	True	True	tensor_non_representative_allele		no_candidate	I2_partly_in_graph_residual_edit
16750	chr9	9832893	DEL	True	False	filtered		filtered	
16752	chr9	10078348	DEL	True	True	tensor_representative		tensor_representative	
16753	chr9	10109968	DEL	True	True	tensor_representative		tensor_representative	
16754	chr9	10418446	DEL	True	False	no_candidate	I1_allele_fully_in_graph	no_candidate	I1_allele_fully_in_graph
16755	chr9	10504115	INS	True	True	no_candidate	I2_partly_in_graph_residual_edit	no_candidate	I2_partly_in_graph_residual_edit
16758	chr9	10970424	INS	True	True	no_candidate	I2_partly_in_graph_residual_edit	no_candidate	I2_partly_in_graph_residual_edit
16759	chr9	11380923	INS	True	True	filtered		no_candidate	I1_allele_fully_in_graph
16762	chr9	11769940	INS	True	True	no_candidate	I2_partly_in_graph_residual_edit	no_candidate	I2_partly_in_graph_residual_edit
16764	chr9	12139216	DEL	True	True	tensor_representative		tensor_representative	
16765	chr9	12394729	DEL	True	True	no_candidate	I2_partly_in_graph_residual_edit	filtered	
16766	chr9	12556914	DEL	True	True	tensor_representative		tensor_representative	
16767	chr9	12750674	INS	True	True	filtered		tensor_representative	
16768	chr9	13067161	INS	True	True	no_candidate	I1_allele_fully_in_graph	no_candidate	I1_allele_fully_in_graph
16769	chr9	13212791	DEL	True	True	tensor_representative		tensor_representative	
16770	chr9	13236268	INS	True	True	no_candidate	I1_allele_fully_in_graph	no_candidate	I1_allele_fully_in_graph
16775	chr9	13641494	DEL	True	True	tensor_representative		tensor_representative	
16776	chr9	13691895	INS	True	True	tensor_representative		tensor_representative	
16779	chr9	14589034	INS	True	True	tensor_representative		tensor_representative	
16782	chr9	15167003	DEL	True	True	no_candidate	I2_partly_in_graph_residual_edit	no_candidate	I2_partly_in_graph_residual_edit
16786	chr9	16921333	INS	True	True	filtered		filtered	
16787	chr9	17023807	INS	True	False	filtered		no_candidate	I1_allele_fully_in_graph
16788	chr9	17139659	INS	True	True	tensor_representative		tensor_representative	
16789	chr9	17311451	INS	True	True	filtered		filtered	
16791	chr9	17552169	DEL	True	True	tensor_representative		tensor_non_representative_allele	
16792	chr9	17738641	INS	True	True	no_candidate	I1_allele_fully_in_graph	no_candidate	I1_allele_fully_in_graph
16793	chr9	17803905	DEL	True	True	no_candidate	I1_allele_fully_in_graph	no_candidate	I2_partly_in_graph_residual_edit
16794	chr9	17998945	INS	True	True	tensor_representative		tensor_representative	
16795	chr9	18042095	INS	True	True	tensor_representative		tensor_representative	
16798	chr9	18980781	INS	True	True	no_candidate	I1_allele_fully_in_graph	no_candidate	I1_allele_fully_in_graph
16799	chr9	19135140	DEL	True	True	tensor_representative		tensor_representative	
16800	chr9	19536178	INS	True	True	tensor_representative		tensor_representative	
16801	chr9	19905406	DEL	True	True	filtered		tensor_representative	
16802	chr9	19969183	INS	True	True	no_candidate	I1_allele_fully_in_graph	no_candidate	I1_allele_fully_in_graph
16804	chr9	20815123	INS	True	True	no_candidate	I7_unclear	no_candidate	I1_allele_fully_in_graph
16805	chr9	20866888	INS	True	True	no_candidate	I2_partly_in_graph_residual_edit	no_candidate	I2_partly_in_graph_residual_edit
16809	chr9	22056202	INS	True	True	no_candidate	I1_allele_fully_in_graph	no_candidate	I1_allele_fully_in_graph
16812	chr9	23197909	DEL	True	True	no_candidate	I1_allele_fully_in_graph	no_candidate	I1_allele_fully_in_graph
16813	chr9	23335723	DEL	True	True	tensor_representative		tensor_representative	
16814	chr9	23346576	INS	True	True	tensor_representative		tensor_representative	
16816	chr9	23469810	DEL	True	True	tensor_representative		tensor_representative	
16817	chr9	23547055	INS	True	True	filtered		no_candidate	I1_allele_fully_in_graph
16818	chr9	23584210	INS	True	True	tensor_representative		tensor_representative	
16821	chr9	24254940	DEL	True	True	tensor_representative		tensor_representative	
16823	chr9	24334590	INS	True	True	tensor_representative		tensor_representative	
16826	chr9	24711031	DEL	True	True	tensor_representative		tensor_representative	
16827	chr9	24825273	INS	True	True	tensor_representative		tensor_representative	
16828	chr9	24990758	INS	True	True	no_candidate	I1_allele_fully_in_graph	no_candidate	I1_allele_fully_in_graph
16831	chr9	25611604	DEL	True	True	tensor_representative		tensor_representative	
16832	chr9	25801194	DEL	True	True	tensor_representative		tensor_representative	
16833	chr9	25831238	INS	True	True	tensor_representative		tensor_representative	
16834	chr9	25963885	INS	True	True	no_candidate	I2_partly_in_graph_residual_edit	no_candidate	I2_partly_in_graph_residual_edit
16835	chr9	25963898	DEL	True	True	no_candidate	I2_partly_in_graph_residual_edit	no_candidate	I1_allele_fully_in_graph
16837	chr9	26015887	INS	True	True	tensor_representative		tensor_representative	
16838	chr9	26034815	DEL	True	True	tensor_representative		tensor_representative	
16839	chr9	26168217	INS	True	True	tensor_representative		tensor_representative	
16841	chr9	26339833	INS	True	False	tensor_representative		tensor_representative	
16842	chr9	26430220	INS	True	True	tensor_representative		tensor_representative	
16843	chr9	26434898	INS	True	True	tensor_representative		tensor_representative	
16844	chr9	26569494	DEL	True	True	filtered		filtered	
16847	chr9	27135215	INS	True	True	tensor_representative		tensor_representative	
16849	chr9	27894047	INS	True	True	tensor_representative		tensor_representative	
16850	chr9	28194561	INS	True	False	filtered		no_candidate	I1_allele_fully_in_graph
16851	chr9	28200503	DEL	True	True	tensor_representative		tensor_representative	
16852	chr9	28434529	DEL	True	True	tensor_representative		tensor_representative	
16853	chr9	28441251	INS	True	True	tensor_representative		tensor_non_representative_allele	
16856	chr9	28598418	INS	True	True	no_candidate	I1_allele_fully_in_graph	no_candidate	I1_allele_fully_in_graph
16857	chr9	28769494	DEL	True	True	no_candidate	I1_allele_fully_in_graph	no_candidate	I2_partly_in_graph_residual_edit
16859	chr9	29063406	DEL	True	True	tensor_representative		tensor_representative	
16860	chr9	29067755	INS	True	True	tensor_representative		tensor_representative	
16861	chr9	29259419	DEL	True	True	no_candidate	I1_allele_fully_in_graph	no_candidate	I1_allele_fully_in_graph
16863	chr9	29734482	DEL	True	True	filtered		filtered	
16864	chr9	29787421	DEL	True	True	tensor_representative		tensor_representative	
16867	chr9	30480856	INS	True	True	filtered		no_candidate	I2_partly_in_graph_residual_edit
16868	chr9	30646055	INS	True	True	tensor_representative		tensor_representative	
16869	chr9	31049902	INS	True	True	no_candidate	I2_partly_in_graph_residual_edit	no_candidate	I2_partly_in_graph_residual_edit
16871	chr9	31249420	INS	True	True	no_candidate	I2_partly_in_graph_residual_edit	no_candidate	I2_partly_in_graph_residual_edit
16872	chr9	31560986	DEL	True	True	tensor_representative		tensor_representative	
16873	chr9	32249935	DEL	True	True	tensor_representative		tensor_representative	
16874	chr9	32547999	DEL	True	True	tensor_representative		tensor_representative	
16875	chr9	32938472	DEL	True	True	filtered		filtered	
16881	chr9	35997079	INS	True	True	tensor_representative		tensor_representative	
16882	chr9	36028640	INS	True	True	tensor_representative		tensor_representative	
16885	chr9	36306156	INS	True	True	no_candidate	I2_partly_in_graph_residual_edit	no_candidate	I2_partly_in_graph_residual_edit
16886	chr9	36601024	INS	True	True	tensor_representative		tensor_representative	
16887	chr9	36909814	INS	True	True	no_candidate	I1_allele_fully_in_graph	no_candidate	I1_allele_fully_in_graph
16888	chr9	37039672	INS	True	True	no_candidate	I2_partly_in_graph_residual_edit	no_candidate	I2_partly_in_graph_residual_edit
16889	chr9	37065323	INS	True	True	no_candidate	I2_partly_in_graph_residual_edit	no_candidate	I2_partly_in_graph_residual_edit
16890	chr9	37099207	INS	True	True	tensor_representative		tensor_representative	
16891	chr9	37626622	INS	True	True	no_candidate	I2_partly_in_graph_residual_edit	no_candidate	I2_partly_in_graph_residual_edit
16892	chr9	37685651	INS	True	True	tensor_representative		tensor_representative	
16893	chr9	37729382	INS	True	True	filtered		filtered	
16894	chr9	38268134	INS	True	True	tensor_representative		tensor_representative	
16896	chr9	43039879	DEL	True	True	tensor_representative		tensor_representative	
16899	chr9	68356253	INS	True	True	tensor_non_representative_allele		no_candidate	I2_partly_in_graph_residual_edit
16900	chr9	68392730	INS	True	True	tensor_representative		tensor_representative	
16901	chr9	68563909	DEL	True	True	no_candidate	I2_partly_in_graph_residual_edit	no_candidate	I2_partly_in_graph_residual_edit
16905	chr9	69399568	INS	True	True	no_candidate	I2_partly_in_graph_residual_edit	no_candidate	I2_partly_in_graph_residual_edit
16906	chr9	69662021	DEL	True	True	no_candidate	I1_allele_fully_in_graph	no_candidate	I1_allele_fully_in_graph
16907	chr9	70221380	INS	True	True	no_candidate	I1_allele_fully_in_graph	no_candidate	I2_partly_in_graph_residual_edit
16908	chr9	70469094	INS	True	True	no_candidate	I6_longer_than_50bp	no_candidate	I6_longer_than_50bp
16910	chr9	70521395	INS	True	True	filtered		filtered	
16911	chr9	70892610	INS	True	True	no_candidate	I2_partly_in_graph_residual_edit	no_candidate	I2_partly_in_graph_residual_edit
16912	chr9	71016139	INS	True	True	tensor_representative		tensor_representative	
16913	chr9	71077906	INS	True	True	filtered		filtered	
16914	chr9	71153291	INS	True	True	no_candidate	I2_partly_in_graph_residual_edit	no_candidate	I2_partly_in_graph_residual_edit
16916	chr9	72070314	INS	True	True	no_candidate	I1_allele_fully_in_graph	no_candidate	I1_allele_fully_in_graph
16917	chr9	72683733	DEL	True	True	no_candidate	I3_grch38_path_different_edit	tensor_representative	
16921	chr9	73592280	INS	True	True	tensor_representative		tensor_representative	
16922	chr9	73718325	INS	True	True	no_candidate	I2_partly_in_graph_residual_edit	no_candidate	I2_partly_in_graph_residual_edit
16924	chr9	74093768	INS	True	True	no_candidate	I1_allele_fully_in_graph	no_candidate	I1_allele_fully_in_graph
16927	chr9	74539868	DEL	True	True	tensor_representative		tensor_non_representative_allele	
16928	chr9	74704345	DEL	True	True	no_candidate	I1_allele_fully_in_graph	no_candidate	I1_allele_fully_in_graph
16929	chr9	74873866	DEL	True	True	tensor_representative		tensor_representative	
16930	chr9	75046274	INS	True	True	tensor_representative		tensor_non_representative_allele	
16931	chr9	75141312	DEL	True	True	filtered		filtered	
16932	chr9	75272231	INS	True	True	no_candidate	I2_partly_in_graph_residual_edit	no_candidate	I2_partly_in_graph_residual_edit
16933	chr9	75409320	INS	True	True	tensor_representative		tensor_representative	
16937	chr9	75724639	DEL	True	True	tensor_representative		tensor_representative	
16940	chr9	76033583	INS	True	True	tensor_representative		tensor_representative	
16943	chr9	77003073	DEL	True	True	no_candidate	I2_partly_in_graph_residual_edit	no_candidate	I2_partly_in_graph_residual_edit
16947	chr9	77962892	INS	True	True	filtered		tensor_representative	
16948	chr9	78262202	INS	True	True	filtered		tensor_representative	
16950	chr9	78484886	DEL	True	True	no_candidate	I1_allele_fully_in_graph	no_candidate	I1_allele_fully_in_graph
16953	chr9	79247039	INS	True	True	tensor_representative		tensor_representative	
16954	chr9	79309206	DEL	True	True	tensor_representative		tensor_representative	
16957	chr9	80134040	INS	True	True	tensor_representative		tensor_representative	
16959	chr9	80229350	INS	True	True	no_candidate	I1_allele_fully_in_graph	no_candidate	I1_allele_fully_in_graph
16962	chr9	80525684	DEL	True	True	tensor_representative		tensor_representative	
16965	chr9	80543836	DEL	True	True	no_candidate	I1_allele_fully_in_graph	no_candidate	I1_allele_fully_in_graph
16966	chr9	80677234	DEL	True	True	tensor_representative		tensor_representative	
16969	chr9	80824165	DEL	True	True	tensor_representative		tensor_representative	
16970	chr9	80825140	DEL	True	True	tensor_representative		tensor_representative	
16971	chr9	81510560	INS	True	True	tensor_representative		tensor_representative	
16972	chr9	81768694	INS	True	True	filtered		tensor_representative	
16973	chr9	81890851	INS	True	True	tensor_representative		tensor_representative	
16977	chr9	84083692	INS	True	True	tensor_representative		tensor_representative	
16980	chr9	84685365	INS	True	True	no_candidate	I1_allele_fully_in_graph	no_candidate	I1_allele_fully_in_graph
16987	chr9	85677591	INS	True	True	tensor_representative		tensor_representative	
16988	chr9	85906631	INS	True	True	tensor_representative		tensor_representative	
16989	chr9	85923308	DEL	True	True	filtered		filtered	
16990	chr9	86509893	INS	True	True	tensor_representative		tensor_representative	
16991	chr9	86715572	INS	True	True	filtered		filtered	
16994	chr9	87675848	INS	True	True	no_candidate	I2_partly_in_graph_residual_edit	no_candidate	I2_partly_in_graph_residual_edit
16996	chr9	88837405	INS	True	False	no_candidate	I2_partly_in_graph_residual_edit	no_candidate	I1_allele_fully_in_graph
16997	chr9	89290509	DEL	True	True	tensor_representative		tensor_representative	
17000	chr9	90294407	INS	True	True	tensor_non_representative_allele		tensor_non_representative_allele	
17001	chr9	92200751	INS	True	True	no_candidate	I2_partly_in_graph_residual_edit	no_candidate	I2_partly_in_graph_residual_edit
17005	chr9	93875869	INS	True	True	no_candidate	I1_allele_fully_in_graph	no_candidate	I1_allele_fully_in_graph
17006	chr9	94723856	INS	True	True	tensor_representative		tensor_representative	
17010	chr9	95395558	INS	True	True	tensor_representative		tensor_representative	
17011	chr9	95433802	INS	True	True	no_candidate	I1_allele_fully_in_graph	no_candidate	I1_allele_fully_in_graph
17012	chr9	95569875	INS	True	True	filtered		filtered	
17013	chr9	95609922	INS	True	True	tensor_representative		tensor_representative	
17015	chr9	96485055	INS	True	True	tensor_representative		tensor_representative	
17018	chr9	97104691	INS	True	True	no_candidate	I1_allele_fully_in_graph	no_candidate	I1_allele_fully_in_graph
17021	chr9	98325283	DEL	True	True	tensor_representative		tensor_representative	
17028	chr9	99693926	DEL	True	True	tensor_representative		tensor_representative	
17030	chr9	100063075	INS	True	True	no_candidate	I2_partly_in_graph_residual_edit	no_candidate	I2_partly_in_graph_residual_edit
17031	chr9	100594663	DEL	True	True	no_candidate	I2_partly_in_graph_residual_edit	no_candidate	I2_partly_in_graph_residual_edit
17033	chr9	100781994	INS	True	True	no_candidate	I2_partly_in_graph_residual_edit	no_candidate	I2_partly_in_graph_residual_edit
17034	chr9	100807192	DEL	True	True	tensor_representative		tensor_non_representative_allele	
17040	chr9	102263186	INS	True	True	tensor_representative		tensor_representative	
17042	chr9	102644761	INS	True	True	tensor_representative		tensor_representative	
17045	chr9	103259306	INS	True	True	filtered		filtered	
17046	chr9	103363126	DEL	True	True	tensor_representative		tensor_representative	
17047	chr9	103422201	DEL	True	True	tensor_representative		tensor_representative	
17049	chr9	103626705	DEL	True	True	tensor_representative		tensor_representative	
17050	chr9	103721336	DEL	True	True	tensor_representative		tensor_representative	
17051	chr9	103886622	DEL	True	True	tensor_representative		tensor_representative	
17054	chr9	104317502	INS	True	True	filtered		tensor_representative	
17055	chr9	104377475	DEL	True	True	tensor_representative		tensor_non_representative_allele	
17056	chr9	104721341	INS	True	True	tensor_representative		tensor_representative	
17058	chr9	105692943	INS	True	True	tensor_representative		tensor_representative	
17060	chr9	106355967	DEL	True	True	no_candidate	I1_allele_fully_in_graph	no_candidate	I1_allele_fully_in_graph
17061	chr9	106765837	INS	True	True	no_candidate	I3_grch38_path_different_edit	no_candidate	I3_grch38_path_different_edit
17064	chr9	107938639	INS	True	True	no_candidate	I2_partly_in_graph_residual_edit	no_candidate	I2_partly_in_graph_residual_edit
17065	chr9	107950513	INS	True	True	no_candidate	I1_allele_fully_in_graph	no_candidate	I1_allele_fully_in_graph
17068	chr9	110570970	DEL	True	True	tensor_representative		tensor_representative	
17069	chr9	110809447	INS	True	True	tensor_non_representative_allele		no_candidate	I2_partly_in_graph_residual_edit
17070	chr9	111282238	INS	True	True	tensor_representative		tensor_representative	
17072	chr9	111614187	DEL	True	True	tensor_representative		tensor_representative	
17073	chr9	111947783	INS	True	True	no_candidate	I2_partly_in_graph_residual_edit	no_candidate	I2_partly_in_graph_residual_edit
17075	chr9	112064877	INS	True	True	tensor_representative		tensor_representative	
17077	chr9	112244289	DEL	True	True	tensor_representative		tensor_representative	
17079	chr9	112813469	INS	True	True	no_candidate	I2_partly_in_graph_residual_edit	no_candidate	I2_partly_in_graph_residual_edit
17081	chr9	114661635	INS	True	True	tensor_representative		tensor_representative	
17083	chr9	114949834	INS	True	True	no_candidate	I1_allele_fully_in_graph	no_candidate	I1_allele_fully_in_graph
17085	chr9	115988957	INS	True	True	tensor_representative		tensor_representative	
17086	chr9	116108854	INS	True	True	filtered		filtered	
17089	chr9	116600323	DEL	True	True	no_candidate	I1_allele_fully_in_graph	no_candidate	I1_allele_fully_in_graph
17090	chr9	116659881	DEL	True	False	tensor_representative		tensor_representative	
17091	chr9	116707285	INS	True	True	no_candidate	I1_allele_fully_in_graph	no_candidate	I1_allele_fully_in_graph
17093	chr9	116933979	INS	True	True	tensor_non_representative_allele		tensor_non_representative_allele	
17094	chr9	117597295	INS	True	True	no_candidate	I2_partly_in_graph_residual_edit	no_candidate	I2_partly_in_graph_residual_edit
17095	chr9	117923101	DEL	True	True	tensor_representative		no_candidate	I2_partly_in_graph_residual_edit
17096	chr9	118485397	DEL	True	True	tensor_representative		tensor_representative	
17097	chr9	118528581	DEL	True	True	tensor_representative		tensor_representative	
17098	chr9	118677301	DEL	True	True	tensor_representative		tensor_representative	
17099	chr9	118756086	INS	True	True	tensor_representative		tensor_representative	
17102	chr9	119361797	DEL	True	True	tensor_representative		tensor_non_representative_allele	
17107	chr9	119844080	DEL	True	True	tensor_representative		tensor_representative	
17108	chr9	119996061	INS	True	True	filtered		filtered	
17114	chr9	120833672	DEL	True	False	tensor_representative		tensor_representative	
17116	chr9	121505478	DEL	True	True	tensor_representative		tensor_representative	
17118	chr9	122117949	INS	True	True	tensor_representative		tensor_representative	
17119	chr9	122119679	INS	True	True	tensor_representative		tensor_representative	
17120	chr9	122172128	DEL	True	True	tensor_representative		tensor_representative	
17121	chr9	122656488	DEL	True	True	tensor_representative		tensor_representative	
17122	chr9	122684402	DEL	True	True	tensor_representative		tensor_representative	
17124	chr9	122786876	DEL	True	True	tensor_representative		tensor_representative	
17126	chr9	122933931	DEL	True	True	no_candidate	I2_partly_in_graph_residual_edit	no_candidate	I2_partly_in_graph_residual_edit
17128	chr9	123285440	INS	True	True	tensor_representative		tensor_representative	
17130	chr9	123699688	INS	True	True	no_candidate	I2_partly_in_graph_residual_edit	no_candidate	I2_partly_in_graph_residual_edit
17131	chr9	123942275	DEL	True	True	filtered		tensor_non_representative_allele	
17132	chr9	124823798	INS	True	True	tensor_representative		tensor_representative	
17136	chr9	126365220	DEL	True	True	filtered		filtered	
17138	chr9	126577032	DEL	True	True	no_candidate	I1_allele_fully_in_graph	no_candidate	I1_allele_fully_in_graph
17139	chr9	126709678	INS	True	True	tensor_representative		tensor_non_representative_allele	
17140	chr9	126900329	INS	True	True	no_candidate	I1_allele_fully_in_graph	no_candidate	I1_allele_fully_in_graph
17142	chr9	127279359	INS	True	True	tensor_representative		tensor_representative	
17143	chr9	128121912	INS	True	True	tensor_representative		tensor_representative	
17144	chr9	128470016	INS	True	True	no_candidate	I2_partly_in_graph_residual_edit	no_candidate	I2_partly_in_graph_residual_edit
17145	chr9	128736903	DEL	True	True	tensor_representative		tensor_representative	
17147	chr9	129326296	INS	True	True	filtered		filtered	
17148	chr9	129535672	DEL	True	True	tensor_representative		tensor_representative	
17153	chr9	129916627	INS	True	True	tensor_representative		tensor_representative	
17154	chr9	130173199	INS	True	True	no_candidate	I1_allele_fully_in_graph	no_candidate	I1_allele_fully_in_graph
17157	chr9	131196028	INS	True	True	no_candidate	I3_grch38_path_different_edit	no_candidate	I3_grch38_path_different_edit
17159	chr9	132220461	INS	True	True	tensor_representative		tensor_representative	
17160	chr9	132416641	INS	True	True	tensor_representative		tensor_representative	
17161	chr9	133500553	DEL	True	True	no_candidate	I1_allele_fully_in_graph	no_candidate	I1_allele_fully_in_graph
17163	chr9	134086285	INS	True	True	tensor_representative		tensor_representative	
17168	chr9	135162005	INS	True	True	filtered		no_candidate	I2_partly_in_graph_residual_edit
17171	chr9	135544761	DEL	True	True	tensor_representative		tensor_representative	
17173	chr9	135573580	INS	True	True	tensor_representative		tensor_representative	
17174	chr9	135972718	DEL	True	True	filtered		no_candidate	I1_allele_fully_in_graph
17176	chr9	136633990	INS	True	True	no_candidate	I1_allele_fully_in_graph	no_candidate	I1_allele_fully_in_graph
17183	chr9	137430108	DEL	True	True	tensor_representative		tensor_representative	
17185	chr9	137916030	DEL	True	True	tensor_representative		tensor_representative	
