truth_id	element_id	type	subtype	x	y	nodes	node_seqs	seq	replaced	grch38_start0	grch38_end0	in_event	role	alone	element_source	category	hprc_n_complete	hprc_carriers	hprc_freq	AFR_carriers	AMR_carriers	EAS_carriers	SAS_carriers	AFR_complete	AMR_complete	EAS_complete	SAS_complete	hprc_any_row_carriers	min_node_coverage	CHM13	carrier_haps
138	S:2673681:2673684	skip	del_skip	2673681	2673684				1	16062380	16062381	True	indel	truth	graph	normal_absent_HPRC_other	75	15	0.2	12	3	0	0	38	29	8	0	15		False	HG00741#1,HG01071#2,HG01109#2,HG02145#2,HG02486#2,HG02717#2,HG02723#1,HG02818#1,HG02886#2,HG03098#2,HG03486#1,HG03540#2,HG03579#2,NA18906#2,NA21309#1
293	B:412916:412919:>412918	branch	snv_branch	412916	412919	>412918	412918+:C	C	1	35343873	35343874	True	snv	truth	graph	normal_absent_HPRC_other	78	10	0.1282	1	4	5	0	40	30	6	2	10	10	False	HG00438#1,HG00621#1,HG00673#1,HG00673#2,HG00735#1,HG01361#2,HG01928#1,HG02080#2,HG02148#2,HG02486#1
320	S:459363:459365	skip	del_skip	459363	459365				1	38176146	38176147	True	indel	partial	graph	normal_absent_HPRC_other	82	44	0.5366	27	11	5	1	44	29	8	1	45		True	HG00438#1,HG00621#1,HG00621#2,HG00735#1,HG00741#2,HG01071#1,HG01071#2,HG01109#2,HG01123#1,HG01243#1,HG01258#2,HG01358#1,HG01358#2,HG01891#2,HG02055#2,HG02080#1,HG02080#2,HG02109#1,HG02109#2,HG02145#2,HG02148#1,HG02257#1,HG02486#1,HG02486#2,HG02559#2,HG02572#1,HG02622#2,HG02630#1,HG02630#2,HG02717#1,HG02717#2,HG02818#1,HG02886#2,HG03098#1,HG03492#1,HG03516#2,HG03540#1,HG03579#1,HG03579#2,NA18906#1,NA20129#1,NA20129#2,NA21309#1,NA21309#2
320	B:459365:459368:>459367	branch	snv_branch	459365	459368	>459367	459367+:G	G	1	38176148	38176149	True	snv	germline	graph	normal_absent_HPRC_other	82	75	0.9146	40	26	8	1	44	29	8	1	81	82	True	HG00438#1,HG00438#2,HG00621#1,HG00621#2,HG00673#1,HG00673#2,HG00733#1,HG00733#2,HG00735#1,HG00735#2,HG00741#1,HG00741#2,HG01071#1,HG01071#2,HG01106#1,HG01106#2,HG01109#2,HG01123#1,HG01123#2,HG01175#1,HG01175#2,HG01243#1,HG01258#1,HG01258#2,HG01358#1,HG01358#2,HG01361#1,HG01361#2,HG01891#1,HG01891#2,HG01928#2,HG01978#2,HG02055#1,HG02055#2,HG02080#1,HG02080#2,HG02109#1,HG02109#2,HG02145#1,HG02145#2,HG02148#1,HG02148#2,HG02257#1,HG02486#1,HG02486#2,HG02559#2,HG02572#1,HG02572#2,HG02622#1,HG02622#2,HG02630#1,HG02630#2,HG02717#1,HG02717#2,HG02723#1,HG02723#2,HG02818#1,HG02818#2,HG02886#1,HG02886#2,HG03098#1,HG03453#1,HG03486#1,HG03492#1,HG03516#1,HG03516#2,HG03540#1,HG03540#2,HG03579#1,HG03579#2,NA18906#1,NA20129#1,NA20129#2,NA21309#1,NA21309#2
366	S:549594:549598	skip	del_skip	549594	549598				1	43259298	43259299	True	indel	truth	graph	normal_absent_HPRC_other	83	9	0.1084	9	0	0	0	43	32	6	2	9		False	HG01891#2,HG02055#1,HG02055#2,HG02109#1,HG02486#1,HG02622#1,HG02886#2,HG03516#2,NA20129#2
387	S:606616:606619	skip	del_skip	606616	606619				2	46893111	46893113	True	indel	truth	graph	normal_present_broad	85	27	0.3176	11	14	1	1	45	31	7	2	27		False	HG00621#1,HG00733#1,HG00733#2,HG00735#2,HG00741#1,HG00741#2,HG01106#1,HG01175#2,HG01243#1,HG01258#1,HG01928#1,HG01952#1,HG01952#2,HG01978#1,HG02145#2,HG02148#1,HG02559#1,HG02572#2,HG02622#2,HG02630#1,HG02723#1,HG02886#2,HG03492#1,HG03516#2,HG03540#1,HG03579#1,NA18906#1
415	B:645260:645262:>645261	branch	ins_branch	645260	645262	>645261	645261+:TTAT	TTAT	0	49236027	49236027	True	indel	truth	graph	normal_absent_HPRC_other	83	40	0.4819	20	18	0	2	44	30	7	2	40	44	False	HG00733#1,HG00733#2,HG00741#1,HG01071#2,HG01106#1,HG01106#2,HG01123#1,HG01175#1,HG01243#1,HG01358#2,HG01361#1,HG01928#1,HG01928#2,HG01952#1,HG01952#2,HG01978#1,HG01978#2,HG02055#1,HG02055#2,HG02109#1,HG02109#2,HG02145#1,HG02148#2,HG02257#1,HG02257#2,HG02486#1,HG02486#2,HG02559#2,HG02717#2,HG02723#1,HG02818#2,HG03098#2,HG03486#1,HG03486#2,HG03492#1,HG03492#2,HG03516#2,HG03540#1,HG03540#2,NA20129#2
521	B:795728:795730:>795729	branch	ins_branch	795728	795730	>795729	795729+:CTC	CTC	0	58128456	58128456	True	indel	truth	graph	normal_present_broad	88	32	0.3636	20	7	5	0	46	32	8	2	32	32	False	HG00438#2,HG00621#2,HG00673#1,HG00735#2,HG01109#1,HG01175#2,HG01243#2,HG01258#2,HG01358#1,HG01891#1,HG01928#1,HG02080#1,HG02080#2,HG02109#1,HG02486#2,HG02572#2,HG02622#1,HG02630#1,HG02630#2,HG02818#1,HG02818#2,HG02886#2,HG03098#1,HG03098#2,HG03453#2,HG03486#1,HG03486#2,HG03516#2,NA18906#1,NA20129#2,NA21309#1,NA21309#2
551	S:848420:848425	skip	del_skip	848420	848425				10	61200042	61200052	True	indel	truth	graph	normal_present_rare	38	28	0.7368	11	12	4	1	15	17	5	1	28		False	HG00621#1,HG00621#2,HG00673#1,HG00733#2,HG00735#2,HG01109#1,HG01175#1,HG01358#1,HG01358#2,HG01361#1,HG01361#2,HG01928#1,HG01928#2,HG01978#1,HG01978#2,HG02080#1,HG02257#2,HG02486#1,HG02572#1,HG02622#2,HG02630#1,HG02717#1,HG03486#2,HG03492#1,HG03516#2,HG03540#1,NA18906#1,NA21309#2
682	B:1067360:1067362:>1067361	branch	ins_branch	1067360	1067362	>1067361	1067361+:T	T	0	73838149	73838149	True	indel	truth	graph	normal_absent_HPRC_other	87	18	0.2069	6	11	1	0	45	32	8	2	18	20	True	HG00673#1,HG00733#1,HG00741#1,HG01106#1,HG01109#2,HG01123#1,HG01123#2,HG01175#2,HG01243#1,HG01258#1,HG01358#1,HG01928#2,HG02559#1,HG02630#1,HG02723#1,HG02886#1,HG02886#2,HG03516#2
862	B:1391583:1391592:>1391584>1391585>1391586>1391587>1391588>1391589>1391590>1391591	branch	ins_branch	1391583	1391592	>1391584>1391585>1391586>1391587>1391588>1391589>1391590>1391591	1391584+:AT,1391585+:AT,1391586+:AT,1391587+:AT,1391588+:AT,1391589+:AT,1391590+:AT,1391591+:AT	ATATATATATATATAT	0	91909677	91909677	True	indel	partial	graph	normal_present_broad	57	12	0.2105	5	5	2	0	25	22	8	2	13	13	False	HG00438#1,HG00735#1,HG00741#1,HG00741#2,HG01071#1,HG01952#1,HG02055#2,HG02080#1,HG02145#2,HG02257#1,HG02723#2,HG02886#1
862	B:1391598:1391602:>1391599>1391600>1391601	branch	ins_branch	1391598	1391602	>1391599>1391600>1391601	1391599+:AC,1391600+:A,1391601+:C	ACAC	0	91909705	91909705	True	indel	partial	graph	normal_present_broad	57	27	0.4737	7	13	5	2	25	22	8	2	27	28	False	HG00438#1,HG00621#1,HG00621#2,HG00673#2,HG00735#1,HG00741#1,HG00741#2,HG01071#1,HG01071#2,HG01109#1,HG01123#2,HG01175#1,HG01258#1,HG01258#2,HG01928#1,HG01952#1,HG02055#2,HG02080#1,HG02145#2,HG02148#1,HG02257#1,HG02572#1,HG02723#2,HG02886#1,HG03492#1,HG03492#2,NA21309#2
949	B:1528381:1528386:<1528383<1528384<1528385	branch	ins_branch	1528381	1528386	<1528383<1528384<1528385	1528383-:TC,1528384-:TC,1528385-:TCTC	TCTCTCTC	0	100538589	100538589	True	indel	partial	graph	other_ambiguous	38	0	0.0	0	0	0	0	20	15	3	0	0	21	True	
949	B:1528393:1528396:>1528395	branch	snv_branch	1528393	1528396	>1528395	1528395+:G	G	1	100538620	100538621	True	snv	partial	graph	other_ambiguous	38	5	0.1316	2	3	0	0	20	15	3	0	29	30	True	HG01928#1,HG01952#2,HG01978#2,HG02257#1,HG02572#1
949	B:1528396:1528399:>1528398	branch	snv_branch	1528396	1528399	>1528398	1528398+:G	G	1	100538622	100538623	True	snv	partial	graph	other_ambiguous	38	14	0.3684	9	5	0	0	20	15	3	0	42	43	True	HG00735#2,HG01106#2,HG01891#1,HG01928#1,HG01952#2,HG01978#2,HG02257#1,HG02257#2,HG02572#1,HG02622#2,HG03486#1,HG03540#1,NA18906#1,NA20129#2
949	B:1528399:1528402:>1528401	branch	snv_branch	1528399	1528402	>1528401	1528401+:G	G	1	100538624	100538625	True	snv	germline	graph	other_ambiguous	38	22	0.5789	11	9	2	0	20	15	3	0	54	55	True	HG00735#2,HG00741#1,HG01106#2,HG01109#1,HG01258#2,HG01891#1,HG01928#1,HG01952#2,HG01978#1,HG01978#2,HG02080#1,HG02080#2,HG02257#1,HG02257#2,HG02572#1,HG02622#2,HG03486#1,HG03540#1,NA18906#1,NA20129#2,NA21309#1,NA21309#2
949	B:1528402:1528405:>1528404	branch	snv_branch	1528402	1528405	>1528404	1528404+:G	G	1	100538626	100538627	True	snv	germline	graph	other_ambiguous	38	27	0.7105	16	9	2	0	20	15	3	0	62	63	True	HG00735#2,HG00741#1,HG01106#2,HG01109#1,HG01258#2,HG01891#1,HG01928#1,HG01952#2,HG01978#1,HG01978#2,HG02080#1,HG02080#2,HG02109#2,HG02145#1,HG02145#2,HG02257#1,HG02257#2,HG02572#1,HG02622#2,HG02630#1,HG02818#1,HG03486#1,HG03540#1,NA18906#1,NA20129#2,NA21309#1,NA21309#2
949	B:1528410:1528413:>1528411>1528412	branch	ins_branch	1528410	1528413	>1528411>1528412	1528411+:GTGTG,1528412+:T	GTGTGT	0	100538648	100538648	False	indel	partial	graph	other_ambiguous	38	38	1.0	20	15	3	0	20	15	3	0	77	78	True	HG00438#1,HG00735#2,HG00741#1,HG00741#2,HG01071#1,HG01106#1,HG01106#2,HG01109#1,HG01109#2,HG01175#1,HG01258#2,HG01361#1,HG01891#1,HG01928#1,HG01952#2,HG01978#1,HG01978#2,HG02080#1,HG02080#2,HG02109#1,HG02109#2,HG02145#1,HG02145#2,HG02257#1,HG02257#2,HG02559#2,HG02572#1,HG02622#2,HG02630#1,HG02818#1,HG03098#1,HG03486#1,HG03516#2,HG03540#1,NA18906#1,NA20129#2,NA21309#1,NA21309#2
991	B:1613551:1613553:>1613552	branch	ins_branch	1613551	1613553	>1613552	1613552+:TG	TG	0	104650560	104650560	True	indel	truth	graph	normal_absent_HPRC_other	69	22	0.3188	3	13	6	0	36	24	7	2	22	35	True	HG00438#1,HG00438#2,HG00621#1,HG00621#2,HG00673#1,HG00673#2,HG00735#2,HG00741#2,HG01106#1,HG01106#2,HG01123#1,HG01243#1,HG01243#2,HG01258#2,HG01358#2,HG01928#2,HG01952#2,HG01978#2,HG02145#1,HG02148#1,HG02257#1,HG02486#2
1042	B:1676966:1676969:>1676968	branch	snv_branch	1676966	1676969	>1676968	1676968+:A	A	1	107578700	107578701	True	snv	truth	graph	normal_absent_HPRC_other	88	30	0.3409	15	13	1	1	46	32	8	2	30	30	False	HG00673#2,HG00741#1,HG00741#2,HG01106#1,HG01106#2,HG01123#1,HG01175#1,HG01243#1,HG01258#2,HG01361#2,HG01928#1,HG01928#2,HG01952#1,HG01978#1,HG02055#1,HG02055#2,HG02109#2,HG02559#2,HG02572#2,HG02630#2,HG02818#1,HG02818#2,HG03098#1,HG03453#1,HG03486#2,HG03492#1,HG03579#2,NA20129#1,NA21309#1,NA21309#2
1106	B:3539876:3539878:>3539877	branch	ins_branch	3539876	3539878	>3539877	3539877+:A	A	0	116805355	116805355	True	indel	truth	graph	normal_absent_HPRC_other	76	27	0.3553	21	5	1	0	34	32	8	2	27	29	False	HG00438#1,HG00741#1,HG01109#1,HG01175#2,HG01243#1,HG01891#1,HG01978#1,HG02145#1,HG02257#1,HG02257#2,HG02486#1,HG02486#2,HG02559#1,HG02572#2,HG02630#1,HG02717#2,HG02886#1,HG03098#2,HG03453#1,HG03486#1,HG03516#1,HG03579#1,HG03579#2,NA18906#2,NA20129#1,NA21309#1,NA21309#2
1137	S:3617522:3617524	skip	del_skip	3617522	3617524				2	121336590	121336592	True	indel	truth	graph	normal_present_broad	40	16	0.4	13	2	0	1	27	10	1	2	16		False	HG00733#1,HG01928#1,HG02109#1,HG02559#1,HG02622#1,HG02717#1,HG02818#1,HG02886#2,HG03098#1,HG03486#1,HG03492#2,HG03540#1,HG03579#1,HG03579#2,NA20129#1,NA21309#1
1164	B:4044864:4044866:<4044865	branch	ins_branch	4044864	4044866	<4044865	4044865-:CTT	CTT	0	146654243	146654243	True	indel	truth	graph	normal_present_broad	88	35	0.3977	20	13	2	0	46	32	8	2	35	35	False	HG00621#1,HG00673#1,HG00741#1,HG01071#1,HG01071#2,HG01106#1,HG01109#1,HG01109#2,HG01175#1,HG01258#1,HG01258#2,HG01358#2,HG01361#1,HG01952#2,HG01978#1,HG02055#1,HG02109#2,HG02257#1,HG02486#2,HG02559#1,HG02559#2,HG02572#2,HG02622#1,HG02717#1,HG02717#2,HG02886#1,HG02886#2,HG03453#1,HG03453#2,HG03486#1,HG03540#1,NA18906#1,NA18906#2,NA20129#2,NA21309#1
1166	B:4045031:4045033:<4045032	branch	ins_branch	4045031	4045033	<4045032	4045032-:G	G	0	146661848	146661848	True	indel	truth	graph	normal_absent_HPRC_other	88	69	0.7841	37	24	6	2	46	32	8	2	69	69	False	HG00438#2,HG00621#1,HG00673#1,HG00673#2,HG00733#2,HG00735#1,HG00735#2,HG00741#1,HG00741#2,HG01071#1,HG01071#2,HG01106#1,HG01109#1,HG01109#2,HG01123#1,HG01175#1,HG01175#2,HG01243#2,HG01258#1,HG01258#2,HG01358#1,HG01358#2,HG01361#1,HG01361#2,HG01928#2,HG01952#1,HG01952#2,HG01978#1,HG02055#1,HG02055#2,HG02080#1,HG02080#2,HG02109#1,HG02109#2,HG02145#2,HG02257#1,HG02257#2,HG02486#2,HG02559#1,HG02559#2,HG02572#1,HG02572#2,HG02622#1,HG02622#2,HG02630#2,HG02717#1,HG02717#2,HG02723#2,HG02818#1,HG02886#1,HG02886#2,HG03098#1,HG03098#2,HG03453#1,HG03453#2,HG03486#1,HG03492#1,HG03492#2,HG03516#1,HG03516#2,HG03540#1,HG03540#2,HG03579#1,HG03579#2,NA18906#1,NA18906#2,NA20129#2,NA21309#1,NA21309#2
1168	B:4045577:4045579:>4045578	branch	ins_branch	4045577	4045579	>4045578	4045578+:A	A	0	146691657	146691657	True	indel	truth	graph	normal_present_broad	88	60	0.6818	26	25	8	1	46	32	8	2	60	60	False	HG00438#1,HG00438#2,HG00621#1,HG00621#2,HG00673#1,HG00673#2,HG00733#2,HG00735#1,HG00741#1,HG00741#2,HG01071#1,HG01071#2,HG01106#1,HG01106#2,HG01109#1,HG01109#2,HG01123#1,HG01175#1,HG01243#2,HG01258#1,HG01258#2,HG01358#2,HG01361#1,HG01361#2,HG01928#1,HG01928#2,HG01952#2,HG01978#1,HG01978#2,HG02055#1,HG02055#2,HG02080#1,HG02080#2,HG02109#2,HG02148#1,HG02148#2,HG02257#2,HG02486#2,HG02559#1,HG02559#2,HG02572#2,HG02622#1,HG02630#1,HG02717#2,HG02886#2,HG03098#2,HG03453#1,HG03453#2,HG03486#1,HG03486#2,HG03492#1,HG03516#2,HG03540#1,HG03579#1,NA18906#1,NA18906#2,NA20129#1,NA20129#2,NA21309#1,NA21309#2
1170	S:4050378:4050380	skip	del_skip	4050378	4050380				1	146927913	146927914	True	indel	truth	graph	normal_present_broad	87	19	0.2184	8	6	3	2	45	32	8	2	19		False	HG00438#2,HG00621#2,HG00673#1,HG01071#2,HG01106#2,HG01123#1,HG01243#2,HG01952#1,HG01952#2,HG02109#1,HG02486#2,HG02572#1,HG02572#2,HG03453#2,HG03492#1,HG03492#2,HG03516#2,HG03579#2,NA21309#2
1182	B:4078709:4078711:>4078710	branch	ins_branch	4078709	4078711	>4078710	4078710+:ATCT	ATCT	0	148105470	148105470	True	indel	truth	graph	normal_present_broad	83	34	0.4096	23	9	2	0	42	31	8	2	34	34	False	HG00621#2,HG00733#2,HG00735#2,HG01071#1,HG01109#1,HG01109#2,HG01175#2,HG01258#1,HG01891#1,HG01891#2,HG01928#1,HG01978#2,HG02055#1,HG02055#2,HG02080#1,HG02257#1,HG02257#2,HG02486#1,HG02486#2,HG02572#1,HG02572#2,HG02622#1,HG02723#1,HG02818#2,HG02886#2,HG03098#2,HG03453#1,HG03486#2,HG03516#1,HG03516#2,HG03579#1,NA20129#1,NA20129#2,NA21309#2
1183	B:4078940:4078942:>4078941	branch	ins_branch	4078940	4078942	>4078941	4078941+:T	T	0	148112104	148112104	True	indel	truth	graph	normal_present_broad	76	29	0.3816	21	6	2	0	38	28	8	2	29	37	False	HG00621#2,HG00733#2,HG01071#1,HG01175#2,HG01258#1,HG01891#1,HG01891#2,HG01928#1,HG01978#2,HG02055#1,HG02055#2,HG02080#1,HG02257#2,HG02486#1,HG02572#1,HG02622#1,HG02717#1,HG02723#1,HG02818#2,HG02886#1,HG02886#2,HG03098#2,HG03453#1,HG03516#1,HG03516#2,NA18906#2,NA20129#1,NA20129#2,NA21309#2
1184	B:4078943:4078945:>4078944	branch	ins_branch	4078943	4078945	>4078944	4078944+:ATATATATATATAT	ATATATATATATAT	0	148112165	148112165	True	indel	truth	graph	normal_present_rare	68	12	0.1765	6	5	1	0	31	27	8	2	12	20	False	HG00733#2,HG01071#1,HG01175#2,HG01258#1,HG01891#1,HG01978#2,HG02055#2,HG02080#1,HG02886#2,HG03516#1,NA20129#1,NA20129#2
1201	B:4094150:4094147:<4094149>4094148	branch	ins_branch	4094150	4094147	<4094149>4094148	4094149-:C,4094148+:A	CA	0	150726496	150726496	True	indel	truth	graph	normal_absent_HPRC_other	72	2	0.0278	1	1	0	0	37	26	7	2	4	6	True	HG01952#1,HG02559#1
1359	B:1833256:1833260:<1833258<1833259	branch	ins_branch	1833256	1833260	<1833258<1833259	1833258-:TT,1833259-:T	TTT	0	164084790	164084790	True	indel	truth	graph	normal_absent_HPRC_other	82	19	0.2317	15	4	0	0	46	28	7	1	19	49	True	HG00733#1,HG01109#2,HG01175#1,HG01978#2,HG02109#2,HG02145#1,HG02145#2,HG02257#2,HG02486#1,HG02572#1,HG02572#2,HG02717#1,HG02818#1,HG03098#1,HG03098#2,HG03453#2,HG03486#2,HG03540#1,HG03540#2
1418	B:1878465:1878467:<1878466	branch	ins_branch	1878465	1878467	<1878466	1878466-:T	T	0	166444815	166444815	True	indel	truth	graph	normal_absent_HPRC_other	80	17	0.2125	9	6	2	0	40	30	8	2	17	22	True	HG00438#2,HG00673#1,HG00733#2,HG00741#1,HG01071#1,HG01109#1,HG01175#1,HG01243#2,HG02559#1,HG02559#2,HG02818#1,HG02886#2,HG03516#1,HG03579#2,NA20129#1,NA20129#2,NA21309#2
1632	B:2125868:2125870:<2125869	branch	ins_branch	2125868	2125870	<2125869	2125869-:ATAT	ATAT	0	180551289	180551289	True	indel	partial	graph	other_ambiguous	30	11	0.3667	7	2	1	1	14	9	6	1	23	23	False	HG00621#2,HG01071#2,HG01109#2,HG02055#1,HG02572#2,HG02630#2,HG03486#2,HG03492#1,HG03540#1,HG03540#2,NA18906#1
1632	B:2125879:2125893:>2125882<2125883<2125884<2125885<2125886<2125887<2125888<2125889<2125890<2125892	branch	replacing_branch	2125879	2125893	>2125882<2125883<2125884<2125885<2125886<2125887<2125888<2125889<2125890<2125892	2125882+:A,2125883-:T,2125884-:A,2125885-:T,2125886-:A,2125887-:TAT,2125888-:A,2125889-:T,2125890-:T,2125892-:T	ATATATATATTT	1	180551311	180551312	True	indel	partial	graph	other_ambiguous	30	0	0.0	0	0	0	0	14	9	6	1	1	16	False	
1632	S:2125900:2125902	skip	del_skip	2125900	2125902				1	180551317	180551318	False	indel	partial	graph	other_ambiguous	30	4	0.1333	4	0	0	0	14	9	6	1	11		False	HG02109#2,HG03486#2,HG03540#2,NA18906#1
1773	B:2311680:2311682:>2311681	branch	ins_branch	2311680	2311682	>2311681	2311681+:GT	GT	0	190799982	190799982	True	indel	truth	graph	normal_absent_HPRC_other	71	6	0.0845	3	2	0	1	32	29	8	2	9	10	False	HG01071#2,HG01361#2,HG02572#1,HG03453#1,HG03492#1,HG03540#2
1852	B:2394329:2394333:<2394330>2394331	branch	ins_branch	2394329	2394333	<2394330>2394331	2394330-:GT,2394331+:GT	GTGT	0	195279410	195279410	True	indel	truth	graph	normal_absent_HPRC_other	80	14	0.175	11	2	1	0	43	27	8	2	14	26	False	HG01071#2,HG01123#2,HG02055#2,HG02080#2,HG02559#1,HG02559#2,HG02572#1,HG02572#2,HG02622#1,HG02717#2,HG02723#1,HG02886#2,HG03098#1,HG03453#2
1859	S:2401969:2401971	skip	del_skip	2401969	2401971				1	195783880	195783881	True	indel	truth	graph	normal_absent_HPRC_other	87	43	0.4943	16	19	7	1	45	32	8	2	43		True	HG00438#1,HG00438#2,HG00621#1,HG00673#1,HG00673#2,HG00733#2,HG00735#1,HG00735#2,HG00741#2,HG01071#1,HG01071#2,HG01106#1,HG01106#2,HG01123#1,HG01123#2,HG01175#1,HG01175#2,HG01258#2,HG01358#2,HG01361#1,HG01928#1,HG01952#2,HG02080#1,HG02080#2,HG02145#2,HG02148#1,HG02148#2,HG02257#2,HG02486#1,HG02559#1,HG02559#2,HG02572#1,HG02622#2,HG02717#1,HG02818#1,HG02886#1,HG02886#2,HG03098#2,HG03486#1,HG03492#1,HG03579#2,NA18906#2,NA21309#1
1996	B:4220225:4220227:>4220226	branch	ins_branch	4220225	4220227	>4220226	4220226+:TC	TC	0	207872072	207872072	True	indel	partial	graph	normal_absent_HPRC_other	69	11	0.1594	2	6	1	2	38	24	5	2	11	12	False	HG00673#2,HG00733#1,HG00733#2,HG01071#2,HG01358#2,HG01952#2,HG02148#2,HG02486#1,HG03486#2,HG03492#1,HG03492#2
1996	B:4220235:4220238:>4220237	branch	snv_branch	4220235	4220238	>4220237	4220237+:A	A	1	207872089	207872090	True	snv	germline	graph	normal_absent_HPRC_other	69	51	0.7391	29	18	3	1	38	24	5	2	60	60	False	HG00621#1,HG00673#2,HG00733#1,HG00733#2,HG00735#2,HG00741#2,HG01071#2,HG01106#1,HG01109#2,HG01175#1,HG01175#2,HG01358#1,HG01358#2,HG01361#2,HG01891#1,HG01891#2,HG01928#2,HG01952#2,HG01978#1,HG01978#2,HG02055#1,HG02080#2,HG02109#1,HG02109#2,HG02148#1,HG02148#2,HG02257#2,HG02486#2,HG02559#1,HG02559#2,HG02572#2,HG02622#1,HG02622#2,HG02630#1,HG02717#1,HG02717#2,HG02723#1,HG02723#2,HG02818#2,HG02886#1,HG02886#2,HG03098#1,HG03098#2,HG03453#1,HG03453#2,HG03486#2,HG03492#1,HG03516#2,HG03579#1,NA18906#2,NA20129#2
1996	B:4220241:4220244:<4220242<4220243	branch	ins_branch	4220241	4220244	<4220242<4220243	4220242-:AT,4220243-:AT	ATAT	0	207872099	207872099	True	indel	germline	graph	normal_absent_HPRC_other	69	34	0.4928	13	16	3	2	38	24	5	2	38	38	False	HG00438#1,HG00438#2,HG00673#2,HG00733#1,HG00733#2,HG00735#1,HG00735#2,HG01071#2,HG01106#1,HG01109#1,HG01109#2,HG01175#1,HG01175#2,HG01243#1,HG01358#2,HG01891#2,HG01928#1,HG01952#2,HG01978#2,HG02055#2,HG02148#2,HG02257#1,HG02257#2,HG02486#1,HG02572#1,HG02572#2,HG02818#1,HG03098#1,HG03486#2,HG03492#1,HG03492#2,HG03579#1,NA18906#1,NA18906#2
2023	B:4246451:4246453:<4246452	branch	ins_branch	4246451	4246453	<4246452	4246452-:CA	CA	0	209294573	209294573	True	indel	truth	graph	normal_absent_HPRC_other	56	6	0.1071	4	2	0	0	26	21	7	2	15	15	False	HG01071#1,HG01361#1,HG02257#2,HG02486#2,HG02818#2,HG03516#1
2115	B:3680309:3680312:>3680311	branch	snv_branch	3680309	3680312	>3680311	3680311+:A	A	1	217390077	217390078	True	snv	truth	graph	normal_absent_HPRC_other	88	19	0.2159	17	2	0	0	46	32	8	2	19	19	False	HG01071#2,HG01243#2,HG01891#1,HG02055#1,HG02055#2,HG02109#1,HG02109#2,HG02145#2,HG02257#2,HG02486#1,HG02559#2,HG02572#2,HG02630#1,HG02723#1,HG03098#2,HG03516#1,HG03540#2,HG03579#1,NA20129#2
2133	S:3700819:3700821	skip	del_skip	3700819	3700821				1	218527014	218527015	True	indel	truth	graph	normal_absent_HPRC_other	77	19	0.2468	12	6	0	1	38	30	7	2	19		True	HG01109#2,HG01243#1,HG01258#2,HG01928#1,HG01952#1,HG01952#2,HG02055#1,HG02145#2,HG02572#2,HG02622#1,HG02630#1,HG02818#1,HG02886#2,HG03453#2,HG03492#2,HG03516#2,HG03540#2,HG03579#1,NA20129#1
2190	B:3770774:3770780:>3770776<3770777>3770779	branch	ins_branch	3770774	3770780	>3770776<3770777>3770779	3770776+:G,3770777-:G,3770779+:T	GGT	0	222346509	222346509	True	indel	truth	graph	normal_absent_HPRC_other	76	7	0.0921	3	3	0	1	43	24	7	2	7	8	True	HG00733#2,HG00741#1,HG01258#1,HG02717#1,HG03098#1,HG03492#2,NA21309#2
2430	B:3067866:3067870:>3067869	branch	ins_branch	3067866	3067870	>3067869	3067869+:TA	TA	0	239922095	239922095	True	indel	truth	graph	normal_absent_HPRC_other	55	18	0.3273	8	7	3	0	23	25	6	1	18	43	False	HG00438#2,HG00741#1,HG01109#1,HG01123#2,HG01928#1,HG01952#1,HG01978#1,HG02055#1,HG02080#1,HG02080#2,HG02145#1,HG02148#2,HG02559#2,HG02622#2,HG03453#1,HG03453#2,NA18906#1,NA20129#1
2518	B:3192528:3192530:>3192529	branch	ins_branch	3192528	3192530	>3192529	3192529+:GT	GT	0	245652107	245652107	True	indel	truth	graph	normal_absent_HPRC_other	60	15	0.25	7	7	1	0	29	25	5	1	16	26	False	HG00621#1,HG00741#2,HG01071#2,HG01106#1,HG01175#2,HG01243#1,HG01243#2,HG01891#2,HG01978#1,HG02145#1,HG02572#1,HG02717#2,HG02818#1,HG02886#1,HG03098#2
2537	B:3242745:3242748:>3242747	branch	snv_branch	3242745	3242748	>3242747	3242747+:A	A	1	247169810	247169811	True	snv	partial	graph	normal_present_broad	87	59	0.6782	38	18	3	0	45	32	8	2	60	61	True	HG00438#1,HG00621#2,HG00673#2,HG00735#1,HG00735#2,HG00741#2,HG01071#1,HG01071#2,HG01106#2,HG01109#1,HG01123#2,HG01175#2,HG01243#2,HG01258#1,HG01358#1,HG01361#2,HG01891#1,HG01891#2,HG01928#2,HG01952#1,HG01952#2,HG01978#1,HG02055#1,HG02055#2,HG02109#1,HG02145#1,HG02145#2,HG02148#2,HG02257#1,HG02257#2,HG02486#1,HG02559#1,HG02572#1,HG02572#2,HG02630#1,HG02630#2,HG02717#1,HG02717#2,HG02723#1,HG02723#2,HG02818#2,HG02886#1,HG02886#2,HG03098#1,HG03098#2,HG03453#1,HG03453#2,HG03486#1,HG03516#1,HG03516#2,HG03540#1,HG03540#2,HG03579#1,HG03579#2,NA18906#1,NA18906#2,NA20129#2,NA21309#1,NA21309#2
2537	S:3242748:3242750	skip	del_skip	3242748	3242750				1	247169818	247169819	True	indel	partial	graph	normal_present_broad	87	32	0.3678	16	13	3	0	45	32	8	2	33		True	HG00438#1,HG00621#2,HG00673#2,HG00735#1,HG01071#1,HG01106#2,HG01123#2,HG01243#2,HG01258#1,HG01358#1,HG01361#2,HG01928#2,HG01952#1,HG01952#2,HG01978#1,HG02055#2,HG02145#2,HG02148#2,HG02257#2,HG02486#1,HG02559#1,HG02572#2,HG02630#2,HG02723#1,HG02886#1,HG02886#2,HG03098#2,HG03516#2,HG03540#1,HG03579#1,HG03579#2,NA21309#2
2561	S:3280680:3280682	skip	del_skip	3280680	3280682				3	248440485	248440488	True	indel	truth	graph	normal_absent_HPRC_other	80	22	0.275	16	3	2	1	40	30	8	2	25		False	HG00621#2,HG00735#2,HG01243#1,HG01358#1,HG02055#2,HG02080#1,HG02109#1,HG02145#1,HG02257#1,HG02559#1,HG02572#2,HG02630#2,HG02886#1,HG02886#2,HG03098#1,HG03453#1,HG03486#2,HG03492#1,HG03516#1,HG03540#1,HG03579#1,NA18906#1
2562	B:3280973:3280976:<3280975	branch	ins_branch	3280973	3280976	<3280975	3280975-:A	A	0	248443596	248443596	True	indel	partial	graph	other_ambiguous	55	1	0.0182	1	0	0	0	20	28	6	1	15	16	partial	NA20129#1
2562	S:3280976:3280978	skip	del_skip	3280976	3280978				5	248443598	248443603	True	indel	partial	graph	other_ambiguous	55	0	0.0	0	0	0	0	20	28	6	1	14		partial	
2563	B:3281501:3281503:>3281502	branch	ins_branch	3281501	3281503	>3281502	3281502+:GG	GG	0	248449862	248449862	True	indel	truth	graph	normal_present_rare	54	10	0.1852	6	2	1	1	22	26	4	2	14	15	True	HG00741#2,HG01358#1,HG02080#1,HG02622#2,HG02630#1,HG02723#1,HG02818#1,HG02818#2,HG03098#2,HG03492#1
2569	B:3288949:3288951:>3288950	branch	ins_branch	3288949	3288951	>3288950	3288950+:AG	AG	0	248570328	248570328	True	indel	truth	graph	normal_absent_HPRC_other	88	25	0.2841	21	3	0	1	46	32	8	2	25	25	False	HG00741#2,HG01258#1,HG01891#2,HG01978#2,HG02055#2,HG02145#1,HG02257#1,HG02486#2,HG02559#1,HG02622#2,HG02723#1,HG02723#2,HG02818#1,HG02886#2,HG03098#2,HG03486#1,HG03486#2,HG03492#1,HG03516#2,HG03579#1,HG03579#2,NA18906#2,NA20129#1,NA21309#1,NA21309#2
2570	B:3295608:3295611:<3295610	branch	snv_branch	3295608	3295611	<3295610	3295610-:T	T	1	248675548	248675549	True	snv	truth	graph	other_ambiguous	66	0	0.0	0	0	0	0	33	27	5	1	10	10	False	
2627	S:25342318:25342320	skip	del_skip	25342318	25342320				1	1890069	1890070	True	indel	truth	graph	normal_absent_HPRC_other	79	43	0.5443	23	13	5	2	40	29	8	2	43		True	HG00438#2,HG00621#1,HG00673#1,HG00673#2,HG00733#1,HG00733#2,HG00735#1,HG00741#1,HG01109#1,HG01109#2,HG01258#1,HG01258#2,HG01358#1,HG01358#2,HG01361#1,HG01361#2,HG01891#2,HG01952#1,HG02055#1,HG02080#1,HG02109#1,HG02145#2,HG02486#1,HG02559#1,HG02559#2,HG02572#2,HG02630#1,HG02717#2,HG02723#1,HG02723#2,HG02818#1,HG02818#2,HG03098#2,HG03453#1,HG03453#2,HG03486#2,HG03492#1,HG03492#2,HG03516#1,HG03540#1,HG03579#1,NA20129#1,NA21309#1
2676	B:25388317:25388320:>25388318	branch	ins_branch	25388317	25388320	>25388318	25388318+:ATCT	ATCT	0	3697660	3697660	True	indel	truth	graph	normal_absent_HPRC_other	71	17	0.2394	9	4	3	1	33	28	8	2	17	34	False	HG00438#1,HG00621#1,HG00621#2,HG00735#2,HG01109#2,HG01258#2,HG01361#1,HG02055#2,HG02109#2,HG02145#1,HG02145#2,HG02486#2,HG03098#2,HG03486#2,HG03492#2,HG03579#1,HG03579#2
2704	B:25406519:25406523:>25406522	branch	replacing_branch	25406519	25406523	>25406522	25406522+:G	G	2	4440464	4440466	True	indel	truth	graph	normal_absent_HPRC_other	78	24	0.3077	12	8	2	2	44	27	5	2	24	25	False	HG00621#2,HG00733#1,HG00735#1,HG00735#2,HG01071#1,HG01106#2,HG01109#1,HG01175#1,HG01978#2,HG02055#2,HG02080#2,HG02486#1,HG02559#1,HG02572#2,HG02630#1,HG02630#2,HG02717#2,HG02886#2,HG03492#1,HG03492#2,HG03540#1,HG03579#1,NA18906#2,NA20129#1
2710	B:25411093:25411096:>25411095	branch	snv_branch	25411093	25411096	>25411095	25411095+:A	A	1	4643683	4643684	True	snv	truth	graph	normal_absent_HPRC_other	81	19	0.2346	19	0	0	0	42	30	7	2	19	19	False	HG01891#2,HG02055#1,HG02109#2,HG02145#1,HG02145#2,HG02486#1,HG02486#2,HG02622#1,HG02622#2,HG02717#1,HG02723#1,HG02818#2,HG03453#1,HG03453#2,HG03486#1,HG03516#1,HG03516#2,HG03579#2,NA20129#2
2719	B:25419844:25419851:<25419845<25419847<25419848<25419849>25419850	branch	replacing_branch	25419844	25419851	<25419845<25419847<25419848<25419849>25419850	25419845-:G,25419847-:T,25419848-:G,25419849-:T,25419850+:G	GTGTG	1	5016331	5016332	True	indel	truth+germline	graph	normal_absent_HPRC_other	63	9	0.1429	3	6	0	0	29	26	6	2	9	16	False	HG00733#1,HG00741#2,HG01109#1,HG01258#1,HG01978#2,HG02148#2,NA20129#1,NA20129#2,NA21309#1
2780	S:25459590:25459593	skip	del_skip	25459590	25459593				1	6763126	6763127	True	indel	truth	graph	normal_absent_HPRC_other	73	9	0.1233	6	2	0	1	37	26	8	2	9		False	HG01258#1,HG02055#2,HG02109#2,HG02148#1,HG02630#2,HG03098#2,HG03492#2,NA21309#1,NA21309#2
2798	S:25483804:25483810	skip	del_skip	25483804	25483810				8	7855720	7855728	True	indel	partial	graph_closest_primary	other_ambiguous	37	1	0.027	0	1	0	0	17	15	3	2	13		False	HG01358#2
2798	B:25483816:25483829:>25483818	branch	replacing_branch	25483816	25483829	>25483818	25483818+:G	G	17	7855759	7855776	True	indel	partial	graph_closest_primary	other_ambiguous	37	2	0.0541	1	1	0	0	17	15	3	2	9	53	False	HG01358#2,HG03453#2
2808	B:25487352:25487354:>25487353	branch	ins_branch	25487352	25487354	>25487353	25487353+:AC	AC	0	8015075	8015075	True	indel	truth	graph	normal_absent_HPRC_other	84	8	0.0952	6	0	2	0	44	31	7	2	8	9	False	HG00621#1,HG02080#1,HG02109#1,HG02257#1,HG02559#1,HG02630#1,HG03098#2,NA20129#1
2826	B:25512812:25512815:>25512814	branch	snv_branch	25512812	25512815	>25512814	25512814+:A	A	1	9444159	9444160	True	snv	truth	graph	normal_absent_HPRC_other	67	3	0.0448	3	0	0	0	32	26	8	1	9	9	False	HG02723#1,HG02723#2,NA20129#1
2975	S:25691712:25691715	skip	del_skip	25691712	25691715				8	17622595	17622603	True	indel	truth	graph	normal_absent_HPRC_other	64	13	0.2031	9	3	1	0	37	22	5	0	16		False	HG00621#2,HG01109#1,HG01123#1,HG01258#2,HG02257#2,HG02622#1,HG02630#1,HG02717#1,HG03098#2,HG03486#1,HG03486#2,HG03516#1,NA20129#1
3212	S:25971237:25971239	skip	del_skip	25971237	25971239				1	33465969	33465970	True	indel	truth	graph	normal_absent_HPRC_other	82	40	0.4878	24	14	1	1	41	31	8	2	40		True	HG00735#1,HG00735#2,HG01071#1,HG01106#2,HG01109#1,HG01123#2,HG01175#1,HG01358#1,HG01358#2,HG01361#1,HG01361#2,HG01891#1,HG01928#2,HG01952#1,HG01978#2,HG02055#1,HG02080#2,HG02145#1,HG02257#1,HG02257#2,HG02486#1,HG02559#1,HG02559#2,HG02622#1,HG02622#2,HG02717#2,HG02723#1,HG02818#1,HG02818#2,HG03098#2,HG03453#2,HG03486#1,HG03486#2,HG03492#1,HG03516#1,HG03516#2,HG03540#2,HG03579#1,NA18906#2,NA21309#2
3232	B:26008961:26008963:<26008962	branch	ins_branch	26008961	26008963	<26008962	26008962-:A	A	0	34881148	34881148	True	indel	truth	graph	normal_absent_HPRC_other	79	8	0.1013	7	1	0	0	39	30	8	2	9	10	False	HG01109#1,HG01891#2,HG02055#2,HG02109#2,HG02257#2,HG02717#1,HG02717#2,HG03486#2
3269	B:26038989:26038991:>26038990	branch	ins_branch	26038989	26038991	>26038990	26038990+:T	T	0	36103210	36103210	True	indel	truth	graph	normal_absent_HPRC_other	82	9	0.1098	7	2	0	0	41	31	8	2	9	9	False	HG01106#2,HG01243#2,HG02109#2,HG02145#2,HG02622#2,HG02630#2,HG02723#2,HG02818#2,HG03453#1
3316	B:26120726:26120729:>26120728	branch	snv_branch	26120726	26120729	>26120728	26120728+:T	T	1	39843901	39843902	True	snv	partial	graph	normal_absent_HPRC_other	47	32	0.6809	5	20	6	1	13	25	8	1	44	45	True	HG00438#1,HG00438#2,HG00621#1,HG00621#2,HG00735#1,HG00735#2,HG00741#1,HG01071#1,HG01071#2,HG01106#1,HG01109#2,HG01123#2,HG01243#1,HG01258#2,HG01358#1,HG01358#2,HG01361#2,HG01891#1,HG01928#1,HG01952#1,HG01952#2,HG01978#1,HG01978#2,HG02055#1,HG02080#1,HG02080#2,HG02148#1,HG02148#2,HG02717#1,HG02723#2,HG03492#2,NA18906#1
3316	S:26120729:26120732	skip	del_skip	26120729	26120732				1	39843903	39843904	True	indel	partial	graph	normal_absent_HPRC_other	47	26	0.5532	5	17	4	0	13	25	8	1	42		True	HG00438#1,HG00438#2,HG00673#2,HG00733#1,HG00733#2,HG00741#1,HG01071#2,HG01106#1,HG01109#2,HG01243#1,HG01258#2,HG01358#1,HG01358#2,HG01361#2,HG01928#1,HG01952#2,HG01978#1,HG01978#2,HG02055#1,HG02080#2,HG02148#1,HG02148#2,HG02486#2,HG02717#1,HG02723#2,NA18906#1
3316	B:26120738:26120741:>26120740	branch	snv_branch	26120738	26120741	>26120740	26120740+:T	T	1	39843909	39843910	True	snv	germline	graph	normal_absent_HPRC_other	47	45	0.9574	11	25	8	1	13	25	8	1	73	74	True	HG00438#1,HG00438#2,HG00621#1,HG00621#2,HG00673#1,HG00673#2,HG00733#1,HG00733#2,HG00735#1,HG00735#2,HG00741#1,HG00741#2,HG01071#1,HG01071#2,HG01106#1,HG01109#1,HG01109#2,HG01123#2,HG01243#1,HG01258#1,HG01258#2,HG01358#1,HG01358#2,HG01361#2,HG01891#1,HG01928#1,HG01952#1,HG01952#2,HG01978#1,HG01978#2,HG02055#1,HG02080#1,HG02080#2,HG02148#1,HG02148#2,HG02486#2,HG02717#1,HG02717#2,HG02723#1,HG02723#2,HG02886#2,HG03492#2,HG03540#1,NA18906#1,NA20129#1
3316	S:26120752:26120756	skip	del_skip	26120752	26120756				4	39843923	39843927	False	indel	partial	graph	normal_absent_HPRC_other	47	16	0.3404	5	9	2	0	13	25	8	1	18		False	HG00438#2,HG00673#1,HG00733#1,HG00733#2,HG01109#2,HG01243#1,HG01258#2,HG01361#2,HG01952#2,HG01978#2,HG02055#1,HG02148#2,HG02486#2,HG02717#1,HG02723#2,NA18906#1
3346	B:26162936:26162940:<26162938	branch	snv_branch	26162936	26162940	<26162938	26162938-:G	G	1	41737528	41737529	True	snv	truth	graph	normal_absent_HPRC_other	15	2	0.1333	2	0	0	0	5	6	3	1	4	8	False	HG02572#1,HG03516#1
3369	B:26209548:26209550:>26209549	branch	ins_branch	26209548	26209550	>26209549	26209549+:A	A	0	43854626	43854626	True	indel	truth	graph	normal_absent_HPRC_other	79	34	0.4304	19	9	6	0	39	31	8	1	37	43	False	HG00438#2,HG00621#1,HG00673#1,HG00673#2,HG00733#1,HG00735#1,HG01071#1,HG01106#2,HG01109#1,HG01123#1,HG01361#2,HG01928#2,HG02055#1,HG02080#1,HG02080#2,HG02109#2,HG02148#2,HG02257#2,HG02486#1,HG02486#2,HG02572#2,HG02630#1,HG02723#1,HG02723#2,HG02818#2,HG02886#1,HG02886#2,HG03453#1,HG03516#2,HG03540#2,HG03579#1,HG03579#2,NA18906#2,NA21309#2
3386	S:26232364:26232366	skip	del_skip	26232364	26232366				1	44965042	44965043	True	indel	truth	graph	normal_absent_HPRC_other	82	22	0.2683	17	5	0	0	43	30	8	1	22		False	HG01071#2,HG01109#1,HG01243#1,HG01243#2,HG01891#1,HG01978#2,HG02109#2,HG02145#1,HG02257#2,HG02486#2,HG02559#1,HG02572#1,HG02622#1,HG02622#2,HG02630#1,HG02886#1,HG02886#2,HG03453#1,HG03453#2,HG03516#1,HG03540#2,HG03579#1
3416	S:26626623:26626621	skip	del_skip	26626623	26626621				1	47604477	47604478	True	indel	truth	graph	normal_absent_HPRC_other	83	55	0.6627	33	17	4	1	42	31	8	2	60		True	HG00438#2,HG00621#1,HG00621#2,HG00733#2,HG00735#1,HG00735#2,HG00741#1,HG01071#1,HG01106#1,HG01109#1,HG01123#1,HG01175#2,HG01243#1,HG01358#1,HG01891#1,HG01891#2,HG01928#2,HG01952#1,HG01952#2,HG01978#1,HG01978#2,HG02055#1,HG02055#2,HG02080#2,HG02109#1,HG02109#2,HG02145#2,HG02148#2,HG02257#1,HG02257#2,HG02486#1,HG02486#2,HG02559#1,HG02559#2,HG02572#2,HG02622#1,HG02630#1,HG02630#2,HG02717#1,HG02723#1,HG02723#2,HG02886#1,HG02886#2,HG03098#2,HG03453#1,HG03453#2,HG03486#1,HG03486#2,HG03492#2,HG03516#1,HG03579#1,NA20129#1,NA20129#2,NA21309#1,NA21309#2
3562	S:26479999:26479997	skip	del_skip	26479999	26479997				1	54716048	54716049	True	indel	partial	graph	normal_present_rare	74	55	0.7432	36	16	1	2	40	26	6	2	58		False	HG00438#1,HG00733#1,HG00733#2,HG01071#1,HG01106#2,HG01109#1,HG01109#2,HG01123#2,HG01175#1,HG01243#2,HG01361#2,HG01928#1,HG01928#2,HG01952#2,HG01978#1,HG02055#1,HG02109#1,HG02109#2,HG02148#1,HG02148#2,HG02257#1,HG02257#2,HG02486#1,HG02486#2,HG02559#1,HG02559#2,HG02572#1,HG02622#1,HG02622#2,HG02630#1,HG02630#2,HG02717#1,HG02723#1,HG02723#2,HG02818#1,HG02818#2,HG02886#1,HG02886#2,HG03453#1,HG03453#2,HG03486#1,HG03492#1,HG03492#2,HG03516#1,HG03516#2,HG03540#1,HG03540#2,HG03579#1,HG03579#2,NA18906#1,NA18906#2,NA20129#1,NA20129#2,NA21309#1,NA21309#2
3562	B:26479997:26479993:<26479996	branch	snv_branch	26479997	26479993	<26479996	26479996-:A	A	1	54716050	54716051	True	snv	germline	graph	normal_present_rare	74	12	0.1622	4	6	1	1	40	26	6	2	12	78	False	HG00735#1,HG00741#1,HG01106#1,HG01243#1,HG01258#1,HG01891#1,HG01978#1,HG02055#2,HG02080#1,HG02622#1,HG03098#2,HG03492#2
3681	S:26373580:26373577	skip	del_skip	26373580	26373577				1	60457670	60457671	True	indel	truth	graph	normal_absent_HPRC_other	88	11	0.125	8	3	0	0	46	32	8	2	11		False	HG00741#1,HG01243#1,HG01258#1,HG02145#2,HG02486#2,HG02559#1,HG02723#1,HG03098#1,HG03453#1,HG03486#1,HG03579#2
3727	B:26292939:26292936:>26292938	branch	snv_branch	26292939	26292936	>26292938	26292938+:G	G	1	65575865	65575866	True	snv	germline	graph	normal_absent_HPRC_other	80	67	0.8375	33	28	4	2	40	31	7	2	74	76	True	HG00438#2,HG00621#1,HG00733#1,HG00733#2,HG00741#1,HG00741#2,HG01071#1,HG01071#2,HG01106#1,HG01109#2,HG01123#1,HG01123#2,HG01175#1,HG01175#2,HG01243#1,HG01243#2,HG01258#1,HG01258#2,HG01358#1,HG01358#2,HG01361#1,HG01361#2,HG01891#1,HG01891#2,HG01928#1,HG01928#2,HG01952#1,HG01952#2,HG01978#1,HG01978#2,HG02055#1,HG02055#2,HG02080#1,HG02080#2,HG02109#2,HG02145#1,HG02145#2,HG02148#1,HG02148#2,HG02257#1,HG02257#2,HG02486#2,HG02559#1,HG02622#1,HG02622#2,HG02630#1,HG02630#2,HG02717#2,HG02723#1,HG02723#2,HG02886#1,HG03098#1,HG03098#2,HG03453#2,HG03486#2,HG03492#1,HG03492#2,HG03516#1,HG03516#2,HG03540#2,HG03579#1,NA18906#1,NA18906#2,NA20129#1,NA20129#2,NA21309#1,NA21309#2
3727	B:26292934:26292930:>26292933	branch	ins_branch	26292934	26292930	>26292933	26292933+:T	T	0	65575877	65575877	True	indel	partial	graph	normal_absent_HPRC_other	80	17	0.2125	8	8	1	0	40	31	7	2	17	37	False	HG00438#2,HG00741#1,HG00741#2,HG01071#1,HG01106#2,HG01175#2,HG01258#1,HG01361#2,HG02109#2,HG02145#1,HG02148#2,HG02630#1,HG02630#2,HG02723#2,HG02886#1,HG03098#1,NA21309#1
3795	S:26698916:26698918	skip	del_skip	26698916	26698918				1	69356741	69356742	True	indel	truth	graph	normal_absent_HPRC_other	75	58	0.7733	32	21	3	2	35	31	7	2	67		True	HG00438#1,HG00673#1,HG00733#1,HG00733#2,HG00741#1,HG01071#1,HG01071#2,HG01106#2,HG01109#1,HG01109#2,HG01123#1,HG01123#2,HG01175#2,HG01243#2,HG01258#2,HG01358#1,HG01358#2,HG01361#1,HG01891#1,HG01891#2,HG01928#1,HG01928#2,HG01952#1,HG01978#1,HG02080#1,HG02109#1,HG02145#2,HG02148#1,HG02257#1,HG02257#2,HG02486#1,HG02486#2,HG02559#2,HG02572#1,HG02572#2,HG02630#1,HG02630#2,HG02723#2,HG02818#1,HG02818#2,HG02886#1,HG02886#2,HG03098#1,HG03098#2,HG03453#1,HG03486#2,HG03492#1,HG03492#2,HG03516#1,HG03540#1,HG03540#2,HG03579#1,HG03579#2,NA18906#1,NA18906#2,NA20129#1,NA21309#1,NA21309#2
3796	B:26699165:26699167:<26699166	branch	ins_branch	26699165	26699167	<26699166	26699166-:A	A	0	69372198	69372198	True	indel	truth	graph	normal_absent_HPRC_other	79	9	0.1139	6	3	0	0	39	31	7	2	10	10	False	HG00741#1,HG01071#1,HG01243#2,HG02257#1,HG02886#1,HG03098#1,HG03486#2,NA18906#1,NA21309#1
3858	B:26784255:26784257:>26784256	branch	ins_branch	26784255	26784257	>26784256	26784256+:T	T	0	74016788	74016788	True	indel	truth	graph	normal_absent_HPRC_other	80	20	0.25	14	5	1	0	40	30	8	2	20	28	False	HG00673#2,HG00741#2,HG01106#2,HG01123#2,HG01258#1,HG01891#1,HG01891#2,HG01928#1,HG02109#1,HG02109#2,HG02145#2,HG02257#2,HG02486#1,HG02559#2,HG02622#2,HG02630#1,HG02818#2,HG02886#1,HG03453#2,HG03579#2
3889	B:26820751:26820753:<26820752	branch	ins_branch	26820751	26820753	<26820752	26820752-:T	T	0	76064343	76064343	True	indel	truth	graph	normal_absent_HPRC_other	84	22	0.2619	20	2	0	0	43	32	8	1	23	23	False	HG00735#2,HG01243#2,HG01891#1,HG01891#2,HG02055#2,HG02109#1,HG02257#1,HG02257#2,HG02486#1,HG02559#2,HG02630#2,HG02717#2,HG02818#1,HG03453#1,HG03453#2,HG03486#1,HG03516#2,HG03540#1,HG03540#2,HG03579#1,HG03579#2,NA20129#1
4000	S:26928344:26928346	skip	del_skip	26928344	26928346				1	81007818	81007819	True	indel	truth	graph	normal_absent_HPRC_other	79	52	0.6582	25	20	6	1	37	32	8	2	53		True	HG00438#1,HG00621#1,HG00621#2,HG00673#2,HG00733#1,HG00735#1,HG00741#1,HG00741#2,HG01071#1,HG01071#2,HG01106#1,HG01109#2,HG01123#1,HG01175#1,HG01175#2,HG01243#1,HG01243#2,HG01258#2,HG01358#1,HG01361#1,HG01361#2,HG01891#2,HG01952#2,HG01978#2,HG02055#1,HG02080#1,HG02080#2,HG02109#1,HG02109#2,HG02145#1,HG02145#2,HG02148#1,HG02486#2,HG02559#1,HG02622#2,HG02630#2,HG02717#1,HG02717#2,HG02723#1,HG02818#1,HG02818#2,HG02886#1,HG03453#1,HG03492#1,HG03516#2,HG03540#1,HG03540#2,HG03579#1,NA18906#1,NA18906#2,NA20129#1,NA20129#2
4021	B:26938095:26938097:<26938096	branch	ins_branch	26938095	26938097	<26938096	26938096-:A	A	0	81544843	81544843	True	indel	truth	graph	normal_absent_HPRC_other	80	12	0.15	7	5	0	0	41	29	8	2	15	18	False	HG00733#2,HG00741#1,HG01258#1,HG01361#1,HG01952#1,HG02109#2,HG02145#2,HG02630#1,HG02630#2,HG02818#1,HG03453#1,HG03453#2
4093	S:26975533:26975535	skip	del_skip	26975533	26975535				1	83415970	83415971	True	indel	truth	graph	normal_absent_HPRC_other	85	12	0.1412	10	2	0	0	43	32	8	2	12		False	HG01106#2,HG01243#2,HG01891#1,HG01891#2,HG02055#2,HG02109#1,HG02559#1,HG02622#1,HG02622#2,HG02717#1,HG03516#1,HG03516#2
4279	S:29482544:29482547	skip	del_skip	29482544	29482547				1	94795411	94795412	True	indel	truth	graph	normal_absent_HPRC_other	81	27	0.3333	21	4	0	2	41	30	8	2	29		False	HG01109#2,HG01243#2,HG01361#2,HG01891#2,HG01978#1,HG02257#1,HG02257#2,HG02486#1,HG02486#2,HG02622#1,HG02630#1,HG02717#1,HG02717#2,HG02723#2,HG02818#1,HG03098#1,HG03453#1,HG03486#1,HG03492#1,HG03492#2,HG03540#1,HG03540#2,HG03579#2,NA18906#1,NA18906#2,NA20129#2,NA21309#2
4356	B:27308773:27308776:>27308775	branch	snv_branch	27308773	27308776	>27308775	27308775+:T	T	1	101548300	101548301	True	snv	truth	graph	normal_absent_HPRC_other	75	39	0.52	20	15	3	1	36	30	7	2	50	51	True	HG00673#2,HG00735#2,HG00741#1,HG00741#2,HG01109#1,HG01109#2,HG01243#2,HG01258#2,HG01358#1,HG01361#1,HG01361#2,HG01891#2,HG01952#1,HG01952#2,HG01978#2,HG02055#2,HG02080#1,HG02080#2,HG02145#1,HG02148#1,HG02148#2,HG02257#1,HG02486#1,HG02559#2,HG02717#1,HG02717#2,HG02723#1,HG02723#2,HG02886#1,HG02886#2,HG03453#1,HG03453#2,HG03486#1,HG03492#1,HG03516#2,HG03540#1,HG03579#1,HG03579#2,NA18906#1
4365	B:27320266:27320269:<27320268	branch	snv_branch	27320266	27320269	<27320268	27320268-:T	T	1	102181786	102181787	True	snv	truth	graph	normal_absent_HPRC_other	86	28	0.3256	17	10	1	0	45	31	8	2	28	28	False	HG00438#1,HG00741#2,HG01109#1,HG01109#2,HG01243#1,HG01243#2,HG01361#2,HG01952#1,HG01952#2,HG02145#1,HG02148#1,HG02148#2,HG02486#1,HG02559#1,HG02559#2,HG02572#1,HG02572#2,HG02622#1,HG02622#2,HG02630#1,HG02717#2,HG02723#1,HG03098#1,HG03453#1,HG03486#1,HG03516#1,HG03579#1,NA18906#1
4441	S:27357422:27357424	skip	del_skip	27357422	27357424				1	104300311	104300312	True	indel	truth	graph	normal_absent_HPRC_other	86	9	0.1047	9	0	0	0	45	31	8	2	9		False	HG02145#2,HG02257#1,HG02818#2,HG02886#2,HG03098#1,HG03098#2,HG03516#2,HG03540#2,NA20129#2
4477	S:27404330:27404332	skip	del_skip	27404330	27404332				1	106536030	106536031	True	indel	truth	graph	normal_absent_HPRC_other	81	13	0.1605	3	8	2	0	42	29	8	2	13		True	HG00438#2,HG00621#2,HG00741#1,HG01106#1,HG01109#1,HG01123#2,HG01175#1,HG01891#1,HG01928#2,HG01978#2,HG02148#2,HG02559#2,HG03486#2
4544	B:27430897:27430900:<27430899	branch	snv_branch	27430897	27430900	<27430899	27430899-:A	A	1	107897898	107897899	True	snv	truth	graph	normal_absent_HPRC_other	85	9	0.1059	9	0	0	0	43	32	8	2	9	9	False	HG02257#1,HG02572#2,HG02717#2,HG02818#1,HG02886#2,HG03098#1,HG03540#2,HG03579#1,NA18906#1
4776	S:30098654:30098656	skip	del_skip	30098654	30098656				1	118199362	118199363	True	indel	truth	graph	normal_absent_HPRC_other	74	32	0.4324	27	5	0	0	34	30	8	2	32		False	HG00741#2,HG01109#2,HG01175#2,HG01243#2,HG01358#2,HG01891#2,HG02055#1,HG02109#1,HG02109#2,HG02145#1,HG02257#1,HG02486#1,HG02486#2,HG02559#1,HG02559#2,HG02572#2,HG02622#1,HG02622#2,HG02630#1,HG02717#1,HG02717#2,HG02723#1,HG02723#2,HG02886#1,HG03098#1,HG03453#2,HG03486#1,HG03516#2,HG03579#2,NA18906#1,NA20129#2,NA21309#1
4778	S:30099422:30099424	skip	del_skip	30099422	30099424				1	118246165	118246166	True	indel	truth	graph	normal_absent_HPRC_other	87	25	0.2874	25	0	0	0	45	32	8	2	25		False	HG01891#1,HG01891#2,HG02055#1,HG02109#2,HG02145#1,HG02257#1,HG02486#2,HG02559#1,HG02572#2,HG02630#2,HG02717#1,HG02723#1,HG02886#2,HG03098#1,HG03453#1,HG03486#2,HG03516#1,HG03516#2,HG03540#1,HG03540#2,HG03579#1,NA20129#1,NA20129#2,NA21309#1,NA21309#2
4973	S:27584495:27584498	skip	del_skip	27584495	27584498				1	128653815	128653816	True	indel	truth	graph	normal_absent_HPRC_other	88	14	0.1591	12	2	0	0	46	32	8	2	14		True	HG01071#1,HG01123#2,HG01891#2,HG02145#2,HG02486#2,HG02572#1,HG02723#1,HG02723#2,HG02818#2,HG03453#2,HG03486#1,NA18906#2,NA20129#2,NA21309#2
4997	B:27596827:27596829:<27596828	branch	ins_branch	27596827	27596829	<27596828	27596828-:A	A	0	129199142	129199142	True	indel	truth	graph	normal_absent_HPRC_other	85	29	0.3412	21	8	0	0	43	32	8	2	31	32	False	HG01123#1,HG01123#2,HG01175#2,HG01243#2,HG01358#2,HG01891#1,HG01952#1,HG01978#2,HG02055#2,HG02109#1,HG02145#1,HG02148#1,HG02257#1,HG02486#1,HG02559#1,HG02572#2,HG02630#1,HG02717#1,HG02717#2,HG02723#1,HG02723#2,HG02886#2,HG03098#2,HG03453#1,HG03540#1,HG03579#2,NA18906#2,NA21309#1,NA21309#2
5435	B:27935796:27935794:<27935795	branch	ins_branch	27935796	27935794	<27935795	27935795-:A	A	0	150934053	150934053	True	indel	truth	graph	normal_absent_HPRC_other	71	3	0.0423	3	0	0	0	30	32	8	1	15	19	False	HG02572#1,HG03453#2,NA18906#1
5506	B:27876214:27876211:<27876213	branch	snv_branch	27876214	27876211	<27876213	27876213-:C	C	1	154140107	154140108	True	snv	truth	graph	normal_absent_HPRC_other	88	21	0.2386	15	4	0	2	46	32	8	2	21	21	False	HG01106#1,HG01123#1,HG01243#1,HG01258#2,HG02486#1,HG02559#2,HG02622#2,HG02717#2,HG02818#1,HG02818#2,HG02886#1,HG02886#2,HG03453#2,HG03486#2,HG03492#1,HG03492#2,HG03540#1,HG03540#2,NA18906#1,NA20129#2,NA21309#2
5669	S:28228045:28228048	skip	del_skip	28228045	28228048				1	165559796	165559797	True	indel	truth	graph	normal_absent_HPRC_other	83	13	0.1566	13	0	0	0	44	29	8	2	13		False	HG01891#2,HG02109#2,HG02145#1,HG02486#1,HG02622#1,HG02630#1,HG03453#1,HG03453#2,HG03486#2,HG03540#2,HG03579#1,HG03579#2,NA20129#2
5676	B:28237410:28237412:<28237411	branch	ins_branch	28237410	28237412	<28237411	28237411-:TAAA	TAAA	0	166103489	166103489	True	indel	truth	graph	normal_absent_HPRC_other	74	16	0.2162	11	5	0	0	39	26	7	2	16	16	False	HG00741#2,HG01106#1,HG01358#2,HG01891#1,HG01928#1,HG01978#2,HG02055#2,HG02257#1,HG02559#2,HG02818#2,HG02886#2,HG03098#1,HG03486#2,HG03579#2,NA18906#2,NA21309#1
5848	B:28477119:28477122:<28477121	branch	snv_branch	28477119	28477122	<28477121	28477121-:T	T	1	179061482	179061483	True	snv	truth	graph	normal_absent_HPRC_other	83	18	0.2169	15	3	0	0	41	32	8	2	18	18	False	HG00735#1,HG01361#1,HG01361#2,HG01891#1,HG02055#1,HG02055#2,HG02109#2,HG02559#2,HG02572#1,HG02622#1,HG02630#2,HG02717#2,HG02723#1,HG03516#2,HG03540#2,HG03579#2,NA18906#1,NA20129#2
6137	S:28712529:28712534	skip	del_skip	28712529	28712534				4	193424144	193424148	True	indel	partial	graph	normal_absent_HPRC_other	57	9	0.1579	5	2	2	0	24	26	5	2	13		False	HG00438#2,HG00621#2,HG01952#1,HG02145#1,HG02145#2,HG02148#1,HG02257#2,HG02486#2,HG02630#2
6137	S:28712538:28712540	skip	del_skip	28712538	28712540				2	193424162	193424164	True	indel	partial	graph	normal_absent_HPRC_other	57	46	0.807	17	24	5	0	24	26	5	2	59		True	HG00438#1,HG00438#2,HG00621#1,HG00621#2,HG00733#1,HG00733#2,HG00741#1,HG00741#2,HG01071#1,HG01071#2,HG01106#2,HG01109#1,HG01123#1,HG01123#2,HG01175#1,HG01175#2,HG01243#1,HG01243#2,HG01258#2,HG01361#2,HG01891#2,HG01928#1,HG01928#2,HG01952#1,HG01952#2,HG01978#1,HG01978#2,HG02055#1,HG02080#1,HG02145#1,HG02145#2,HG02148#1,HG02148#2,HG02257#1,HG02257#2,HG02486#2,HG02572#1,HG02622#1,HG02622#2,HG02630#2,HG02717#1,HG02723#1,HG03098#1,HG03098#2,HG03453#1,HG03540#1
6137	S:28712540:28712545	skip	del_skip	28712540	28712545				7	193424165	193424172	True	indel	partial	graph	normal_absent_HPRC_other	57	31	0.5439	4	23	4	0	24	26	5	2	37		True	HG00438#1,HG00438#2,HG00621#1,HG00733#1,HG00733#2,HG00741#1,HG00741#2,HG01071#1,HG01071#2,HG01106#2,HG01109#1,HG01123#1,HG01123#2,HG01175#1,HG01243#1,HG01243#2,HG01258#2,HG01361#2,HG01891#2,HG01928#1,HG01928#2,HG01952#1,HG01952#2,HG01978#1,HG01978#2,HG02080#1,HG02145#2,HG02148#1,HG02148#2,HG02572#1,HG02630#2
6206	S:28746034:28746039	skip	del_skip	28746034	28746039				2	195192324	195192326	True	indel	truth	graph	normal_absent_HPRC_other	78	11	0.141	5	3	3	0	38	30	8	2	11		False	HG00438#1,HG00621#1,HG01952#1,HG02055#2,HG02080#1,HG02148#1,HG02148#2,HG02630#2,HG03486#2,NA21309#1,NA21309#2
6520	S:29052054:29052058	skip	del_skip	29052054	29052058				1	213776826	213776827	True	indel	truth	graph	normal_absent_HPRC_other	84	17	0.2024	9	7	0	1	42	32	8	2	18		True	HG00735#1,HG00741#2,HG01109#1,HG01109#2,HG01361#1,HG01891#1,HG01891#2,HG01928#2,HG02148#1,HG02559#2,HG02622#2,HG02630#1,HG02723#2,HG03453#2,HG03486#2,HG03492#2,NA20129#1
6688	S:29781512:29781509	skip	del_skip	29781512	29781509				1	223320658	223320659	True	indel	truth	graph	normal_absent_HPRC_other	76	25	0.3289	17	7	1	0	37	30	7	2	27		False	HG00735#1,HG01071#2,HG01109#1,HG01123#2,HG01243#2,HG01358#2,HG01978#2,HG02080#2,HG02145#1,HG02257#1,HG02622#1,HG02630#1,HG02717#1,HG02723#1,HG02818#1,HG02818#2,HG03098#1,HG03453#1,HG03453#2,HG03516#1,HG03516#2,HG03579#2,NA18906#2,NA21309#1,NA21309#2
6733	B:29715958:29715955:>29715957	branch	snv_branch	29715958	29715955	>29715957	29715957+:G	G	1	226852909	226852910	True	snv	partial	graph	normal_absent_HPRC_other	66	31	0.4697	22	8	1	0	34	25	6	1	41	42	True	HG00673#2,HG00733#2,HG01106#1,HG01109#2,HG01123#1,HG01243#1,HG01258#2,HG01358#2,HG02055#1,HG02109#2,HG02148#2,HG02257#1,HG02257#2,HG02486#1,HG02486#2,HG02559#2,HG02572#1,HG02622#2,HG02630#1,HG02630#2,HG02717#1,HG02717#2,HG02723#2,HG02818#1,HG02886#2,HG03453#2,HG03516#1,HG03540#1,NA18906#2,NA20129#1,NA21309#2
6733	B:29715953:29715950:>29715952	branch	ins_branch	29715953	29715950	>29715952	29715952+:ATT	ATT	0	226852930	226852930	True	indel	partial	graph	normal_absent_HPRC_other	66	22	0.3333	16	6	0	0	34	25	6	1	22	39	False	HG00733#2,HG01071#1,HG01109#2,HG01123#1,HG01243#1,HG01358#2,HG02055#1,HG02109#2,HG02257#2,HG02486#1,HG02559#2,HG02572#1,HG02622#2,HG02630#1,HG02717#1,HG02717#2,HG02723#2,HG02818#1,HG03516#1,NA18906#2,NA20129#1,NA21309#2
6817	S:29655829:29655826	skip	del_skip	29655829	29655826				1	229650072	229650073	True	indel	truth	graph	normal_absent_HPRC_other	84	25	0.2976	16	8	0	1	42	32	8	2	25		False	HG01071#1,HG01071#2,HG01109#2,HG01243#1,HG01358#2,HG01361#2,HG01978#2,HG02148#1,HG02486#1,HG02559#1,HG02559#2,HG02622#2,HG02630#1,HG02717#1,HG02723#2,HG02818#2,HG03098#1,HG03453#2,HG03486#1,HG03492#1,HG03516#2,NA18906#1,NA18906#2,NA20129#1,NA20129#2
6880	B:29230373:29230375:>29230374	branch	ins_branch	29230373	29230375	>29230374	29230374+:T	T	0	234114233	234114233	True	indel	truth	graph	normal_absent_HPRC_other	75	22	0.2933	15	5	2	0	36	29	8	2	22	30	False	HG00438#2,HG00621#2,HG01071#2,HG01109#1,HG01123#1,HG01175#1,HG01243#2,HG02055#1,HG02109#1,HG02145#1,HG02257#2,HG02559#1,HG02630#2,HG02818#1,HG02886#1,HG03098#2,HG03453#2,HG03516#2,NA18906#1,NA18906#2,NA21309#1,NA21309#2
6942	B:29351361:29351366:>29351364>29351365	branch	mnv_branch	29351361	29351366	>29351364>29351365	29351364+:G,29351365+:G	GG	2	239069395	239069397	True	snv	partial	graph_closest_primary	other_ambiguous	82	13	0.1585	4	6	2	1	43	31	6	2	14	14	absent	HG00438#2,HG00735#2,HG01071#2,HG01175#2,HG01258#1,HG01258#2,HG02080#1,HG02148#1,HG02486#1,HG02717#1,HG03492#2,NA18906#2,NA20129#1
6943	B:29351366:29351369:>29351368	branch	snv_branch	29351366	29351369	>29351368	29351368+:G	G	1	239069404	239069405	True	snv	truth	graph	normal_absent_HPRC_other	82	13	0.1585	4	6	2	1	43	31	6	2	14	14	absent	HG00438#2,HG00735#2,HG01071#2,HG01175#2,HG01258#1,HG01258#2,HG02080#1,HG02148#1,HG02486#1,HG02717#1,HG03492#2,NA18906#2,NA20129#1
7092	S:33645727:33645730	skip	del_skip	33645727	33645730				1	7421938	7421939	True	indel	truth	graph	normal_absent_HPRC_other	88	22	0.25	13	6	3	0	46	32	8	2	22		False	HG00621#1,HG00621#2,HG01109#2,HG01358#2,HG01361#1,HG01361#2,HG01928#1,HG01928#2,HG02080#2,HG02109#1,HG02109#2,HG02257#2,HG02559#1,HG02630#2,HG02717#2,HG02723#1,HG02886#1,HG03453#2,HG03486#1,HG03579#1,NA18906#1,NA18906#2
7151	B:33798158:33798160:<33798159	branch	ins_branch	33798158	33798160	<33798159	33798159-:T	T	0	14969244	14969244	True	indel	truth	graph	normal_absent_HPRC_other	83	12	0.1446	7	4	1	0	41	32	8	2	12	12	False	HG01106#2,HG01109#1,HG01109#2,HG01358#2,HG02080#1,HG02145#1,HG02486#1,HG02630#1,HG02630#2,HG02717#2,HG02886#2,HG03579#1
7180	B:33847844:33847847:<33847845	branch	ins_branch	33847844	33847847	<33847845	33847845-:CT	CT	0	17928972	17928972	True	indel	truth	graph	normal_absent_HPRC_other	59	30	0.5085	14	9	5	2	27	24	6	2	31	66	True	HG00621#2,HG00673#1,HG00673#2,HG00733#2,HG00735#1,HG00741#2,HG01106#1,HG01175#2,HG01358#1,HG01358#2,HG01361#2,HG01952#2,HG02080#1,HG02080#2,HG02109#1,HG02145#2,HG02486#1,HG02572#2,HG02622#1,HG02717#2,HG02723#2,HG02818#1,HG03453#2,HG03492#1,HG03492#2,HG03516#1,HG03516#2,HG03579#1,NA18906#1,NA21309#1
7211	S:33898461:33898467	skip	del_skip	33898461	33898467				5	20721234	20721239	True	indel	partial	graph	normal_absent_HPRC_other	66	17	0.2576	4	9	3	1	33	25	7	1	17		False	HG00438#1,HG00621#2,HG00673#1,HG00733#1,HG00733#2,HG00735#1,HG00741#1,HG01175#1,HG01243#1,HG01358#1,HG01361#2,HG02148#1,HG02257#2,HG03098#2,HG03492#1,HG03540#2,HG03579#1
7211	S:33898469:33898472	skip	del_skip	33898469	33898472				1	20721247	20721248	True	indel	partial	graph	normal_absent_HPRC_other	66	43	0.6515	16	19	7	1	33	25	7	1	43		False	HG00438#1,HG00438#2,HG00621#2,HG00673#1,HG00673#2,HG00733#1,HG00733#2,HG00735#1,HG00735#2,HG00741#1,HG01071#1,HG01106#2,HG01109#1,HG01175#1,HG01243#1,HG01258#1,HG01358#1,HG01361#1,HG01361#2,HG01891#2,HG01928#1,HG01928#2,HG01978#1,HG01978#2,HG02080#1,HG02080#2,HG02109#1,HG02145#1,HG02148#1,HG02257#2,HG02559#1,HG02630#1,HG02723#1,HG02818#1,HG02886#2,HG03098#2,HG03486#1,HG03492#1,HG03516#2,HG03540#2,HG03579#1,NA18906#1,NA21309#2
7247	B:33949500:33949502:>33949501	branch	ins_branch	33949500	33949502	>33949501	33949501+:TA	TA	0	22752770	22752770	True	indel	truth	graph	normal_absent_HPRC_other	76	11	0.1447	7	4	0	0	40	28	6	2	11	12	False	HG00735#2,HG01109#1,HG01123#2,HG01243#2,HG02145#1,HG02559#1,HG02717#2,HG02723#1,HG03098#2,HG03453#2,NA18906#1
7342	B:34017732:34017735:<34017734	branch	snv_branch	34017732	34017735	<34017734	34017734-:T	T	1	26209093	26209094	True	snv	truth	graph	normal_absent_HPRC_other	81	44	0.5432	34	8	1	1	43	29	7	2	51	51	False	HG00438#2,HG00741#2,HG01123#1,HG01123#2,HG01243#2,HG01358#1,HG01358#2,HG01978#2,HG02055#1,HG02055#2,HG02109#1,HG02145#1,HG02145#2,HG02148#1,HG02257#1,HG02486#2,HG02559#1,HG02572#1,HG02572#2,HG02622#1,HG02622#2,HG02630#1,HG02630#2,HG02717#1,HG02717#2,HG02723#1,HG02723#2,HG02818#1,HG02886#1,HG02886#2,HG03098#1,HG03453#2,HG03486#1,HG03492#1,HG03516#1,HG03516#2,HG03540#1,HG03540#2,HG03579#1,HG03579#2,NA18906#2,NA20129#2,NA21309#1,NA21309#2
7383	B:34028890:34028893:>34028891>34028892	branch	ins_branch	34028890	34028893	>34028891>34028892	34028891+:A,34028892+:A	AA	0	26717301	26717301	True	indel	truth	graph	normal_absent_HPRC_other	84	16	0.1905	12	2	2	0	43	31	8	2	16	16	False	HG00438#2,HG00673#2,HG01123#2,HG01891#2,HG01978#2,HG02055#1,HG02559#1,HG02622#1,HG02717#2,HG02723#2,HG02818#1,HG03486#1,HG03486#2,HG03516#2,HG03540#1,NA20129#1
7395	B:34034469:34034473:<34034470	branch	ins_branch	34034469	34034473	<34034470	34034470-:A	A	0	26944097	26944097	True	indel	truth	graph	normal_absent_HPRC_other	74	25	0.3378	8	15	2	0	38	28	7	1	26	61	True	HG00673#1,HG00673#2,HG00733#1,HG00733#2,HG00735#2,HG00741#1,HG01106#2,HG01109#1,HG01123#2,HG01175#1,HG01175#2,HG01258#2,HG01358#2,HG01361#1,HG01891#1,HG01928#1,HG01952#2,HG02109#2,HG02148#2,HG02257#1,HG02257#2,HG02572#2,HG02630#1,HG03453#2,HG03516#2
7480	B:34130978:34130981:<34130980	branch	ins_branch	34130978	34130981	<34130980	34130980-:A	A	0	31885828	31885828	True	indel	truth	graph	normal_absent_HPRC_other	84	40	0.4762	20	17	2	1	42	32	8	2	40	52	False	HG00438#1,HG00438#2,HG00735#2,HG00741#1,HG01106#1,HG01109#2,HG01123#2,HG01175#1,HG01243#2,HG01258#1,HG01258#2,HG01358#1,HG01358#2,HG01361#1,HG01361#2,HG01891#1,HG01891#2,HG01952#1,HG01978#1,HG01978#2,HG02055#2,HG02109#1,HG02109#2,HG02148#2,HG02257#1,HG02559#1,HG02559#2,HG02572#1,HG02622#2,HG02630#1,HG02723#1,HG02723#2,HG03453#1,HG03486#1,HG03492#1,HG03540#1,HG03540#2,HG03579#2,NA18906#2,NA20129#1
7495	B:34160285:34160288:>34160287	branch	ins_branch	34160285	34160288	>34160287	34160287+:T	T	0	33252953	33252953	True	indel	truth	graph	normal_absent_HPRC_other	83	21	0.253	11	6	4	0	41	32	8	2	21	46	False	HG00438#2,HG00673#1,HG00673#2,HG01071#1,HG01109#1,HG01243#2,HG01258#2,HG01358#2,HG01891#1,HG01978#2,HG02080#1,HG02109#1,HG02109#2,HG02257#1,HG02486#1,HG02559#1,HG02622#1,HG02630#1,HG03098#1,HG03453#1,HG03540#1
7685	S:34283434:34283436	skip	del_skip	34283434	34283436				1	40322621	40322622	True	indel	truth	graph	normal_absent_HPRC_other	84	54	0.6429	36	12	5	1	43	31	8	2	54		True	HG00438#1,HG00621#1,HG00621#2,HG00673#2,HG01109#1,HG01123#1,HG01123#2,HG01243#1,HG01243#2,HG01358#1,HG01358#2,HG01361#1,HG01361#2,HG01891#1,HG01891#2,HG01928#2,HG01978#1,HG01978#2,HG02055#2,HG02080#1,HG02145#1,HG02257#1,HG02486#1,HG02486#2,HG02559#2,HG02572#1,HG02572#2,HG02622#1,HG02622#2,HG02630#1,HG02630#2,HG02717#1,HG02723#1,HG02723#2,HG02818#1,HG02818#2,HG02886#1,HG02886#2,HG03098#1,HG03098#2,HG03453#1,HG03453#2,HG03486#1,HG03486#2,HG03492#1,HG03516#1,HG03516#2,HG03540#1,HG03540#2,HG03579#1,HG03579#2,NA18906#1,NA20129#1,NA21309#2
7772	B:34404287:34404290:>34404289	branch	snv_branch	34404287	34404290	>34404289	34404289+:T	T	1	47650297	47650298	True	snv	truth	graph	normal_absent_HPRC_other	78	14	0.1795	6	7	1	0	37	32	7	2	17	17	False	HG00673#1,HG00733#1,HG00733#2,HG00735#1,HG01071#1,HG01071#2,HG01109#2,HG01258#2,HG02145#1,HG02559#1,HG02572#1,HG03453#1,HG03453#2,HG03540#2
8058	B:34655627:34655629:<34655628	branch	ins_branch	34655627	34655629	<34655628	34655628-:A	A	0	62363549	62363549	True	indel	truth	graph	normal_absent_HPRC_other	78	35	0.4487	20	13	2	0	37	31	8	2	35	42	True	HG00438#1,HG00438#2,HG01071#1,HG01106#1,HG01106#2,HG01109#2,HG01123#1,HG01123#2,HG01175#1,HG01243#1,HG01243#2,HG01258#2,HG01891#1,HG01952#2,HG01978#1,HG01978#2,HG02055#1,HG02109#2,HG02145#2,HG02257#2,HG02486#1,HG02559#1,HG02559#2,HG02622#1,HG02630#1,HG02717#2,HG02886#1,HG03098#1,HG03453#2,HG03486#1,HG03486#2,HG03540#2,HG03579#2,NA18906#1,NA21309#2
8155	B:34813798:34813796:<34813797	branch	ins_branch	34813798	34813796	<34813797	34813797-:T	T	0	67404989	67404989	True	indel	truth	graph	normal_absent_HPRC_other	87	43	0.4943	22	19	2	0	45	32	8	2	43	45	True	HG00621#1,HG00621#2,HG00733#1,HG00735#1,HG00741#1,HG00741#2,HG01071#2,HG01106#1,HG01109#1,HG01109#2,HG01123#2,HG01175#1,HG01175#2,HG01243#1,HG01258#2,HG01361#1,HG01891#2,HG01928#1,HG01952#1,HG01952#2,HG01978#2,HG02055#1,HG02109#2,HG02145#2,HG02148#1,HG02257#1,HG02257#2,HG02486#1,HG02622#2,HG02630#2,HG02717#1,HG02723#1,HG02723#2,HG02818#2,HG02886#2,HG03453#1,HG03516#1,HG03579#1,HG03579#2,NA18906#2,NA20129#1,NA21309#1,NA21309#2
8263	S:34705886:34705882	skip	del_skip	34705886	34705882				3	73083071	73083074	True	indel	partial	graph_closest_primary	other_ambiguous	81	16	0.1975	7	8	1	0	42	29	8	2	16		False	HG00621#1,HG00733#2,HG00741#1,HG01071#2,HG01358#1,HG01358#2,HG01361#1,HG01361#2,HG01891#1,HG01891#2,HG01952#1,HG02572#1,HG02717#1,HG02717#2,HG02818#2,HG03098#2
8471	S:35025774:35025776	skip	del_skip	35025774	35025776				1	81212868	81212869	True	indel	truth	graph	normal_absent_HPRC_other	78	11	0.141	10	1	0	0	36	32	8	2	11		False	HG01952#1,HG02109#1,HG02486#1,HG02486#2,HG02622#1,HG02717#1,HG03486#1,HG03486#2,HG03579#2,NA20129#1,NA21309#2
8496	B:35052855:35052858:<35052856	branch	ins_branch	35052855	35052858	<35052856	35052856-:A	A	0	82811300	82811300	True	indel	truth	graph	normal_absent_HPRC_other	83	62	0.747	32	21	8	1	43	30	8	2	63	82	True	HG00438#1,HG00438#2,HG00621#1,HG00621#2,HG00673#1,HG00673#2,HG00733#2,HG00735#1,HG00735#2,HG01071#2,HG01106#1,HG01106#2,HG01109#1,HG01123#1,HG01175#1,HG01175#2,HG01258#1,HG01358#1,HG01358#2,HG01361#1,HG01361#2,HG01891#1,HG01891#2,HG01928#1,HG01928#2,HG01952#2,HG01978#2,HG02055#1,HG02055#2,HG02080#1,HG02080#2,HG02148#1,HG02148#2,HG02257#1,HG02486#1,HG02559#1,HG02559#2,HG02572#2,HG02622#1,HG02622#2,HG02630#1,HG02717#1,HG02717#2,HG02723#1,HG02723#2,HG02818#1,HG02818#2,HG02886#2,HG03453#1,HG03453#2,HG03486#2,HG03492#1,HG03516#1,HG03540#1,HG03540#2,HG03579#1,HG03579#2,NA18906#1,NA20129#1,NA20129#2,NA21309#1,NA21309#2
8785	S:37212768:37212770	skip	del_skip	37212768	37212770				1	95093438	95093439	True	indel	truth	graph	normal_absent_HPRC_other	86	20	0.2326	14	3	3	0	45	31	8	2	20		False	HG00438#1,HG00621#1,HG00673#2,HG01071#2,HG01243#2,HG01891#1,HG01891#2,HG01952#1,HG02109#1,HG02257#2,HG02486#2,HG02622#2,HG02717#1,HG02818#1,HG03098#2,HG03453#2,HG03516#2,HG03540#1,HG03540#2,HG03579#1
8883	B:37089976:37089979:>37089978	branch	snv_branch	37089976	37089979	>37089978	37089978+:A	A	1	98591984	98591985	True	snv	partial	graph	normal_absent_HPRC_other	76	56	0.7368	30	19	6	1	36	30	8	2	61	62	True	HG00438#1,HG00621#2,HG00673#1,HG00673#2,HG00733#1,HG00735#1,HG00735#2,HG00741#2,HG01071#1,HG01106#2,HG01109#2,HG01123#1,HG01123#2,HG01175#1,HG01175#2,HG01243#1,HG01258#2,HG01358#1,HG01358#2,HG01361#1,HG01361#2,HG01891#1,HG01891#2,HG01952#2,HG01978#2,HG02055#1,HG02080#1,HG02080#2,HG02109#1,HG02109#2,HG02145#2,HG02257#1,HG02257#2,HG02486#1,HG02559#1,HG02559#2,HG02622#1,HG02630#1,HG02717#1,HG02723#1,HG02818#1,HG02886#1,HG02886#2,HG03098#2,HG03453#1,HG03486#2,HG03492#2,HG03516#1,HG03516#2,HG03540#2,HG03579#1,HG03579#2,NA18906#1,NA18906#2,NA20129#1,NA21309#2
8883	B:37089979:37089987:>37089981	branch	replacing_branch	37089979	37089987	>37089981	37089981+:GG	GG	10	98591986	98591996	True	indel	partial	graph	normal_absent_HPRC_other	76	56	0.7368	30	19	6	1	36	30	8	2	56	60	True	HG00438#1,HG00621#2,HG00673#1,HG00673#2,HG00733#1,HG00735#1,HG00735#2,HG00741#2,HG01071#1,HG01106#2,HG01109#2,HG01123#1,HG01123#2,HG01175#1,HG01175#2,HG01243#1,HG01258#2,HG01358#1,HG01358#2,HG01361#1,HG01361#2,HG01891#1,HG01891#2,HG01952#2,HG01978#2,HG02055#1,HG02080#1,HG02080#2,HG02109#1,HG02109#2,HG02145#2,HG02257#1,HG02257#2,HG02486#1,HG02559#1,HG02559#2,HG02622#1,HG02630#1,HG02717#1,HG02723#1,HG02818#1,HG02886#1,HG02886#2,HG03098#2,HG03453#1,HG03486#2,HG03492#2,HG03516#1,HG03516#2,HG03540#2,HG03579#1,HG03579#2,NA18906#1,NA18906#2,NA20129#1,NA21309#2
8986	S:35651056:35651054	skip	del_skip	35651056	35651054				1	103507801	103507802	True	indel	truth	graph	normal_absent_HPRC_other	81	20	0.2469	15	4	1	0	43	28	8	2	20		True	HG00438#2,HG01243#1,HG01361#1,HG01361#2,HG01891#1,HG02055#2,HG02109#1,HG02148#1,HG02257#2,HG02572#1,HG02572#2,HG02622#2,HG02630#2,HG02717#1,HG02818#2,HG03453#2,HG03516#1,HG03540#2,NA18906#2,NA20129#1
9180	B:35498134:35498128:>35498129	branch	ins_branch	35498134	35498128	>35498129	35498129+:GT	GT	0	111752219	111752219	True	indel	truth	graph	normal_absent_HPRC_other	83	13	0.1566	11	2	0	0	43	31	7	2	13	61	False	HG01106#2,HG01243#1,HG02109#2,HG02257#2,HG02486#2,HG02559#1,HG02717#2,HG02818#1,HG03098#2,HG03453#1,HG03486#2,HG03579#2,NA18906#2
9231	B:35420026:35420024:<35420025	branch	ins_branch	35420026	35420024	<35420025	35420025-:A	A	0	116242765	116242765	True	indel	truth	graph	normal_absent_HPRC_other	86	11	0.1279	10	1	0	0	44	32	8	2	11	12	False	HG01243#1,HG01891#1,HG01891#2,HG02055#1,HG02559#1,HG02818#1,HG02886#1,HG03516#1,HG03516#2,HG03579#1,NA20129#2
9550	B:35813518:35813520:>35813519	branch	ins_branch	35813518	35813520	>35813519	35813519+:GT	GT	0	134374914	134374914	True	indel	truth	graph	normal_absent_HPRC_other	78	24	0.3077	17	6	0	1	40	29	7	2	24	33	False	HG00741#1,HG01071#1,HG01109#2,HG01123#2,HG01175#1,HG01978#1,HG02109#2,HG02145#1,HG02486#2,HG02572#2,HG02622#1,HG02717#2,HG02723#2,HG02818#1,HG02818#2,HG02886#1,HG03453#1,HG03486#1,HG03486#2,HG03492#1,HG03516#1,HG03516#2,HG03540#1,NA21309#2
9622	B:35887378:35887384:<35887379	branch	ins_branch	35887378	35887384	<35887379	35887379-:TG	TG	0	138949412	138949412	True	indel	truth	graph	normal_absent_HPRC_other	77	13	0.1688	6	2	5	0	38	29	8	2	13	57	False	HG00438#1,HG00621#1,HG00673#1,HG00673#2,HG01109#1,HG01358#1,HG01891#2,HG02080#1,HG02818#1,HG03098#2,HG03486#2,HG03516#1,HG03579#2
9759	B:36007594:36007596:<36007595	branch	ins_branch	36007594	36007596	<36007595	36007595-:A	A	0	145569317	145569317	True	indel	truth	graph	normal_absent_HPRC_other	83	45	0.5422	24	17	3	1	42	31	8	2	45	46	False	HG00438#1,HG00438#2,HG00733#2,HG00735#2,HG00741#1,HG01071#2,HG01109#1,HG01175#2,HG01243#2,HG01258#2,HG01358#1,HG01358#2,HG01361#1,HG01361#2,HG01891#1,HG01891#2,HG01928#1,HG01928#2,HG01952#2,HG02055#2,HG02080#2,HG02145#1,HG02145#2,HG02148#1,HG02148#2,HG02559#1,HG02559#2,HG02572#2,HG02622#2,HG02717#2,HG02723#1,HG02723#2,HG02818#1,HG02886#1,HG02886#2,HG03098#1,HG03453#1,HG03453#2,HG03486#1,HG03486#2,HG03492#2,HG03516#1,HG03540#2,NA18906#2,NA20129#1
9852	S:36105394:36105397	skip	del_skip	36105394	36105397				5	150893703	150893708	True	indel	truth	graph	normal_absent_HPRC_other	72	26	0.3611	10	10	4	2	34	28	8	2	33		False	HG00438#1,HG00673#1,HG00673#2,HG00733#1,HG00733#2,HG01071#2,HG01106#1,HG01123#1,HG01358#1,HG01361#1,HG01361#2,HG01952#2,HG01978#1,HG02055#1,HG02080#2,HG02109#1,HG02145#1,HG02486#1,HG02559#2,HG02818#2,HG03486#1,HG03486#2,HG03492#1,HG03492#2,NA20129#1,NA20129#2
10191	B:36371503:36371506:>36371505	branch	snv_branch	36371503	36371506	>36371505	36371505+:C	C	1	165519964	165519965	True	snv	truth	graph	normal_absent_HPRC_other	84	15	0.1786	15	0	0	0	42	32	8	2	15	15	False	HG01891#1,HG02486#1,HG02572#2,HG02622#2,HG02630#1,HG02717#1,HG02723#1,HG02886#1,HG03098#2,HG03453#2,HG03486#1,HG03516#1,HG03540#1,HG03579#1,NA21309#2
10210	B:36381068:36381071:>36381070	branch	snv_branch	36381068	36381071	>36381070	36381070+:G	G	1	166020099	166020100	True	snv	truth	graph	normal_absent_HPRC_other	86	58	0.6744	41	12	4	1	44	32	8	2	58	59	True	HG00438#1,HG00438#2,HG00621#1,HG00673#1,HG00735#2,HG01106#1,HG01106#2,HG01123#1,HG01123#2,HG01243#1,HG01243#2,HG01258#1,HG01258#2,HG01358#1,HG01361#1,HG01891#1,HG01978#1,HG02055#1,HG02055#2,HG02109#1,HG02109#2,HG02145#1,HG02145#2,HG02257#1,HG02257#2,HG02486#1,HG02486#2,HG02559#1,HG02572#1,HG02572#2,HG02622#1,HG02622#2,HG02630#1,HG02630#2,HG02717#1,HG02717#2,HG02723#1,HG02818#1,HG02818#2,HG02886#1,HG02886#2,HG03098#1,HG03098#2,HG03453#1,HG03453#2,HG03486#1,HG03486#2,HG03492#2,HG03516#1,HG03516#2,HG03540#1,HG03540#2,HG03579#1,HG03579#2,NA18906#1,NA20129#1,NA20129#2,NA21309#2
10339	S:36477342:36477347	skip	del_skip	36477342	36477347				9	171532839	171532848	True	indel	partial	graph_closest_primary	other_ambiguous	18	2	0.1111	2	0	0	0	10	5	3	0	11		False	HG02055#1,HG03486#1
10339	S:36477375:36477383	skip	del_skip	36477375	36477383				6	171532880	171532886	True	indel	partial	graph_closest_primary	other_ambiguous	18	10	0.5556	3	5	2	0	10	5	3	0	21		True	HG00438#1,HG00741#1,HG01071#2,HG01109#2,HG01358#2,HG01928#1,HG02080#2,HG02257#1,HG02886#2,NA18906#2
10519	B:36662754:36662757:>36662756	branch	snv_branch	36662754	36662757	>36662756	36662756+:A	A	1	181498840	181498841	True	snv	truth	graph	normal_absent_HPRC_other	77	34	0.4416	22	9	3	0	39	29	7	2	42	42	False	HG00621#2,HG00735#2,HG01071#1,HG01106#1,HG01109#1,HG01175#2,HG01258#1,HG01361#1,HG01891#2,HG01928#1,HG01952#2,HG02055#2,HG02080#1,HG02080#2,HG02145#2,HG02257#1,HG02257#2,HG02486#2,HG02559#2,HG02572#1,HG02572#2,HG02622#1,HG02630#1,HG02723#1,HG02818#1,HG02886#1,HG03453#1,HG03453#2,HG03486#2,HG03540#1,HG03579#1,HG03579#2,NA18906#2,NA21309#1
10847	B:39758519:39758522:<39758521	branch	snv_branch	39758519	39758522	<39758521	39758521-:T	T	1	4959591	4959592	True	snv	truth	graph	normal_absent_HPRC_other	84	10	0.119	3	6	1	0	44	31	7	2	10	10	False	HG00621#1,HG00735#2,HG01109#1,HG01258#2,HG01891#2,HG01928#1,HG01952#1,HG01978#1,HG02145#1,NA20129#2
10867	B:39811368:39811370:>39811369	branch	ins_branch	39811368	39811370	>39811369	39811369+:T	T	0	6717821	6717821	True	indel	truth	graph	normal_absent_HPRC_other	83	11	0.1325	5	3	2	1	42	31	8	2	11	13	False	HG00438#1,HG00438#2,HG01175#2,HG01928#2,HG02109#2,HG02145#1,HG02148#1,HG02559#1,HG03492#2,NA21309#1,NA21309#2
11008	B:37523924:37523927:<37523925<37523926	branch	ins_branch	37523924	37523927	<37523925<37523926	37523925-:TC,37523926-:TCTC	TCTCTC	0	16339467	16339467	True	indel	partial	graph	normal_absent_HPRC_other	69	17	0.2464	10	5	0	2	33	27	7	2	24	26	False	HG00733#1,HG01071#1,HG01106#2,HG01175#2,HG01358#2,HG02109#1,HG02109#2,HG02257#1,HG02486#1,HG02486#2,HG02559#2,HG02630#2,HG02723#2,HG03453#2,HG03492#1,HG03492#2,NA21309#1
11008	B:37523930:37523933:>37523932	branch	snv_branch	37523930	37523933	>37523932	37523932+:A	A	1	16339482	16339483	True	snv	partial	graph	normal_absent_HPRC_other	69	2	0.029	0	1	1	0	33	27	7	2	2	3	True	HG00438#2,HG00735#1
11008	B:37523933:37523936:>37523935	branch	snv_branch	37523933	37523936	>37523935	37523935+:A	A	1	16339484	16339485	True	snv	partial	graph	normal_absent_HPRC_other	69	11	0.1594	1	7	3	0	33	27	7	2	13	14	True	HG00438#1,HG00438#2,HG00621#2,HG00735#1,HG00735#2,HG00741#1,HG01071#2,HG01109#2,HG01243#1,HG01243#2,HG02572#1
11008	B:37523943:37523953:>37523945<37523952	branch	replacing_branch	37523943	37523953	>37523945<37523952	37523945+:A,37523952-:TA	ATA	1	16339488	16339489	True	indel	partial	graph	normal_absent_HPRC_other	69	15	0.2174	13	1	1	0	33	27	7	2	19	62	False	HG01361#2,HG02080#2,HG02257#2,HG02572#1,HG02572#2,HG02622#1,HG02818#2,HG02886#2,HG03453#1,HG03486#1,HG03486#2,HG03516#1,HG03540#2,HG03579#1,NA20129#1
11284	B:37788114:37788117:>37788116	branch	ins_branch	37788114	37788117	>37788116	37788116+:A	A	0	29473832	29473832	True	indel	truth	graph	normal_absent_HPRC_other	70	3	0.0429	3	0	0	0	31	29	8	2	11	24	False	HG02630#2,HG02717#1,HG02723#1
11351	B:37860962:37860965:<37860964	branch	snv_branch	37860962	37860965	<37860964	37860964-:A	A	1	32788930	32788931	True	snv	germline	graph	normal_absent_HPRC_other	48	4	0.0833	4	0	0	0	26	18	2	2	18	18	False	HG02559#1,HG02622#1,HG02717#1,NA18906#2
11351	B:37860981:37860983:<37860982	branch	ins_branch	37860981	37860983	<37860982	37860982-:TAA	TAA	0	32788975	32788975	True	indel	germline	graph	normal_absent_HPRC_other	48	22	0.4583	12	10	0	0	26	18	2	2	41	41	False	HG00741#1,HG01071#2,HG01106#2,HG01109#1,HG01109#2,HG01123#2,HG01175#1,HG01175#2,HG01928#1,HG01928#2,HG02055#2,HG02109#1,HG02109#2,HG02559#1,HG02622#1,HG02717#1,HG02723#2,HG02886#1,HG03098#2,HG03516#1,NA18906#2,NA21309#2
11355	B:37862684:37862686:<37862685	branch	ins_branch	37862684	37862686	<37862685	37862685-:TATA	TATA	0	32832847	32832847	True	indel	partial	graph	normal_absent_HPRC_other	43	12	0.2791	7	4	1	0	13	26	3	1	19	19	False	HG00673#1,HG01243#1,HG01243#2,HG01258#1,HG01358#2,HG02145#2,HG02257#2,HG02486#1,HG02486#2,HG02630#1,HG02723#2,HG03540#1
11355	B:37862687:37862691:<37862688>37862690	branch	ins_branch	37862687	37862691	<37862688>37862690	37862688-:A,37862690+:A	AA	0	32832850	32832850	True	indel	partial	graph	normal_absent_HPRC_other	43	7	0.1628	3	4	0	0	13	26	3	1	11	11	False	HG01243#1,HG01243#2,HG01258#1,HG01358#2,HG02257#2,HG02486#1,HG02486#2
11495	B:38000438:38000441:<38000440	branch	snv_branch	38000438	38000441	<38000440	38000440-:A	A	1	39615105	39615106	True	snv	truth	graph	normal_absent_HPRC_other	80	15	0.1875	13	1	1	0	39	31	8	2	15	15	False	HG00438#1,HG01109#2,HG02572#1,HG02572#2,HG02622#1,HG02717#1,HG02717#2,HG02723#1,HG02886#2,HG03098#2,HG03486#2,HG03516#1,HG03516#2,HG03540#1,HG03579#1
11497	B:38011739:38011742:>38011740	branch	ins_branch	38011739	38011742	>38011740	38011740+:AC	AC	0	40189939	40189939	True	indel	truth	graph	normal_absent_HPRC_other	87	8	0.092	8	0	0	0	45	32	8	2	9	25	False	HG02145#1,HG02257#1,HG02572#2,HG02717#2,HG02818#1,HG03453#1,HG03486#1,NA21309#2
11513	B:38037472:38037474:>38037473	branch	ins_branch	38037472	38037474	>38037473	38037473+:T	T	0	41335182	41335182	True	indel	truth	graph	normal_absent_HPRC_other	85	21	0.2471	12	8	0	1	43	32	8	2	21	22	False	HG01106#1,HG01106#2,HG01123#1,HG01175#2,HG01243#1,HG01891#2,HG01952#1,HG01978#2,HG02055#1,HG02109#1,HG02148#1,HG02486#1,HG02572#2,HG02622#2,HG02717#1,HG03486#1,HG03492#2,HG03516#2,NA18906#1,NA20129#1,NA21309#1
11841	B:41028233:41028236:>41028235	branch	snv_branch	41028233	41028236	>41028235	41028235+:G	G	1	57953136	57953137	True	snv	truth	graph	normal_absent_HPRC_other	85	11	0.1294	9	1	0	1	43	32	8	2	11	11	False	HG01358#1,HG02622#1,HG02622#2,HG02723#2,HG02886#1,HG03098#1,HG03453#2,HG03492#2,HG03516#2,NA18906#2,NA20129#1
11976	B:38215298:38215300:<38215299	branch	ins_branch	38215298	38215300	<38215299	38215299-:GT	GT	0	62142050	62142050	True	indel	partial	graph	other_ambiguous	67	43	0.6418	17	22	4	0	32	28	5	2	46	47	True	HG00438#1,HG00621#1,HG00673#1,HG00733#1,HG00733#2,HG00741#2,HG01071#2,HG01106#1,HG01109#1,HG01109#2,HG01123#1,HG01123#2,HG01175#1,HG01175#2,HG01243#1,HG01358#2,HG01361#1,HG01361#2,HG01928#1,HG01952#1,HG01952#2,HG01978#1,HG01978#2,HG02080#2,HG02145#1,HG02145#2,HG02148#1,HG02148#2,HG02257#1,HG02257#2,HG02559#1,HG02559#2,HG02572#2,HG02622#2,HG02630#1,HG02723#1,HG02818#1,HG02886#1,HG03453#2,HG03486#2,NA18906#1,NA20129#2,NA21309#1
11976	B:38215304:38215308:>38215306<38215307	branch	replacing_branch	38215304	38215308	>38215306<38215307	38215306+:G,38215307-:TATA	GTATA	1	62142060	62142061	True	indel	germline	graph	other_ambiguous	67	30	0.4478	22	7	1	0	32	28	5	2	30	31	False	HG00673#1,HG00741#2,HG01109#2,HG01123#1,HG01175#1,HG01891#1,HG01928#1,HG01952#2,HG01978#2,HG02145#1,HG02145#2,HG02257#1,HG02486#2,HG02559#1,HG02559#2,HG02572#1,HG02572#2,HG02622#2,HG02630#1,HG02717#2,HG02723#1,HG02723#2,HG02886#1,HG03453#2,HG03486#2,HG03579#2,NA18906#1,NA18906#2,NA20129#2,NA21309#1
12082	B:38313974:38313977:<38313976	branch	snv_branch	38313974	38313977	<38313976	38313976-:A	A	1	66340209	66340210	True	snv	truth	graph	normal_absent_HPRC_other	83	10	0.1205	10	0	0	0	41	32	8	2	10	10	False	HG02109#1,HG02145#1,HG02145#2,HG02486#2,HG02559#2,HG02818#1,HG02886#1,HG03579#1,HG03579#2,NA20129#2
12182	B:38420562:38420564:<38420563	branch	ins_branch	38420562	38420564	<38420563	38420563-:T	T	0	70676811	70676811	True	indel	truth	graph	normal_absent_HPRC_other	86	23	0.2674	20	3	0	0	44	32	8	2	24	25	False	HG01109#2,HG01243#1,HG01243#2,HG01891#2,HG02109#1,HG02145#1,HG02145#2,HG02559#2,HG02572#1,HG02622#1,HG02630#2,HG02723#2,HG02818#1,HG02818#2,HG02886#1,HG03453#1,HG03453#2,HG03516#1,HG03540#2,HG03579#1,HG03579#2,NA18906#2,NA21309#2
12602	B:38816786:38816789:>38816788	branch	snv_branch	38816786	38816789	>38816788	38816788+:A	A	1	91804512	91804513	True	snv	truth	graph	normal_absent_HPRC_other	83	17	0.2048	15	2	0	0	41	32	8	2	22	22	False	HG01243#1,HG01243#2,HG01891#2,HG02145#1,HG02257#1,HG02486#1,HG02559#1,HG02630#2,HG02723#2,HG02886#1,HG03098#2,HG03486#2,NA18906#1,NA18906#2,NA20129#1,NA20129#2,NA21309#1
13232	B:39373973:39373976:>39373975	branch	snv_branch	39373973	39373976	>39373975	39373975+:T	T	1	121979373	121979374	True	snv	truth	graph	normal_absent_HPRC_other	79	15	0.1899	12	3	0	0	41	28	8	2	20	20	False	HG01109#1,HG01175#1,HG02109#1,HG02109#2,HG02148#2,HG02257#1,HG02486#2,HG02559#2,HG03098#2,HG03453#2,HG03516#1,HG03540#2,HG03579#2,NA18906#2,NA21309#2
13416	B:40621513:40621516:<40621515	branch	ins_branch	40621513	40621516	<40621515	40621515-:A	A	0	131138377	131138377	True	indel	truth	graph	normal_absent_HPRC_other	79	11	0.1392	5	5	0	1	37	32	8	2	11	66	False	HG01106#1,HG01106#2,HG01123#2,HG01243#1,HG02109#1,HG02109#2,HG02148#2,HG02559#1,HG02622#2,HG03492#2,HG03516#2
13579	B:40745716:40745718:<40745717	branch	ins_branch	40745716	40745718	<40745717	40745717-:T	T	0	136518525	136518525	True	indel	truth	graph	normal_absent_HPRC_other	84	39	0.4643	24	9	6	0	44	30	8	2	39	41	False	HG00438#1,HG00438#2,HG00621#2,HG00673#1,HG00673#2,HG00733#1,HG00733#2,HG01109#2,HG01123#2,HG01175#1,HG01243#1,HG01258#1,HG02055#1,HG02055#2,HG02080#2,HG02109#1,HG02109#2,HG02145#1,HG02145#2,HG02148#1,HG02148#2,HG02486#1,HG02486#2,HG02572#2,HG02622#2,HG02630#2,HG02717#1,HG02717#2,HG02723#2,HG02818#2,HG02886#1,HG03098#2,HG03453#1,HG03453#2,HG03486#1,HG03579#2,NA18906#1,NA21309#1,NA21309#2
13723	B:39619588:39619585:>39619587	branch	snv_branch	39619588	39619585	>39619587	39619587+:G	G	1	144193586	144193587	True	snv	truth	graph	normal_absent_HPRC_other	88	21	0.2386	4	12	4	1	46	32	8	2	21	22	True	HG00438#1,HG00621#1,HG00733#1,HG00733#2,HG01071#1,HG01106#2,HG01123#2,HG01175#1,HG01258#1,HG01258#2,HG01358#1,HG01928#1,HG01978#2,HG02055#1,HG02080#1,HG02080#2,HG02148#1,HG02257#1,HG02622#1,HG03492#2,NA21309#1
13932	B:40417686:40417682:>40417683	branch	snv_branch	40417686	40417682	>40417683	40417683+:T	T	1	155190781	155190782	True	snv	truth	graph	normal_absent_HPRC_other	85	39	0.4588	17	17	5	0	46	31	6	2	42	43	True	HG00438#1,HG00438#2,HG00621#2,HG00733#1,HG00735#1,HG00741#2,HG01109#1,HG01109#2,HG01175#2,HG01243#1,HG01358#1,HG01358#2,HG01361#1,HG01361#2,HG01891#1,HG01928#1,HG01928#2,HG01952#2,HG01978#1,HG01978#2,HG02055#1,HG02055#2,HG02080#1,HG02080#2,HG02109#1,HG02145#2,HG02148#2,HG02559#1,HG02630#2,HG02717#1,HG02818#2,HG02886#1,HG03098#1,HG03486#1,HG03486#2,HG03516#2,HG03540#1,HG03540#2,NA21309#2
14097	B:40273213:40273211:<40273212	branch	ins_branch	40273213	40273211	<40273212	40273212-:A	A	0	162485406	162485406	True	indel	truth	graph	normal_absent_HPRC_other	81	9	0.1111	8	1	0	0	41	31	8	1	9	9	False	HG01358#2,HG02109#1,HG02145#2,HG02257#1,HG02572#2,HG02630#1,HG02717#1,HG03453#2,NA20129#2
14137	B:40255627:40255624:<40255626	branch	snv_branch	40255627	40255624	<40255626	40255626-:A	A	1	163413588	163413589	True	snv	truth	graph	normal_absent_HPRC_other	88	18	0.2045	13	2	3	0	46	32	8	2	18	18	False	HG00621#1,HG00621#2,HG00673#1,HG01109#1,HG01978#2,HG02486#2,HG02717#1,HG02723#2,HG02818#1,HG03453#1,HG03453#2,HG03516#1,HG03540#1,HG03540#2,HG03579#1,NA18906#2,NA20129#2,NA21309#1
14213	S:40208303:40208301	skip	del_skip	40208303	40208301				1	165539782	165539783	True	indel	truth	graph	normal_absent_HPRC_other	79	16	0.2025	14	1	0	1	41	28	8	2	18		False	HG01109#1,HG02055#1,HG02055#2,HG02257#1,HG02257#2,HG02486#2,HG02572#1,HG02630#2,HG02717#1,HG02717#2,HG02818#1,HG03098#2,HG03486#2,HG03492#1,NA18906#2,NA21309#2
14231	B:40201452:40201450:>40201451	branch	ins_branch	40201452	40201450	>40201451	40201451+:A	A	0	165876338	165876338	True	indel	truth	graph	normal_absent_HPRC_other	83	19	0.2289	9	5	4	1	42	32	7	2	19	24	False	HG00438#2,HG00673#1,HG00673#2,HG00735#2,HG01071#1,HG01258#1,HG01358#1,HG01928#2,HG02080#1,HG02109#1,HG02486#1,HG02630#1,HG02630#2,HG02723#1,HG02723#2,HG02886#2,HG03453#1,HG03486#2,HG03492#2
14254	B:40190136:40190133:<40190134	branch	ins_branch	40190136	40190133	<40190134	40190134-:A	A	0	166390954	166390954	True	indel	partial	graph	normal_absent_HPRC_other	60	18	0.3	4	10	2	2	26	27	5	2	27	38	True	HG00673#2,HG00733#2,HG01071#2,HG01109#2,HG01358#2,HG01361#1,HG01361#2,HG01928#1,HG01952#1,HG01978#1,HG02080#2,HG02145#1,HG02148#1,HG02717#2,HG02723#2,HG03492#1,HG03492#2,HG03540#1
14254	B:40190127:40190124:<40190126	branch	snv_branch	40190127	40190124	<40190126	40190126-:T	T	1	166390970	166390971	True	snv	partial	graph	normal_absent_HPRC_other	60	1	0.0167	0	1	0	0	26	27	5	2	13	13	False	HG01123#1
14327	S:40156359:40156356	skip	del_skip	40156359	40156356				1	167934981	167934982	True	indel	truth	graph	normal_absent_HPRC_other	85	19	0.2235	14	3	2	0	44	31	8	2	19		False	HG00741#2,HG01175#1,HG01175#2,HG01891#1,HG02080#1,HG02080#2,HG02145#1,HG02257#1,HG02572#1,HG02622#2,HG02630#1,HG02818#1,HG03098#2,HG03453#2,HG03486#1,HG03516#1,HG03516#2,NA18906#1,NA21309#2
14351	B:40134129:40134127:<40134128	branch	ins_branch	40134129	40134127	<40134128	40134128-:G	G	0	169165637	169165637	True	indel	truth	graph	normal_absent_HPRC_other	81	15	0.1852	10	1	4	0	39	32	8	2	15	15	False	HG00621#1,HG00621#2,HG00673#2,HG01175#1,HG01891#2,HG02080#1,HG02145#1,HG02630#1,HG02717#2,HG02818#2,HG02886#1,HG03098#1,HG03098#2,HG03486#1,NA20129#2
14488	B:40005098:40005094:<40005096<40005095	branch	ins_branch	40005098	40005094	<40005096<40005095	40005096-:T,40005095-:T	TT	0	176019004	176019004	True	indel	truth	graph	normal_absent_HPRC_other	81	8	0.0988	8	0	0	0	44	27	8	2	8	40	True	HG01891#2,HG02109#2,HG02486#1,HG02559#2,HG02622#2,HG02630#1,HG03516#2,NA20129#2
14555	B:39938276:39938272:>39938275	branch	snv_branch	39938276	39938272	>39938275	39938275+:T	T	1	179005183	179005184	True	snv	truth	graph	normal_absent_HPRC_other	88	1	0.0114	0	1	0	0	46	32	8	2	1	2	True	HG01361#1
14592	S:39889165:39889162	skip	del_skip	39889165	39889162				4	181082394	181082398	True	indel	partial	graph	other_ambiguous	42	41	0.9762	14	22	4	1	14	22	4	2	52		True	HG00673#1,HG00673#2,HG00733#1,HG00733#2,HG00735#1,HG00735#2,HG00741#1,HG01071#1,HG01106#1,HG01106#2,HG01109#1,HG01175#1,HG01175#2,HG01243#1,HG01258#1,HG01258#2,HG01358#2,HG01361#1,HG01891#1,HG01891#2,HG01928#1,HG01928#2,HG01952#2,HG01978#1,HG02080#1,HG02080#2,HG02148#1,HG02148#2,HG02559#1,HG02559#2,HG02622#1,HG02717#1,HG02818#1,HG03098#2,HG03453#1,HG03453#2,HG03492#2,HG03516#2,HG03540#2,HG03579#1,NA18906#2
14592	S:39889160:39889157	skip	del_skip	39889160	39889157				2	181082402	181082404	True	indel	partial	graph	other_ambiguous	42	0	0.0	0	0	0	0	14	22	4	2	8		False	
14592	B:39889145:39889142:>39889144	branch	snv_branch	39889145	39889142	>39889144	39889144+:T	T	1	181082425	181082426	True	snv	partial	graph	other_ambiguous	42	27	0.6429	10	13	2	2	14	22	4	2	35	36	True	HG00673#1,HG00733#2,HG00735#1,HG00735#2,HG00741#1,HG01071#1,HG01106#2,HG01109#1,HG01175#2,HG01243#1,HG01258#1,HG01891#1,HG01891#2,HG01928#1,HG01928#2,HG02080#1,HG02148#1,HG02559#1,HG02559#2,HG02717#1,HG02818#1,HG03098#2,HG03453#1,HG03453#2,HG03492#1,HG03492#2,NA18906#2
14592	B:39889142:39889139:>39889141	branch	snv_branch	39889142	39889139	>39889141	39889141+:T	T	1	181082427	181082428	True	snv	partial	graph	other_ambiguous	42	16	0.381	7	5	2	2	14	22	4	2	23	24	True	HG00673#1,HG00735#1,HG01071#1,HG01175#2,HG01243#1,HG01891#1,HG01891#2,HG01928#2,HG02080#1,HG02559#2,HG02717#1,HG03098#2,HG03453#1,HG03492#1,HG03492#2,NA18906#2
14592	B:39889128:39889120:>39889126	branch	replacing_branch	39889128	39889120	>39889126	39889126+:C	C	5	181082461	181082466	True	indel	partial	graph	other_ambiguous	42	26	0.619	11	10	4	1	14	22	4	2	31	33	True	HG00673#1,HG00673#2,HG00735#1,HG00735#2,HG00741#1,HG01071#1,HG01106#1,HG01175#2,HG01258#2,HG01361#1,HG01891#1,HG01928#2,HG02080#1,HG02080#2,HG02148#1,HG02559#1,HG02559#2,HG02717#1,HG02818#1,HG03098#2,HG03453#1,HG03453#2,HG03492#2,HG03516#2,HG03540#2,NA18906#2
14612	B:39867776:39867770:>39867771	branch	replacing_branch	39867776	39867770	>39867771	39867771+:C	C	4	181893487	181893491	True	indel	truth	graph	normal_absent_HPRC_other	61	13	0.2131	6	4	2	1	30	21	8	2	13	43	False	HG00621#1,HG00621#2,HG01071#2,HG01978#1,HG02109#1,HG02148#1,HG02148#2,HG02257#2,HG02622#2,HG02818#1,HG03486#1,HG03486#2,HG03492#2
14628	S:39852314:39852311	skip	del_skip	39852314	39852311				1	182616575	182616576	True	indel	partial	graph	normal_absent_HPRC_other	87	15	0.1724	2	10	3	0	45	32	8	2	15		False	HG00438#2,HG00673#2,HG01175#1,HG01258#2,HG01358#1,HG01361#1,HG01928#1,HG01928#2,HG01952#1,HG01952#2,HG01978#2,HG02080#1,HG02109#2,HG02148#2,HG03579#1
14628	S:39852311:39852309	skip	del_skip	39852311	39852309				3	182616592	182616595	True	indel	germline	graph	normal_absent_HPRC_other	87	14	0.1609	4	8	2	0	45	32	8	2	14		False	HG00621#2,HG00673#1,HG00733#1,HG00735#2,HG00741#1,HG01071#1,HG01106#2,HG01175#2,HG01243#1,HG01358#1,HG02145#1,HG02559#1,HG03516#2,HG03540#1
14740	B:40521577:40521579:<40521578	branch	ins_branch	40521577	40521579	<40521578	40521578-:A	A	0	188632855	188632855	True	indel	truth	graph	normal_absent_HPRC_other	80	6	0.075	5	1	0	0	39	32	7	2	11	11	False	HG00733#1,HG02486#2,HG02630#1,HG02717#1,HG03098#1,NA20129#2
14799	S:41370963:41370965	skip	del_skip	41370963	41370965				1	2619669	2619670	True	indel	truth	graph	normal_absent_HPRC_other	73	6	0.0822	6	0	0	0	33	30	8	2	15		False	HG01891#1,HG02257#1,HG02559#1,HG02630#2,HG03453#2,HG03579#2
14831	B:41404575:41404578:>41404577	branch	snv_branch	41404575	41404578	>41404577	41404577+:A	A	1	3748909	3748910	True	snv	truth	graph	normal_absent_HPRC_other	86	11	0.1279	7	4	0	0	44	32	8	2	11	11	False	HG00735#1,HG01123#1,HG01358#2,HG01361#2,HG02559#1,HG02723#2,HG02886#2,HG03453#1,HG03540#1,HG03540#2,HG03579#1
14879	B:41504849:41504844:<41504846<41504845	branch	ins_branch	41504849	41504844	<41504846<41504845	41504846-:C,41504845-:C	CC	0	6461540	6461540	True	indel	truth	graph	normal_absent_HPRC_other	64	11	0.1719	8	2	1	0	39	20	4	1	11	33	False	HG00741#1,HG01071#2,HG02055#1,HG02080#1,HG02109#1,HG02109#2,HG02257#2,HG02486#2,HG02572#2,HG03098#2,HG03579#1
14884	B:41498065:41498063:>41498064	branch	ins_branch	41498065	41498063	>41498064	41498064+:TG	TG	0	6688621	6688621	True	indel	truth	graph	normal_absent_HPRC_other	71	18	0.2535	7	8	2	1	33	28	8	2	18	25	False	HG00673#1,HG01071#2,HG01106#1,HG01123#2,HG01243#2,HG01258#1,HG01258#2,HG01952#2,HG01978#2,HG02080#1,HG02109#1,HG02109#2,HG02486#1,HG02559#2,HG02886#1,HG03098#1,HG03492#1,NA18906#1
15016	B:41617922:41617926:<41617924<41617925	branch	ins_branch	41617922	41617926	<41617924<41617925	41617924-:ATC,41617925-:T	ATCT	0	14919309	14919309	True	indel	truth	graph	normal_absent_HPRC_other	51	5	0.098	3	2	0	0	28	19	4	0	9	9	False	HG01123#1,HG01891#1,HG01928#1,HG02572#1,HG03486#1
15120	S:41782528:41782530	skip	del_skip	41782528	41782530				1	23182683	23182684	True	indel	truth	graph	normal_absent_HPRC_other	78	10	0.1282	9	1	0	0	42	28	8	0	10		False	HG01243#2,HG02055#2,HG02109#2,HG02717#1,HG02723#2,HG03098#1,HG03486#2,HG03540#1,HG03540#2,NA20129#1
15123	S:41784018:41784021	skip	del_skip	41784018	41784021				1	23252518	23252519	True	indel	truth	graph	normal_absent_HPRC_other	72	15	0.2083	11	4	0	0	32	30	8	2	16		False	HG01175#2,HG01243#1,HG01243#2,HG01361#2,HG01891#1,HG02055#2,HG02145#1,HG02257#2,HG02559#2,HG02572#2,HG02622#1,HG02886#1,HG02886#2,HG03486#2,NA18906#2
15132	B:41792211:41792217:<41792213	branch	replacing_branch	41792211	41792217	<41792213	41792213-:A	A	4	23628812	23628816	True	indel	truth	graph	normal_absent_HPRC_other	76	9	0.1184	6	3	0	0	38	29	7	2	10	36	False	HG00735#2,HG01123#2,HG01258#1,HG02559#1,HG02622#2,HG02630#1,HG02717#2,HG03579#2,NA21309#2
15271	B:41932031:41932033:<41932032	branch	ins_branch	41932031	41932033	<41932032	41932032-:A	A	0	30176759	30176759	True	indel	truth	graph	normal_absent_HPRC_other	76	14	0.1842	12	2	0	0	37	29	8	2	22	25	False	HG01123#1,HG01243#2,HG01891#2,HG02257#1,HG02486#1,HG02572#1,HG02630#1,HG02717#1,HG02886#2,HG03453#2,HG03486#2,HG03516#2,HG03579#1,NA18906#1
15277	B:41937709:41937712:>41937710>41937711	branch	ins_branch	41937709	41937712	>41937710>41937711	41937710+:CA,41937711+:CA	CACA	0	30509342	30509342	True	indel	partial	graph_closest_primary	other_ambiguous	81	61	0.7531	35	24	2	0	41	30	8	2	61	65	True	HG00438#1,HG00438#2,HG00733#1,HG00733#2,HG00735#1,HG00735#2,HG00741#1,HG00741#2,HG01071#1,HG01071#2,HG01106#1,HG01106#2,HG01109#1,HG01123#2,HG01175#1,HG01175#2,HG01243#1,HG01258#1,HG01258#2,HG01358#1,HG01358#2,HG01361#1,HG01361#2,HG01891#1,HG01891#2,HG01928#1,HG01952#1,HG02055#1,HG02055#2,HG02109#1,HG02109#2,HG02145#1,HG02145#2,HG02148#2,HG02486#2,HG02559#1,HG02572#1,HG02622#1,HG02622#2,HG02630#1,HG02630#2,HG02717#2,HG02723#2,HG02818#1,HG02818#2,HG02886#1,HG03098#1,HG03098#2,HG03453#1,HG03453#2,HG03486#1,HG03486#2,HG03516#1,HG03516#2,HG03540#1,HG03579#2,NA18906#2,NA20129#1,NA20129#2,NA21309#1,NA21309#2
15282	B:41945681:41945683:<41945682	branch	ins_branch	41945681	41945683	<41945682	41945682-:T	T	0	30925137	30925137	True	indel	partial	graph	normal_absent_HPRC_other	23	8	0.3478	3	5	0	0	7	11	4	1	49	50	True	HG01106#1,HG01123#1,HG01243#1,HG01358#1,HG01361#1,HG02559#2,HG02572#1,HG03540#1
15282	B:41945683:41945685:<41945684	branch	ins_branch	41945683	41945685	<41945684	41945684-:A	A	0	30925140	30925140	True	indel	partial	graph	normal_absent_HPRC_other	23	8	0.3478	3	5	0	0	7	11	4	1	50	51	True	HG01106#1,HG01123#1,HG01243#1,HG01358#1,HG01361#1,HG02559#2,HG02572#1,HG03540#1
15366	B:42095947:42095950:>42095949	branch	snv_branch	42095947	42095950	>42095949	42095949+:T	T	1	38598244	38598245	True	snv	truth	graph	normal_absent_HPRC_other	52	44	0.8462	18	20	5	1	22	23	6	1	71	73	True	HG00438#1,HG00438#2,HG00621#1,HG00621#2,HG00673#2,HG00735#1,HG00735#2,HG00741#1,HG00741#2,HG01071#1,HG01106#1,HG01106#2,HG01109#2,HG01123#1,HG01175#1,HG01175#2,HG01258#2,HG01358#1,HG01358#2,HG01891#1,HG01928#1,HG01928#2,HG01952#1,HG01952#2,HG01978#1,HG02109#1,HG02109#2,HG02145#1,HG02145#2,HG02148#1,HG02257#1,HG02486#1,HG02486#2,HG02572#1,HG02723#1,HG02886#1,HG03098#1,HG03453#1,HG03492#1,HG03579#2,NA18906#1,NA20129#1,NA21309#1,NA21309#2
15666	B:42832430:42832436:<42832432<42832433>42832434>42832435	branch	ins_branch	42832430	42832436	<42832432<42832433>42832434>42832435	42832432-:T,42832433-:A,42832434+:T,42832435+:A	TATA	0	76073503	76073503	True	indel	truth	graph	normal_absent_HPRC_other	33	6	0.1818	6	0	0	0	14	15	2	2	6	14	False	HG02257#2,HG02559#2,HG03453#1,HG03453#2,HG03486#2,HG03540#1
15680	S:42859751:42859753	skip	del_skip	42859751	42859753				15	77477633	77477648	True	indel	truth	graph	normal_present_broad	87	63	0.7241	39	18	5	1	46	32	8	1	64		False	HG00438#2,HG00621#1,HG00621#2,HG00673#1,HG00733#1,HG00733#2,HG00735#2,HG00741#1,HG01071#2,HG01106#2,HG01109#1,HG01109#2,HG01123#1,HG01123#2,HG01243#1,HG01243#2,HG01361#2,HG01891#1,HG01891#2,HG01928#2,HG01952#1,HG01952#2,HG01978#2,HG02055#1,HG02055#2,HG02080#1,HG02109#1,HG02109#2,HG02145#2,HG02148#1,HG02257#1,HG02257#2,HG02486#1,HG02486#2,HG02559#1,HG02559#2,HG02572#2,HG02622#1,HG02622#2,HG02630#1,HG02630#2,HG02717#2,HG02723#1,HG02723#2,HG02818#1,HG02818#2,HG02886#2,HG03098#1,HG03098#2,HG03453#1,HG03453#2,HG03486#1,HG03486#2,HG03492#2,HG03516#1,HG03516#2,HG03540#1,HG03540#2,HG03579#1,HG03579#2,NA18906#1,NA18906#2,NA21309#2
15735	S:43010338:43010342	skip	del_skip	43010338	43010342				20	85663173	85663193	True	indel	truth	graph	normal_present_broad	81	20	0.2469	8	12	0	0	41	31	7	2	20		False	HG00733#2,HG00735#1,HG00735#2,HG01123#1,HG01258#1,HG01258#2,HG01928#1,HG01928#2,HG01952#1,HG01978#1,HG02109#1,HG02148#1,HG02148#2,HG02257#2,HG02559#1,HG02630#2,HG02818#1,HG03453#1,HG03486#2,HG03540#1
15747	B:43026959:43026962:<43026960<43026961	branch	ins_branch	43026959	43026962	<43026960<43026961	43026960-:GATA,43026961-:GATA	GATAGATA	0	86425319	86425319	True	indel	truth	graph	normal_absent_HPRC_other	68	17	0.25	6	9	2	0	33	27	6	2	19	25	False	HG00438#1,HG01071#1,HG01071#2,HG01106#1,HG01175#1,HG01243#1,HG01243#2,HG01361#1,HG01891#1,HG01928#1,HG01928#2,HG02080#2,HG02145#2,HG02717#1,HG02818#1,HG02886#1,NA18906#1
15748	S:43027406:43027409	skip	del_skip	43027406	43027409				1	86450449	86450450	True	indel	truth	graph	normal_absent_HPRC_other	82	14	0.1707	10	4	0	0	41	31	8	2	14		False	HG00733#2,HG00735#1,HG00735#2,HG01358#1,HG02055#2,HG02109#1,HG02257#2,HG02486#1,HG02622#2,HG02717#2,HG03098#2,HG03453#2,HG03516#1,NA18906#2
15765	B:43044844:43044847:<43044845	branch	ins_branch	43044844	43044847	<43044845	43044845-:AT	AT	0	87664173	87664173	True	indel	truth	graph	normal_absent_HPRC_other	67	9	0.1343	3	4	2	0	35	24	6	2	9	38	False	HG00621#1,HG00673#2,HG01952#2,HG01978#2,HG02148#1,HG02148#2,HG02630#2,HG02717#1,HG03453#1
15783	B:43065193:43065203:<43065194<43065195<43065196<43065197<43065198<43065199<43065200<43065201<43065202	branch	ins_branch	43065193	43065203	<43065194<43065195<43065196<43065197<43065198<43065199<43065200<43065201<43065202	43065194-:AT,43065195-:AT,43065196-:AT,43065197-:AT,43065198-:AT,43065199-:AT,43065200-:AT,43065201-:AT,43065202-:AT	ATATATATATATATATAT	0	89374028	89374028	True	indel	truth	graph	normal_present_rare	41	3	0.0732	1	1	1	0	21	16	4	0	3	6	True	HG00741#1,HG01891#2,HG02080#1
15910	B:43293351:43293353:<43293352	branch	ins_branch	43293351	43293353	<43293352	43293352-:AA	AA	0	102207704	102207704	True	indel	truth	graph	normal_present_broad	86	27	0.314	18	8	1	0	44	32	8	2	29	29	False	HG00621#2,HG00741#2,HG01109#2,HG01175#2,HG01243#2,HG01258#1,HG01361#2,HG01928#2,HG02055#1,HG02109#1,HG02145#2,HG02148#1,HG02257#2,HG02486#1,HG02572#1,HG02572#2,HG02630#2,HG02717#1,HG02723#2,HG02818#1,HG02886#2,HG03486#1,HG03516#1,HG03516#2,HG03540#1,HG03540#2,HG03579#1
16044	S:43555770:43555774	skip	del_skip	43555770	43555774				3	115663611	115663614	True	indel	truth	graph	normal_absent_HPRC_other	78	32	0.4103	16	13	3	0	38	31	7	2	32		True	HG00438#1,HG00621#1,HG00621#2,HG00733#2,HG00735#1,HG01106#1,HG01123#1,HG01123#2,HG01243#1,HG01258#2,HG01358#1,HG01358#2,HG01361#1,HG01361#2,HG01891#1,HG01891#2,HG01928#2,HG01952#2,HG02109#2,HG02257#1,HG02572#2,HG02622#1,HG02630#2,HG02818#1,HG02886#1,HG02886#2,HG03098#2,HG03453#1,HG03486#2,HG03540#1,HG03540#2,NA21309#1
16118	S:43708316:43708318	skip	del_skip	43708316	43708318				1	122644721	122644722	True	indel	truth	graph	normal_absent_HPRC_other	83	12	0.1446	5	7	0	0	41	32	8	2	12		False	HG00735#1,HG01106#1,HG01243#2,HG01891#1,HG01928#2,HG01978#2,HG02148#1,HG02148#2,HG02723#2,HG02886#1,HG03516#2,NA18906#2
16124	S:43720176:43720178	skip	del_skip	43720176	43720178				1	123269383	123269384	True	indel	truth	graph	normal_absent_HPRC_other	88	14	0.1591	12	2	0	0	46	32	8	2	14		False	HG00733#1,HG01243#2,HG01891#2,HG02055#1,HG02257#1,HG02572#2,HG02622#1,HG02630#2,HG02818#2,HG02886#2,HG03098#2,HG03540#1,HG03540#2,NA21309#2
16187	S:43843448:43843451	skip	del_skip	43843448	43843451				1	129647230	129647231	True	indel	truth	graph	normal_absent_HPRC_other	65	32	0.4923	24	5	3	0	34	23	6	2	32		False	HG00438#2,HG00621#1,HG00673#2,HG01106#1,HG01109#1,HG01109#2,HG01361#2,HG01891#2,HG01952#1,HG02055#1,HG02055#2,HG02109#1,HG02145#2,HG02486#1,HG02622#1,HG02630#1,HG02630#2,HG02717#1,HG02723#1,HG02818#1,HG02818#2,HG02886#1,HG03098#2,HG03453#2,HG03486#1,HG03486#2,HG03516#1,HG03579#1,HG03579#2,NA18906#1,NA20129#2,NA21309#1
16200	B:43872264:43872267:>43872266	branch	snv_branch	43872264	43872267	>43872266	43872266+:G	G	1	131393827	131393828	True	snv	germline	graph	normal_absent_HPRC_other	81	70	0.8642	37	27	4	2	39	32	8	2	75	76	True	HG00438#1,HG00673#1,HG00673#2,HG00733#1,HG00733#2,HG00735#2,HG00741#1,HG00741#2,HG01071#1,HG01071#2,HG01106#1,HG01109#1,HG01109#2,HG01123#2,HG01175#1,HG01175#2,HG01243#1,HG01243#2,HG01258#1,HG01258#2,HG01358#1,HG01358#2,HG01361#1,HG01891#1,HG01891#2,HG01928#1,HG01928#2,HG01952#1,HG01952#2,HG01978#1,HG02055#1,HG02055#2,HG02080#1,HG02109#1,HG02109#2,HG02145#1,HG02145#2,HG02148#1,HG02148#2,HG02257#1,HG02257#2,HG02486#2,HG02559#2,HG02572#2,HG02622#2,HG02630#1,HG02630#2,HG02717#1,HG02717#2,HG02723#1,HG02818#1,HG02818#2,HG02886#1,HG02886#2,HG03098#2,HG03453#2,HG03486#1,HG03486#2,HG03492#1,HG03492#2,HG03516#1,HG03516#2,HG03540#1,HG03540#2,HG03579#1,HG03579#2,NA18906#2,NA20129#2,NA21309#1,NA21309#2
16200	B:43872268:43872271:<43872269	branch	ins_branch	43872268	43872271	<43872269	43872269-:T	T	0	131393838	131393838	True	indel	partial	graph	normal_absent_HPRC_other	81	35	0.4321	17	14	2	2	39	32	8	2	35	45	False	HG00621#1,HG00735#1,HG00735#2,HG00741#1,HG00741#2,HG01123#2,HG01175#1,HG01243#1,HG01243#2,HG01258#2,HG01361#1,HG01361#2,HG01978#2,HG02080#2,HG02148#1,HG02148#2,HG02257#1,HG02486#2,HG02622#2,HG02717#1,HG02717#2,HG02723#1,HG02818#1,HG02818#2,HG02886#1,HG02886#2,HG03098#2,HG03492#1,HG03492#2,HG03516#1,HG03540#1,HG03540#2,HG03579#2,NA18906#1,NA18906#2
16258	S:43980213:43980215	skip	del_skip	43980213	43980215				1	138171415	138171416	True	indel	truth	graph	normal_absent_HPRC_other	87	66	0.7586	38	20	8	0	45	32	8	2	67		True	HG00438#1,HG00438#2,HG00621#1,HG00621#2,HG00673#1,HG00673#2,HG00733#1,HG00735#1,HG00741#2,HG01071#1,HG01106#1,HG01106#2,HG01123#1,HG01175#1,HG01175#2,HG01243#1,HG01243#2,HG01358#1,HG01361#1,HG01891#1,HG01928#1,HG01928#2,HG01952#1,HG01952#2,HG01978#1,HG01978#2,HG02055#1,HG02055#2,HG02080#1,HG02080#2,HG02109#1,HG02109#2,HG02145#1,HG02145#2,HG02148#1,HG02257#1,HG02257#2,HG02486#2,HG02559#1,HG02559#2,HG02572#1,HG02572#2,HG02622#2,HG02630#1,HG02630#2,HG02717#1,HG02717#2,HG02723#1,HG02723#2,HG02818#1,HG02818#2,HG02886#1,HG03098#1,HG03098#2,HG03453#1,HG03486#1,HG03486#2,HG03516#2,HG03540#1,HG03540#2,HG03579#1,HG03579#2,NA18906#1,NA18906#2,NA20129#2,NA21309#2
16367	B:44197627:44197629:>44197628	branch	ins_branch	44197627	44197629	>44197628	44197628+:A	A	0	150725157	150725157	True	indel	truth	graph	normal_absent_HPRC_other	84	15	0.1786	10	3	0	2	42	32	8	2	15	19	False	HG01071#2,HG01175#1,HG01175#2,HG01891#2,HG02145#1,HG02572#1,HG02622#1,HG02622#2,HG02886#1,HG03492#1,HG03492#2,NA20129#1,NA20129#2,NA21309#1,NA21309#2
16543	B:44466977:44466979:<44466978	branch	ins_branch	44466977	44466979	<44466978	44466978-:TG	TG	0	165085142	165085142	True	indel	partial	graph_closest_primary	other_ambiguous	22	11	0.5	3	5	3	0	7	11	3	1	31	32	False	HG00438#1,HG00621#1,HG01071#1,HG01243#1,HG01243#2,HG01258#1,HG01258#2,HG02080#1,HG02145#2,HG02572#1,HG02630#2
16543	B:44466980:44466997:<44466982<44466983<44466984<44466985<44466986<44466987<44466989<44466990<44466991<44466992<44466993<44466994<44466995<44466996	branch	ins_branch	44466980	44466997	<44466982<44466983<44466984<44466985<44466986<44466987<44466989<44466990<44466991<44466992<44466993<44466994<44466995<44466996	44466982-:T,44466983-:A,44466984-:T,44466985-:A,44466986-:T,44466987-:A,44466989-:T,44466990-:A,44466991-:T,44466992-:A,44466993-:T,44466994-:A,44466995-:TA,44466996-:TA	TATATATATATATATA	0	165085154	165085154	True	indel	partial	graph_closest_primary	other_ambiguous	22	7	0.3182	1	4	2	0	7	11	3	1	8	24	False	HG00438#1,HG00621#1,HG01243#1,HG01243#2,HG01258#1,HG01258#2,HG02630#2
16543	B:44467005:44467008:<44467006<44467007	branch	ins_branch	44467005	44467008	<44467006<44467007	44467006-:T,44467007-:A	TA	0	165085182	165085182	True	indel	partial	graph_closest_primary	other_ambiguous	22	1	0.0455	0	0	1	0	7	11	3	1	20	20	False	HG00438#1
16662	S:44749922:44749925	skip	del_skip	44749922	44749925				2	178552706	178552708	True	indel	germline	graph	normal_absent_HPRC_other	83	48	0.5783	36	10	0	2	42	31	8	2	50		False	HG00733#1,HG01071#1,HG01106#2,HG01109#2,HG01243#1,HG01243#2,HG01258#1,HG01358#2,HG01361#1,HG01891#1,HG01891#2,HG01928#2,HG02055#2,HG02109#1,HG02145#1,HG02145#2,HG02257#1,HG02486#1,HG02559#2,HG02572#1,HG02622#1,HG02622#2,HG02630#1,HG02630#2,HG02717#1,HG02717#2,HG02723#1,HG02818#1,HG02818#2,HG02886#1,HG03098#1,HG03098#2,HG03453#1,HG03453#2,HG03486#1,HG03486#2,HG03492#1,HG03492#2,HG03516#1,HG03516#2,HG03540#1,HG03540#2,HG03579#1,HG03579#2,NA18906#1,NA20129#1,NA20129#2,NA21309#2
16662	B:44749925:44749928:<44749927	branch	snv_branch	44749925	44749928	<44749927	44749927-:T	T	1	178552724	178552725	True	snv	partial	graph	normal_absent_HPRC_other	83	32	0.3855	26	4	0	2	42	31	8	2	32	32	False	HG00733#1,HG01243#1,HG01358#2,HG01891#2,HG01928#2,HG02109#1,HG02145#1,HG02145#2,HG02559#2,HG02572#1,HG02622#2,HG02630#1,HG02630#2,HG02717#1,HG02717#2,HG02723#1,HG02818#1,HG02818#2,HG02886#1,HG03453#1,HG03453#2,HG03486#1,HG03486#2,HG03492#1,HG03492#2,HG03516#2,HG03540#1,HG03540#2,HG03579#1,NA18906#1,NA20129#2,NA21309#2
16662	S:44749928:44749930	skip	del_skip	44749928	44749930				1	178552731	178552732	False	indel	partial	graph	normal_absent_HPRC_other	83	20	0.241	16	3	0	1	42	31	8	2	20		False	HG00733#1,HG01243#1,HG01358#2,HG02109#1,HG02145#2,HG02559#2,HG02572#1,HG02630#2,HG02717#2,HG02723#1,HG02818#1,HG03453#1,HG03453#2,HG03486#1,HG03486#2,HG03492#2,HG03516#2,HG03540#2,NA18906#1,NA20129#2
16716	B:44933691:44933694:<44933693	branch	snv_branch	44933691	44933694	<44933693	44933693-:A	A	1	1819777	1819778	True	snv	truth	graph	normal_absent_HPRC_other	85	15	0.1765	9	2	3	1	44	31	8	2	16	16	False	HG00438#2,HG00621#1,HG00673#1,HG01071#2,HG01978#2,HG02257#1,HG02572#2,HG02717#2,HG02723#1,HG02886#2,HG03486#1,HG03486#2,HG03492#1,NA18906#1,NA18906#2
16766	S:45036178:45036198	skip	del_skip	45036178	45036198				24	6316078	6316102	True	indel	truth	graph	normal_absent_HPRC_other	17	2	0.1176	1	1	0	0	7	6	3	1	9		False	HG01071#2,NA20129#2
16874	B:45208430:45208433:>45208432	branch	snv_branch	45208430	45208433	>45208432	45208432+:A	A	1	14584856	14584857	True	snv	truth	graph	normal_absent_HPRC_other	88	29	0.3295	15	11	3	0	46	32	8	2	29	29	False	HG00438#1,HG00438#2,HG00673#1,HG00741#1,HG01071#1,HG01071#2,HG01106#2,HG01109#1,HG01123#2,HG01243#1,HG01243#2,HG01258#1,HG01891#2,HG01928#1,HG02109#1,HG02145#1,HG02145#2,HG02148#1,HG02486#1,HG02622#1,HG02717#1,HG02723#1,HG02818#2,HG03453#2,HG03516#1,HG03516#2,HG03579#2,NA21309#1,NA21309#2
16995	S:45397629:45397631	skip	del_skip	45397629	45397631				1	23798417	23798418	True	indel	truth	graph	normal_absent_HPRC_other	78	11	0.141	9	2	0	0	38	30	8	2	11		False	HG01109#2,HG01243#2,HG01891#1,HG01891#2,HG02109#2,HG02572#1,HG02630#2,HG02723#1,HG02818#1,HG02886#1,HG03516#1
17054	B:45503880:45503882:>45503881	branch	ins_branch	45503880	45503882	>45503881	45503881+:A	A	0	28781460	28781460	True	indel	truth	graph	normal_absent_HPRC_other	84	15	0.1786	13	2	0	0	44	31	8	1	16	18	True	HG00735#2,HG01891#1,HG01891#2,HG01952#1,HG02145#1,HG02486#2,HG02559#1,HG02630#1,HG02818#2,HG03098#1,HG03453#2,HG03540#2,HG03579#1,HG03579#2,NA20129#1
17055	B:45505138:45505144:>45505140	branch	snv_branch	45505138	45505144	>45505140	45505140+:A	A	1	28824429	28824430	True	snv	truth	graph	normal_absent_HPRC_other	58	14	0.2414	5	9	0	0	24	24	8	2	14	14	False	HG00733#1,HG00733#2,HG00735#1,HG01071#1,HG01109#2,HG01123#2,HG01243#2,HG01361#2,HG01952#2,HG02622#1,HG02723#1,HG02886#2,HG03540#1,NA18906#2
17163	B:45779535:45779537:<45779536	branch	ins_branch	45779535	45779537	<45779536	45779536-:T	T	0	36496047	36496047	True	indel	truth	graph	normal_absent_HPRC_other	81	9	0.1111	6	2	1	0	39	32	8	2	10	10	False	HG00438#2,HG01258#2,HG01361#2,HG02055#2,HG02622#2,HG02886#1,HG03098#2,HG03540#1,HG03579#2
17298	S:45961774:45961777	skip	del_skip	45961774	45961777				1	46021089	46021090	True	indel	truth	graph	normal_absent_HPRC_other	77	9	0.1169	4	5	0	0	36	31	8	2	9		False	HG00733#2,HG00735#2,HG01109#2,HG01123#2,HG01952#2,HG02486#2,HG03453#1,HG03540#1,HG03579#1
17472	B:48306931:48306929:<48306930	branch	ins_branch	48306931	48306929	<48306930	48306930-:AC	AC	0	54220922	54220922	True	indel	truth	graph	normal_absent_HPRC_other	87	15	0.1724	8	5	2	0	45	32	8	2	15	17	True	HG00438#1,HG00438#2,HG00735#2,HG01175#1,HG01952#1,HG01978#1,HG02148#2,HG02257#1,HG02559#2,HG02572#1,HG02630#1,HG03098#1,HG03453#2,HG03516#2,HG03540#2
17482	S:48299332:48299326	skip	del_skip	48299332	48299326				1	54555953	54555954	True	indel	truth	graph	normal_absent_HPRC_other	69	10	0.1449	6	3	1	0	33	27	7	2	11		False	HG00621#1,HG01123#1,HG01358#2,HG01891#1,HG01952#1,HG02109#2,HG02630#2,HG02723#1,HG03098#1,HG03453#2
17570	B:46092036:46092040:<46092039	branch	ins_branch	46092036	46092040	<46092039	46092039-:TA	TA	0	60269972	60269972	True	indel	truth	graph	normal_absent_HPRC_other	37	3	0.0811	1	1	0	1	15	16	4	2	4	26	True	HG00733#1,HG02109#1,HG03492#2
17585	B:46098327:46098329:<46098328	branch	ins_branch	46098327	46098329	<46098328	46098328-:T	T	0	60593298	60593298	True	indel	truth	graph	normal_absent_HPRC_other	86	21	0.2442	12	6	3	0	45	32	8	1	21	22	False	HG00438#2,HG00621#1,HG00621#2,HG00735#2,HG01175#1,HG01175#2,HG01361#2,HG01891#2,HG01952#1,HG01978#1,HG02055#2,HG02145#1,HG02559#2,HG02717#1,HG02886#2,HG03098#1,HG03098#2,HG03516#1,HG03540#1,NA20129#1,NA21309#2
17639	S:46125473:46125476	skip	del_skip	46125473	46125476				1	61710796	61710797	True	indel	truth	graph	normal_absent_HPRC_other	85	9	0.1059	8	1	0	0	43	32	8	2	9		False	HG00741#2,HG02257#2,HG02622#1,HG02723#1,HG02818#1,HG03453#1,HG03540#2,HG03579#1,NA20129#2
17862	B:46320503:46320506:>46320505	branch	snv_branch	46320503	46320506	>46320505	46320505+:A	A	1	71158322	71158323	True	snv	truth	graph	normal_absent_HPRC_other	87	16	0.1839	15	1	0	0	45	32	8	2	16	17	True	HG00733#2,HG02055#2,HG02109#1,HG02559#2,HG02572#2,HG02622#1,HG02630#1,HG02717#1,HG02723#2,HG03098#1,HG03098#2,HG03453#2,HG03486#1,HG03516#2,HG03579#2,NA20129#1
18050	S:47849371:47849368	skip	del_skip	47849371	47849368				1	78423665	78423666	True	indel	truth	graph	normal_absent_HPRC_other	68	33	0.4853	20	10	1	2	28	30	8	2	36		True	HG00621#2,HG00733#1,HG01071#2,HG01123#2,HG01243#1,HG01243#2,HG01258#1,HG01358#2,HG01361#1,HG01361#2,HG01891#1,HG01891#2,HG01978#1,HG02055#1,HG02055#2,HG02109#2,HG02145#2,HG02257#1,HG02486#2,HG02622#2,HG02630#1,HG02630#2,HG03098#1,HG03098#2,HG03453#2,HG03492#1,HG03492#2,HG03540#1,HG03540#2,NA20129#1,NA20129#2,NA21309#1,NA21309#2
18358	S:47606367:47606365	skip	del_skip	47606367	47606365				1	91671874	91671875	True	indel	truth	graph	normal_absent_HPRC_other	83	8	0.0964	6	1	1	0	42	31	8	2	8		True	HG01106#1,HG02080#2,HG02109#1,HG02109#2,HG02622#2,HG03516#2,NA18906#2,NA20129#1
18501	B:46421601:46421604:<46421603	branch	snv_branch	46421601	46421604	<46421603	46421603-:T	T	1	95325193	95325194	True	snv	truth	graph	normal_absent_HPRC_other	88	42	0.4773	29	11	2	0	46	32	8	2	42	42	False	HG00673#2,HG00735#1,HG00741#2,HG01106#2,HG01175#2,HG01358#1,HG01358#2,HG01361#2,HG01891#2,HG01952#1,HG01952#2,HG02055#2,HG02080#1,HG02145#1,HG02145#2,HG02148#1,HG02148#2,HG02257#1,HG02257#2,HG02486#1,HG02559#1,HG02572#1,HG02572#2,HG02630#1,HG02630#2,HG02717#1,HG02717#2,HG02723#2,HG02818#2,HG02886#1,HG02886#2,HG03098#1,HG03453#1,HG03453#2,HG03486#2,HG03516#1,HG03516#2,HG03579#1,NA18906#2,NA20129#1,NA20129#2,NA21309#2
18652	B:46534310:46534313:<46534311	branch	snv_branch	46534310	46534313	<46534311	46534311-:A	A	1	102017118	102017119	True	snv	truth	graph	normal_absent_HPRC_other	87	18	0.2069	11	6	1	0	45	32	8	2	18	18	False	HG00733#2,HG01071#2,HG01106#2,HG01123#2,HG01358#1,HG01952#1,HG02080#2,HG02145#2,HG02257#2,HG02630#1,HG02717#2,HG02818#1,HG03486#1,HG03516#2,HG03540#2,NA20129#2,NA21309#1,NA21309#2
18759	B:46603300:46603304:>46603303	branch	replacing_branch	46603300	46603304	>46603303	46603303+:T	T	2	105491535	105491537	True	indel	partial	graph	normal_absent_HPRC_other	61	11	0.1803	7	3	1	0	28	25	6	2	13	64	False	HG00438#2,HG01109#2,HG01123#2,HG01243#1,HG02630#2,HG02717#2,HG02723#2,HG02886#2,HG03579#1,NA18906#1,NA20129#2
18759	S:46603318:46603324	skip	del_skip	46603318	46603324				7	105491550	105491557	True	indel	partial	graph	normal_absent_HPRC_other	61	23	0.377	19	4	0	0	28	25	6	2	23		False	HG00733#1,HG01109#2,HG01123#2,HG01243#1,HG01891#2,HG02055#1,HG02486#1,HG02559#1,HG02559#2,HG02630#2,HG02717#2,HG02723#2,HG02886#2,HG03486#1,HG03486#2,HG03516#2,HG03540#1,HG03579#1,NA18906#1,NA20129#1,NA20129#2,NA21309#1,NA21309#2
18825	S:46711362:46711364	skip	del_skip	46711362	46711364				2	111606607	111606609	True	indel	partial	graph	normal_absent_HPRC_other	68	19	0.2794	13	6	0	0	35	27	4	2	27		True	HG01071#2,HG01123#2,HG01358#2,HG01361#1,HG01361#2,HG01891#2,HG01978#1,HG02109#1,HG02109#2,HG02145#2,HG02559#2,HG02572#1,HG02723#2,HG02818#1,HG02886#2,HG03098#2,HG03453#2,HG03540#2,HG03579#1
18825	S:46711366:46711370	skip	del_skip	46711366	46711370				1	111606614	111606615	True	indel	partial	graph	normal_absent_HPRC_other	68	34	0.5	12	18	3	1	35	27	4	2	39		True	HG00621#2,HG00733#2,HG00741#1,HG01071#1,HG01106#1,HG01106#2,HG01109#1,HG01123#1,HG01175#2,HG01243#1,HG01243#2,HG01258#1,HG01258#2,HG01361#2,HG01891#2,HG01928#1,HG01928#2,HG01952#1,HG01978#2,HG02080#1,HG02080#2,HG02109#1,HG02109#2,HG02148#1,HG02559#2,HG02723#2,HG02818#1,HG02886#2,HG03098#2,HG03492#2,HG03540#2,HG03579#1,NA20129#2,NA21309#1
18939	B:46787212:46787215:<46787213	branch	ins_branch	46787212	46787215	<46787213	46787213-:CA	CA	0	116061430	116061430	True	indel	truth	graph	normal_absent_HPRC_other	76	27	0.3553	10	12	4	1	39	30	5	2	28	58	False	HG00621#1,HG00621#2,HG00673#1,HG00733#1,HG00733#2,HG00735#1,HG01109#1,HG01175#1,HG01175#2,HG01243#2,HG01258#2,HG01358#2,HG01891#2,HG01928#1,HG01928#2,HG01952#2,HG02080#1,HG02572#2,HG02622#1,HG02622#2,HG02630#2,HG02717#2,HG02886#2,HG03492#1,HG03516#1,HG03579#2,NA20129#2
19039	S:46869790:46869794	skip	del_skip	46869790	46869794				2	120895877	120895879	True	indel	truth	graph	normal_absent_HPRC_other	62	46	0.7419	26	15	4	1	33	23	5	1	55		True	HG00438#1,HG00621#1,HG00673#2,HG00733#2,HG00735#2,HG00741#1,HG00741#2,HG01071#1,HG01106#1,HG01106#2,HG01175#2,HG01243#1,HG01258#2,HG01358#2,HG01891#1,HG01952#1,HG01978#1,HG02055#1,HG02080#2,HG02109#1,HG02109#2,HG02145#2,HG02148#1,HG02148#2,HG02257#1,HG02257#2,HG02486#1,HG02486#2,HG02572#1,HG02622#2,HG02630#2,HG02717#1,HG02723#1,HG02818#1,HG02886#1,HG03098#1,HG03098#2,HG03453#2,HG03486#1,HG03486#2,HG03492#2,HG03516#1,HG03540#2,NA18906#2,NA20129#2,NA21309#1
19166	B:46991106:46991109:>46991108	branch	snv_branch	46991106	46991109	>46991108	46991108+:A	A	1	128299017	128299018	True	snv	truth	graph	normal_absent_HPRC_other	88	3	0.0341	3	0	0	0	46	32	8	2	3	4	True	HG01891#1,HG03516#1,NA18906#1
19244	B:47240766:47240764:<47240765	branch	ins_branch	47240766	47240764	<47240765	47240765-:A	A	0	131869875	131869875	True	indel	truth	graph	normal_absent_HPRC_other	79	2	0.0253	1	1	0	0	37	32	8	2	2	3	True	HG01358#1,NA20129#1
19248	B:47237646:47237644:>47237645	branch	ins_branch	47237646	47237644	>47237645	47237645+:A	A	0	132012691	132012691	True	indel	truth	graph	normal_absent_HPRC_other	88	9	0.1023	5	4	0	0	46	32	8	2	9	9	False	HG01109#2,HG01123#1,HG01258#1,HG02148#1,HG02257#2,HG02486#2,HG02723#2,HG03486#1,HG03516#1
19508	S:48031067:48031065	skip	del_skip	48031067	48031065				1	151858581	151858582	True	indel	truth	graph	normal_absent_HPRC_other	86	23	0.2674	20	1	1	1	44	32	8	2	24		False	HG00438#1,HG01243#1,HG01891#2,HG02109#2,HG02486#1,HG02486#2,HG02559#1,HG02572#1,HG02572#2,HG02622#2,HG02717#1,HG02717#2,HG02723#1,HG02818#1,HG02886#1,HG03453#1,HG03486#2,HG03492#2,HG03516#1,HG03516#2,HG03579#2,NA21309#1,NA21309#2
19530	S:48010610:48010608	skip	del_skip	48010610	48010608				1	152902460	152902461	True	indel	truth	graph	normal_absent_HPRC_other	87	17	0.1954	10	5	2	0	45	32	8	2	17		True	HG00741#2,HG01106#1,HG01106#2,HG01175#2,HG01358#2,HG01891#2,HG02080#1,HG02080#2,HG02717#1,HG02818#1,HG03516#1,HG03540#2,HG03579#1,HG03579#2,NA18906#1,NA20129#1,NA21309#2
19653	S:48394488:48394485	skip	del_skip	48394488	48394485				1	160947989	160947990	True	indel	truth	graph	normal_present_rare	84	14	0.1667	4	4	6	0	43	32	7	2	18		False	HG00438#1,HG00438#2,HG00621#2,HG00673#1,HG00733#1,HG00735#1,HG01071#1,HG01071#2,HG02080#1,HG02080#2,HG02109#1,HG02559#1,HG02818#2,HG03579#1
19673	S:48406010:48406008	skip	del_skip	48406010	48406008				2	161936785	161936787	True	indel	partial	graph	normal_absent_HPRC_other	79	25	0.3165	16	9	0	0	37	32	8	2	25		False	HG00733#2,HG00735#2,HG00741#1,HG00741#2,HG01106#1,HG01109#1,HG01175#2,HG01258#2,HG01358#2,HG01891#1,HG01891#2,HG02055#1,HG02145#1,HG02622#2,HG02717#1,HG02717#2,HG02723#1,HG02818#1,HG02886#1,HG02886#2,HG03098#2,HG03540#1,HG03579#2,NA20129#1,NA20129#2
19673	B:48406008:48406004:<48406007<48406006	branch	replacing_branch	48406008	48406004	<48406007<48406006	48406007-:T,48406006-:A	TA	1	161936788	161936789	True	indel	partial	graph	normal_absent_HPRC_other	79	25	0.3165	16	9	0	0	37	32	8	2	25	25	False	HG00733#2,HG00735#2,HG00741#1,HG00741#2,HG01106#1,HG01109#1,HG01175#2,HG01258#2,HG01358#2,HG01891#1,HG01891#2,HG02055#1,HG02145#1,HG02622#2,HG02717#1,HG02717#2,HG02723#1,HG02818#1,HG02886#1,HG02886#2,HG03098#2,HG03540#1,HG03579#2,NA20129#1,NA20129#2
19793	S:48081557:48081554	skip	del_skip	48081557	48081554				1	170476733	170476734	True	indel	truth	graph	normal_absent_HPRC_other	83	13	0.1566	13	0	0	0	42	31	8	2	13		False	HG02109#1,HG02109#2,HG02145#1,HG02559#1,HG02572#1,HG02717#1,HG02723#2,HG02886#2,HG03098#2,HG03486#2,HG03516#1,HG03540#1,NA18906#2
19841	S:48543484:48543486	skip	del_skip	48543484	48543486				1	3650825	3650826	True	indel	truth	graph	normal_absent_HPRC_other	87	45	0.5172	25	17	1	2	45	32	8	2	45		False	HG00438#1,HG00733#1,HG00733#2,HG00735#1,HG00741#1,HG00741#2,HG01109#1,HG01109#2,HG01123#1,HG01243#1,HG01243#2,HG01258#1,HG01258#2,HG01358#1,HG01358#2,HG01361#2,HG01891#2,HG01952#1,HG01978#1,HG02055#1,HG02109#2,HG02145#1,HG02145#2,HG02257#1,HG02486#1,HG02559#1,HG02572#1,HG02572#2,HG02622#1,HG02717#1,HG02723#1,HG02723#2,HG02818#2,HG02886#1,HG03098#1,HG03098#2,HG03486#2,HG03492#1,HG03492#2,HG03516#1,HG03516#2,HG03540#2,HG03579#2,NA21309#1,NA21309#2
20055	B:51452444:51452442:<51452443	branch	ins_branch	51452444	51452442	<51452443	51452443-:T	T	0	17107216	17107216	True	indel	truth	graph	normal_absent_HPRC_other	80	30	0.375	14	12	3	1	42	30	6	2	30	35	False	HG00438#2,HG00673#1,HG00733#2,HG00735#1,HG00741#2,HG01071#1,HG01106#2,HG01123#1,HG01258#1,HG01258#2,HG01361#2,HG01891#1,HG01891#2,HG01928#1,HG01928#2,HG01952#1,HG02080#1,HG02145#2,HG02486#1,HG02486#2,HG02572#1,HG02630#2,HG03453#1,HG03453#2,HG03492#1,HG03516#2,HG03540#2,HG03579#2,NA18906#1,NA20129#2
20142	S:51364809:51364807	skip	del_skip	51364809	51364807				1	21354135	21354136	True	indel	truth	graph	normal_absent_HPRC_other	88	14	0.1591	8	2	3	1	46	32	8	2	14		False	HG00621#1,HG00621#2,HG01109#2,HG02055#2,HG02080#2,HG02148#2,HG02486#1,HG02723#2,HG03453#1,HG03453#2,HG03486#1,HG03492#2,HG03540#2,HG03579#2
20259	S:51207870:51207866	skip	del_skip	51207870	51207866				1	29302500	29302501	True	indel	truth	graph	normal_absent_HPRC_other	63	15	0.2381	8	5	1	1	28	25	8	2	15		True	HG00673#1,HG00741#1,HG01071#2,HG01109#2,HG01123#1,HG01123#2,HG02109#2,HG02486#1,HG02572#2,HG02622#2,HG03453#2,HG03492#2,NA20129#1,NA20129#2,NA21309#2
20462	S:51043171:51043169	skip	del_skip	51043171	51043169				1	37852109	37852110	True	indel	truth	graph	normal_absent_HPRC_other	84	14	0.1667	6	6	2	0	42	32	8	2	14		False	HG00621#2,HG00741#1,HG01071#1,HG01175#1,HG01258#1,HG01358#1,HG01928#2,HG02055#2,HG02080#2,HG02109#2,HG02818#2,HG02886#2,HG03453#1,NA21309#2
20598	S:50896110:50896106	skip	del_skip	50896110	50896106				8	45910726	45910734	True	indel	truth	graph	normal_absent_HPRC_other	52	17	0.3269	9	7	1	0	26	18	7	1	24		True	HG00741#2,HG01071#2,HG01106#1,HG01109#1,HG01123#2,HG01243#2,HG01978#1,HG02080#1,HG02486#2,HG02630#1,HG02723#1,HG02886#1,HG03516#1,HG03579#1,NA20129#2,NA21309#1,NA21309#2
20651	B:50834860:50834857:<50834859<50834858	branch	ins_branch	50834860	50834857	<50834859<50834858	50834859-:AA,50834858-:A	AAA	0	49059558	49059558	True	indel	partial	graph	normal_absent_HPRC_other	57	13	0.2281	3	6	4	0	29	20	6	2	13	18	False	HG00621#1,HG00673#1,HG00673#2,HG00735#1,HG01358#2,HG01928#1,HG01952#2,HG01978#1,HG02055#2,HG02080#2,HG02148#1,HG02257#1,HG03540#2
20651	B:50834849:50834846:<50834848	branch	snv_branch	50834849	50834846	<50834848	50834848-:T	T	1	49059576	49059577	True	snv	partial	graph	normal_absent_HPRC_other	57	2	0.0351	0	2	0	0	29	20	6	2	15	15	False	HG01071#2,HG02148#1
20651	S:50834846:50834843	skip	del_skip	50834846	50834843				1	49059578	49059579	True	indel	partial	graph	normal_absent_HPRC_other	57	34	0.5965	19	12	2	1	29	20	6	2	40		True	HG00438#2,HG00733#1,HG00741#1,HG00741#2,HG01071#1,HG01106#1,HG01109#1,HG01109#2,HG01123#2,HG01243#1,HG01258#1,HG01978#2,HG02055#2,HG02080#1,HG02109#2,HG02145#1,HG02148#2,HG02257#2,HG02572#1,HG02622#1,HG02622#2,HG02630#1,HG02630#2,HG02723#1,HG02818#1,HG02818#2,HG02886#1,HG03098#1,HG03098#2,HG03453#2,HG03492#2,HG03540#2,NA18906#2,NA20129#1
20651	S:50834843:50834840	skip	del_skip	50834843	50834840				1	49059580	49059581	True	indel	partial	graph	normal_absent_HPRC_other	57	28	0.4912	15	11	1	1	29	20	6	2	29		True	HG00741#1,HG00741#2,HG01071#1,HG01106#1,HG01109#1,HG01109#2,HG01123#2,HG01243#1,HG01258#1,HG01978#2,HG02080#1,HG02109#2,HG02145#1,HG02148#2,HG02257#2,HG02572#1,HG02622#1,HG02622#2,HG02630#1,HG02630#2,HG02723#1,HG02818#1,HG02818#2,HG02886#1,HG03098#2,HG03492#2,NA18906#2,NA20129#1
20730	B:50784665:50784662:<50784664	branch	snv_branch	50784665	50784662	<50784664	50784664-:T	T	1	51693949	51693950	True	snv	partial	graph	normal_absent_HPRC_other	65	37	0.5692	15	16	6	0	34	22	8	1	53	68	False	HG00438#1,HG00438#2,HG00621#1,HG00621#2,HG00733#2,HG00735#1,HG00735#2,HG01106#1,HG01109#1,HG01109#2,HG01175#2,HG01243#1,HG01358#1,HG01358#2,HG01361#1,HG01928#1,HG01928#2,HG01952#1,HG01952#2,HG02055#1,HG02080#1,HG02080#2,HG02148#2,HG02257#1,HG02572#2,HG02622#1,HG02622#2,HG02723#2,HG02818#2,HG02886#2,HG03453#1,HG03453#2,HG03516#1,HG03540#1,HG03540#2,HG03579#1,NA20129#1
20730	S:50784660:50784655	skip	del_skip	50784660	50784655				4	51693967	51693971	True	indel	partial	graph	normal_absent_HPRC_other	65	21	0.3231	11	6	4	0	34	22	8	1	23		False	HG00438#1,HG00438#2,HG00621#2,HG00733#2,HG01109#1,HG01109#2,HG01928#1,HG01928#2,HG02055#1,HG02080#1,HG02148#2,HG02257#1,HG02572#2,HG02622#1,HG02723#2,HG02818#2,HG02886#2,HG03453#1,HG03516#1,HG03579#1,NA20129#1
20805	B:50747398:50747395:<50747397>50747396	branch	ins_branch	50747398	50747395	<50747397>50747396	50747397-:T,50747396+:T	TT	0	53151049	53151049	True	indel	truth	graph	normal_absent_HPRC_other	58	12	0.2069	5	5	1	1	28	24	4	2	12	34	False	HG01071#2,HG01106#1,HG01258#2,HG01891#2,HG01978#1,HG02080#2,HG02148#2,HG02257#1,HG02257#2,HG02572#1,HG02630#2,HG03492#1
20891	B:50712605:50712602:<50712604	branch	snv_branch	50712605	50712602	<50712604	50712604-:A	A	1	54670392	54670393	True	snv	truth	graph	normal_absent_HPRC_other	87	21	0.2414	4	14	3	0	46	31	8	2	21	21	False	HG00438#2,HG00621#2,HG00735#1,HG00735#2,HG00741#1,HG01106#2,HG01123#1,HG01175#2,HG01243#2,HG01361#1,HG01361#2,HG01928#1,HG01928#2,HG01952#1,HG01978#2,HG02080#1,HG02148#1,HG02486#1,HG02559#1,NA20129#2,NA21309#2
20927	S:51610546:51610548	skip	del_skip	51610546	51610548				1	56277909	56277910	True	indel	truth	graph	normal_absent_HPRC_other	77	16	0.2078	8	8	0	0	39	28	8	2	16		True	HG00735#2,HG00741#1,HG01109#2,HG01175#2,HG01243#2,HG01891#2,HG01928#1,HG01952#2,HG02109#1,HG02148#1,HG02486#1,HG02622#1,HG02630#2,HG03453#2,HG03540#1,HG03540#2
20955	S:51634065:51634067	skip	del_skip	51634065	51634067				1	56854639	56854640	True	indel	truth	graph	normal_absent_HPRC_other	78	29	0.3718	23	6	0	0	37	31	8	2	29		False	HG00735#2,HG01071#2,HG01109#1,HG01123#1,HG01258#2,HG01358#2,HG01891#2,HG02055#1,HG02055#2,HG02109#1,HG02257#1,HG02257#2,HG02559#2,HG02572#1,HG02572#2,HG02630#2,HG02717#1,HG02717#2,HG02723#1,HG02723#2,HG02818#2,HG02886#1,HG03453#2,HG03486#1,HG03486#2,HG03516#1,HG03516#2,HG03540#2,NA21309#1
21153	S:50097864:50097862	skip	del_skip	50097864	50097862				1	63854498	63854499	True	indel	truth	graph	normal_absent_HPRC_other	83	31	0.3735	18	10	3	0	43	31	7	2	31		False	HG00438#1,HG00438#2,HG00673#1,HG00741#2,HG01106#1,HG01106#2,HG01123#1,HG01243#1,HG01258#1,HG01358#2,HG01891#2,HG01952#1,HG01978#1,HG02055#2,HG02109#2,HG02145#1,HG02148#1,HG02486#1,HG02572#2,HG02630#1,HG02630#2,HG02723#1,HG02818#2,HG02886#1,HG03516#1,HG03579#2,NA18906#1,NA18906#2,NA20129#2,NA21309#1,NA21309#2
21196	B:48700579:48700584:<48700580<48700581<48700582<48700583	branch	ins_branch	48700579	48700584	<48700580<48700581<48700582<48700583	48700580-:C,48700581-:C,48700582-:C,48700583-:C	CCCC	0	66101207	66101207	True	indel	truth	graph	normal_absent_HPRC_other	70	16	0.2286	4	12	0	0	40	23	5	2	16	20	False	HG00735#1,HG01071#1,HG01071#2,HG01106#2,HG01109#1,HG01109#2,HG01175#1,HG01175#2,HG01243#2,HG01952#1,HG01952#2,HG02055#2,HG02148#2,HG02717#1,HG02886#1,HG03540#2
21200	S:48705853:48705856	skip	del_skip	48705853	48705856				1	66421401	66421402	True	indel	truth	graph	normal_absent_HPRC_other	74	14	0.1892	8	4	2	0	37	28	7	2	20		False	HG00438#1,HG00621#1,HG01175#2,HG01258#2,HG01978#1,HG01978#2,HG02257#1,HG02630#1,HG02630#2,HG02723#2,HG03098#1,HG03516#1,HG03516#2,HG03540#1
21214	S:48734094:48734096	skip	del_skip	48734094	48734096				1	67695346	67695347	True	indel	truth	graph	normal_absent_HPRC_other	75	18	0.24	4	11	3	0	36	29	8	2	18		True	HG00438#2,HG00621#2,HG00673#1,HG00735#1,HG00735#2,HG01106#1,HG01106#2,HG01109#2,HG01123#2,HG01258#1,HG01258#2,HG01361#2,HG01928#1,HG01928#2,HG02630#2,HG03453#2,NA18906#2,NA20129#2
21299	B:48813916:48813918:<48813917	branch	ins_branch	48813916	48813918	<48813917	48813917-:T	T	0	71544297	71544297	True	indel	truth	graph	normal_absent_HPRC_other	79	17	0.2152	6	11	0	0	41	31	5	2	17	20	False	HG00741#2,HG01106#1,HG01106#2,HG01243#1,HG01243#2,HG01258#1,HG01361#1,HG01928#2,HG01952#2,HG01978#1,HG02148#2,HG02486#2,HG02572#1,HG02818#1,HG03453#1,HG03516#2,NA21309#1
21304	S:48821533:48821536	skip	del_skip	48821533	48821536				4	71790380	71790384	True	indel	truth	graph	normal_absent_HPRC_other	58	11	0.1897	10	0	1	0	33	21	4	0	14		False	HG02055#2,HG02080#1,HG02572#1,HG02572#2,HG02630#2,HG02717#2,HG02723#2,HG02818#2,HG02886#1,HG03540#1,HG03540#2
21400	B:48972628:48972631:>48972630	branch	ins_branch	48972628	48972631	>48972630	48972630+:GG	GG	0	79015998	79015998	True	indel	partial	graph	normal_absent_HPRC_other	72	18	0.25	6	6	4	2	36	26	8	2	18	42	False	HG00438#1,HG00438#2,HG00621#1,HG00621#2,HG00741#2,HG01109#1,HG01109#2,HG01175#1,HG01243#2,HG01358#2,HG02109#2,HG02486#2,HG02630#1,HG02717#2,HG03098#2,HG03492#1,HG03492#2,NA18906#1
21400	S:48972632:48972635	skip	del_skip	48972632	48972635				1	79016004	79016005	True	indel	partial	graph	normal_absent_HPRC_other	72	38	0.5278	17	15	4	2	36	26	8	2	44		True	HG00438#1,HG00438#2,HG00621#1,HG00621#2,HG00735#2,HG00741#2,HG01109#1,HG01109#2,HG01175#1,HG01243#2,HG01258#1,HG01258#2,HG01358#1,HG01358#2,HG01361#1,HG01361#2,HG01891#1,HG01928#2,HG01978#2,HG02109#2,HG02148#1,HG02257#1,HG02486#1,HG02486#2,HG02559#1,HG02622#1,HG02630#1,HG02630#2,HG02717#1,HG02717#2,HG02818#2,HG03098#2,HG03492#1,HG03492#2,HG03540#1,HG03579#2,NA18906#1,NA18906#2
21618	S:49183974:49183980	skip	del_skip	49183974	49183980				10	90329212	90329222	True	indel	truth	graph	normal_absent_HPRC_other	77	23	0.2987	15	2	5	1	39	28	8	2	23		False	HG00621#1,HG00621#2,HG00673#2,HG01891#1,HG01978#1,HG02055#1,HG02055#2,HG02080#1,HG02080#2,HG02109#2,HG02145#1,HG02145#2,HG02148#1,HG02257#2,HG02559#2,HG02572#1,HG02622#2,HG02717#2,HG02723#2,HG03098#1,HG03492#1,NA20129#1,NA21309#1
21736	B:49338710:49338712:>49338711	branch	ins_branch	49338710	49338712	>49338711	49338711+:G	G	0	99385305	99385305	True	indel	truth	graph	normal_absent_HPRC_other	75	38	0.5067	5	25	7	1	36	31	7	1	38	43	True	HG00438#1,HG00438#2,HG00621#1,HG00621#2,HG00673#1,HG00673#2,HG00735#1,HG00735#2,HG00741#1,HG00741#2,HG01071#1,HG01071#2,HG01106#1,HG01109#1,HG01109#2,HG01123#2,HG01175#1,HG01258#1,HG01258#2,HG01358#1,HG01358#2,HG01361#1,HG01361#2,HG01928#1,HG01928#2,HG01952#1,HG01952#2,HG01978#1,HG01978#2,HG02055#2,HG02080#2,HG02145#1,HG02145#2,HG02148#1,HG02148#2,HG02630#2,HG02818#1,HG03492#2
21808	B:49440151:49440156:>49440155	branch	ins_branch	49440151	49440156	>49440155	49440155+:TG	TG	0	104249356	104249356	True	indel	truth	graph	normal_absent_HPRC_other	69	3	0.0435	3	0	0	0	40	23	6	0	10	65	False	HG02109#1,HG02109#2,HG02257#1
21839	B:49489369:49489375:<49489370<49489371<49489372<49489373	branch	ins_branch	49489369	49489375	<49489370<49489371<49489372<49489373	49489370-:A,49489371-:C,49489372-:A,49489373-:C	ACAC	0	106788963	106788963	False	indel	partial	graph_closest_primary	other_ambiguous	67	15	0.2239	5	7	3	0	33	26	7	1	16	16	False	HG00621#2,HG00673#1,HG00733#1,HG00733#2,HG01123#1,HG01361#1,HG01891#2,HG01952#2,HG01978#1,HG01978#2,HG02080#1,HG02145#1,HG02559#1,HG02572#2,HG02723#2
21839	B:49489381:49489384:<49489383	branch	snv_branch	49489381	49489384	<49489383	49489383-:T	T	1	106788984	106788985	False	snv	partial	graph_closest_primary	other_ambiguous	67	20	0.2985	9	8	3	0	33	26	7	1	35	35	False	HG00621#2,HG00673#1,HG00733#1,HG00733#2,HG01106#2,HG01123#1,HG01361#1,HG01891#2,HG01952#2,HG01978#1,HG01978#2,HG02080#1,HG02145#1,HG02486#2,HG02559#1,HG02572#2,HG02723#2,HG03516#1,HG03579#1,HG03579#2
21839	B:49489389:49489392:<49489391	branch	snv_branch	49489389	49489392	<49489391	49489391-:C	C	1	106789004	106789005	True	snv	partial	graph_closest_primary	other_ambiguous	67	38	0.5672	21	13	3	1	33	26	7	1	43	43	False	HG00621#1,HG00673#2,HG00741#2,HG01109#1,HG01109#2,HG01123#2,HG01175#1,HG01243#1,HG01243#2,HG01258#2,HG01358#1,HG01891#1,HG01928#1,HG01952#1,HG02055#2,HG02080#2,HG02145#2,HG02148#1,HG02148#2,HG02257#1,HG02257#2,HG02559#2,HG02572#1,HG02622#2,HG02630#1,HG02630#2,HG02717#1,HG02818#2,HG03098#2,HG03453#1,HG03453#2,HG03486#1,HG03492#1,NA18906#1,NA18906#2,NA20129#1,NA20129#2,NA21309#1
21875	B:51771932:51771934:<51771933	branch	ins_branch	51771932	51771934	<51771933	51771933-:AT	AT	0	109236824	109236824	True	indel	germline	graph	normal_absent_HPRC_other	78	66	0.8462	33	24	8	1	37	31	8	2	70	71	True	HG00438#1,HG00438#2,HG00621#1,HG00621#2,HG00673#1,HG00673#2,HG00733#2,HG00735#1,HG00735#2,HG00741#1,HG01071#1,HG01071#2,HG01106#1,HG01109#1,HG01123#1,HG01123#2,HG01175#1,HG01175#2,HG01243#2,HG01358#1,HG01361#1,HG01361#2,HG01891#1,HG01928#1,HG01928#2,HG01952#1,HG01952#2,HG01978#1,HG01978#2,HG02055#1,HG02055#2,HG02080#1,HG02080#2,HG02109#1,HG02109#2,HG02145#1,HG02148#1,HG02148#2,HG02257#1,HG02486#1,HG02486#2,HG02559#1,HG02559#2,HG02572#1,HG02572#2,HG02622#1,HG02622#2,HG02717#1,HG02723#1,HG02723#2,HG02818#1,HG02818#2,HG02886#1,HG02886#2,HG03098#1,HG03453#1,HG03486#1,HG03486#2,HG03492#2,HG03516#1,HG03540#1,HG03540#2,NA18906#1,NA18906#2,NA20129#1,NA21309#1
21875	B:51771935:51771938:<51771936<51771937	branch	ins_branch	51771935	51771938	<51771936<51771937	51771936-:T,51771937-:A	TA	0	109236831	109236831	True	indel	germline	graph	normal_absent_HPRC_other	78	22	0.2821	15	6	1	0	37	31	8	2	24	24	False	HG00621#1,HG00741#1,HG01123#1,HG01243#1,HG01243#2,HG01258#2,HG01361#2,HG02055#1,HG02109#2,HG02486#1,HG02486#2,HG02559#1,HG02572#2,HG02717#1,HG02723#2,HG03098#1,HG03453#1,HG03486#2,HG03516#1,HG03540#1,HG03540#2,NA18906#1
21924	B:49499411:49499413:<49499412	branch	ins_branch	49499411	49499413	<49499412	49499412-:TCATT	TCATT	0	111195860	111195860	True	indel	truth	graph	normal_absent_HPRC_other	82	11	0.1341	9	2	0	0	40	32	8	2	11	11	False	HG01106#2,HG01891#1,HG01891#2,HG01978#2,HG02723#2,HG02886#1,HG03486#1,HG03486#2,HG03540#2,NA18906#1,NA20129#2
22183	B:49658813:49658816:>49658815	branch	snv_branch	49658813	49658816	>49658815	49658815+:T	T	1	121495437	121495438	True	snv	truth	graph	normal_absent_HPRC_other	87	61	0.7011	34	21	4	2	46	31	8	2	61	62	True	HG00621#1,HG00621#2,HG00673#1,HG00673#2,HG00733#1,HG00733#2,HG00735#1,HG00735#2,HG00741#1,HG00741#2,HG01071#1,HG01106#2,HG01109#2,HG01123#2,HG01175#1,HG01175#2,HG01243#1,HG01258#1,HG01258#2,HG01358#2,HG01361#2,HG01891#2,HG01928#1,HG01952#2,HG01978#1,HG02055#1,HG02055#2,HG02109#1,HG02109#2,HG02145#1,HG02148#1,HG02257#1,HG02257#2,HG02486#1,HG02486#2,HG02559#1,HG02572#1,HG02572#2,HG02630#1,HG02630#2,HG02717#1,HG02717#2,HG02723#2,HG02818#2,HG02886#2,HG03098#1,HG03453#1,HG03453#2,HG03486#1,HG03486#2,HG03492#1,HG03492#2,HG03516#2,HG03540#1,HG03540#2,HG03579#1,NA18906#1,NA18906#2,NA20129#1,NA20129#2,NA21309#2
22259	S:49749710:49749712	skip	del_skip	49749710	49749712				1	126499200	126499201	True	indel	truth	graph	normal_absent_HPRC_other	86	12	0.1395	12	0	0	0	44	32	8	2	14		False	HG02055#1,HG02109#2,HG02559#1,HG02572#2,HG02630#2,HG02723#2,HG02818#2,HG03453#2,HG03486#1,HG03540#1,HG03579#2,NA18906#2
22309	B:49795225:49795227:<49795226	branch	ins_branch	49795225	49795227	<49795226	49795226-:C	C	0	129256535	129256535	False	indel	partial	graph	normal_absent_HPRC_other	83	45	0.5422	20	20	5	0	42	31	8	2	48	49	True	HG00438#1,HG00621#2,HG00673#1,HG00673#2,HG00733#1,HG00733#2,HG00735#2,HG00741#2,HG01071#2,HG01106#1,HG01109#1,HG01175#1,HG01175#2,HG01243#1,HG01258#1,HG01258#2,HG01358#1,HG01358#2,HG01361#2,HG01952#2,HG01978#1,HG01978#2,HG02055#1,HG02080#2,HG02109#1,HG02109#2,HG02145#1,HG02145#2,HG02148#1,HG02148#2,HG02257#2,HG02559#2,HG02572#1,HG02622#1,HG02622#2,HG02630#1,HG02818#2,HG03486#1,HG03486#2,HG03516#1,HG03516#2,HG03579#1,HG03579#2,NA18906#2,NA20129#1
22309	B:49795228:49795230:<49795229	branch	ins_branch	49795228	49795230	<49795229	49795229-:A	A	0	129256540	129256540	True	indel	partial	graph	normal_absent_HPRC_other	83	44	0.5301	19	20	5	0	42	31	8	2	47	48	True	HG00438#1,HG00621#2,HG00673#1,HG00673#2,HG00733#1,HG00733#2,HG00735#2,HG00741#2,HG01071#2,HG01106#1,HG01109#1,HG01175#1,HG01175#2,HG01243#1,HG01258#1,HG01258#2,HG01358#1,HG01358#2,HG01361#2,HG01952#2,HG01978#1,HG01978#2,HG02055#1,HG02080#2,HG02109#1,HG02109#2,HG02145#1,HG02148#1,HG02148#2,HG02257#2,HG02559#2,HG02572#1,HG02622#1,HG02622#2,HG02630#1,HG02818#2,HG03486#1,HG03486#2,HG03516#1,HG03516#2,HG03579#1,HG03579#2,NA18906#2,NA20129#1
22309	B:49795230:49795233:>49795232	branch	snv_branch	49795230	49795233	>49795232	49795232+:C	C	1	129256541	129256542	True	snv	partial	graph	normal_absent_HPRC_other	83	44	0.5301	19	20	5	0	42	31	8	2	47	48	True	HG00438#1,HG00621#2,HG00673#1,HG00673#2,HG00733#1,HG00733#2,HG00735#2,HG00741#2,HG01071#2,HG01106#1,HG01109#1,HG01175#1,HG01175#2,HG01243#1,HG01258#1,HG01258#2,HG01358#1,HG01358#2,HG01361#2,HG01952#2,HG01978#1,HG01978#2,HG02055#1,HG02080#2,HG02109#1,HG02109#2,HG02145#1,HG02148#1,HG02148#2,HG02257#2,HG02559#2,HG02572#1,HG02622#1,HG02622#2,HG02630#1,HG02818#2,HG03486#1,HG03486#2,HG03516#1,HG03516#2,HG03579#1,HG03579#2,NA18906#2,NA20129#1
22309	B:49795233:49795236:>49795235	branch	snv_branch	49795233	49795236	>49795235	49795235+:A	A	1	129256546	129256547	True	snv	partial	graph	normal_absent_HPRC_other	83	44	0.5301	19	20	5	0	42	31	8	2	45	47	True	HG00438#1,HG00621#2,HG00673#1,HG00673#2,HG00733#1,HG00733#2,HG00735#2,HG00741#2,HG01071#2,HG01106#1,HG01109#1,HG01175#1,HG01175#2,HG01243#1,HG01258#1,HG01258#2,HG01358#1,HG01358#2,HG01361#2,HG01952#2,HG01978#1,HG01978#2,HG02055#1,HG02080#2,HG02109#1,HG02109#2,HG02145#1,HG02148#1,HG02148#2,HG02257#2,HG02559#2,HG02572#1,HG02622#1,HG02622#2,HG02630#1,HG02818#2,HG03486#1,HG03486#2,HG03516#1,HG03516#2,HG03579#1,HG03579#2,NA18906#2,NA20129#1
22309	B:49795237:49795241:<49795240	branch	ins_branch	49795237	49795241	<49795240	49795240-:C	C	0	129256549	129256549	True	indel	partial	graph	normal_absent_HPRC_other	83	28	0.3373	11	14	3	0	42	31	8	2	28	77	True	HG00438#1,HG00621#2,HG00673#1,HG00735#2,HG01109#1,HG01175#1,HG01175#2,HG01258#1,HG01258#2,HG01358#1,HG01358#2,HG01361#2,HG01952#2,HG01978#1,HG01978#2,HG02055#1,HG02055#2,HG02145#2,HG02148#1,HG02148#2,HG02717#1,HG02717#2,HG02886#2,HG03098#1,HG03516#2,HG03540#1,NA18906#1,NA18906#2
22450	B:49935816:49935819:>49935818	branch	snv_branch	49935816	49935819	>49935818	49935818+:A	A	1	137071146	137071147	True	snv	truth	graph	normal_absent_HPRC_other	88	16	0.1818	6	7	2	1	46	32	8	2	16	16	False	HG00673#1,HG00673#2,HG01071#2,HG01109#2,HG01123#1,HG01358#1,HG01358#2,HG01891#1,HG01928#1,HG02109#2,HG02148#2,HG02486#2,HG03453#1,HG03486#1,HG03492#1,HG03540#1
22598	B:50127725:50127727:>50127726	branch	ins_branch	50127725	50127727	>50127726	50127726+:C	C	0	144191353	144191353	True	indel	truth	graph	normal_absent_HPRC_other	29	22	0.7586	15	5	1	1	18	8	2	1	29	43	partial	HG00673#2,HG00741#1,HG01071#1,HG01258#1,HG01361#1,HG01891#1,HG01978#2,HG02109#1,HG02145#1,HG02257#1,HG02257#2,HG02486#1,HG02486#2,HG02572#1,HG02723#1,HG02723#2,HG02886#1,HG03098#1,HG03486#1,HG03492#1,HG03579#2,NA20129#2
22742	S:50310684:50310688	skip	del_skip	50310684	50310688				12	148061992	148062004	True	indel	truth	graph	normal_absent_HPRC_other	21	4	0.1905	0	4	0	0	1	15	4	1	11		False	HG00735#1,HG01123#1,HG01175#1,HG01358#2
22777	S:50367983:50367986	skip	del_skip	50367983	50367986				1	150482812	150482813	True	indel	truth	graph	normal_absent_HPRC_other	78	10	0.1282	8	2	0	0	38	31	7	2	10		False	HG01109#2,HG01243#1,HG02486#1,HG02622#1,HG02717#2,HG02723#1,HG03453#2,NA18906#2,NA20129#1,NA21309#2
22837	B:50499771:50499773:<50499772	branch	ins_branch	50499771	50499773	<50499772	50499772-:A	A	0	155599524	155599524	True	indel	truth	graph	normal_absent_HPRC_other	75	24	0.32	17	5	1	1	38	28	7	2	24	38	True	HG00733#1,HG00741#1,HG01243#2,HG01361#1,HG01952#1,HG02055#2,HG02080#1,HG02109#1,HG02145#2,HG02486#1,HG02559#1,HG02572#1,HG02622#2,HG02717#1,HG02818#1,HG02886#1,HG03453#1,HG03453#2,HG03492#2,HG03540#2,HG03579#1,HG03579#2,NA20129#2,NA21309#2
22939	S:52399163:52399160	skip	del_skip	52399163	52399160				1	3115205	3115206	True	indel	truth	graph	normal_absent_HPRC_other	84	18	0.2143	12	6	0	0	43	31	8	2	18		False	HG00733#2,HG01071#2,HG01175#2,HG01258#2,HG01361#2,HG01952#1,HG02109#1,HG02109#2,HG02257#1,HG02486#1,HG02630#2,HG02717#1,HG02717#2,HG02723#2,HG02818#2,HG03540#2,NA18906#2,NA20129#1
22978	B:51903109:51903106:<51903108	branch	ins_branch	51903109	51903106	<51903108	51903108-:A	A	0	4062927	4062927	True	indel	truth	graph	normal_absent_HPRC_other	85	10	0.1176	5	4	0	1	45	30	8	2	10	46	False	HG00735#2,HG01106#1,HG01175#1,HG01243#2,HG02109#1,HG02145#2,HG02622#2,HG02717#2,HG03492#1,NA21309#1
23499	B:54022456:54022454:>54022455	branch	ins_branch	54022456	54022454	>54022455	54022455+:A	A	0	28469329	28469329	True	indel	truth	graph	normal_absent_HPRC_other	86	10	0.1163	10	0	0	0	44	32	8	2	10	10	False	HG02572#2,HG02630#2,HG02717#2,HG02818#2,HG02886#2,HG03098#2,HG03453#1,HG03516#1,HG03516#2,NA21309#1
23642	S:53899353:53899351	skip	del_skip	53899353	53899351				1	35171460	35171461	False	indel	partial	graph	normal_absent_HPRC_other	84	11	0.131	7	3	0	1	42	32	8	2	11		False	HG00741#1,HG01071#1,HG01123#2,HG02257#1,HG02818#2,HG03486#2,HG03492#2,HG03579#2,NA18906#1,NA20129#1,NA20129#2
23642	B:53899350:53899343:<53899349<53899348>53899345	branch	mnv_branch	53899350	53899343	<53899349<53899348>53899345	53899349-:T,53899348-:C,53899345+:T	TCT	3	35171469	35171472	True	snv	partial	graph	normal_absent_HPRC_other	84	10	0.119	6	3	0	1	42	32	8	2	10	10	False	HG00741#1,HG01071#1,HG01123#2,HG02257#1,HG02818#2,HG03486#2,HG03492#2,HG03579#2,NA20129#1,NA20129#2
23723	B:54652926:54652924:<54652925	branch	ins_branch	54652926	54652924	<54652925	54652925-:AT	AT	0	39661929	39661929	True	indel	truth	graph	normal_absent_HPRC_other	88	9	0.1023	8	1	0	0	46	32	8	2	9	9	False	HG00733#1,HG01891#1,HG01891#2,HG02109#2,HG02572#1,HG02622#1,HG02630#1,HG02723#1,HG02886#1
23873	B:54867411:54867408:>54867410	branch	snv_branch	54867411	54867408	>54867410	54867410+:A	A	1	46724609	46724610	True	snv	truth	graph	normal_absent_HPRC_other	86	9	0.1047	8	1	0	0	45	31	8	2	9	9	False	HG01243#2,HG02622#2,HG02717#1,HG02886#1,HG03098#1,HG03098#2,HG03453#2,HG03486#2,HG03516#2
24040	S:54764827:54764824	skip	del_skip	54764827	54764824				1	52870233	52870234	True	indel	truth	graph	normal_absent_HPRC_other	87	9	0.1034	7	2	0	0	46	31	8	2	9		False	HG00733#2,HG01978#2,HG02622#1,HG02723#2,HG02886#1,HG03486#1,HG03540#2,NA18906#1,NA20129#1
24067	B:54740108:54740106:>54740107	branch	ins_branch	54740108	54740106	>54740107	54740107+:G	G	0	54101155	54101155	True	indel	truth	graph	normal_absent_HPRC_other	84	17	0.2024	13	4	0	0	42	32	8	2	17	21	False	HG01071#2,HG01109#1,HG01109#2,HG01952#1,HG02055#1,HG02486#1,HG02559#2,HG02572#1,HG02723#2,HG02886#1,HG03486#1,HG03486#2,HG03516#1,HG03540#1,HG03540#2,HG03579#1,NA18906#2
24082	S:54729230:54729226	skip	del_skip	54729230	54729226				2	54633716	54633718	True	indel	germline	graph	normal_absent_HPRC_other	68	19	0.2794	11	5	2	1	36	25	5	2	21		False	HG00438#1,HG00621#1,HG01106#2,HG01123#2,HG01243#1,HG01258#1,HG01258#2,HG01891#2,HG02145#1,HG02486#1,HG02559#1,HG03098#1,HG03098#2,HG03486#2,HG03492#2,HG03579#1,NA18906#1,NA21309#1,NA21309#2
24082	B:54729220:54729217:>54729219	branch	snv_branch	54729220	54729217	>54729219	54729219+:C	C	1	54633738	54633739	True	snv	germline	graph	normal_absent_HPRC_other	68	23	0.3382	9	12	1	1	36	25	5	2	33	33	False	HG00621#2,HG00741#1,HG00741#2,HG01106#2,HG01175#1,HG01175#2,HG01243#2,HG01361#1,HG01952#1,HG01952#2,HG01978#1,HG01978#2,HG02148#2,HG02486#1,HG02572#2,HG02622#1,HG03098#2,HG03486#2,HG03492#2,HG03516#2,HG03579#1,NA18906#1,NA21309#2
24297	B:54334151:54334153:<54334152	branch	ins_branch	54334151	54334153	<54334152	54334152-:AT	AT	0	64147608	64147608	True	indel	truth	graph	normal_absent_HPRC_other	82	24	0.2927	14	9	1	0	44	29	7	2	26	26	False	HG00735#2,HG01071#1,HG01106#2,HG01109#1,HG01123#1,HG01175#2,HG01358#2,HG01361#1,HG01952#1,HG02080#2,HG02109#1,HG02559#2,HG02572#1,HG02572#2,HG02622#2,HG02723#1,HG02723#2,HG02818#1,HG03453#1,HG03486#2,HG03516#1,HG03579#1,NA18906#2,NA21309#2
24344	B:54376397:54376399:>54376398	branch	ins_branch	54376397	54376399	>54376398	54376398+:T	T	0	66849595	66849595	True	indel	truth	graph	normal_absent_HPRC_other	73	9	0.1233	5	3	1	0	32	31	8	2	9	10	False	HG00621#1,HG00741#2,HG01071#1,HG01978#2,HG02055#2,HG02145#1,HG02559#1,HG03516#1,HG03540#2
24606	B:52141011:52141014:>52141013	branch	snv_branch	52141011	52141014	>52141013	52141013+:T	T	1	77783430	77783431	True	snv	truth	graph	normal_absent_HPRC_other	88	38	0.4318	16	17	3	2	46	32	8	2	38	38	False	HG00438#1,HG00438#2,HG00621#1,HG00735#1,HG00741#2,HG01071#1,HG01071#2,HG01106#1,HG01106#2,HG01109#1,HG01123#1,HG01175#1,HG01243#1,HG01243#2,HG01258#2,HG01358#1,HG01952#1,HG01978#1,HG01978#2,HG02055#1,HG02109#2,HG02145#1,HG02148#1,HG02486#2,HG02559#1,HG02723#1,HG02818#1,HG03098#1,HG03098#2,HG03486#1,HG03492#1,HG03492#2,HG03516#2,HG03540#1,HG03579#2,NA20129#2,NA21309#1,NA21309#2
24797	B:52268823:52268825:<52268824	branch	ins_branch	52268823	52268825	<52268824	52268824-:A	A	0	84906702	84906702	True	indel	truth	graph	normal_absent_HPRC_other	78	11	0.141	11	0	0	0	36	32	8	2	11	11	False	HG02055#2,HG02486#2,HG02559#2,HG02622#1,HG02630#1,HG02630#2,HG02818#1,HG02886#2,HG03098#2,HG03453#1,HG03540#2
24871	B:52332306:52332308:>52332307	branch	ins_branch	52332306	52332308	>52332307	52332307+:T	T	0	88433245	88433245	False	indel	partial	graph	normal_absent_HPRC_other	88	12	0.1364	8	4	0	0	46	32	8	2	12	12	False	HG01071#2,HG01109#2,HG01175#2,HG01891#2,HG01978#1,HG02109#1,HG02630#1,HG02717#1,HG03486#1,HG03486#2,HG03516#1,NA21309#2
24934	S:52433915:52433917	skip	del_skip	52433915	52433917				1	90589964	90589965	True	indel	truth	graph	normal_absent_HPRC_other	81	47	0.5802	19	19	7	2	41	31	7	2	47		True	HG00438#1,HG00438#2,HG00621#1,HG00621#2,HG00673#2,HG00733#2,HG00735#1,HG00741#2,HG01109#2,HG01123#1,HG01175#2,HG01258#1,HG01258#2,HG01358#1,HG01358#2,HG01361#1,HG01361#2,HG01891#1,HG01928#1,HG01928#2,HG01952#1,HG01952#2,HG01978#1,HG02055#1,HG02080#1,HG02080#2,HG02145#2,HG02148#1,HG02148#2,HG02257#2,HG02486#1,HG02572#1,HG02717#1,HG02717#2,HG02818#1,HG02818#2,HG03453#1,HG03492#1,HG03492#2,HG03516#1,HG03540#1,HG03540#2,HG03579#1,NA18906#1,NA20129#1,NA21309#1,NA21309#2
25044	S:52503616:52503618	skip	del_skip	52503616	52503618				1	95000972	95000973	True	indel	truth	graph	normal_absent_HPRC_other	82	2	0.0244	1	1	0	0	42	30	8	2	2		True	HG00735#2,HG02257#2
25076	B:52526985:52526987:>52526986	branch	ins_branch	52526985	52526987	>52526986	52526986+:CA	CA	0	96186422	96186422	True	indel	truth	graph	normal_absent_HPRC_other	51	18	0.3529	11	6	0	1	19	24	6	2	19	34	False	HG00735#1,HG01106#2,HG01243#1,HG01243#2,HG01891#1,HG01891#2,HG02148#1,HG02148#2,HG02257#2,HG02622#2,HG02717#2,HG02723#1,HG02886#2,HG03453#2,HG03486#1,HG03492#2,HG03516#2,HG03579#1
25187	B:52668515:52668518:>52668517	branch	snv_branch	52668515	52668518	>52668517	52668517+:A	A	1	104285761	104285762	True	snv	truth	graph	normal_absent_HPRC_other	88	73	0.8295	44	23	6	0	46	32	8	2	73	74	True	HG00438#1,HG00438#2,HG00621#1,HG00673#1,HG00673#2,HG00733#2,HG00735#1,HG00735#2,HG00741#2,HG01071#2,HG01106#2,HG01109#1,HG01109#2,HG01175#1,HG01243#1,HG01243#2,HG01258#1,HG01258#2,HG01358#1,HG01358#2,HG01361#1,HG01891#1,HG01891#2,HG01928#1,HG01928#2,HG01952#2,HG01978#1,HG01978#2,HG02055#1,HG02055#2,HG02080#1,HG02109#1,HG02109#2,HG02145#1,HG02145#2,HG02148#1,HG02148#2,HG02257#1,HG02257#2,HG02486#1,HG02486#2,HG02559#1,HG02559#2,HG02572#1,HG02572#2,HG02622#2,HG02630#1,HG02630#2,HG02717#1,HG02717#2,HG02723#1,HG02723#2,HG02818#1,HG02818#2,HG02886#1,HG02886#2,HG03098#1,HG03098#2,HG03453#1,HG03453#2,HG03486#1,HG03486#2,HG03516#1,HG03516#2,HG03540#2,HG03579#1,HG03579#2,NA18906#1,NA18906#2,NA20129#1,NA20129#2,NA21309#1,NA21309#2
25261	B:52720797:52720800:<52720799	branch	snv_branch	52720797	52720800	<52720799	52720799-:A	A	1	107314811	107314812	True	snv	truth	graph	normal_absent_HPRC_other	88	18	0.2045	2	12	4	0	46	32	8	2	18	18	False	HG00621#2,HG00673#1,HG00673#2,HG00735#1,HG00735#2,HG01071#1,HG01106#1,HG01123#1,HG01175#2,HG01243#2,HG01258#1,HG01358#1,HG01952#1,HG01952#2,HG01978#1,HG02080#2,HG02886#1,NA20129#1
25291	B:52739536:52739538:<52739537	branch	ins_branch	52739536	52739538	<52739537	52739537-:GC	GC	0	108221803	108221803	True	indel	partial	graph_closest_primary	other_ambiguous	79	33	0.4177	17	10	6	0	38	32	8	1	42	43	True	HG00438#2,HG00621#2,HG00673#1,HG00673#2,HG00733#1,HG00741#1,HG00741#2,HG01071#1,HG01071#2,HG01106#1,HG01109#2,HG01243#2,HG01358#1,HG01952#2,HG02055#1,HG02080#1,HG02080#2,HG02109#1,HG02486#2,HG02559#1,HG02630#1,HG02630#2,HG02717#2,HG02818#1,HG02818#2,HG03098#2,HG03453#1,HG03486#1,HG03540#2,NA18906#2,NA20129#2,NA21309#1,NA21309#2
25291	B:52739541:52739544:<52739542<52739543	branch	ins_branch	52739541	52739544	<52739542<52739543	52739542-:ACAC,52739543-:AC	ACACAC	0	108221811	108221811	False	indel	partial	graph_closest_primary	other_ambiguous	79	9	0.1139	3	5	1	0	38	32	8	1	9	13	False	HG00741#1,HG00741#2,HG01106#1,HG01109#2,HG01952#2,HG02080#1,HG02818#1,NA20129#2,NA21309#1
25336	B:52771855:52771857:<52771856	branch	ins_branch	52771855	52771857	<52771856	52771856-:A	A	0	110171473	110171473	True	indel	truth	graph	normal_absent_HPRC_other	82	13	0.1585	9	3	0	1	43	30	7	2	19	19	False	HG00735#2,HG01243#1,HG01891#2,HG01978#1,HG02109#1,HG02572#1,HG02622#1,HG02723#2,HG03453#1,HG03492#1,HG03516#2,HG03540#1,HG03579#2
25617	B:52931964:52931967:>52931965	branch	ins_branch	52931964	52931967	>52931965	52931965+:GT	GT	0	119415696	119415696	True	indel	truth	graph	normal_absent_HPRC_other	70	11	0.1571	6	3	1	1	33	30	5	2	11	40	False	HG01071#1,HG01928#2,HG01952#1,HG02080#1,HG02622#2,HG02723#1,HG02723#2,HG03453#2,HG03492#2,HG03540#2,NA21309#2
25922	B:53696682:53696687:>53696683>53696686	branch	mnv_branch	53696682	53696687	>53696683>53696686	53696683+:G,53696686+:T	GT	2	138068185	138068187	True	snv	partial	graph	normal_absent_HPRC_other	77	17	0.2208	13	4	0	0	39	29	8	1	18	64	True	HG00735#1,HG01071#2,HG01106#1,HG01358#2,HG02055#1,HG02109#2,HG02145#1,HG02257#1,HG02717#2,HG02818#2,HG03098#1,HG03453#1,HG03540#2,NA18906#2,NA20129#1,NA20129#2,NA21309#2
25922	S:53696687:53696689	skip	del_skip	53696687	53696689				1	138068194	138068195	False	indel	partial	graph	normal_absent_HPRC_other	77	57	0.7403	26	22	8	1	39	29	8	1	60		True	HG00438#1,HG00438#2,HG00621#1,HG00621#2,HG00673#1,HG00673#2,HG00733#1,HG00733#2,HG00735#1,HG01071#1,HG01071#2,HG01106#1,HG01109#1,HG01123#1,HG01123#2,HG01175#2,HG01243#1,HG01258#2,HG01358#1,HG01358#2,HG01361#1,HG01891#2,HG01928#1,HG01928#2,HG01952#1,HG01978#1,HG01978#2,HG02055#1,HG02055#2,HG02080#1,HG02080#2,HG02145#1,HG02145#2,HG02148#1,HG02148#2,HG02257#1,HG02257#2,HG02486#1,HG02486#2,HG02572#1,HG02622#1,HG02630#2,HG02717#1,HG02717#2,HG02818#2,HG03098#1,HG03098#2,HG03453#1,HG03453#2,HG03492#2,HG03516#2,HG03540#2,HG03579#2,NA18906#1,NA18906#2,NA20129#1,NA21309#2
25967	S:53726004:53726006	skip	del_skip	53726004	53726006				4	139407202	139407206	True	indel	truth	graph	normal_absent_HPRC_other	73	24	0.3288	14	6	3	1	33	30	8	2	28		False	HG00438#1,HG00438#2,HG00733#1,HG00735#2,HG00741#2,HG01243#2,HG01258#1,HG01361#1,HG02055#1,HG02080#2,HG02622#1,HG02622#2,HG02630#2,HG02886#1,HG02886#2,HG03098#1,HG03098#2,HG03453#1,HG03453#2,HG03492#1,HG03516#1,HG03516#2,HG03579#2,NA20129#2
26067	B:54982084:54982087:<54982086	branch	ins_branch	54982084	54982087	<54982086	54982086-:T	T	0	773535	773535	True	indel	truth	graph	normal_absent_HPRC_other	78	6	0.0769	4	2	0	0	38	30	8	2	6	28	False	HG01175#2,HG01243#2,HG02572#1,HG03486#2,HG03516#2,NA21309#1
26194	B:55232845:55232848:>55232847	branch	snv_branch	55232845	55232848	>55232847	55232847+:T	T	1	10488162	10488163	True	snv	truth	graph	normal_absent_HPRC_other	84	10	0.119	2	6	2	0	43	31	8	2	10	10	False	HG00438#1,HG00621#2,HG01071#2,HG01109#2,HG01123#1,HG01361#1,HG01928#2,HG02148#1,HG02257#2,HG02622#2
26260	B:55456489:55456491:>55456490	branch	ins_branch	55456489	55456491	>55456490	55456490+:TG	TG	0	19876368	19876368	True	indel	truth	graph	normal_absent_HPRC_other	70	9	0.1286	2	5	2	0	37	24	7	2	9	21	False	HG00438#1,HG00621#1,HG00733#1,HG00735#2,HG01258#1,HG01358#2,HG01952#2,HG03486#1,HG03516#2
26319	B:55529953:55529956:>55529954	branch	ins_branch	55529953	55529956	>55529954	55529954+:AG	AG	0	23607026	23607026	True	indel	truth	graph	normal_absent_HPRC_other	70	15	0.2143	10	3	2	0	32	29	7	2	15	34	False	HG00673#2,HG01071#1,HG01361#1,HG01891#2,HG01978#2,HG02055#1,HG02055#2,HG02080#2,HG02486#2,HG02622#1,HG02622#2,HG02717#2,HG02886#2,HG03453#2,NA20129#2
26366	B:55574137:55574139:<55574138	branch	ins_branch	55574137	55574139	<55574138	55574138-:A	A	0	25692742	25692742	True	indel	truth	graph	normal_absent_HPRC_other	76	14	0.1842	8	5	1	0	34	32	8	2	14	16	False	HG00621#2,HG01071#1,HG01106#2,HG01109#2,HG01123#1,HG01258#1,HG02145#2,HG02486#2,HG02559#2,HG02622#1,HG02630#2,HG02723#1,HG03540#1,NA20129#1
26465	B:56864363:56864360:>56864362	branch	ins_branch	56864363	56864360	>56864362	56864362+:A	A	0	31826235	31826235	True	indel	truth	graph	normal_absent_HPRC_other	86	9	0.1047	5	4	0	0	45	31	8	2	9	40	True	HG01106#1,HG01258#2,HG01891#2,HG01928#1,HG01978#1,HG02055#2,HG02486#1,HG03516#1,HG03516#2
26515	B:56776704:56776701:>56776703>56776702	branch	ins_branch	56776704	56776701	>56776703>56776702	56776703+:T,56776702+:A	TA	0	36608417	36608417	True	indel	truth	graph	normal_absent_HPRC_other	75	22	0.2933	9	9	3	1	35	31	7	2	22	24	False	HG00438#1,HG00621#2,HG00673#1,HG01109#1,HG01109#2,HG01123#1,HG01361#1,HG01361#2,HG01891#2,HG01928#1,HG01978#1,HG02055#1,HG02148#1,HG02148#2,HG02257#2,HG02717#1,HG03098#1,HG03453#2,HG03486#1,HG03492#2,HG03516#1,NA21309#2
26557	B:56731084:56731077:<56731082<56731081<56731080<56731079<56731078	branch	ins_branch	56731084	56731077	<56731082<56731081<56731080<56731079<56731078	56731082-:A,56731081-:A,56731080-:A,56731079-:A,56731078-:A	AAAAA	0	38822777	38822777	True	indel	partial	graph	normal_absent_HPRC_other	78	11	0.141	6	5	0	0	41	30	7	0	16	27	False	HG00741#2,HG01106#1,HG01109#1,HG01123#1,HG01258#1,HG02055#1,HG02486#2,HG02886#1,HG03486#1,HG03579#1,NA20129#1
26557	S:56731043:56731040	skip	del_skip	56731043	56731040				1	38822786	38822787	True	indel	partial	graph	normal_absent_HPRC_other	78	11	0.141	10	1	0	0	41	30	7	0	11		False	HG01243#1,HG02055#2,HG02572#2,HG02630#1,HG03098#1,HG03098#2,HG03486#2,HG03516#1,HG03579#2,NA20129#2,NA21309#1
26557	B:56731040:56731038:<56731039	branch	ins_branch	56731040	56731038	<56731039	56731039-:T	T	0	38822788	38822788	True	indel	partial	graph	normal_absent_HPRC_other	78	59	0.7564	29	26	4	0	41	30	7	0	76	77	True	HG00438#1,HG00438#2,HG00621#2,HG00733#1,HG00735#1,HG00735#2,HG00741#2,HG01071#2,HG01106#1,HG01106#2,HG01109#1,HG01109#2,HG01123#1,HG01123#2,HG01175#1,HG01175#2,HG01243#2,HG01258#1,HG01258#2,HG01358#1,HG01358#2,HG01361#1,HG01891#2,HG01928#1,HG01928#2,HG01952#1,HG01952#2,HG01978#1,HG01978#2,HG02055#1,HG02080#2,HG02109#2,HG02145#1,HG02145#2,HG02148#2,HG02486#1,HG02486#2,HG02559#1,HG02559#2,HG02622#1,HG02630#1,HG02630#2,HG02717#1,HG02717#2,HG02723#1,HG02723#2,HG02818#1,HG02818#2,HG02886#1,HG03453#2,HG03486#1,HG03486#2,HG03516#1,HG03540#1,HG03540#2,HG03579#1,NA18906#2,NA20129#1,NA20129#2
26752	B:55904460:55904462:>55904461	branch	ins_branch	55904460	55904462	>55904461	55904461+:T	T	0	73836907	73836907	True	indel	truth	graph	normal_absent_HPRC_other	85	16	0.1882	9	5	1	1	43	32	8	2	16	17	True	HG00621#1,HG01109#1,HG01109#2,HG01175#2,HG01243#2,HG01258#1,HG01891#1,HG02145#1,HG02559#1,HG02622#2,HG02723#1,HG02723#2,HG02818#1,HG02886#1,HG03453#1,HG03492#1
26830	B:55976295:55976297:<55976296	branch	ins_branch	55976295	55976297	<55976296	55976296-:T	T	0	77526076	77526076	True	indel	truth	graph	normal_absent_HPRC_other	78	19	0.2436	13	6	0	0	37	32	7	2	19	27	False	HG01071#2,HG01106#2,HG01123#1,HG01175#2,HG01243#1,HG01361#2,HG01891#2,HG02145#1,HG02257#1,HG02257#2,HG02486#1,HG02486#2,HG02559#1,HG02572#1,HG02717#1,HG02717#2,HG03453#1,HG03453#2,NA18906#2
26890	S:56025569:56025571	skip	del_skip	56025569	56025571				1	80262498	80262499	True	indel	truth	graph	normal_absent_HPRC_other	88	12	0.1364	7	3	2	0	46	32	8	2	12		False	HG00621#1,HG00621#2,HG00735#1,HG01175#1,HG01361#2,HG02486#2,HG02630#2,HG03098#2,HG03453#1,HG03486#1,NA18906#1,NA20129#1
27017	S:57448947:57448949	skip	del_skip	57448947	57448949				1	89653941	89653942	True	indel	truth	graph	normal_absent_HPRC_other	78	2	0.0256	0	1	1	0	40	29	7	2	2		True	HG00621#2,HG01358#1
27112	B:56124856:56124858:<56124857	branch	ins_branch	56124856	56124858	<56124857	56124857-:T	T	0	96467527	96467527	True	indel	truth	graph	normal_absent_HPRC_other	83	8	0.0964	7	1	0	0	42	31	8	2	11	11	False	HG01952#2,HG02622#2,HG02723#2,HG02818#1,HG02818#2,HG03453#2,HG03579#1,NA20129#1
27157	B:56174417:56174419:<56174418	branch	ins_branch	56174417	56174419	<56174418	56174418-:A	A	0	99223332	99223332	True	indel	truth	graph	normal_absent_HPRC_other	75	7	0.0933	0	4	3	0	38	28	8	1	11	11	False	HG00438#1,HG00673#2,HG00741#2,HG01258#1,HG01358#2,HG01928#1,HG02080#2
27255	B:56299733:56299735:<56299734	branch	ins_branch	56299733	56299735	<56299734	56299734-:A	A	0	103329561	103329561	True	indel	truth	graph	normal_absent_HPRC_other	78	11	0.141	6	4	1	0	40	29	8	1	11	11	False	HG00733#2,HG01978#1,HG02080#2,HG02148#1,HG02148#2,HG02486#1,HG02486#2,HG02717#1,HG02723#2,HG02886#2,NA21309#1
27696	B:56676206:56676208:<56676207	branch	ins_branch	56676206	56676208	<56676207	56676207-:GATA	GATA	0	123223097	123223097	True	indel	truth	graph	normal_absent_HPRC_other	81	12	0.1481	5	4	3	0	43	28	8	2	12	13	False	HG00438#1,HG00438#2,HG00621#2,HG00741#2,HG01175#1,HG01928#1,HG01928#2,HG02559#2,HG03098#2,HG03540#1,HG03579#2,NA18906#2
27786	S:56995302:56995307	skip	del_skip	56995302	56995307				8	130221377	130221385	True	indel	partial	graph	normal_absent_HPRC_other	52	29	0.5577	12	15	1	1	23	23	5	1	41		False	HG00621#2,HG00735#2,HG00741#2,HG01109#1,HG01123#2,HG01175#1,HG01175#2,HG01243#2,HG01358#1,HG01361#1,HG01361#2,HG01928#2,HG01952#1,HG01952#2,HG01978#1,HG02148#1,HG02257#1,HG02257#2,HG02572#1,HG02622#1,HG02622#2,HG02630#1,HG02717#1,HG02886#2,HG03098#1,HG03486#1,HG03492#1,NA18906#1,NA21309#2
27786	B:56995321:56995331:>56995323	branch	replacing_branch	56995321	56995331	>56995323	56995323+:G	G	9	130221408	130221417	True	indel	partial	graph	normal_absent_HPRC_other	52	16	0.3077	9	4	3	0	23	23	5	1	17	38	True	HG00438#1,HG01071#1,HG01109#1,HG01258#2,HG02055#1,HG02080#1,HG02080#2,HG02148#2,HG02572#1,HG02572#2,HG02622#1,HG02622#2,HG03486#1,NA20129#2,NA21309#1,NA21309#2
27803	S:57036415:57036418	skip	del_skip	57036415	57036418				1	132178786	132178787	True	indel	truth	graph	normal_absent_HPRC_other	80	9	0.1125	7	1	1	0	39	31	8	2	9		False	HG00621#2,HG01106#1,HG02145#1,HG02572#2,HG02622#2,HG02818#1,HG03098#1,HG03486#2,HG03579#1
27811	B:57043449:57043455:<57043453<57043454	branch	ins_branch	57043449	57043455	<57043453<57043454	57043453-:TT,57043454-:G	TTG	0	132502277	132502277	True	indel	truth	graph	normal_absent_HPRC_other	84	13	0.1548	11	2	0	0	43	31	8	2	13	13	False	HG00735#1,HG01258#2,HG02145#1,HG02257#1,HG02572#1,HG02572#2,HG02630#1,HG02723#1,HG02818#1,HG02818#2,HG03098#1,HG03516#2,HG03579#2
27910	B:7059798:7059802:>7059799>7059800>7059801	branch	ins_branch	7059798	7059802	>7059799>7059800>7059801	7059799+:ATCT,7059800+:ATCT,7059801+:ATCT	ATCTATCTATCT	0	2235421	2235421	True	indel	truth	graph	normal_absent_HPRC_other	73	18	0.2466	14	2	2	0	37	26	8	2	18	18	False	HG00621#1,HG00673#2,HG00735#1,HG01175#2,HG02109#2,HG02145#1,HG02486#1,HG02559#1,HG02717#1,HG02886#2,HG03098#1,HG03453#2,HG03516#1,HG03516#2,HG03540#2,HG03579#1,NA18906#2,NA21309#2
27981	B:4607047:4607049:>4607048	branch	ins_branch	4607047	4607049	>4607048	4607048+:T	T	0	9450558	9450558	True	indel	truth	graph	normal_absent_HPRC_other	80	30	0.375	19	10	1	0	41	30	8	1	30	34	False	HG00438#2,HG00741#2,HG01106#1,HG01123#1,HG01175#2,HG01258#2,HG01361#1,HG01891#2,HG01928#2,HG01952#1,HG01952#2,HG02145#1,HG02145#2,HG02148#1,HG02486#1,HG02486#2,HG02559#1,HG02559#2,HG02622#1,HG02622#2,HG02723#1,HG02723#2,HG03098#1,HG03098#2,HG03516#1,HG03540#2,HG03579#1,NA18906#1,NA18906#2,NA21309#1
28014	B:4662772:4662775:>4662774	branch	snv_branch	4662772	4662775	>4662774	4662774+:G	G	1	12247137	12247138	True	snv	partial	graph_closest_primary	other_ambiguous	0	0		0	0	0	0	0	0	0	0	25	25	partial	
28050	S:4711838:4711840	skip	del_skip	4711838	4711840				1	14195430	14195431	True	indel	truth	graph	normal_absent_HPRC_other	77	12	0.1558	8	4	0	0	36	31	8	2	15		False	HG01123#1,HG01891#1,HG01928#1,HG01952#1,HG02055#2,HG02148#2,HG02559#2,HG02723#1,HG02818#2,HG02886#2,HG03540#2,HG03579#1
28168	B:4878520:4878523:<4878521<4878522	branch	ins_branch	4878520	4878523	<4878521<4878522	4878521-:C,4878522-:C	CC	0	21534306	21534306	True	indel	truth	graph	normal_absent_HPRC_other	76	10	0.1316	5	5	0	0	37	29	8	2	10	15	True	HG00733#1,HG00733#2,HG00741#2,HG01106#2,HG02145#1,HG02148#2,HG02257#1,HG02559#1,HG02622#1,HG03098#2
28183	B:4910723:4910725:<4910724	branch	ins_branch	4910723	4910725	<4910724	4910724-:AC	AC	0	23581936	23581936	True	indel	truth	graph	normal_absent_HPRC_other	72	11	0.1528	7	3	1	0	34	29	7	2	11	18	False	HG00673#1,HG00733#2,HG01123#2,HG01243#1,HG02109#2,HG02145#2,HG02559#2,HG02630#1,HG02717#1,HG02818#2,HG03486#2
28277	S:6638232:6638235	skip	del_skip	6638232	6638235				2	32152625	32152627	True	indel	truth	graph	normal_absent_HPRC_other	70	10	0.1429	8	2	0	0	37	23	8	2	10		False	HG00741#2,HG01243#1,HG02109#1,HG02145#2,HG02257#2,HG02559#1,HG02572#2,HG03516#1,NA18906#1,NA20129#1
28281	B:6644199:6644201:>6644200	branch	ins_branch	6644199	6644201	>6644200	6644200+:T	T	0	32390931	32390931	True	indel	truth	graph	normal_absent_HPRC_other	84	52	0.619	26	20	5	1	42	32	8	2	53	57	True	HG00438#1,HG00621#2,HG00673#1,HG00673#2,HG00733#1,HG00733#2,HG00735#1,HG01071#2,HG01109#2,HG01175#2,HG01243#1,HG01243#2,HG01258#2,HG01358#1,HG01358#2,HG01361#2,HG01891#1,HG01928#1,HG01928#2,HG01952#1,HG01952#2,HG01978#1,HG01978#2,HG02080#2,HG02109#1,HG02145#1,HG02145#2,HG02148#1,HG02148#2,HG02257#1,HG02257#2,HG02486#1,HG02559#1,HG02559#2,HG02572#1,HG02622#2,HG02630#2,HG02717#2,HG02886#1,HG03098#1,HG03098#2,HG03453#1,HG03453#2,HG03492#2,HG03516#1,HG03516#2,HG03540#1,HG03540#2,HG03579#1,NA18906#2,NA20129#1,NA20129#2
28293	S:6676942:6676944	skip	del_skip	6676942	6676944				2	33999175	33999177	True	indel	partial	graph	normal_absent_HPRC_other	83	53	0.6386	27	19	6	1	44	29	8	2	55		True	HG00438#2,HG00621#1,HG00673#1,HG00673#2,HG00733#1,HG00733#2,HG00735#2,HG01071#1,HG01071#2,HG01109#1,HG01109#2,HG01123#1,HG01123#2,HG01258#1,HG01258#2,HG01358#1,HG01358#2,HG01361#2,HG01891#2,HG01928#2,HG01952#1,HG01952#2,HG01978#1,HG02055#1,HG02080#1,HG02080#2,HG02109#1,HG02109#2,HG02145#1,HG02145#2,HG02148#1,HG02257#2,HG02486#2,HG02559#1,HG02559#2,HG02572#2,HG02622#2,HG02717#1,HG02717#2,HG02818#1,HG02818#2,HG03098#2,HG03453#1,HG03453#2,HG03492#1,HG03516#1,HG03579#1,HG03579#2,NA18906#2,NA20129#1,NA20129#2,NA21309#1,NA21309#2
28293	S:6676949:6676952	skip	del_skip	6676949	6676952				8	33999208	33999216	True	indel	partial	graph	normal_absent_HPRC_other	83	18	0.2169	11	6	1	0	44	29	8	2	18		False	HG00438#1,HG00733#1,HG00741#1,HG01106#1,HG01109#2,HG01123#2,HG01175#2,HG02055#1,HG02055#2,HG02109#1,HG02109#2,HG02559#1,HG02717#2,HG03098#2,HG03453#1,HG03453#2,NA18906#2,NA20129#1
28295	B:6681555:6681561:<6681557<6681558<6681560	branch	ins_branch	6681555	6681561	<6681557<6681558<6681560	6681557-:T,6681558-:A,6681560-:TATA	TATATA	0	34227854	34227854	True	indel	germline	graph	normal_absent_HPRC_other	41	1	0.0244	1	0	0	0	17	16	7	1	3	32	False	HG03486#2
28295	B:6681561:6681565:>6681563<6681564	branch	replacing_branch	6681561	6681565	>6681563<6681564	6681563+:A,6681564-:TA	ATA	1	34227855	34227856	True	indel	partial	graph	normal_absent_HPRC_other	41	6	0.1463	2	3	1	0	17	16	7	1	36	37	True	HG00673#2,HG01358#2,HG01361#2,HG01978#2,HG03486#2,NA20129#1
28295	B:6681567:6681570:>6681569	branch	snv_branch	6681567	6681570	>6681569	6681569+:T	T	1	34227859	34227860	True	snv	partial	graph	normal_absent_HPRC_other	41	8	0.1951	4	2	1	1	17	16	7	1	9	9	False	HG00438#1,HG01258#1,HG01928#2,HG02145#2,HG02818#2,HG03492#2,HG03516#1,HG03579#1
28295	B:6681572:6681577:>6681573>6681574>6681575>6681576	branch	ins_branch	6681572	6681577	>6681573>6681574>6681575>6681576	6681573+:T,6681574+:A,6681575+:T,6681576+:A	TATA	0	34227884	34227884	False	indel	partial	graph	normal_absent_HPRC_other	41	10	0.2439	3	4	2	1	17	16	7	1	32	35	True	HG00438#1,HG00673#2,HG01258#1,HG01358#2,HG01361#2,HG01928#2,HG03486#2,HG03492#2,HG03579#1,NA20129#1
28451	S:5073004:5073006	skip	del_skip	5073004	5073006				1	45139331	45139332	True	indel	truth	graph	normal_absent_HPRC_other	70	29	0.4143	2	21	5	1	34	28	7	1	35		True	HG00438#1,HG00438#2,HG00621#1,HG00673#1,HG00733#1,HG00733#2,HG00735#1,HG00735#2,HG00741#1,HG01106#2,HG01109#1,HG01123#1,HG01175#1,HG01175#2,HG01258#2,HG01358#1,HG01358#2,HG01361#2,HG01928#2,HG01952#1,HG01952#2,HG01978#1,HG01978#2,HG02080#2,HG02148#1,HG02148#2,HG02818#2,HG03492#2,NA20129#2
28503	B:5195056:5195058:<5195057	branch	ins_branch	5195056	5195058	<5195057	5195057-:T	T	0	50067496	50067496	True	indel	truth	graph	normal_present_rare	88	12	0.1364	8	4	0	0	46	32	8	2	12	12	False	HG00733#1,HG00735#1,HG01071#1,HG01358#1,HG02109#2,HG02257#1,HG02559#1,HG02572#2,HG03486#2,HG03516#1,NA18906#1,NA21309#2
28531	S:5243771:5243773	skip	del_skip	5243771	5243773				1	52423733	52423734	True	indel	truth	graph	normal_absent_HPRC_other	82	20	0.2439	13	5	2	0	42	30	8	2	20		False	HG00673#2,HG01106#2,HG01243#1,HG01258#1,HG01891#2,HG01928#1,HG01952#1,HG02080#1,HG02109#1,HG02145#2,HG02257#1,HG02257#2,HG02559#2,HG02717#1,HG02717#2,HG02818#2,HG03453#2,HG03540#2,NA18906#2,NA20129#2
28540	B:5258655:5258657:>5258656	branch	ins_branch	5258655	5258657	>5258656	5258656+:TA	TA	0	53079806	53079806	True	indel	truth	graph	normal_absent_HPRC_other	83	37	0.4458	17	13	7	0	42	31	8	2	39	43	True	HG00438#1,HG00438#2,HG00621#1,HG00621#2,HG00673#1,HG00673#2,HG00741#1,HG01071#2,HG01123#1,HG01175#1,HG01243#1,HG01258#1,HG01358#1,HG01361#1,HG01361#2,HG01891#1,HG01891#2,HG01952#2,HG01978#1,HG02055#1,HG02080#1,HG02109#2,HG02148#1,HG02148#2,HG02486#2,HG02559#1,HG02630#2,HG02717#1,HG02723#2,HG02818#1,HG02818#2,HG02886#1,HG03486#1,HG03540#1,HG03540#2,HG03579#2,NA20129#2
28556	B:5271731:5271737:>5271736	branch	ins_branch	5271731	5271737	>5271736	5271736+:T	T	0	53587899	53587899	True	indel	truth	graph	normal_absent_HPRC_other	75	16	0.2133	15	1	0	0	37	28	8	2	16	70	False	HG00735#1,HG02145#1,HG02572#2,HG02717#1,HG02717#2,HG02723#1,HG02818#2,HG02886#1,HG03098#2,HG03453#2,HG03486#2,HG03516#1,HG03516#2,NA18906#2,NA21309#1,NA21309#2
28589	S:5302535:5302542	skip	del_skip	5302535	5302542				4	54796264	54796268	True	indel	truth	graph	normal_absent_HPRC_other	56	20	0.3571	13	6	1	0	26	23	6	1	24		False	HG00673#1,HG00735#1,HG00735#2,HG01243#1,HG01358#1,HG01358#2,HG01891#2,HG01952#2,HG02257#1,HG02486#2,HG02622#1,HG02622#2,HG02630#1,HG02717#2,HG02723#2,HG02818#1,HG02886#1,HG03453#2,HG03486#1,HG03516#1
28600	B:5493317:5493314:<5493316	branch	ins_branch	5493317	5493314	<5493316	5493316-:TAA	TAA	0	55374121	55374121	True	indel	truth	graph	normal_absent_HPRC_other	87	15	0.1724	9	6	0	0	45	32	8	2	15	27	False	HG01071#1,HG01106#2,HG01123#1,HG01243#2,HG01361#1,HG01361#2,HG01891#2,HG02109#1,HG02559#1,HG02572#1,HG02630#1,HG02717#2,HG02886#2,HG03453#1,HG03486#2
28627	B:5451619:5451616:<5451618	branch	snv_branch	5451619	5451616	<5451618	5451618-:G	G	1	57260093	57260094	True	snv	truth	graph	normal_absent_HPRC_other	63	23	0.3651	12	9	2	0	31	23	7	2	37	37	False	HG00673#1,HG00673#2,HG00733#2,HG00735#1,HG01071#2,HG01106#1,HG01243#1,HG01258#1,HG01891#2,HG01928#1,HG01952#2,HG01978#2,HG02055#2,HG02109#2,HG02559#1,HG02717#1,HG02886#2,HG03486#2,HG03516#1,HG03516#2,HG03540#2,NA18906#2,NA20129#2
28711	B:5510060:5510066:>5510064>5510065	branch	replacing_branch	5510060	5510066	>5510064>5510065	5510064+:AAATA,5510065+:AAA	AAATAAAA	18	65470623	65470641	True	indel	partial	graph	normal_absent_HPRC_other	67	21	0.3134	5	13	3	0	27	30	8	2	21	43	False	HG00438#1,HG00621#2,HG00735#1,HG01106#2,HG01109#2,HG01123#1,HG01123#2,HG01258#1,HG01258#2,HG01891#2,HG01928#1,HG01928#2,HG01952#2,HG01978#2,HG02080#2,HG02148#1,HG02148#2,HG02572#1,HG02717#2,HG03453#2,NA21309#1
28711	B:5510067:5510069:>5510068	branch	ins_branch	5510067	5510069	>5510068	5510068+:ATAAA	ATAAA	0	65470665	65470665	True	indel	partial	graph	normal_absent_HPRC_other	67	25	0.3731	9	13	3	0	27	30	8	2	34	34	False	HG00438#1,HG00621#2,HG00735#1,HG01106#2,HG01109#2,HG01123#1,HG01123#2,HG01258#1,HG01258#2,HG01891#2,HG01928#1,HG01928#2,HG01952#2,HG01978#2,HG02080#2,HG02148#1,HG02148#2,HG02257#1,HG02622#2,HG02717#2,HG02723#1,HG03486#1,HG03486#2,NA20129#2,NA21309#1
28722	S:5521455:5521457	skip	del_skip	5521455	5521457				1	65999927	65999928	True	indel	truth	graph	normal_absent_HPRC_other	77	9	0.1169	2	6	1	0	36	31	8	2	9		False	HG00741#1,HG01071#1,HG01258#1,HG01258#2,HG01952#1,HG01978#2,HG02080#1,HG02717#2,HG03516#2
28724	S:5524716:5524718	skip	del_skip	5524716	5524718				1	66135906	66135907	True	indel	truth	graph	normal_absent_HPRC_other	82	22	0.2683	16	5	1	0	40	32	8	2	23		False	HG00741#2,HG01109#1,HG01109#2,HG01243#1,HG01243#2,HG01891#1,HG02080#1,HG02109#1,HG02109#2,HG02145#1,HG02257#1,HG02486#1,HG02572#2,HG02622#1,HG02630#1,HG02723#1,HG02818#1,HG03098#1,HG03453#2,HG03486#2,HG03516#2,NA18906#1
28817	B:5740641:5740646:>5740644>5740645	branch	mnv_branch	5740641	5740646	>5740644>5740645	5740644+:T,5740645+:G	TG	2	77873031	77873033	True	snv	partial	graph	normal_absent_HPRC_other	76	66	0.8684	31	28	5	2	34	32	8	2	67	83	True	HG00438#1,HG00621#2,HG00673#1,HG00673#2,HG00733#1,HG00733#2,HG00735#1,HG00735#2,HG00741#1,HG00741#2,HG01071#1,HG01071#2,HG01106#1,HG01106#2,HG01109#1,HG01109#2,HG01123#1,HG01123#2,HG01243#1,HG01243#2,HG01258#1,HG01258#2,HG01358#1,HG01358#2,HG01928#1,HG01928#2,HG01952#1,HG01952#2,HG01978#1,HG01978#2,HG02055#1,HG02055#2,HG02080#2,HG02109#1,HG02145#1,HG02148#1,HG02148#2,HG02257#1,HG02486#2,HG02559#2,HG02572#1,HG02572#2,HG02622#2,HG02630#1,HG02717#2,HG02723#1,HG02818#2,HG02886#1,HG02886#2,HG03098#1,HG03098#2,HG03453#2,HG03486#1,HG03486#2,HG03492#1,HG03492#2,HG03516#1,HG03516#2,HG03540#1,HG03540#2,HG03579#1,HG03579#2,NA18906#2,NA20129#1,NA21309#1,NA21309#2
28817	B:5740646:5740650:>5740649	branch	snv_branch	5740646	5740650	>5740649	5740649+:G	G	1	77873034	77873035	True	snv	partial	graph	normal_absent_HPRC_other	76	66	0.8684	31	28	5	2	34	32	8	2	67	83	True	HG00438#1,HG00621#2,HG00673#1,HG00673#2,HG00733#1,HG00733#2,HG00735#1,HG00735#2,HG00741#1,HG00741#2,HG01071#1,HG01071#2,HG01106#1,HG01106#2,HG01109#1,HG01109#2,HG01123#1,HG01123#2,HG01243#1,HG01243#2,HG01258#1,HG01258#2,HG01358#1,HG01358#2,HG01928#1,HG01928#2,HG01952#1,HG01952#2,HG01978#1,HG01978#2,HG02055#1,HG02055#2,HG02080#2,HG02109#1,HG02145#1,HG02148#1,HG02148#2,HG02257#1,HG02486#2,HG02559#2,HG02572#1,HG02572#2,HG02622#2,HG02630#1,HG02717#2,HG02723#1,HG02818#2,HG02886#1,HG02886#2,HG03098#1,HG03098#2,HG03453#2,HG03486#1,HG03486#2,HG03492#1,HG03492#2,HG03516#1,HG03516#2,HG03540#1,HG03540#2,HG03579#1,HG03579#2,NA18906#2,NA20129#1,NA21309#1,NA21309#2
28817	B:5740655:5740659:>5740656>5740657>5740658	branch	ins_branch	5740655	5740659	>5740656>5740657>5740658	5740656+:AC,5740657+:AC,5740658+:AC	ACACAC	0	77873040	77873040	True	indel	partial	graph	normal_absent_HPRC_other	76	8	0.1053	5	3	0	0	34	32	8	2	12	13	False	HG01175#1,HG01175#2,HG01243#2,HG02257#1,HG02717#2,HG03516#1,NA21309#1,NA21309#2
28827	B:5777398:5777400:>5777399	branch	ins_branch	5777398	5777400	>5777399	5777399+:C	C	0	79677249	79677249	True	indel	truth	graph	normal_present_broad	78	55	0.7051	34	17	4	0	44	29	4	1	63	63	False	HG00438#1,HG00438#2,HG00673#2,HG00735#2,HG01109#1,HG01123#1,HG01123#2,HG01175#1,HG01175#2,HG01243#1,HG01243#2,HG01258#1,HG01258#2,HG01361#1,HG01891#1,HG01891#2,HG01928#2,HG01952#1,HG01952#2,HG01978#1,HG01978#2,HG02055#1,HG02080#1,HG02109#1,HG02109#2,HG02145#1,HG02145#2,HG02148#2,HG02257#1,HG02486#1,HG02559#2,HG02572#1,HG02572#2,HG02622#1,HG02622#2,HG02630#1,HG02630#2,HG02717#1,HG02717#2,HG02723#2,HG02818#1,HG02886#2,HG03098#2,HG03453#2,HG03486#1,HG03516#2,HG03540#1,HG03540#2,HG03579#1,HG03579#2,NA18906#1,NA18906#2,NA20129#2,NA21309#1,NA21309#2
28830	B:5784415:5784419:>5784417>5784418	branch	replacing_branch	5784415	5784419	>5784417>5784418	5784417+:T,5784418+:AG	TAG	1	79952736	79952737	True	indel	germline	graph	normal_absent_HPRC_other	84	68	0.8095	42	21	4	1	43	31	8	2	72	73	True	HG00438#1,HG00438#2,HG00621#1,HG00733#1,HG00735#2,HG01071#1,HG01106#1,HG01106#2,HG01109#1,HG01123#1,HG01123#2,HG01175#1,HG01175#2,HG01243#1,HG01243#2,HG01258#1,HG01258#2,HG01358#1,HG01358#2,HG01361#2,HG01891#1,HG01928#1,HG01952#1,HG01978#2,HG02055#1,HG02080#1,HG02109#1,HG02109#2,HG02145#1,HG02145#2,HG02148#1,HG02257#1,HG02257#2,HG02486#2,HG02559#1,HG02559#2,HG02572#1,HG02572#2,HG02622#1,HG02622#2,HG02630#1,HG02630#2,HG02717#1,HG02717#2,HG02723#1,HG02723#2,HG02818#1,HG02818#2,HG02886#1,HG02886#2,HG03098#1,HG03098#2,HG03453#2,HG03486#1,HG03486#2,HG03492#2,HG03516#1,HG03516#2,HG03540#1,HG03540#2,HG03579#1,HG03579#2,NA18906#1,NA18906#2,NA20129#1,NA20129#2,NA21309#1,NA21309#2
28866	B:6910162:6910165:>6910164	branch	snv_branch	6910162	6910165	>6910164	6910164+:A	A	1	82917965	82917966	True	snv	partial	graph_closest_primary	other_ambiguous	41	0	0.0	0	0	0	0	21	18	1	1	10	10	False	
28866	B:6910174:6910177:<6910176	branch	snv_branch	6910174	6910177	<6910176	6910176-:G	G	1	82917973	82917974	True	snv	partial	graph_closest_primary	other_ambiguous	41	13	0.3171	5	8	0	0	21	18	1	1	14	14	False	HG00733#2,HG01123#1,HG01123#2,HG01175#1,HG01258#2,HG01358#1,HG01952#1,HG01978#1,HG02109#2,HG02559#2,HG02717#1,HG03486#2,HG03540#1
28908	B:6968325:6968327:<6968326	branch	ins_branch	6968325	6968327	<6968326	6968326-:TA	TA	0	85737646	85737646	True	indel	truth	graph	normal_absent_HPRC_other	58	10	0.1724	4	5	0	1	31	18	8	1	11	18	False	HG00733#2,HG00741#1,HG01071#2,HG01952#2,HG02148#2,HG02723#2,HG03492#2,HG03540#2,NA20129#1,NA20129#2
29053	B:5926514:5926516:<5926515	branch	ins_branch	5926514	5926516	<5926515	5926515-:T	T	0	105483311	105483311	True	indel	truth	graph	normal_absent_HPRC_other	73	20	0.274	10	9	1	0	36	28	7	2	20	23	False	HG00621#2,HG01071#2,HG01106#1,HG01106#2,HG01109#1,HG01123#2,HG01175#1,HG01258#1,HG01928#1,HG01952#2,HG02257#2,HG02559#2,HG02630#2,HG02723#1,HG02818#2,HG03453#1,HG03579#1,NA18906#1,NA18906#2,NA21309#1
29301	B:6348112:6348115:>6348113<6348114	branch	ins_branch	6348112	6348115	>6348113<6348114	6348113+:A,6348114-:A	AA	0	126719730	126719730	True	indel	truth	graph	normal_absent_HPRC_other	88	4	0.0455	4	0	0	0	46	32	8	2	4	5	True	HG02723#1,HG03453#1,HG03453#2,HG03486#2
29342	B:6415829:6415832:>6415830	branch	ins_branch	6415829	6415832	>6415830	6415830+:A	A	0	129489382	129489382	True	indel	truth	graph	normal_absent_HPRC_other	77	25	0.3247	14	7	2	2	37	31	7	2	26	46	False	HG00438#1,HG00438#2,HG00735#1,HG01071#1,HG01106#1,HG01106#2,HG01243#2,HG01978#1,HG01978#2,HG02055#1,HG02055#2,HG02145#1,HG02486#1,HG02559#1,HG02572#1,HG02622#1,HG02622#2,HG02717#1,HG02717#2,HG02886#1,HG03492#1,HG03492#2,HG03579#2,NA20129#2,NA21309#2
29389	S:6805859:6805861	skip	del_skip	6805859	6805861				3	133428931	133428934	True	indel	truth	graph	other_ambiguous	49	0	0.0	0	0	0	0	29	16	3	1	35		partial	
29397	B:7444572:7444570:>7444571	branch	ins_branch	7444572	7444570	>7444571	7444571+:T	T	0	343766	343766	True	indel	truth	graph	normal_absent_HPRC_other	79	45	0.5696	29	9	6	1	43	27	7	2	46	46	False	HG00438#1,HG00621#2,HG00673#1,HG00673#2,HG00733#1,HG00735#2,HG01106#2,HG01109#1,HG01123#1,HG01123#2,HG01175#2,HG01243#1,HG01358#1,HG01891#2,HG02055#1,HG02055#2,HG02080#1,HG02080#2,HG02109#1,HG02257#2,HG02486#1,HG02486#2,HG02559#2,HG02572#1,HG02622#1,HG02622#2,HG02630#1,HG02630#2,HG02717#2,HG02723#2,HG02818#1,HG02818#2,HG02886#1,HG03098#1,HG03098#2,HG03486#1,HG03486#2,HG03492#2,HG03516#2,HG03540#2,HG03579#1,NA18906#1,NA18906#2,NA20129#1,NA21309#1
29401	S:8133026:8133024	skip	del_skip	8133026	8133024				1	735289	735290	True	indel	truth	graph	normal_absent_HPRC_other	80	12	0.15	8	1	3	0	38	32	8	2	17		False	HG00438#2,HG00673#1,HG01243#1,HG02080#2,HG02109#2,HG02145#2,HG02257#1,HG02630#1,HG03098#2,HG03516#1,NA20129#1,NA21309#2
29461	S:7999196:7999194	skip	del_skip	7999196	7999194				1	5355772	5355773	True	indel	truth	graph	normal_absent_HPRC_other	83	43	0.5181	22	16	3	2	41	32	8	2	45		False	HG00621#1,HG00673#1,HG00735#1,HG00741#1,HG00741#2,HG01071#2,HG01109#1,HG01109#2,HG01123#2,HG01243#1,HG01243#2,HG01258#1,HG01358#1,HG01358#2,HG01361#1,HG01361#2,HG01891#1,HG01891#2,HG01928#2,HG01952#2,HG02055#1,HG02080#2,HG02109#1,HG02257#1,HG02486#1,HG02486#2,HG02559#1,HG02559#2,HG02572#1,HG02622#2,HG02630#1,HG02630#2,HG02717#2,HG02886#1,HG02886#2,HG03453#2,HG03486#1,HG03492#1,HG03492#2,HG03540#1,HG03579#1,NA18906#2,NA20129#2
29474	B:7968628:7968625:>7968627	branch	snv_branch	7968628	7968625	>7968627	7968627+:T	T	1	6578664	6578665	True	snv	germline	graph	normal_absent_HPRC_other	73	52	0.7123	20	25	5	2	37	27	7	2	60	61	True	HG00621#1,HG00621#2,HG00673#1,HG00733#1,HG00733#2,HG00735#1,HG00735#2,HG00741#1,HG00741#2,HG01106#1,HG01106#2,HG01109#1,HG01123#1,HG01123#2,HG01175#1,HG01175#2,HG01243#1,HG01243#2,HG01258#1,HG01258#2,HG01358#1,HG01358#2,HG01361#1,HG01361#2,HG01891#1,HG01928#2,HG01952#1,HG01978#1,HG02055#1,HG02055#2,HG02080#1,HG02080#2,HG02109#1,HG02148#2,HG02559#2,HG02572#2,HG02622#1,HG02622#2,HG02717#1,HG02723#1,HG02818#1,HG03098#2,HG03453#1,HG03486#2,HG03492#1,HG03492#2,HG03516#1,HG03540#2,HG03579#1,NA18906#1,NA20129#2,NA21309#1
29474	B:7968620:7968618:>7968619	branch	ins_branch	7968620	7968618	>7968619	7968619+:AG	AG	0	6578674	6578674	False	indel	partial	graph	normal_absent_HPRC_other	73	37	0.5068	12	20	4	1	37	27	7	2	45	46	True	HG00621#1,HG00621#2,HG00673#1,HG00733#1,HG00733#2,HG00735#1,HG00735#2,HG00741#2,HG01106#1,HG01123#2,HG01175#1,HG01175#2,HG01243#1,HG01243#2,HG01258#1,HG01258#2,HG01358#1,HG01358#2,HG01361#1,HG01361#2,HG01952#1,HG01978#1,HG02055#2,HG02080#1,HG02148#2,HG02572#2,HG02622#1,HG02622#2,HG02717#1,HG02818#1,HG03453#1,HG03486#2,HG03492#2,HG03516#1,HG03540#2,NA18906#1,NA20129#2
29486	S:7945011:7945009	skip	del_skip	7945011	7945009				1	7618902	7618903	True	indel	truth	graph	normal_absent_HPRC_other	81	19	0.2346	12	5	2	0	42	29	8	2	19		False	HG00673#2,HG00741#1,HG01109#2,HG01243#2,HG01928#1,HG01928#2,HG02080#1,HG02109#1,HG02559#1,HG02572#2,HG02622#2,HG02630#1,HG02630#2,HG03486#2,HG03540#1,NA18906#2,NA20129#1,NA20129#2,NA21309#1
29503	S:7928809:7928807	skip	del_skip	7928809	7928807				1	8185732	8185733	True	indel	partial	graph	normal_absent_HPRC_other	87	13	0.1494	11	2	0	0	46	31	8	2	14		True	HG01106#1,HG01106#2,HG02145#2,HG02559#2,HG02630#2,HG02818#2,HG02886#2,HG03098#1,HG03516#2,HG03540#2,NA18906#1,NA20129#2,NA21309#1
29503	S:7928807:7928805	skip	del_skip	7928807	7928805				3	8185741	8185744	True	indel	germline	graph	normal_absent_HPRC_other	87	78	0.8966	37	31	8	2	46	31	8	2	79		True	HG00438#1,HG00438#2,HG00621#1,HG00621#2,HG00673#1,HG00673#2,HG00733#1,HG00735#1,HG00735#2,HG00741#1,HG00741#2,HG01071#1,HG01071#2,HG01106#1,HG01106#2,HG01109#1,HG01109#2,HG01123#1,HG01123#2,HG01175#1,HG01175#2,HG01243#1,HG01243#2,HG01258#1,HG01258#2,HG01358#1,HG01358#2,HG01361#1,HG01361#2,HG01891#1,HG01891#2,HG01928#1,HG01928#2,HG01952#1,HG01952#2,HG01978#1,HG01978#2,HG02055#1,HG02055#2,HG02080#1,HG02080#2,HG02109#2,HG02145#1,HG02145#2,HG02148#1,HG02148#2,HG02257#1,HG02257#2,HG02486#1,HG02559#2,HG02572#1,HG02622#1,HG02622#2,HG02630#1,HG02630#2,HG02717#1,HG02717#2,HG02723#1,HG02818#1,HG02818#2,HG02886#1,HG02886#2,HG03098#1,HG03098#2,HG03453#1,HG03486#1,HG03492#1,HG03492#2,HG03516#1,HG03516#2,HG03540#2,HG03579#1,HG03579#2,NA18906#1,NA20129#1,NA20129#2,NA21309#1,NA21309#2
29562	B:7785399:7785396:>7785397	branch	ins_branch	7785399	7785396	>7785397	7785397+:TTTC	TTTC	0	15372609	15372609	True	indel	truth	graph	normal_absent_HPRC_other	43	11	0.2558	6	5	0	0	23	15	4	1	14	37	False	HG00741#1,HG00741#2,HG01123#1,HG01258#2,HG01928#2,HG02109#1,HG02257#2,HG02486#1,HG02622#2,HG02630#2,HG03540#1
29579	B:7737956:7737954:>7737955	branch	ins_branch	7737956	7737954	>7737955	7737955+:GTCA	GTCA	0	18267403	18267403	True	indel	truth	graph	normal_absent_HPRC_other	34	3	0.0882	3	0	0	0	18	13	2	1	39	39	False	HG02145#1,HG02559#1,HG02559#2
29598	S:7687838:7687836	skip	del_skip	7687838	7687836				1	20697395	20697396	True	indel	partial	graph	normal_absent_HPRC_other	78	13	0.1667	10	2	1	0	40	28	8	2	16		False	HG00438#1,HG01258#2,HG02148#1,HG02257#1,HG02486#1,HG02559#1,HG02630#1,HG02717#2,HG02723#2,HG02818#1,HG03453#1,HG03453#2,HG03540#1
29598	B:7687833:7687830:>7687832	branch	snv_branch	7687833	7687830	>7687832	7687832+:T	T	1	20697411	20697412	True	snv	partial	graph	normal_absent_HPRC_other	78	64	0.8205	33	25	4	2	40	28	8	2	70	70	False	HG00438#1,HG00621#1,HG00621#2,HG00733#1,HG00733#2,HG00735#2,HG00741#1,HG01071#1,HG01071#2,HG01106#1,HG01106#2,HG01109#1,HG01109#2,HG01123#1,HG01123#2,HG01175#1,HG01175#2,HG01243#1,HG01243#2,HG01258#1,HG01258#2,HG01358#1,HG01358#2,HG01891#1,HG01891#2,HG01952#1,HG01952#2,HG01978#1,HG02055#1,HG02080#2,HG02109#1,HG02109#2,HG02145#1,HG02145#2,HG02148#1,HG02148#2,HG02257#1,HG02257#2,HG02486#1,HG02486#2,HG02559#1,HG02572#2,HG02622#2,HG02630#1,HG02630#2,HG02717#1,HG02717#2,HG02723#2,HG02818#1,HG02818#2,HG02886#1,HG03098#1,HG03098#2,HG03453#1,HG03453#2,HG03492#1,HG03492#2,HG03516#1,HG03516#2,HG03540#1,HG03540#2,NA20129#1,NA20129#2,NA21309#2
29760	B:8217129:8217127:<8217128	branch	ins_branch	8217129	8217127	<8217128	8217128-:TA	TA	0	34360526	34360526	True	indel	partial	graph	normal_absent_HPRC_other	77	19	0.2468	7	9	3	0	38	31	7	1	20	21	True	HG00673#1,HG00673#2,HG01106#2,HG01123#2,HG01243#1,HG01258#1,HG01358#2,HG01952#1,HG01978#2,HG02080#2,HG02109#2,HG02148#1,HG02148#2,HG02723#2,HG03453#2,HG03516#1,HG03579#2,NA18906#2,NA21309#2
29760	B:8217120:8217117:>8217118	branch	snv_branch	8217120	8217117	>8217118	8217118+:C	C	1	34360567	34360568	True	snv	germline	graph	normal_absent_HPRC_other	77	17	0.2208	14	1	2	0	38	31	7	1	19	20	False	HG00438#1,HG00438#2,HG01358#2,HG02145#1,HG02145#2,HG02257#1,HG02257#2,HG02572#2,HG02622#1,HG02717#1,HG02886#2,HG03486#1,HG03540#2,HG03579#1,NA18906#1,NA20129#1,NA21309#2
29762	B:8211863:8211860:<8211862<8211861	branch	ins_branch	8211863	8211860	<8211862<8211861	8211862-:ATC,8211861-:T	ATCT	0	34618637	34618637	True	indel	truth	graph	normal_absent_HPRC_other	56	7	0.125	4	2	1	0	30	19	5	2	10	10	False	HG00673#1,HG01106#2,HG01109#1,HG02109#1,HG02818#2,NA20129#1,NA20129#2
29861	B:9953549:9953545:<9953548<9953546	branch	ins_branch	9953549	9953545	<9953548<9953546	9953548-:T,9953546-:A	TA	0	41022142	41022142	True	indel	truth	graph	normal_absent_HPRC_other	73	23	0.3151	11	8	3	1	37	28	6	2	23	29	False	HG00621#1,HG00621#2,HG00673#1,HG00735#1,HG00741#2,HG01258#1,HG01358#1,HG01358#2,HG01361#1,HG01361#2,HG02055#2,HG02109#2,HG02148#2,HG02257#1,HG02257#2,HG02717#2,HG02818#1,HG02886#1,HG02886#2,HG03492#2,HG03540#1,NA18906#1,NA20129#1
29958	S:9571294:9571292	skip	del_skip	9571294	9571292				1	49168044	49168045	True	indel	truth	graph	normal_absent_HPRC_other	69	33	0.4783	20	10	1	2	32	27	8	2	39		True	HG00621#1,HG00733#1,HG00733#2,HG01243#2,HG01358#2,HG01361#2,HG01891#2,HG01952#2,HG01978#1,HG01978#2,HG02109#1,HG02109#2,HG02145#1,HG02148#1,HG02148#2,HG02486#2,HG02572#2,HG02630#1,HG02723#2,HG02818#1,HG02818#2,HG02886#1,HG03098#1,HG03453#1,HG03486#1,HG03486#2,HG03492#1,HG03492#2,HG03540#1,HG03540#2,HG03579#1,NA18906#2,NA21309#2
29970	S:9557892:9557886	skip	del_skip	9557892	9557886				16	49884958	49884974	True	indel	partial	graph	normal_absent_HPRC_other	60	14	0.2333	9	3	2	0	31	21	7	1	21		False	HG00438#1,HG00673#2,HG00735#1,HG00735#2,HG01175#1,HG02055#1,HG02145#2,HG02257#1,HG02486#1,HG02630#1,HG03486#2,HG03579#1,NA18906#1,NA21309#1
29970	S:9557883:9557880	skip	del_skip	9557883	9557880				3	49884994	49884997	True	indel	partial	graph	normal_absent_HPRC_other	60	59	0.9833	30	21	7	1	31	21	7	1	79		True	HG00438#1,HG00438#2,HG00621#2,HG00673#1,HG00673#2,HG00733#1,HG00733#2,HG00735#1,HG00735#2,HG00741#2,HG01071#1,HG01071#2,HG01106#2,HG01109#1,HG01109#2,HG01123#1,HG01175#1,HG01243#2,HG01258#1,HG01358#1,HG01358#2,HG01361#2,HG01891#1,HG01928#1,HG01952#2,HG01978#1,HG02055#1,HG02055#2,HG02080#1,HG02080#2,HG02109#2,HG02145#2,HG02148#2,HG02257#1,HG02257#2,HG02486#1,HG02486#2,HG02559#1,HG02622#2,HG02630#1,HG02717#2,HG02723#1,HG02723#2,HG02818#2,HG02886#1,HG02886#2,HG03098#2,HG03453#1,HG03486#1,HG03486#2,HG03492#2,HG03516#1,HG03540#2,HG03579#1,NA18906#1,NA18906#2,NA20129#1,NA20129#2,NA21309#1
29970	B:9557876:9557869:<9557871	branch	replacing_branch	9557876	9557869	<9557871	9557871-:A	A	4	49885008	49885012	True	indel	partial	graph	normal_absent_HPRC_other	60	29	0.4833	12	9	7	1	31	21	7	1	34	37	False	HG00438#1,HG00438#2,HG00621#2,HG00673#1,HG00673#2,HG00735#1,HG00735#2,HG00741#2,HG01071#2,HG01106#2,HG01123#1,HG01258#1,HG01358#1,HG01891#1,HG01928#1,HG02055#2,HG02080#1,HG02080#2,HG02145#2,HG02257#1,HG02257#2,HG02630#1,HG03453#1,HG03492#2,HG03540#2,HG03579#1,NA18906#1,NA20129#1,NA21309#1
30072	S:9401506:9401504	skip	del_skip	9401506	9401504				1	59067833	59067834	True	indel	truth	graph	normal_absent_HPRC_other	83	48	0.5783	23	19	4	2	44	30	7	2	48		True	HG00438#1,HG00673#1,HG00673#2,HG00733#2,HG00735#1,HG00741#1,HG01106#1,HG01109#1,HG01109#2,HG01123#1,HG01123#2,HG01243#1,HG01243#2,HG01258#1,HG01258#2,HG01361#1,HG01361#2,HG01891#2,HG01928#1,HG01952#1,HG01978#2,HG02055#1,HG02055#2,HG02080#1,HG02109#1,HG02109#2,HG02145#1,HG02148#1,HG02148#2,HG02257#2,HG02486#2,HG02559#1,HG02559#2,HG02630#1,HG02717#2,HG02723#1,HG02723#2,HG02818#2,HG02886#1,HG03098#1,HG03492#1,HG03492#2,HG03516#1,HG03516#2,HG03540#2,NA18906#1,NA18906#2,NA21309#1
30207	B:8418484:8418486:<8418485	branch	ins_branch	8418484	8418486	<8418485	8418485-:T	T	0	78600090	78600090	True	indel	truth	graph	normal_absent_HPRC_other	76	11	0.1447	11	0	0	0	35	31	8	2	11	11	False	HG02055#1,HG02055#2,HG02145#1,HG02257#1,HG02486#1,HG02622#1,HG02818#1,HG02886#1,HG03516#1,HG03516#2,HG03579#2
30258	S:8481875:8481878	skip	del_skip	8481875	8481878				4	81818261	81818265	True	indel	partial	graph	normal_absent_HPRC_other	69	13	0.1884	10	3	0	0	29	30	8	2	14		False	HG00741#2,HG01106#2,HG02145#1,HG02148#2,HG02559#2,HG02622#2,HG02630#1,HG02717#2,HG03098#2,HG03453#1,HG03453#2,NA18906#1,NA20129#2
30258	B:8481879:8481888:>8481880<8481881<8481882>8481883>8481884<8481886<8481887	branch	ins_branch	8481879	8481888	>8481880<8481881<8481882>8481883>8481884<8481886<8481887	8481880+:TA,8481881-:T,8481882-:A,8481883+:TATA,8481884+:T,8481886-:A,8481887-:TATATATATATA	TATATATATATATATATATATA	0	81818271	81818271	True	indel	partial	graph	normal_absent_HPRC_other	69	16	0.2319	8	6	2	0	29	30	8	2	21	35	False	HG00621#1,HG00621#2,HG00735#2,HG00741#1,HG00741#2,HG01243#2,HG01358#2,HG01891#2,HG02148#2,HG02559#2,HG02622#1,HG02717#2,HG03098#2,HG03516#1,NA18906#1,NA20129#2
30372	B:8697575:8697577:>8697576	branch	ins_branch	8697575	8697577	>8697576	8697576+:T	T	0	92781075	92781075	True	indel	truth	graph	normal_absent_HPRC_other	82	37	0.4512	11	20	5	1	40	32	8	2	37	44	True	HG00438#1,HG00438#2,HG00621#1,HG00621#2,HG00673#2,HG00733#1,HG00733#2,HG00735#1,HG00735#2,HG00741#1,HG01071#1,HG01071#2,HG01106#2,HG01109#1,HG01109#2,HG01123#1,HG01123#2,HG01175#1,HG01258#2,HG01358#1,HG01358#2,HG01361#1,HG01928#1,HG01928#2,HG01978#1,HG02055#2,HG02109#1,HG02257#1,HG02257#2,HG02572#1,HG03486#1,HG03492#2,HG03516#2,HG03540#2,HG03579#1,NA18906#1,NA20129#1
30447	B:8818168:8818183:>8818169>8818170>8818172>8818174>8818175>8818176>8818177>8818178>8818179>8818180>8818181>8818182	branch	ins_branch	8818168	8818183	>8818169>8818170>8818172>8818174>8818175>8818176>8818177>8818178>8818179>8818180>8818181>8818182	8818169+:T,8818170+:G,8818172+:T,8818174+:A,8818175+:T,8818176+:A,8818177+:TA,8818178+:TA,8818179+:TATA,8818180+:T,8818181+:A,8818182+:TA	TGTATATATATATATATA	0	98882161	98882161	True	indel	partial	graph	other_ambiguous	40	12	0.3	5	6	0	1	17	20	1	2	13	25	False	HG00735#2,HG01109#1,HG01361#1,HG01952#1,HG01952#2,HG01978#2,HG02257#2,HG02572#1,HG02630#2,HG03492#2,HG03579#2,NA18906#2
30447	B:8818183:8818186:>8818185	branch	snv_branch	8818183	8818186	>8818185	8818185+:A	A	1	98882162	98882163	True	snv	partial	graph	other_ambiguous	40	21	0.525	11	9	0	1	17	20	1	2	54	54	False	HG00735#1,HG00735#2,HG01109#1,HG01243#1,HG01361#1,HG01891#1,HG01952#1,HG01952#2,HG01978#1,HG01978#2,HG02055#1,HG02145#2,HG02257#2,HG02572#1,HG02630#2,HG03453#1,HG03492#2,HG03540#2,HG03579#1,HG03579#2,NA18906#2
30447	B:8818186:8818189:>8818188	branch	snv_branch	8818186	8818189	>8818188	8818188+:A	A	1	98882164	98882165	True	snv	partial	graph	other_ambiguous	40	39	0.975	16	20	1	2	17	20	1	2	73	73	False	HG00438#2,HG00733#1,HG00733#2,HG00735#1,HG00735#2,HG00741#1,HG01071#2,HG01106#1,HG01109#1,HG01175#1,HG01175#2,HG01243#1,HG01258#1,HG01258#2,HG01361#1,HG01361#2,HG01891#1,HG01928#1,HG01952#1,HG01952#2,HG01978#1,HG01978#2,HG02055#1,HG02145#2,HG02257#2,HG02486#2,HG02559#2,HG02572#1,HG02630#2,HG02818#1,HG03453#1,HG03492#1,HG03492#2,HG03540#2,HG03579#1,HG03579#2,NA18906#2,NA20129#1,NA20129#2
30462	B:8833011:8833013:>8833012	branch	ins_branch	8833011	8833013	>8833012	8833012+:A	A	0	99515949	99515949	True	indel	truth	graph	normal_absent_HPRC_other	76	14	0.1842	6	6	2	0	39	28	7	2	14	14	False	HG00673#2,HG00733#1,HG01071#1,HG01175#1,HG01358#2,HG01952#1,HG01978#1,HG02080#2,HG02145#1,HG02559#2,HG02622#1,HG02630#2,HG03540#1,NA20129#1
30741	S:9376011:9376014	skip	del_skip	9376011	9376014				1	127691067	127691068	True	indel	truth	graph	normal_absent_HPRC_other	83	11	0.1325	9	2	0	0	42	32	7	2	11		False	HG01071#1,HG01106#1,HG02109#2,HG02257#2,HG02486#2,HG02559#1,HG02572#1,HG02723#1,HG02818#1,HG02886#1,NA18906#2
30762	B:9715380:9715390:<9715381<9715382<9715383<9715384<9715385<9715386<9715387<9715388	branch	ins_branch	9715380	9715390	<9715381<9715382<9715383<9715384<9715385<9715386<9715387<9715388	9715381-:TATA,9715382-:TATATA,9715383-:TA,9715384-:TA,9715385-:TA,9715386-:TA,9715387-:TA,9715388-:TA	TATATATATATATATATATATA	0	129769555	129769555	True	indel	truth	graph	normal_absent_HPRC_other	66	11	0.1667	5	4	1	1	30	26	8	2	11	28	False	HG00673#1,HG00733#2,HG01109#1,HG01243#2,HG01928#2,HG02818#2,HG03098#2,HG03453#1,HG03453#2,HG03492#1,HG03540#2
30763	B:9716180:9716182:>9716181	branch	ins_branch	9716180	9716182	>9716181	9716181+:GT	GT	0	129809351	129809351	True	indel	truth	graph	other_ambiguous	54	0	0.0	0	0	0	0	22	24	7	1	23	23	False	
31178	S:12052334:12052331	skip	del_skip	12052334	12052331				1	21767308	21767309	True	indel	truth	graph	normal_absent_HPRC_other	66	9	0.1364	6	3	0	0	31	27	7	1	12		False	HG01123#2,HG01258#1,HG01258#2,HG02109#1,HG02257#2,HG02622#1,HG02818#2,HG03540#2,NA21309#1
31191	B:10562644:10562642:>10562643	branch	ins_branch	10562644	10562642	>10562643	10562643+:A	A	0	22906410	22906410	True	indel	truth	graph	normal_absent_HPRC_other	88	15	0.1705	8	6	1	0	46	32	8	2	15	15	False	HG00733#1,HG00733#2,HG00741#2,HG01123#1,HG01891#2,HG01928#2,HG02055#1,HG02080#2,HG02109#2,HG02148#1,HG02630#1,HG02717#2,HG02886#1,HG03098#1,HG03486#2
31292	B:12587847:12587842:>12587845>12587844	branch	replacing_branch	12587847	12587842	>12587845>12587844	12587845+:G,12587844+:G	GG	1	32933017	32933018	True	indel	partial	graph	normal_absent_HPRC_other	76	22	0.2895	9	12	1	0	37	29	8	2	23	50	False	HG00621#2,HG00735#2,HG00741#2,HG01071#1,HG01071#2,HG01123#1,HG01175#2,HG01258#2,HG01358#1,HG01361#2,HG01891#1,HG01928#1,HG01952#1,HG01978#1,HG02559#1,HG02622#1,HG02723#2,HG03098#1,HG03486#1,HG03486#2,HG03516#2,NA18906#1
31292	S:12587833:12587830	skip	del_skip	12587833	12587830				2	32933027	32933029	True	indel	partial	graph	normal_absent_HPRC_other	76	30	0.3947	13	15	2	0	37	29	8	2	30		True	HG00621#1,HG00673#1,HG00733#1,HG00735#1,HG01071#1,HG01071#2,HG01106#2,HG01109#2,HG01123#2,HG01175#1,HG01358#1,HG01358#2,HG01361#1,HG01361#2,HG01928#1,HG01928#2,HG01952#2,HG02109#1,HG02145#2,HG02257#1,HG02486#1,HG02486#2,HG02559#2,HG02572#2,HG02717#1,HG02723#1,HG03540#2,HG03579#1,NA20129#1,NA21309#2
31701	B:10860892:10860895:>10860894	branch	snv_branch	10860892	10860895	>10860894	10860894+:T	T	1	55587857	55587858	True	snv	partial	graph	normal_absent_HPRC_other	81	41	0.5062	29	10	2	0	43	31	5	2	43	47	True	HG00438#2,HG00621#1,HG00733#1,HG00733#2,HG00735#2,HG01106#2,HG01109#1,HG01243#1,HG01258#1,HG01358#1,HG01361#1,HG01891#1,HG01928#2,HG02055#1,HG02109#1,HG02145#1,HG02145#2,HG02257#2,HG02486#1,HG02559#2,HG02572#2,HG02622#2,HG02630#1,HG02630#2,HG02717#1,HG02717#2,HG02723#2,HG02818#1,HG02818#2,HG02886#1,HG03098#1,HG03453#2,HG03486#2,HG03516#2,HG03579#1,HG03579#2,NA18906#1,NA18906#2,NA20129#1,NA21309#1,NA21309#2
31701	B:10860897:10860900:<10860898	branch	ins_branch	10860897	10860900	<10860898	10860898-:A	A	0	55587872	55587872	False	indel	partial	graph	normal_absent_HPRC_other	81	9	0.1111	7	2	0	0	43	31	5	2	9	39	False	HG01109#2,HG02055#1,HG02148#1,HG02486#2,HG03098#2,HG03453#1,HG03453#2,HG03486#2,HG03579#2
31789	B:10941573:10941575:>10941574	branch	ins_branch	10941573	10941575	>10941574	10941574+:T	T	0	60500737	60500737	True	indel	truth	graph	normal_absent_HPRC_other	82	18	0.2195	11	7	0	0	42	30	8	2	18	18	False	HG00733#2,HG00741#1,HG01123#1,HG01258#1,HG01258#2,HG01978#1,HG01978#2,HG02055#1,HG02055#2,HG02145#2,HG02572#1,HG02622#2,HG02630#2,HG03453#1,HG03486#2,HG03516#1,HG03540#1,HG03540#2
31863	B:10975379:10975383:<10975380	branch	ins_branch	10975379	10975383	<10975380	10975380-:CA	CA	0	62123792	62123792	False	indel	partial	graph	normal_absent_HPRC_other	34	13	0.3824	8	3	2	0	18	10	5	1	13	36	False	HG00673#1,HG00673#2,HG00733#1,HG01109#2,HG02145#2,HG02148#2,HG02630#2,HG03098#1,HG03098#2,HG03486#1,HG03540#1,NA20129#1,NA21309#1
32006	S:11148251:11148254	skip	del_skip	11148251	11148254				2	71794426	71794428	True	indel	truth	graph	normal_present_broad	18	9	0.5	2	7	0	0	9	9	0	0	12		False	HG00741#2,HG01071#2,HG01106#1,HG01106#2,HG01243#2,HG01258#2,HG01891#1,HG01952#2,HG03540#2
32261	B:11345068:11345070:<11345069	branch	ins_branch	11345068	11345070	<11345069	11345069-:T	T	0	82940016	82940016	True	indel	truth	graph	normal_absent_HPRC_other	85	9	0.1059	3	4	0	2	44	32	7	2	9	10	False	HG01071#1,HG01109#1,HG01175#1,HG01175#2,HG02055#2,HG02559#2,HG03486#2,HG03492#1,HG03492#2
32518	B:11586642:11586644:<11586643	branch	ins_branch	11586642	11586644	<11586643	11586643-:G	G	0	96875837	96875837	True	indel	partial	graph	normal_absent_HPRC_other	73	16	0.2192	10	4	2	0	40	24	7	2	21	23	False	HG00438#1,HG01175#2,HG01258#2,HG01952#2,HG01978#1,HG02080#1,HG02145#2,HG02622#2,HG02630#2,HG03453#1,HG03453#2,HG03486#2,HG03516#1,HG03579#1,HG03579#2,NA18906#2
32518	B:11586645:11586651:<11586647<11586649	branch	replacing_branch	11586645	11586651	<11586647<11586649	11586647-:A,11586649-:G	AG	1	96875839	96875840	True	indel	partial	graph	normal_absent_HPRC_other	73	19	0.2603	12	5	2	0	40	24	7	2	19	21	False	HG00438#1,HG01106#1,HG01175#2,HG01258#2,HG01952#2,HG01978#1,HG02055#1,HG02055#2,HG02080#1,HG02145#2,HG02622#2,HG02630#2,HG03453#1,HG03453#2,HG03486#2,HG03516#1,HG03579#1,HG03579#2,NA18906#2
33257	S:12838401:12838399	skip	del_skip	12838401	12838399				1	19891610	19891611	True	indel	truth	graph	normal_absent_HPRC_other	83	15	0.1807	7	8	0	0	43	30	8	2	16		True	HG00733#1,HG00735#2,HG01071#1,HG01106#1,HG01109#2,HG01175#1,HG01361#1,HG01928#1,HG02055#1,HG02109#1,HG02630#2,HG02886#1,HG03486#2,HG03540#1,NA21309#2
33323	B:12922607:12922609:>12922608	branch	ins_branch	12922607	12922609	>12922608	12922608+:TCTA	TCTA	0	23806762	23806762	True	indel	truth	graph	normal_absent_HPRC_other	74	21	0.2838	10	10	0	1	40	28	4	2	22	28	False	HG00741#2,HG01071#1,HG01175#1,HG01175#2,HG01358#1,HG01358#2,HG01928#1,HG01928#2,HG01978#1,HG01978#2,HG02109#1,HG02145#1,HG02572#1,HG02572#2,HG02622#1,HG02630#2,HG02818#2,HG02886#1,HG03486#2,HG03492#2,NA20129#2
33327	B:12935249:12935251:<12935250	branch	ins_branch	12935249	12935251	<12935250	12935250-:T	T	0	24285680	24285680	True	indel	truth	graph	normal_absent_HPRC_other	84	13	0.1548	8	3	0	2	42	32	8	2	13	13	False	HG01175#1,HG01258#1,HG01891#2,HG01978#2,HG02257#1,HG02486#1,HG02723#1,HG02886#2,HG03486#1,HG03486#2,HG03492#1,HG03492#2,HG03579#2
33362	S:12991220:12991223	skip	del_skip	12991220	12991223				1	26611836	26611837	True	indel	truth	graph	other_ambiguous	88	0	0.0	0	0	0	0	46	32	8	2	0		True	
33610	B:14228077:14228079:<14228078	branch	ins_branch	14228077	14228079	<14228078	14228078-:AC	AC	0	45207023	45207023	True	indel	truth	graph	normal_absent_HPRC_other	37	9	0.2432	4	5	0	0	10	21	5	1	9	25	False	HG00735#1,HG00735#2,HG01361#2,HG02148#1,HG02148#2,HG02559#1,HG02572#1,HG03516#1,NA21309#2
33655	B:14301226:14301229:<14301227	branch	ins_branch	14301226	14301229	<14301227	14301227-:A	A	0	48879175	48879175	True	indel	truth	graph	normal_absent_HPRC_other	75	14	0.1867	7	3	3	1	35	30	8	2	16	31	False	HG00438#2,HG00673#2,HG00733#1,HG00733#2,HG01358#1,HG02080#2,HG02622#1,HG02723#2,HG02886#2,HG03492#1,HG03516#2,HG03540#2,HG03579#2,NA20129#1
33776	S:14406885:14406887	skip	del_skip	14406885	14406887				2	55213860	55213862	True	indel	truth	graph	normal_absent_HPRC_other	66	21	0.3182	11	7	2	1	29	29	6	2	32		False	HG00673#1,HG00673#2,HG00735#2,HG00741#2,HG01106#2,HG01175#1,HG01243#1,HG01361#1,HG01891#2,HG01952#2,HG02055#1,HG02572#2,HG02630#1,HG02630#2,HG02723#1,HG02818#2,HG03492#1,HG03516#1,HG03516#2,HG03540#1,NA20129#2
33807	B:14424766:14424769:>14424768	branch	snv_branch	14424766	14424769	>14424768	14424768+:A	A	1	56106169	56106170	True	snv	truth	graph	normal_absent_HPRC_other	87	18	0.2069	10	6	0	2	45	32	8	2	18	19	True	HG01123#1,HG01243#1,HG01243#2,HG01361#1,HG01928#1,HG01952#2,HG02145#1,HG02486#2,HG02630#2,HG02717#2,HG02723#1,HG03453#2,HG03486#2,HG03492#1,HG03492#2,HG03579#1,NA18906#1,NA20129#1
34022	B:14487368:14487366:<14487367	branch	ins_branch	14487368	14487366	<14487367	14487367-:T	T	0	64778898	64778898	True	indel	truth	graph	normal_absent_HPRC_other	76	13	0.1711	5	8	0	0	39	29	6	2	13	16	absent	HG00733#1,HG00741#2,HG01109#1,HG01123#1,HG01258#1,HG01258#2,HG01358#2,HG01978#2,HG02630#1,HG02886#2,HG03486#1,HG03579#2,NA18906#1
34194	B:13976398:13976396:<13976397	branch	ins_branch	13976398	13976396	<13976397	13976397-:T	T	0	72435170	72435170	True	indel	truth	graph	normal_absent_HPRC_other	80	23	0.2875	15	4	4	0	44	26	8	2	23	24	False	HG00438#1,HG00438#2,HG00673#2,HG00741#2,HG01106#1,HG01123#1,HG01358#2,HG01891#1,HG02080#1,HG02109#1,HG02145#2,HG02630#1,HG02717#1,HG02723#1,HG02818#1,HG02886#2,HG03486#1,HG03486#2,HG03540#1,HG03579#2,NA18906#2,NA20129#1,NA20129#2
34197	S:13975343:13975340	skip	del_skip	13975343	13975340				1	72492661	72492662	True	indel	truth	graph	normal_absent_HPRC_other	86	11	0.1279	9	1	0	1	45	31	8	2	11		False	HG01071#1,HG01891#2,HG02109#1,HG02145#2,HG02257#1,HG02717#1,HG03492#2,HG03579#1,HG03579#2,NA21309#1,NA21309#2
34246	S:14097100:14097103	skip	del_skip	14097100	14097103				1	76194826	76194827	True	indel	truth	graph	normal_absent_HPRC_other	82	27	0.3293	9	15	3	0	41	31	8	2	27		False	HG00438#1,HG00438#2,HG00621#2,HG00733#1,HG00733#2,HG00735#2,HG00741#2,HG01071#2,HG01106#1,HG01106#2,HG01109#1,HG01109#2,HG01123#1,HG01175#1,HG01258#2,HG01358#1,HG01361#2,HG01928#1,HG02055#2,HG02486#1,HG02486#2,HG02572#1,HG02630#1,HG02717#2,HG03516#2,HG03579#1,NA21309#1
34316	B:14157104:14157106:>14157105	branch	ins_branch	14157104	14157106	>14157105	14157105+:A	A	0	79435895	79435895	True	indel	truth	graph	normal_absent_HPRC_other	88	27	0.3068	23	4	0	0	46	32	8	2	27	28	True	HG00733#2,HG01071#1,HG01243#2,HG01891#2,HG01952#2,HG02109#1,HG02145#1,HG02257#1,HG02486#1,HG02486#2,HG02559#1,HG02572#1,HG02622#1,HG02622#2,HG02723#1,HG02723#2,HG02886#2,HG03098#1,HG03098#2,HG03453#2,HG03540#1,HG03540#2,HG03579#1,HG03579#2,NA18906#2,NA20129#2,NA21309#1
34621	S:14666288:14666284	skip	del_skip	14666288	14666284				1	90211593	90211594	True	indel	truth	graph	normal_absent_HPRC_other	31	9	0.2903	6	3	0	0	18	11	2	0	9		absent	HG01071#2,HG01123#1,HG01175#1,HG02055#2,HG02257#1,HG02723#2,HG02886#1,HG03540#1,NA18906#1
34772	S:14596406:14596403	skip	del_skip	14596406	14596403				1	93828004	93828005	True	indel	truth	graph	normal_absent_HPRC_other	88	6	0.0682	4	2	0	0	46	32	8	2	6		True	HG00735#2,HG01891#1,HG01928#1,HG02055#2,HG03453#2,HG03540#1
35141	B:13774886:13774883:>13774884	branch	ins_branch	13774886	13774883	>13774884	13774884+:T	T	0	113567354	113567354	True	indel	truth	graph	normal_absent_HPRC_other	88	11	0.125	8	3	0	0	46	32	8	2	11	20	False	HG01109#2,HG01175#2,HG01978#1,HG02559#1,HG02630#2,HG02717#2,HG02818#2,HG03098#1,HG03486#1,HG03516#2,NA18906#2
35165	B:14790932:14790935:>14790934	branch	snv_branch	14790932	14790935	>14790934	14790934+:A	A	1	19234462	19234463	True	snv	truth	graph	normal_present_rare	80	10	0.125	3	7	0	0	40	30	8	2	10	10	False	HG00733#1,HG00735#2,HG00741#1,HG01106#2,HG01109#1,HG01175#1,HG01175#2,HG02145#1,HG02559#1,HG02818#1
35166	S:14795918:14795920	skip	del_skip	14795918	14795920				1	19277905	19277906	True	indel	truth	graph	normal_present_broad	80	16	0.2	8	8	0	0	40	30	8	2	16		False	HG00733#1,HG00735#2,HG01071#1,HG01106#2,HG01175#1,HG01243#1,HG01258#1,HG01361#1,HG01891#1,HG02109#1,HG02622#1,HG02622#2,HG02717#1,HG03516#2,HG03540#1,NA21309#2
35292	B:15080285:15080282:<15080284	branch	snv_branch	15080285	15080282	<15080284	15080284-:A	A	1	27531411	27531412	True	snv	truth	graph	normal_absent_HPRC_other	82	7	0.0854	6	1	0	0	41	31	8	2	11	11	False	HG01243#2,HG02055#1,HG02145#2,HG02257#1,HG03098#2,HG03453#2,NA20129#1
35336	S:15049861:15049859	skip	del_skip	15049861	15049859				1	29264143	29264144	True	indel	truth	graph	normal_absent_HPRC_other	88	14	0.1591	12	0	1	1	46	32	8	2	14		False	HG00621#1,HG01891#2,HG02109#1,HG02257#2,HG02486#1,HG02559#1,HG02630#2,HG02717#2,HG02818#2,HG03453#1,HG03453#2,HG03486#1,HG03492#1,HG03516#2
35471	B:15899590:15899586:>15899587	branch	ins_branch	15899590	15899586	>15899587	15899587+:AC	AC	0	40795258	40795258	True	indel	truth	graph	normal_absent_HPRC_other	62	13	0.2097	6	4	2	1	30	23	7	2	13	50	True	HG00673#1,HG00673#2,HG00735#2,HG00741#1,HG01071#1,HG01361#1,HG02055#1,HG02055#2,HG02572#2,HG02630#2,HG03453#1,HG03492#1,NA18906#1
35518	S:15333927:15333925	skip	del_skip	15333927	15333925				1	44130833	44130834	True	indel	truth	graph	normal_absent_HPRC_other	83	10	0.1205	3	5	2	0	42	31	8	2	10		False	HG00621#1,HG00621#2,HG01071#1,HG01243#2,HG01258#1,HG01358#2,HG01978#2,HG02257#2,HG02622#2,HG03486#2
35691	B:16379442:16379449:>16379446<16379447	branch	replacing_branch	16379442	16379449	>16379446<16379447	16379446+:G,16379447-:G	GG	3	62818106	62818109	True	indel	truth	graph	normal_absent_HPRC_other	49	3	0.0612	1	2	0	0	20	26	3	0	10	44	False	HG01123#1,HG01952#1,NA18906#1
35705	B:16412853:16412855:<16412854	branch	ins_branch	16412853	16412855	<16412854	16412854-:GT	GT	0	64709766	64709766	True	indel	truth	graph	normal_absent_HPRC_other	80	14	0.175	10	3	0	1	40	30	8	2	14	18	False	HG01175#1,HG01243#1,HG01928#2,HG02109#2,HG02559#1,HG02559#2,HG02723#1,HG02723#2,HG03492#1,HG03516#2,HG03540#1,HG03579#2,NA20129#1,NA21309#1
35716	S:16439296:16439299	skip	del_skip	16439296	16439299				4	66209367	66209371	True	indel	partial	graph	normal_absent_HPRC_other	81	28	0.3457	17	10	1	0	39	32	8	2	29		False	HG00735#2,HG00741#1,HG01071#2,HG01123#1,HG01123#2,HG01175#1,HG01358#2,HG01891#1,HG01928#1,HG01952#1,HG02080#1,HG02109#2,HG02145#2,HG02148#2,HG02486#1,HG02486#2,HG02572#1,HG02572#2,HG02630#2,HG02717#2,HG02723#1,HG02723#2,HG02818#1,HG02818#2,HG02886#2,HG03540#2,HG03579#1,HG03579#2
35716	B:16439301:16439304:<16439302<16439303	branch	ins_branch	16439301	16439304	<16439302<16439303	16439302-:A,16439303-:CACAC	ACACAC	0	66209409	66209409	True	indel	partial	graph	normal_absent_HPRC_other	81	23	0.284	21	1	1	0	39	32	8	2	24	25	True	HG00673#1,HG01123#2,HG01891#1,HG01891#2,HG02055#1,HG02109#2,HG02145#2,HG02257#1,HG02257#2,HG02486#1,HG02486#2,HG02559#1,HG02572#1,HG02572#2,HG02630#2,HG02717#2,HG02818#1,HG02886#2,HG03516#2,HG03540#2,HG03579#1,HG03579#2,NA18906#1
35771	S:16550916:16550919	skip	del_skip	16550916	16550919				2	72782227	72782229	True	indel	truth	graph	normal_absent_HPRC_other	84	14	0.1667	12	2	0	0	42	32	8	2	14		False	HG01109#2,HG01243#2,HG02109#2,HG02486#1,HG02559#1,HG02630#1,HG02717#1,HG02723#1,HG02886#1,HG02886#2,HG03098#1,HG03453#2,HG03579#1,NA18906#1
35944	B:15754335:15754346:<15754336<15754337<15754338<15754339<15754340>15754341>15754342>15754343>15754344<15754345	branch	ins_branch	15754335	15754346	<15754336<15754337<15754338<15754339<15754340>15754341>15754342>15754343>15754344<15754345	15754336-:TA,15754337-:TA,15754338-:TATA,15754339-:TA,15754340-:TA,15754341+:TA,15754342+:TA,15754343+:TA,15754344+:TA,15754345-:TA	TATATATATATATATATATATA	0	87285306	87285306	True	indel	truth	graph	normal_present_rare	48	9	0.1875	7	2	0	0	23	17	7	1	9	12	True	HG01175#1,HG01243#1,HG02145#1,HG02723#2,HG02818#1,HG03098#2,HG03540#1,NA18906#2,NA20129#2
35968	B:15787796:15787798:>15787797	branch	ins_branch	15787796	15787798	>15787797	15787797+:A	A	0	89047258	89047258	True	indel	truth	graph	normal_absent_HPRC_other	58	6	0.1034	1	3	2	0	21	30	6	1	12	14	False	HG00621#1,HG00673#2,HG01109#1,HG01109#2,HG01123#2,NA21309#1
35971	B:15789625:15789629:>15789628	branch	replacing_branch	15789625	15789629	>15789628	15789628+:T	T	8	89130650	89130658	True	indel	partial	graph_closest_primary	other_ambiguous	65	33	0.5077	13	16	2	2	30	28	5	2	42	42	False	HG00673#1,HG00673#2,HG00733#1,HG00733#2,HG00735#1,HG00741#1,HG01071#2,HG01109#1,HG01123#2,HG01175#1,HG01175#2,HG01243#2,HG01258#1,HG01258#2,HG01358#1,HG01361#1,HG01891#2,HG01978#2,HG02109#1,HG02148#1,HG02486#2,HG02559#2,HG02622#2,HG02723#2,HG02818#1,HG03453#1,HG03492#1,HG03492#2,HG03579#1,HG03579#2,NA18906#2,NA20129#2,NA21309#1
36041	B:16062776:16062779:<16062777<16062778	branch	ins_branch	16062776	16062779	<16062777<16062778	16062777-:TA,16062778-:TA	TATA	0	97257210	97257210	True	indel	truth	graph	normal_absent_HPRC_other	58	1	0.0172	0	1	0	0	25	24	7	2	1	10	True	HG01952#1
36063	S:16079395:16079399	skip	del_skip	16079395	16079399				3	98091885	98091888	True	indel	truth	graph	normal_absent_HPRC_other	81	13	0.1605	0	9	4	0	41	31	7	2	13		False	HG00438#1,HG00438#2,HG00621#1,HG00621#2,HG00733#1,HG01071#1,HG01071#2,HG01928#1,HG01928#2,HG01952#2,HG01978#1,HG01978#2,HG02148#2
36076	S:16090515:16090519	skip	del_skip	16090515	16090519				2	98595989	98595991	True	indel	truth	graph	normal_absent_HPRC_other	88	13	0.1477	6	7	0	0	46	32	8	2	13		False	HG01106#1,HG01243#1,HG01258#1,HG01358#1,HG01361#2,HG01928#1,HG01952#1,HG02145#2,HG02486#2,HG02572#1,HG02818#2,HG03098#1,HG03486#2
36097	S:16120592:16120594	skip	del_skip	16120592	16120594				1	100006009	100006010	True	indel	truth	graph	normal_absent_HPRC_other	62	53	0.8548	23	23	5	2	26	27	7	2	55		True	HG00438#1,HG00438#2,HG00673#1,HG00673#2,HG00735#1,HG00735#2,HG00741#1,HG00741#2,HG01071#1,HG01071#2,HG01106#1,HG01106#2,HG01109#1,HG01123#1,HG01123#2,HG01175#1,HG01175#2,HG01243#1,HG01243#2,HG01258#2,HG01358#1,HG01361#1,HG01361#2,HG01891#1,HG01928#1,HG01928#2,HG01952#2,HG01978#1,HG02055#1,HG02080#1,HG02109#1,HG02109#2,HG02145#2,HG02257#2,HG02486#2,HG02559#2,HG02622#1,HG02630#1,HG02717#1,HG02717#2,HG02723#1,HG02723#2,HG02818#1,HG02818#2,HG02886#1,HG02886#2,HG03098#1,HG03453#2,HG03492#1,HG03492#2,HG03540#2,NA18906#1,NA21309#1
36174	B:16320118:16320120:<16320119	branch	ins_branch	16320118	16320120	<16320119	16320119-:TGTC	TGTC	0	106595436	106595436	True	indel	truth	graph	normal_present_broad	81	52	0.642	19	23	8	2	39	32	8	2	59	60	True	HG00438#1,HG00438#2,HG00621#1,HG00621#2,HG00673#1,HG00673#2,HG00733#1,HG00733#2,HG00735#2,HG00741#1,HG00741#2,HG01071#1,HG01106#1,HG01109#1,HG01123#1,HG01175#2,HG01243#1,HG01243#2,HG01258#1,HG01358#1,HG01361#1,HG01361#2,HG01928#1,HG01952#1,HG01952#2,HG01978#1,HG01978#2,HG02055#1,HG02080#1,HG02080#2,HG02109#1,HG02109#2,HG02145#1,HG02148#1,HG02148#2,HG02257#1,HG02559#2,HG02572#1,HG02622#1,HG02622#2,HG02630#1,HG02630#2,HG02723#1,HG02818#2,HG02886#2,HG03098#1,HG03486#2,HG03492#1,HG03492#2,HG03516#2,HG03540#1,NA20129#2
36311	S:16993021:16993023	skip	del_skip	16993021	16993023				5	28321786	28321791	True	indel	truth	graph	normal_absent_HPRC_other	88	29	0.3295	23	3	2	1	46	32	8	2	29		False	HG00438#2,HG00673#1,HG00733#1,HG01071#2,HG01106#1,HG01891#1,HG02055#1,HG02055#2,HG02145#1,HG02145#2,HG02257#2,HG02559#2,HG02622#1,HG02630#1,HG02630#2,HG02717#1,HG02717#2,HG02723#1,HG02818#1,HG02886#2,HG03098#1,HG03098#2,HG03453#1,HG03492#2,HG03516#2,HG03540#1,HG03579#1,HG03579#2,NA18906#2
36325	B:18160515:18160517:<18160516	branch	ins_branch	18160515	18160517	<18160516	18160516-:A	A	0	30148353	30148353	True	indel	truth	graph	normal_present_broad	66	30	0.4545	26	3	0	1	37	21	6	2	30	30	False	HG00735#2,HG01109#2,HG01243#1,HG02055#1,HG02055#2,HG02109#1,HG02145#1,HG02486#1,HG02559#2,HG02572#1,HG02572#2,HG02622#1,HG02622#2,HG02630#2,HG02717#1,HG02723#1,HG02818#2,HG02886#2,HG03098#2,HG03453#1,HG03453#2,HG03492#2,HG03516#2,HG03540#1,HG03540#2,HG03579#1,HG03579#2,NA18906#2,NA20129#1,NA20129#2
36338	S:18090028:18090031	skip	del_skip	18090028	18090031				2	32174865	32174867	True	indel	truth	graph	normal_present_broad	64	29	0.4531	15	9	3	2	36	20	6	2	30		False	HG00673#1,HG00733#1,HG00735#2,HG01071#1,HG01106#1,HG01123#2,HG01175#1,HG01175#2,HG01243#1,HG01258#2,HG01891#2,HG02055#1,HG02080#1,HG02080#2,HG02109#1,HG02109#2,HG02486#2,HG02559#1,HG02572#2,HG02717#2,HG03486#1,HG03486#2,HG03492#1,HG03492#2,HG03540#1,HG03579#1,NA20129#1,NA21309#1,NA21309#2
36369	S:17095237:17095240	skip	del_skip	17095237	17095240				4	37101319	37101323	True	indel	truth	graph	normal_absent_HPRC_other	62	18	0.2903	11	6	0	1	29	26	5	2	21		False	HG01109#2,HG01123#1,HG01361#2,HG01928#2,HG01952#1,HG01952#2,HG02055#1,HG02559#2,HG02572#1,HG02572#2,HG02622#1,HG02622#2,HG02630#2,HG03492#2,HG03579#2,NA20129#1,NA20129#2,NA21309#1
36457	B:17796997:17796995:<17796996	branch	ins_branch	17796997	17796995	<17796996	17796996-:TC	TC	0	51223582	51223582	True	indel	partial	graph_closest_primary	other_ambiguous	51	10	0.1961	7	2	0	1	26	20	3	2	24	24	False	HG01106#2,HG01243#1,HG02145#1,HG02559#1,HG02630#1,HG02818#1,HG03492#2,HG03516#1,HG03579#2,NA21309#1
36512	S:17673837:17673831	skip	del_skip	17673837	17673831				13	57170631	57170644	True	indel	truth	graph	normal_present_broad	63	32	0.5079	22	6	3	1	33	23	6	1	43		False	HG00438#1,HG00438#2,HG01071#1,HG01106#1,HG01123#2,HG01358#1,HG01358#2,HG01891#2,HG01978#2,HG02055#2,HG02080#2,HG02109#2,HG02145#1,HG02145#2,HG02559#1,HG02572#1,HG02622#1,HG02630#2,HG02717#2,HG02818#1,HG03098#1,HG03453#1,HG03453#2,HG03486#2,HG03492#2,HG03516#1,HG03516#2,HG03540#1,HG03579#1,NA18906#1,NA18906#2,NA21309#1
36536	B:17591002:17590999:<17591001	branch	snv_branch	17591002	17590999	<17591001	17591001-:T	T	1	61077171	61077172	True	snv	truth	graph	normal_absent_HPRC_other	88	46	0.5227	21	18	5	2	46	32	8	2	46	46	False	HG00438#1,HG00621#1,HG00621#2,HG00673#1,HG00735#1,HG00741#1,HG00741#2,HG01071#2,HG01109#1,HG01109#2,HG01123#2,HG01175#1,HG01243#1,HG01243#2,HG01258#1,HG01358#2,HG01361#1,HG01361#2,HG01928#1,HG01928#2,HG01978#1,HG02055#1,HG02055#2,HG02080#1,HG02109#1,HG02145#1,HG02148#2,HG02257#1,HG02486#1,HG02486#2,HG02559#1,HG02572#2,HG02622#1,HG02630#2,HG02717#1,HG02818#2,HG02886#1,HG02886#2,HG03453#2,HG03492#1,HG03492#2,HG03516#2,HG03540#1,HG03540#2,NA20129#2,NA21309#1
36643	S:16654637:16654639	skip	del_skip	16654637	16654639				1	78612586	78612587	True	indel	truth	graph	normal_present_broad	84	41	0.4881	27	7	6	1	44	31	7	2	42		False	HG00438#1,HG00438#2,HG00621#1,HG00621#2,HG00673#1,HG00733#1,HG00741#1,HG01106#1,HG01109#2,HG01243#2,HG01258#2,HG01358#1,HG01891#2,HG02055#2,HG02080#2,HG02109#1,HG02145#1,HG02257#1,HG02257#2,HG02486#1,HG02559#1,HG02572#2,HG02622#2,HG02630#1,HG02717#1,HG02723#1,HG02886#1,HG02886#2,HG03098#1,HG03453#1,HG03486#1,HG03492#2,HG03516#1,HG03516#2,HG03540#1,HG03540#2,HG03579#1,NA18906#2,NA20129#1,NA20129#2,NA21309#1
36839	B:18205560:18205563:<18205562	branch	snv_branch	18205560	18205563	<18205562	18205562-:T	T	1	92709052	92709053	True	snv	truth	graph	normal_absent_HPRC_other	87	16	0.1839	5	10	1	0	45	32	8	2	16	16	False	HG00735#2,HG01071#1,HG01106#1,HG01243#1,HG01258#2,HG01358#2,HG01361#1,HG01928#2,HG01978#2,HG02080#1,HG02145#1,HG02148#1,HG02257#2,HG02559#1,HG02559#2,HG02630#2
36872	S:18229882:18229884	skip	del_skip	18229882	18229884				1	93641538	93641539	True	indel	truth	graph	normal_absent_HPRC_other	86	35	0.407	23	8	3	1	44	32	8	2	35		False	HG00438#1,HG00673#2,HG00735#1,HG01106#1,HG01109#1,HG01358#1,HG01361#1,HG01891#1,HG01928#2,HG01978#2,HG02055#1,HG02080#2,HG02109#2,HG02145#2,HG02148#1,HG02257#2,HG02559#1,HG02572#1,HG02572#2,HG02630#2,HG02717#2,HG02723#1,HG02818#2,HG03098#1,HG03486#2,HG03492#1,HG03516#1,HG03516#2,HG03540#2,HG03579#1,HG03579#2,NA18906#1,NA20129#1,NA20129#2,NA21309#2
36875	B:18232054:18232057:>18232056	branch	snv_branch	18232054	18232057	>18232056	18232056+:C	C	1	93725123	93725124	True	snv	germline	graph	normal_absent_HPRC_other	50	47	0.94	21	21	5	0	23	22	5	0	69	70	True	HG00438#1,HG00438#2,HG00673#1,HG00673#2,HG00735#1,HG01071#1,HG01071#2,HG01106#1,HG01106#2,HG01109#1,HG01123#1,HG01175#1,HG01175#2,HG01243#2,HG01258#1,HG01358#1,HG01361#1,HG01361#2,HG01891#2,HG01928#1,HG01928#2,HG01952#1,HG01952#2,HG01978#1,HG01978#2,HG02055#1,HG02080#1,HG02109#1,HG02109#2,HG02148#1,HG02486#1,HG02486#2,HG02559#1,HG02559#2,HG02622#2,HG02630#1,HG02630#2,HG02717#1,HG02723#2,HG03098#1,HG03098#2,HG03486#1,HG03540#1,NA18906#2,NA20129#1,NA21309#1,NA21309#2
36875	B:18232071:18232079:<18232072	branch	ins_branch	18232071	18232079	<18232072	18232072-:TG	TG	0	93725140	93725140	False	indel	partial	graph	normal_absent_HPRC_other	50	12	0.24	4	6	2	0	23	22	5	0	12	29	False	HG00673#1,HG01106#1,HG01106#2,HG01109#1,HG01243#2,HG01978#2,HG02080#1,HG02148#1,HG02559#1,HG02559#2,HG02717#1,NA21309#1
37001	S:18344301:18344306	skip	del_skip	18344301	18344306				2	98971194	98971196	True	indel	partial	graph	normal_absent_HPRC_other	73	34	0.4658	14	15	5	0	33	30	8	2	35		False	HG00438#1,HG00438#2,HG00621#1,HG00673#2,HG00733#1,HG00733#2,HG00735#1,HG00741#2,HG01123#1,HG01123#2,HG01361#1,HG01361#2,HG01891#2,HG01928#1,HG01928#2,HG01952#1,HG01952#2,HG01978#1,HG02080#1,HG02109#1,HG02109#2,HG02148#1,HG02148#2,HG02559#2,HG02622#2,HG02630#2,HG02717#1,HG02717#2,HG02886#1,HG03486#2,HG03516#1,NA18906#2,NA20129#2,NA21309#2
37001	S:18344313:18344318	skip	del_skip	18344313	18344318				5	98971206	98971211	True	indel	partial	graph	normal_absent_HPRC_other	73	40	0.5479	22	15	2	1	33	30	8	2	46		True	HG00438#1,HG00621#2,HG00735#1,HG00735#2,HG00741#1,HG00741#2,HG01106#2,HG01123#1,HG01175#1,HG01175#2,HG01243#2,HG01258#1,HG01258#2,HG01358#1,HG01358#2,HG01891#1,HG01891#2,HG01928#1,HG01928#2,HG02109#1,HG02109#2,HG02145#2,HG02257#1,HG02486#2,HG02559#1,HG02559#2,HG02572#1,HG02622#1,HG02717#1,HG02723#1,HG02818#1,HG03098#1,HG03453#2,HG03486#2,HG03492#2,HG03516#2,HG03540#2,NA18906#1,NA18906#2,NA21309#2
37157	B:18514224:18514221:<18514223	branch	snv_branch	18514224	18514221	<18514223	18514223-:T	T	1	7191046	7191047	True	snv	truth	graph	normal_absent_HPRC_other	81	13	0.1605	13	0	0	0	42	29	8	2	13	13	False	HG02109#1,HG02572#2,HG02622#2,HG02630#2,HG02717#2,HG03098#1,HG03453#2,HG03516#1,HG03516#2,HG03540#1,HG03540#2,HG03579#1,NA20129#1
37186	S:18489448:18489446	skip	del_skip	18489448	18489446				1	7939000	7939001	True	indel	truth	graph	normal_absent_HPRC_other	83	27	0.3253	18	5	4	0	41	32	8	2	27		False	HG00438#1,HG00438#2,HG00621#2,HG00733#1,HG00741#1,HG01109#1,HG01175#2,HG01361#1,HG01891#1,HG01891#2,HG02080#1,HG02109#1,HG02257#1,HG02486#1,HG02572#1,HG02572#2,HG02630#1,HG02717#1,HG02717#2,HG02723#1,HG02723#2,HG03098#1,HG03453#2,HG03516#2,HG03540#1,HG03579#2,NA18906#1
37240	S:18638837:18638834	skip	del_skip	18638837	18638834				2	9840813	9840815	True	indel	partial	graph	normal_absent_HPRC_other	81	9	0.1111	8	1	0	0	42	30	7	2	9		False	HG01243#1,HG02109#2,HG02630#2,HG02723#1,HG02818#1,HG02818#2,HG03486#2,HG03579#1,NA18906#1
37240	S:18638832:18638830	skip	del_skip	18638832	18638830				1	9840833	9840834	True	indel	partial	graph	normal_absent_HPRC_other	81	45	0.5556	32	11	1	1	42	30	7	2	46		False	HG00438#2,HG00735#2,HG00741#1,HG01071#2,HG01106#1,HG01109#2,HG01175#2,HG01243#1,HG01358#1,HG01361#1,HG01361#2,HG01891#2,HG01978#1,HG02055#1,HG02055#2,HG02109#1,HG02109#2,HG02145#2,HG02257#1,HG02486#2,HG02622#1,HG02622#2,HG02630#1,HG02630#2,HG02723#1,HG02723#2,HG02818#1,HG02818#2,HG02886#2,HG03098#1,HG03098#2,HG03453#1,HG03453#2,HG03486#1,HG03486#2,HG03492#2,HG03516#2,HG03540#1,HG03540#2,HG03579#1,HG03579#2,NA18906#1,NA20129#1,NA21309#1,NA21309#2
37265	S:18669405:18669409	skip	del_skip	18669405	18669409				1	10709676	10709677	True	indel	truth	graph	normal_absent_HPRC_other	78	12	0.1538	6	4	2	0	41	28	7	2	12		False	HG00673#1,HG00733#1,HG00733#2,HG01175#1,HG01891#2,HG02080#1,HG02145#1,HG02148#1,HG02559#1,HG02572#1,NA18906#1,NA21309#1
37389	B:18800853:18800850:>18800852	branch	snv_branch	18800853	18800850	>18800852	18800852+:A	A	1	17631636	17631637	True	snv	partial	graph	normal_absent_HPRC_other	23	19	0.8261	3	14	2	0	3	16	3	1	51	52	True	HG00438#2,HG00733#2,HG00735#1,HG00741#1,HG01071#1,HG01071#2,HG01106#2,HG01109#1,HG01123#2,HG01358#2,HG01928#1,HG01928#2,HG01952#2,HG01978#1,HG01978#2,HG02080#1,HG02486#1,HG02717#2,HG02886#2
37389	B:18800850:18800847:>18800848	branch	ins_branch	18800850	18800847	>18800848	18800848+:T	T	0	17631638	17631638	True	indel	partial	graph	normal_absent_HPRC_other	23	12	0.5217	1	9	1	1	3	16	3	1	42	42	False	HG00438#2,HG00733#2,HG00735#1,HG00741#1,HG01071#1,HG01106#2,HG01358#2,HG01928#1,HG01928#2,HG01978#2,HG02486#1,HG03492#1
37542	B:20174216:20174213:<20174215	branch	snv_branch	20174216	20174213	<20174215	20174215-:A	A	1	25713373	25713374	True	snv	truth	graph	normal_absent_HPRC_other	82	4	0.0488	4	0	0	0	41	31	8	2	4	4	False	HG02145#1,HG02145#2,HG02257#1,HG02886#2
37582	S:20158903:20158900	skip	del_skip	20158903	20158900				1	26444015	26444016	True	indel	truth	graph	normal_absent_HPRC_other	83	9	0.1084	5	3	1	0	45	28	8	2	9		False	HG00673#2,HG01109#2,HG01928#1,HG01928#2,HG02055#1,HG02630#1,HG02717#2,HG03516#1,HG03540#2
37619	B:20349555:20349558:<20349557	branch	ins_branch	20349555	20349558	<20349557	20349557-:T	T	0	27417163	27417163	True	indel	truth	graph	normal_absent_HPRC_other	84	42	0.5	23	11	6	2	43	31	8	2	42	61	False	HG00438#1,HG00438#2,HG00621#1,HG00621#2,HG00673#2,HG00733#1,HG01071#1,HG01106#2,HG01109#1,HG01175#1,HG01175#2,HG01358#1,HG01891#1,HG01891#2,HG01928#1,HG01952#1,HG02080#1,HG02109#2,HG02145#1,HG02148#1,HG02148#2,HG02257#1,HG02257#2,HG02572#1,HG02572#2,HG02717#2,HG02818#1,HG02818#2,HG03098#2,HG03453#1,HG03453#2,HG03486#1,HG03486#2,HG03492#1,HG03492#2,HG03516#1,HG03516#2,HG03540#1,HG03579#1,HG03579#2,NA18906#2,NA20129#2
37630	B:20242444:20242447:<20242446	branch	snv_branch	20242444	20242447	<20242446	20242446-:A	A	1	28481453	28481454	True	snv	partial	graph	normal_absent_HPRC_other	36	13	0.3611	3	5	4	1	15	13	7	1	19	19	absent	HG00438#1,HG00438#2,HG00621#1,HG00673#1,HG00735#2,HG00741#1,HG01106#1,HG01175#1,HG01258#1,HG02109#1,HG02818#1,HG03492#1,HG03516#2
37630	B:20242447:20242450:<20242449	branch	snv_branch	20242447	20242450	<20242449	20242449-:G	G	1	28481455	28481456	True	snv	partial	graph	normal_absent_HPRC_other	36	13	0.3611	3	5	4	1	15	13	7	1	16	16	absent	HG00438#1,HG00438#2,HG00621#1,HG00673#1,HG00735#2,HG00741#1,HG01106#1,HG01175#1,HG01258#1,HG02109#1,HG02818#1,HG03492#1,HG03516#2
37630	B:20242452:20242454:<20242453	branch	ins_branch	20242452	20242454	<20242453	20242453-:AC	AC	0	28481471	28481471	False	indel	partial	graph	normal_absent_HPRC_other	36	13	0.3611	3	5	4	1	15	13	7	1	22	22	absent	HG00438#1,HG00438#2,HG00621#1,HG00673#1,HG00735#2,HG00741#1,HG01106#1,HG01175#1,HG01258#1,HG02109#1,HG02818#1,HG03492#1,HG03516#2
37780	S:19166977:19166979	skip	del_skip	19166977	19166979				19	48820584	48820603	True	indel	truth	graph	normal_absent_HPRC_other	88	16	0.1818	7	8	0	1	46	32	8	2	16		False	HG01071#1,HG01175#2,HG01258#2,HG01891#1,HG01928#1,HG01928#2,HG01978#1,HG01978#2,HG02055#2,HG02148#1,HG02257#2,HG02559#1,HG02572#1,HG02818#1,HG03098#2,HG03492#2
37785	B:19170412:19170415:>19170414	branch	snv_branch	19170412	19170415	>19170414	19170414+:G	G	1	49011964	49011965	True	snv	partial	graph_closest_primary	other_ambiguous	70	51	0.7286	20	24	5	2	32	30	6	2	69	70	True	HG00438#1,HG00438#2,HG00621#1,HG00673#2,HG00733#1,HG00735#2,HG00741#1,HG00741#2,HG01071#1,HG01071#2,HG01106#1,HG01109#1,HG01123#1,HG01123#2,HG01175#2,HG01243#1,HG01243#2,HG01258#1,HG01358#1,HG01358#2,HG01361#1,HG01928#1,HG01928#2,HG01952#1,HG01952#2,HG01978#1,HG02055#1,HG02055#2,HG02080#2,HG02109#1,HG02145#2,HG02148#1,HG02148#2,HG02257#2,HG02486#1,HG02486#2,HG02559#1,HG02559#2,HG02622#1,HG02622#2,HG02630#2,HG02886#2,HG03453#1,HG03453#2,HG03486#2,HG03492#1,HG03492#2,HG03579#1,NA18906#2,NA20129#2,NA21309#2
37785	B:19170417:19170420:>19170419	branch	snv_branch	19170417	19170420	>19170419	19170419+:A	A	1	49011968	49011969	True	snv	partial	graph_closest_primary	other_ambiguous	70	47	0.6714	16	24	5	2	32	30	6	2	47	51	True	HG00438#1,HG00438#2,HG00621#1,HG00673#2,HG00733#1,HG00735#2,HG00741#1,HG00741#2,HG01071#1,HG01071#2,HG01106#1,HG01109#1,HG01123#1,HG01123#2,HG01175#2,HG01243#1,HG01243#2,HG01258#1,HG01358#1,HG01358#2,HG01361#1,HG01928#1,HG01928#2,HG01952#1,HG01952#2,HG01978#1,HG02055#1,HG02080#2,HG02148#1,HG02148#2,HG02257#2,HG02486#1,HG02486#2,HG02559#1,HG02622#1,HG02622#2,HG02630#2,HG02886#2,HG03453#1,HG03453#2,HG03486#2,HG03492#1,HG03492#2,HG03579#1,NA18906#2,NA20129#2,NA21309#2
37785	B:19170423:19170425:<19170424	branch	ins_branch	19170423	19170425	<19170424	19170424-:AGAG	AGAG	0	49011981	49011981	False	indel	partial	graph_closest_primary	other_ambiguous	70	50	0.7143	19	24	5	2	32	30	6	2	53	56	True	HG00438#1,HG00438#2,HG00621#1,HG00673#2,HG00733#1,HG00735#2,HG00741#1,HG00741#2,HG01071#1,HG01071#2,HG01106#1,HG01109#1,HG01123#1,HG01123#2,HG01175#2,HG01243#1,HG01243#2,HG01258#1,HG01358#1,HG01358#2,HG01361#1,HG01928#1,HG01928#2,HG01952#1,HG01952#2,HG01978#1,HG02055#1,HG02055#2,HG02080#2,HG02109#1,HG02148#1,HG02148#2,HG02257#2,HG02486#1,HG02486#2,HG02559#1,HG02559#2,HG02622#1,HG02622#2,HG02630#2,HG02886#2,HG03453#1,HG03453#2,HG03486#2,HG03492#1,HG03492#2,HG03579#1,NA18906#2,NA20129#2,NA21309#2
37802	B:19190309:19190311:>19190310	branch	ins_branch	19190309	19190311	>19190310	19190310+:T	T	0	50148752	50148752	True	indel	truth	graph	normal_absent_HPRC_other	87	15	0.1724	10	4	1	0	46	31	8	2	15	15	False	HG00741#2,HG01071#2,HG01109#2,HG01258#1,HG01891#2,HG02055#1,HG02080#2,HG02109#1,HG02257#1,HG02572#1,HG02630#2,HG02723#1,HG03453#1,HG03516#1,NA21309#2
37814	B:19205377:19205381:<19205380	branch	snv_branch	19205377	19205381	<19205380	19205380-:T	T	1	51048775	51048776	True	snv	truth	graph	normal_absent_HPRC_other	87	10	0.1149	9	1	0	0	45	32	8	2	10	10	False	HG01106#2,HG02055#2,HG02109#1,HG02145#2,HG02486#2,HG02559#2,HG02723#2,HG02818#1,HG02818#2,HG03540#2
37899	B:19393157:19393159:<19393158	branch	ins_branch	19393157	19393159	<19393158	19393158-:T	T	0	60332016	60332016	True	indel	truth	graph	normal_absent_HPRC_other	88	17	0.1932	11	4	1	1	46	32	8	2	17	17	False	HG00673#2,HG00735#2,HG00741#2,HG01071#1,HG01106#2,HG02055#1,HG02109#2,HG02630#1,HG02723#1,HG02886#2,HG03098#2,HG03453#2,HG03492#1,HG03540#2,HG03579#1,NA20129#1,NA21309#1
37957	S:19442912:19442914	skip	del_skip	19442912	19442914				1	63210114	63210115	True	indel	truth	graph	normal_absent_HPRC_other	88	27	0.3068	21	6	0	0	46	32	8	2	27		False	HG00741#1,HG00741#2,HG01123#2,HG01243#1,HG01891#1,HG01891#2,HG01928#1,HG02055#1,HG02145#1,HG02145#2,HG02148#1,HG02257#2,HG02559#2,HG02622#1,HG02630#2,HG02717#1,HG02818#1,HG03098#1,HG03453#1,HG03453#2,HG03486#2,HG03540#1,HG03579#1,HG03579#2,NA18906#2,NA20129#1,NA21309#2
37962	B:19446483:19446485:>19446484	branch	ins_branch	19446483	19446485	>19446484	19446484+:AG	AG	0	63427982	63427982	True	indel	truth	graph	normal_absent_HPRC_other	78	31	0.3974	18	8	3	2	37	31	8	2	31	35	False	HG00621#1,HG00621#2,HG00733#1,HG00735#1,HG01071#2,HG01123#2,HG01258#1,HG01358#2,HG01891#1,HG01891#2,HG01978#2,HG02080#1,HG02109#2,HG02145#1,HG02145#2,HG02148#1,HG02257#2,HG02559#2,HG02572#1,HG02572#2,HG02622#1,HG02717#2,HG02886#1,HG03453#1,HG03486#1,HG03486#2,HG03492#1,HG03492#2,HG03516#1,NA18906#2,NA21309#2
37966	B:19452127:19452130:<19452129	branch	ins_branch	19452127	19452130	<19452129	19452129-:A	A	0	63754028	63754028	True	indel	truth	graph	normal_absent_HPRC_other	78	15	0.1923	11	4	0	0	41	28	7	2	15	27	False	HG01361#2,HG01928#1,HG01928#2,HG02055#2,HG02145#2,HG02148#2,HG02257#1,HG02486#1,HG02559#2,HG02572#1,HG02717#1,HG02886#2,HG03098#1,NA20129#1,NA20129#2
37980	B:19473054:19473058:>19473057	branch	ins_branch	19473054	19473058	>19473057	19473057+:G	G	0	64908385	64908385	True	indel	truth	graph	normal_absent_HPRC_other	65	1	0.0154	0	1	0	0	34	21	8	2	1	34	False	HG00735#2
37993	S:19494497:19494500	skip	del_skip	19494497	19494500				1	65899936	65899937	True	indel	truth	graph	normal_absent_HPRC_other	85	12	0.1412	2	5	5	0	44	31	8	2	12		False	HG00438#1,HG00438#2,HG00621#1,HG00621#2,HG00673#1,HG00733#2,HG00741#1,HG01358#2,HG01928#2,HG02148#2,HG02559#2,HG02723#1
37997	B:19502793:19502795:>19502794	branch	ins_branch	19502793	19502795	>19502794	19502794+:A	A	0	66319479	66319479	True	indel	truth	graph	normal_absent_HPRC_other	57	19	0.3333	4	11	4	0	22	27	8	0	19	27	False	HG00621#1,HG00621#2,HG00741#2,HG01106#1,HG01175#1,HG01258#2,HG01358#1,HG01361#1,HG01891#1,HG01928#1,HG01928#2,HG01952#2,HG01978#1,HG02080#1,HG02080#2,HG02148#2,HG02257#1,HG02486#1,HG03486#2
38001	B:19512953:19512955:<19512954	branch	ins_branch	19512953	19512955	<19512954	19512954-:T	T	0	67054939	67054939	True	indel	truth	graph	normal_absent_HPRC_other	81	22	0.2716	19	1	2	0	39	32	8	2	22	22	False	HG00438#2,HG01361#2,HG01891#2,HG02055#1,HG02055#2,HG02080#1,HG02109#1,HG02145#2,HG02257#2,HG02486#1,HG02559#1,HG02572#1,HG02572#2,HG02622#2,HG02717#1,HG02886#1,HG03098#1,HG03453#1,HG03486#1,HG03540#2,HG03579#1,HG03579#2
38059	S:19670665:19670667	skip	del_skip	19670665	19670667				8	74180970	74180978	True	indel	partial	graph	other_ambiguous	31	16	0.5161	9	6	1	0	19	11	1	0	26		False	HG01106#1,HG01109#2,HG01258#1,HG01358#2,HG02055#2,HG02080#1,HG02109#2,HG02148#1,HG02148#2,HG02257#2,HG02486#2,HG02559#2,HG02572#2,HG02723#2,HG03453#2,NA18906#1
38059	S:19670687:19670691	skip	del_skip	19670687	19670691				4	74181002	74181006	True	indel	germline	graph	other_ambiguous	31	0	0.0	0	0	0	0	19	11	1	0	16		False	
38089	S:19955544:19955542	skip	del_skip	19955544	19955542				1	77373465	77373466	True	indel	truth	graph	normal_absent_HPRC_other	85	11	0.1294	9	2	0	0	43	32	8	2	11		True	HG01243#2,HG01258#1,HG02055#2,HG02109#1,HG02486#1,HG02486#2,HG02717#2,HG02723#1,HG02886#2,HG03516#1,NA20129#1
38102	B:19923793:19923791:>19923792	branch	ins_branch	19923793	19923791	>19923792	19923792+:A	A	0	78410805	78410805	True	indel	truth	graph	normal_absent_HPRC_other	69	10	0.1449	8	2	0	0	31	30	6	2	10	11	False	HG01109#2,HG01891#2,HG01952#1,HG02055#2,HG02145#2,HG02622#2,HG02717#1,HG02886#1,HG03098#2,HG03516#1
38120	B:19863778:19863776:>19863777	branch	ins_branch	19863778	19863776	>19863777	19863777+:GT	GT	0	80275604	80275604	True	indel	truth	graph	normal_absent_HPRC_other	62	15	0.2419	9	4	2	0	22	30	8	2	16	17	False	HG00621#2,HG00673#1,HG01106#1,HG01175#1,HG01258#2,HG01358#2,HG01891#1,HG02055#1,HG02559#1,HG02717#2,HG02818#2,HG02886#1,HG03486#2,NA18906#1,NA21309#1
38239	B:20620766:20620764:<20620765	branch	ins_branch	20620766	20620764	<20620765	20620765-:T	T	0	3772472	3772472	True	indel	truth	graph	normal_absent_HPRC_other	79	10	0.1266	9	1	0	0	40	31	7	1	11	19	False	HG02145#2,HG02148#1,HG02257#1,HG02486#1,HG02559#2,HG02818#1,HG02818#2,HG03098#1,HG03098#2,NA20129#1
38494	B:20936206:20936208:<20936207	branch	ins_branch	20936206	20936208	<20936207	20936207-:A	A	0	19930001	19930001	True	indel	truth	graph	normal_absent_HPRC_other	87	5	0.0575	2	2	1	0	45	32	8	2	5	6	True	HG00438#2,HG01258#2,HG02148#1,HG02559#2,HG02622#2
38515	B:21663962:21663964:<21663963	branch	ins_branch	21663962	21663964	<21663963	21663963-:GT	GT	0	21624286	21624286	True	indel	truth	graph	normal_absent_HPRC_other	84	14	0.1667	13	1	0	0	42	32	8	2	14	14	False	HG00741#1,HG01891#1,HG01891#2,HG02109#2,HG02145#2,HG02572#1,HG02572#2,HG02630#1,HG02630#2,HG02723#2,HG02818#1,HG03453#1,HG03516#1,NA21309#2
38783	S:21042008:21042010	skip	del_skip	21042008	21042010				1	44598705	44598706	True	indel	truth	graph	normal_absent_HPRC_other	88	40	0.4545	25	11	2	2	46	32	8	2	40		False	HG00621#1,HG00733#1,HG00735#1,HG00735#2,HG00741#2,HG01109#2,HG01243#1,HG01358#1,HG01361#2,HG01891#1,HG01891#2,HG01928#1,HG01952#1,HG01978#2,HG02055#1,HG02055#2,HG02080#2,HG02145#1,HG02145#2,HG02257#1,HG02486#1,HG02559#1,HG02559#2,HG02572#2,HG02622#1,HG02630#2,HG02717#1,HG02723#1,HG02818#2,HG02886#2,HG03098#2,HG03453#1,HG03453#2,HG03492#1,HG03492#2,HG03540#2,HG03579#2,NA18906#2,NA20129#2,NA21309#2
38812	B:22142154:22142157:<22142156	branch	ins_branch	22142154	22142157	<22142156	22142156-:CA	CA	0	47706831	47706831	True	indel	truth	graph	normal_absent_HPRC_other	64	13	0.2031	8	5	0	0	30	29	4	1	13	47	False	HG00733#2,HG01243#1,HG01891#1,HG01952#1,HG01952#2,HG02148#2,HG02717#1,HG02717#2,HG02818#2,HG03098#2,HG03453#1,HG03453#2,NA20129#2
38917	S:21864870:21864877	skip	del_skip	21864870	21864877				10	53632837	53632847	True	indel	partial	graph_closest_primary	other_ambiguous	59	39	0.661	15	15	8	1	23	27	8	1	39		True	HG00438#1,HG00438#2,HG00621#1,HG00621#2,HG00673#1,HG00673#2,HG00733#1,HG00733#2,HG00735#1,HG00741#1,HG01071#2,HG01109#1,HG01123#1,HG01123#2,HG01175#1,HG01243#1,HG01243#2,HG01258#2,HG01358#1,HG01891#1,HG01978#2,HG02055#2,HG02080#1,HG02080#2,HG02109#2,HG02148#2,HG02257#1,HG02622#2,HG02717#1,HG02818#1,HG03486#1,HG03486#2,HG03492#2,HG03516#1,NA18906#1,NA18906#2,NA20129#2,NA21309#1,NA21309#2
38917	S:21864878:21864880	skip	del_skip	21864878	21864880				2	53632869	53632871	True	indel	partial	graph_closest_primary	other_ambiguous	59	36	0.6102	9	20	6	1	23	27	8	1	39		True	HG00438#1,HG00438#2,HG00621#1,HG00621#2,HG00673#1,HG00673#2,HG00733#1,HG00733#2,HG00735#1,HG00735#2,HG00741#2,HG01106#1,HG01109#1,HG01123#1,HG01123#2,HG01175#1,HG01175#2,HG01243#1,HG01258#2,HG01358#2,HG01361#1,HG01361#2,HG01952#1,HG01978#1,HG01978#2,HG02055#1,HG02109#2,HG02148#2,HG02257#1,HG02818#1,HG03486#1,HG03492#2,NA18906#2,NA20129#2,NA21309#1,NA21309#2
38950	B:21880993:21880996:>21880994>21880995	branch	ins_branch	21880993	21880996	>21880994>21880995	21880994+:AT,21880995+:AT	ATAT	0	54595778	54595778	True	indel	partial	graph	normal_absent_HPRC_other	82	17	0.2073	11	6	0	0	43	29	8	2	17	17	False	HG01071#1,HG01106#2,HG01358#1,HG01358#2,HG01952#1,HG01978#1,HG02109#2,HG02145#1,HG02257#1,HG02486#2,HG02559#2,HG02717#2,HG02886#2,HG03098#2,HG03486#1,NA20129#1,NA21309#2
38950	B:21880996:21880999:>21880997	branch	ins_branch	21880996	21880999	>21880997	21880997+:ATAT	ATAT	0	54595780	54595780	True	indel	partial	graph	normal_absent_HPRC_other	82	22	0.2683	11	9	2	0	43	29	8	2	22	29	True	HG00438#1,HG00673#2,HG01109#1,HG01109#2,HG01123#1,HG01123#2,HG01243#1,HG01928#1,HG01952#2,HG02145#2,HG02148#1,HG02148#2,HG02486#1,HG02486#2,HG02559#2,HG02572#2,HG02630#2,HG02723#2,HG03098#1,HG03098#2,HG03486#1,HG03579#2
38950	B:21880999:21881001:>21881000	branch	ins_branch	21880999	21881001	>21881000	21881000+:A	A	0	54595792	54595792	True	indel	partial	graph	normal_absent_HPRC_other	82	29	0.3537	16	11	2	0	43	29	8	2	29	30	True	HG00438#1,HG00673#2,HG01109#1,HG01109#2,HG01123#1,HG01123#2,HG01243#1,HG01358#2,HG01928#1,HG01952#2,HG01978#1,HG02145#1,HG02145#2,HG02148#1,HG02148#2,HG02257#1,HG02486#1,HG02486#2,HG02559#2,HG02572#2,HG02630#2,HG02717#2,HG02723#2,HG02886#2,HG03098#1,HG03098#2,HG03486#1,HG03579#2,NA21309#2
39047	B:21151250:21151255:>21151252>21151253>21151254	branch	ins_branch	21151250	21151255	>21151252>21151253>21151254	21151252+:TA,21151253+:TA,21151254+:TATATA	TATATATATA	0	59433277	59433277	True	indel	partial	graph_closest_primary	other_ambiguous	80	19	0.2375	6	10	3	0	43	30	7	0	21	25	False	HG00621#1,HG00621#2,HG00733#1,HG00733#2,HG00735#1,HG00735#2,HG00741#2,HG01071#1,HG01123#2,HG01358#1,HG01361#1,HG01978#1,HG02080#1,HG02145#1,HG02145#2,HG02559#2,HG02717#2,HG02818#2,NA18906#1
39047	B:21151262:21151265:>21151264	branch	snv_branch	21151262	21151265	>21151264	21151264+:T	T	1	59433288	59433289	True	snv	partial	graph_closest_primary	other_ambiguous	80	9	0.1125	0	8	1	0	43	30	7	0	11	11	False	HG00621#1,HG00733#2,HG00735#2,HG00741#2,HG01071#1,HG01123#2,HG01243#2,HG01358#1,HG01361#1
39047	B:21151265:21151268:>21151267	branch	snv_branch	21151265	21151268	>21151267	21151267+:T	T	1	59433290	59433291	True	snv	partial	graph_closest_primary	other_ambiguous	80	19	0.2375	4	13	2	0	43	30	7	0	21	22	True	HG00621#1,HG00733#1,HG00733#2,HG00735#1,HG00735#2,HG00741#1,HG00741#2,HG01071#1,HG01123#2,HG01243#1,HG01243#2,HG01358#1,HG01361#1,HG01978#1,HG02055#1,HG02080#1,HG02145#1,HG02622#1,HG02622#2
39047	B:21151268:21151271:>21151270	branch	snv_branch	21151268	21151271	>21151270	21151270+:T	T	1	59433292	59433293	True	snv	partial	graph_closest_primary	other_ambiguous	80	31	0.3875	7	17	7	0	43	30	7	0	39	40	True	HG00438#1,HG00621#1,HG00621#2,HG00673#1,HG00673#2,HG00733#1,HG00733#2,HG00735#1,HG00735#2,HG00741#1,HG00741#2,HG01071#1,HG01071#2,HG01106#1,HG01123#1,HG01123#2,HG01243#1,HG01243#2,HG01358#1,HG01358#2,HG01361#1,HG01978#1,HG02055#1,HG02080#1,HG02080#2,HG02145#1,HG02622#1,HG02622#2,HG02723#2,NA20129#2,NA21309#2
39235	S:21468066:21468077	skip	del_skip	21468066	21468077				10	75956963	75956973	True	indel	partial	graph	normal_absent_HPRC_other	31	12	0.3871	4	7	1	0	19	9	2	1	21		True	HG00673#1,HG01123#2,HG01175#1,HG01243#1,HG01243#2,HG01258#1,HG01928#1,HG01952#2,HG02572#2,HG03453#1,HG03516#1,NA20129#2
39235	B:21468093:21468096:>21468095	branch	snv_branch	21468093	21468096	>21468095	21468095+:C	C	1	75956997	75956998	True	snv	partial	graph	normal_absent_HPRC_other	31	20	0.6452	13	5	1	1	19	9	2	1	54	55	True	HG00673#1,HG01071#1,HG01123#2,HG01243#1,HG01258#1,HG01891#1,HG01928#1,HG02055#1,HG02109#2,HG02145#1,HG02257#2,HG02486#1,HG02622#2,HG02723#1,HG02886#2,HG03492#2,HG03540#1,NA18906#1,NA18906#2,NA20129#2
39235	B:21468096:21468099:>21468098	branch	snv_branch	21468096	21468099	>21468098	21468098+:C	C	1	75956999	75957000	True	snv	partial	graph	normal_absent_HPRC_other	31	21	0.6774	14	5	1	1	19	9	2	1	56	57	True	HG00673#1,HG01071#1,HG01123#2,HG01243#1,HG01258#1,HG01891#1,HG01928#1,HG02055#1,HG02109#2,HG02145#1,HG02257#2,HG02486#1,HG02622#1,HG02622#2,HG02723#1,HG02886#2,HG03492#2,HG03540#1,NA18906#1,NA18906#2,NA20129#2
39235	B:21468099:21468102:>21468101	branch	snv_branch	21468099	21468102	>21468101	21468101+:C	C	1	75957001	75957002	True	snv	partial	graph	normal_absent_HPRC_other	31	23	0.7419	15	6	1	1	19	9	2	1	52	58	True	HG00673#1,HG01071#1,HG01123#2,HG01243#1,HG01243#2,HG01258#1,HG01891#1,HG01928#1,HG02055#1,HG02109#2,HG02145#1,HG02257#2,HG02486#1,HG02559#1,HG02622#1,HG02622#2,HG02723#1,HG02886#2,HG03492#2,HG03540#1,NA18906#1,NA18906#2,NA20129#2
39235	B:21468102:21468114:>21468104	branch	replacing_branch	21468102	21468114	>21468104	21468104+:C	C	13	75957003	75957016	True	indel	partial	graph	normal_absent_HPRC_other	31	6	0.1935	5	0	1	0	19	9	2	1	14	64	False	HG00673#1,HG02055#1,HG02109#2,HG02145#1,HG02486#1,HG02723#1
39262	B:21518488:21518491:>21518490	branch	snv_branch	21518488	21518491	>21518490	21518490+:A	A	1	78006831	78006832	True	snv	truth	graph	normal_absent_HPRC_other	75	51	0.68	25	21	3	2	35	30	8	2	54	54	False	HG00438#2,HG00673#2,HG00733#1,HG00735#2,HG00741#2,HG01071#1,HG01071#2,HG01109#1,HG01109#2,HG01123#1,HG01123#2,HG01175#1,HG01243#1,HG01243#2,HG01258#1,HG01258#2,HG01361#1,HG01361#2,HG01928#2,HG01952#1,HG01978#1,HG01978#2,HG02055#1,HG02055#2,HG02080#2,HG02109#1,HG02109#2,HG02145#1,HG02148#1,HG02257#1,HG02257#2,HG02559#1,HG02572#1,HG02572#2,HG02630#1,HG02717#1,HG02717#2,HG02723#2,HG02818#2,HG03098#1,HG03453#2,HG03486#1,HG03486#2,HG03492#1,HG03492#2,HG03516#1,HG03516#2,HG03579#1,NA18906#1,NA18906#2,NA21309#2
39324	B:21596893:21596895:>21596894	branch	ins_branch	21596893	21596895	>21596894	21596894+:C	C	0	82418294	82418294	True	indel	truth	graph	normal_absent_HPRC_other	79	12	0.1519	6	5	0	1	39	30	8	2	12	12	False	HG00733#1,HG01106#1,HG01109#1,HG01109#2,HG02145#1,HG02145#2,HG02148#1,HG02630#1,HG02723#2,HG03098#2,HG03492#2,NA20129#1
39345	S:23461707:23461710	skip	del_skip	23461707	23461710				1	1137121	1137122	True	indel	truth	graph	normal_absent_HPRC_other	77	41	0.5325	21	17	3	0	42	26	7	2	41		False	HG00621#1,HG00621#2,HG00673#2,HG00733#1,HG00733#2,HG00741#1,HG01071#1,HG01071#2,HG01106#1,HG01109#1,HG01109#2,HG01123#1,HG01123#2,HG01175#1,HG01258#2,HG01358#1,HG01358#2,HG01978#2,HG02055#1,HG02055#2,HG02145#1,HG02148#1,HG02148#2,HG02257#2,HG02486#2,HG02559#1,HG02559#2,HG02572#1,HG02572#2,HG02723#1,HG02818#1,HG02818#2,HG02886#1,HG03098#2,HG03453#2,HG03516#2,HG03540#1,HG03540#2,NA18906#1,NA18906#2,NA20129#1
39359	S:23478758:23478763	skip	del_skip	23478758	23478763				6	1916677	1916683	True	indel	truth	graph	normal_present_broad	54	9	0.1667	2	5	2	0	24	22	6	2	9		False	HG00438#2,HG00735#2,HG01071#2,HG01123#2,HG01258#2,HG01978#1,HG02080#2,HG02572#1,NA18906#1
39393	B:23545653:23545658:<23545654>23545655>23545656>23545657	branch	ins_branch	23545653	23545658	<23545654>23545655>23545656>23545657	23545654-:A,23545655+:AA,23545656+:AA,23545657+:A	AAAAAA	0	4717118	4717118	True	indel	partial	graph	other_ambiguous	67	0	0.0	0	0	0	0	36	21	8	2	9	10	True	
39393	B:23545666:23545669:>23545668	branch	ins_branch	23545666	23545669	>23545668	23545668+:A	A	0	4717126	4717126	True	indel	partial	graph	other_ambiguous	67	21	0.3134	21	0	0	0	36	21	8	2	25	25	False	HG01891#1,HG02055#1,HG02257#2,HG02559#1,HG02559#2,HG02622#1,HG02622#2,HG02630#1,HG02630#2,HG02723#1,HG02818#1,HG02818#2,HG02886#1,HG02886#2,HG03098#1,HG03453#1,HG03516#2,HG03540#2,HG03579#2,NA18906#1,NA21309#1
39393	B:23545669:23545672:>23545671	branch	snv_branch	23545669	23545672	>23545671	23545671+:T	T	1	4717127	4717128	True	snv	partial	graph	other_ambiguous	67	4	0.0597	4	0	0	0	36	21	8	2	22	23	True	HG02559#1,HG03486#1,HG03486#2,HG03579#2
39393	B:23545672:23545675:>23545674	branch	snv_branch	23545672	23545675	>23545674	23545674+:T	T	1	4717129	4717130	True	snv	partial	graph	other_ambiguous	67	20	0.2985	20	0	0	0	36	21	8	2	40	41	True	HG01891#1,HG02055#1,HG02257#2,HG02559#1,HG02559#2,HG02572#1,HG02622#2,HG02630#2,HG02723#1,HG02818#1,HG02818#2,HG02886#2,HG03098#1,HG03453#1,HG03486#1,HG03486#2,HG03516#2,HG03540#2,HG03579#2,NA18906#1
39393	B:23545675:23545678:>23545677	branch	snv_branch	23545675	23545678	>23545677	23545677+:T	T	1	4717131	4717132	True	snv	germline	graph	other_ambiguous	67	26	0.3881	24	2	0	0	36	21	8	2	46	47	True	HG01109#2,HG01243#1,HG01891#1,HG02055#1,HG02257#2,HG02559#1,HG02559#2,HG02572#1,HG02622#1,HG02622#2,HG02630#1,HG02630#2,HG02723#1,HG02818#1,HG02818#2,HG02886#1,HG02886#2,HG03098#1,HG03453#1,HG03486#1,HG03486#2,HG03516#2,HG03540#2,HG03579#2,NA18906#1,NA18906#2
39393	B:23545683:23545687:>23545684>23545685	branch	ins_branch	23545683	23545687	>23545684>23545685	23545684+:A,23545685+:T	AT	0	4717154	4717154	True	indel	partial	graph	other_ambiguous	67	34	0.5075	23	8	2	1	36	21	8	2	42	42	False	HG00438#1,HG00735#1,HG00741#1,HG00741#2,HG01175#2,HG01891#1,HG01928#1,HG01952#1,HG01952#2,HG01978#1,HG02055#1,HG02080#1,HG02145#2,HG02257#2,HG02559#1,HG02559#2,HG02572#2,HG02622#1,HG02622#2,HG02630#1,HG02630#2,HG02818#2,HG02886#1,HG02886#2,HG03098#1,HG03486#1,HG03486#2,HG03492#1,HG03516#2,HG03540#1,HG03540#2,HG03579#2,NA18906#1,NA21309#2
39468	B:22338417:22338420:>22338419	branch	replacing_branch	22338417	22338420	>22338419	22338419+:GGG	GGG	1	14665494	14665495	True	indel	partial	graph_closest_primary	other_ambiguous	79	25	0.3165	4	17	2	2	37	32	8	2	25	26	True	HG00621#1,HG00673#1,HG00733#1,HG00735#1,HG00735#2,HG00741#1,HG01071#1,HG01071#2,HG01106#2,HG01109#1,HG01109#2,HG01123#1,HG01123#2,HG01175#2,HG01243#2,HG01258#2,HG01361#2,HG01928#2,HG02109#2,HG02148#2,HG03453#2,HG03492#1,HG03492#2,NA20129#2,NA21309#2
39469	S:22338550:22338552	skip	del_skip	22338550	22338552				1	14667411	14667412	True	indel	truth	graph	normal_present_broad	88	25	0.2841	4	17	2	2	46	32	8	2	25		True	HG00621#1,HG00673#1,HG00733#1,HG00735#1,HG00735#2,HG00741#1,HG01071#1,HG01071#2,HG01106#2,HG01109#1,HG01109#2,HG01123#1,HG01123#2,HG01175#2,HG01243#2,HG01258#2,HG01361#2,HG01928#2,HG02109#2,HG02148#2,HG03453#2,HG03492#1,HG03492#2,NA20129#2,NA21309#2
39519	B:22380275:22380279:<22380278	branch	ins_branch	22380275	22380279	<22380278	22380278-:AC	AC	0	25293351	25293351	True	indel	truth	graph	normal_absent_HPRC_other	73	32	0.4384	9	18	4	1	32	32	8	1	32	55	False	HG00438#1,HG00621#1,HG00621#2,HG00733#2,HG00735#1,HG00741#2,HG01106#1,HG01106#2,HG01109#1,HG01175#2,HG01243#1,HG01243#2,HG01258#1,HG01258#2,HG01358#1,HG01361#1,HG01928#1,HG01928#2,HG01952#2,HG02080#2,HG02109#1,HG02109#2,HG02148#1,HG02148#2,HG02257#1,HG02572#2,HG02622#2,HG02717#2,HG02723#2,HG03492#2,HG03516#2,HG03540#1
39563	S:23412574:23412576	skip	del_skip	23412574	23412576				1	28556064	28556065	True	indel	truth	graph	normal_absent_HPRC_other	86	12	0.1395	9	3	0	0	46	30	8	2	12		False	HG01071#1,HG01243#1,HG01978#2,HG02055#2,HG02257#1,HG02559#2,HG02622#2,HG02717#2,HG03098#2,HG03486#1,HG03579#2,NA20129#2
39593	S:23285557:23285555	skip	del_skip	23285557	23285555				1	30305768	30305769	True	indel	truth	graph	normal_absent_HPRC_other	75	40	0.5333	24	12	3	1	39	26	8	2	40		True	HG00438#2,HG00621#1,HG00733#1,HG00735#1,HG00735#2,HG00741#2,HG01071#1,HG01106#2,HG01109#1,HG01109#2,HG01258#1,HG01358#1,HG01361#2,HG02080#1,HG02109#1,HG02109#2,HG02145#1,HG02148#2,HG02257#1,HG02257#2,HG02622#1,HG02630#2,HG02717#1,HG02723#1,HG02818#1,HG02886#1,HG02886#2,HG03098#1,HG03098#2,HG03453#1,HG03453#2,HG03486#1,HG03492#2,HG03516#1,HG03540#2,HG03579#2,NA18906#1,NA20129#1,NA20129#2,NA21309#2
39617	B:23633393:23633391:<23633392	branch	ins_branch	23633393	23633391	<23633392	23633392-:T	T	0	32136714	32136714	True	indel	truth	graph	normal_absent_HPRC_other	79	13	0.1646	9	2	2	0	38	31	8	2	13	17	False	HG00438#1,HG00438#2,HG00733#2,HG01106#2,HG02145#2,HG02257#2,HG02572#2,HG02630#1,HG02723#1,HG02886#2,HG03453#2,HG03516#1,HG03540#2
39636	S:23609669:23609665	skip	del_skip	23609669	23609665				1	33646880	33646881	True	indel	truth	graph	normal_absent_HPRC_other	77	9	0.1169	5	4	0	0	40	29	6	2	9		True	HG00733#1,HG00733#2,HG01071#2,HG01123#1,HG02630#2,HG02723#1,HG02723#2,HG03540#1,HG03540#2
39786	B:23734808:23734813:>23734810	branch	snv_branch	23734808	23734813	>23734810	23734810+:T	T	1	42419721	42419722	True	snv	truth	graph	normal_absent_HPRC_other	51	8	0.1569	2	2	4	0	23	21	5	2	10	23	False	HG00621#1,HG00673#1,HG00673#2,HG01258#2,HG01928#1,HG02080#1,HG02572#2,NA20129#2
39973	S:22703111:22703114	skip	del_skip	22703111	22703114				1	55021793	55021794	False	indel	partial	graph	normal_absent_HPRC_other	62	12	0.1935	4	4	4	0	30	25	6	1	14		False	HG00621#1,HG00621#2,HG01071#1,HG01123#1,HG01928#1,HG01928#2,HG02080#1,HG02080#2,HG02145#1,HG02886#2,HG03098#1,HG03098#2
39973	S:22703117:22703120	skip	del_skip	22703117	22703120				6	55021808	55021814	True	indel	partial	graph	normal_absent_HPRC_other	62	61	0.9839	29	25	6	1	30	25	6	1	76		True	HG00621#1,HG00621#2,HG00673#1,HG00673#2,HG00733#2,HG00735#1,HG00741#1,HG01071#1,HG01071#2,HG01106#1,HG01106#2,HG01109#2,HG01123#1,HG01123#2,HG01175#2,HG01243#1,HG01243#2,HG01258#1,HG01258#2,HG01358#1,HG01358#2,HG01361#1,HG01361#2,HG01891#1,HG01891#2,HG01928#1,HG01928#2,HG01952#1,HG01952#2,HG02055#1,HG02080#1,HG02080#2,HG02109#1,HG02145#1,HG02148#1,HG02148#2,HG02257#1,HG02257#2,HG02486#1,HG02559#1,HG02559#2,HG02572#1,HG02572#2,HG02630#1,HG02630#2,HG02723#1,HG02723#2,HG02818#2,HG02886#2,HG03098#1,HG03098#2,HG03453#1,HG03453#2,HG03486#1,HG03492#1,HG03540#1,HG03579#1,HG03579#2,NA18906#1,NA20129#1,NA20129#2
39973	S:22703120:22703137	skip	del_skip	22703120	22703137				15	55021815	55021830	True	indel	partial	graph	normal_absent_HPRC_other	62	28	0.4516	13	12	3	0	30	25	6	1	34		False	HG00673#2,HG00733#2,HG00735#1,HG00741#1,HG01071#1,HG01123#1,HG01123#2,HG01243#1,HG01358#2,HG01891#2,HG01928#1,HG01928#2,HG01952#1,HG01952#2,HG02055#1,HG02080#1,HG02080#2,HG02109#1,HG02145#1,HG02486#1,HG02630#1,HG02723#2,HG02886#2,HG03098#1,HG03098#2,HG03453#1,HG03453#2,NA20129#2
39973	S:22703137:22703139	skip	del_skip	22703137	22703139				1	55021831	55021832	True	indel	partial	graph	normal_absent_HPRC_other	62	53	0.8548	23	23	6	1	30	25	6	1	64		True	HG00621#1,HG00621#2,HG00673#1,HG00673#2,HG00733#2,HG00735#1,HG00741#1,HG01071#1,HG01071#2,HG01106#1,HG01106#2,HG01123#1,HG01123#2,HG01243#1,HG01243#2,HG01258#1,HG01258#2,HG01358#1,HG01358#2,HG01361#1,HG01361#2,HG01891#1,HG01891#2,HG01928#1,HG01928#2,HG01952#1,HG01952#2,HG02055#1,HG02080#1,HG02080#2,HG02109#1,HG02145#1,HG02148#1,HG02148#2,HG02257#1,HG02257#2,HG02486#1,HG02559#1,HG02559#2,HG02630#1,HG02818#2,HG02886#2,HG03098#1,HG03098#2,HG03453#1,HG03486#1,HG03492#1,HG03540#1,HG03579#1,HG03579#2,NA18906#1,NA20129#1,NA20129#2
39973	S:22703139:22703145	skip	del_skip	22703139	22703145				3	55021833	55021836	True	indel	partial	graph	normal_absent_HPRC_other	62	9	0.1452	4	4	1	0	30	25	6	1	13		False	HG00673#1,HG01106#2,HG01258#1,HG01258#2,HG01361#1,HG02559#1,HG03098#1,HG03098#2,HG03540#1
39973	B:22703145:22703148:>22703147	branch	snv_branch	22703145	22703148	>22703147	22703147+:A	A	1	55021837	55021838	True	snv	partial	graph	normal_absent_HPRC_other	62	37	0.5968	13	19	4	1	30	25	6	1	51	52	True	HG00673#1,HG00673#2,HG00733#2,HG00735#1,HG00741#1,HG01071#1,HG01071#2,HG01106#1,HG01106#2,HG01123#1,HG01243#2,HG01258#1,HG01258#2,HG01358#1,HG01361#1,HG01361#2,HG01891#1,HG01928#2,HG01952#1,HG01952#2,HG02055#1,HG02080#1,HG02080#2,HG02145#1,HG02148#1,HG02148#2,HG02559#1,HG02559#2,HG02818#2,HG03098#1,HG03098#2,HG03486#1,HG03492#1,HG03540#1,HG03579#1,NA18906#1,NA20129#2
39973	S:22703161:22703167	skip	del_skip	22703161	22703167				4	55021867	55021871	True	indel	partial	graph	normal_absent_HPRC_other	62	31	0.5	16	11	4	0	30	25	6	1	45		False	HG00621#1,HG00621#2,HG00673#1,HG00673#2,HG00733#2,HG00741#1,HG01106#2,HG01123#2,HG01258#1,HG01258#2,HG01358#2,HG01361#1,HG01891#1,HG01891#2,HG01928#1,HG01952#1,HG01952#2,HG02109#1,HG02145#1,HG02559#1,HG02723#1,HG02723#2,HG03098#1,HG03098#2,HG03453#1,HG03486#1,HG03540#1,HG03579#1,HG03579#2,NA18906#1,NA20129#2
40058	B:22818831:22818834:>22818833	branch	snv_branch	22818831	22818834	>22818833	22818833+:T	T	1	61210326	61210327	True	snv	partial	graph	normal_absent_HPRC_other	50	35	0.7	21	11	3	0	25	19	5	1	57	58	True	HG00438#1,HG00673#2,HG00733#1,HG00733#2,HG01071#1,HG01109#2,HG01175#1,HG01175#2,HG01243#1,HG01361#1,HG01891#1,HG01952#2,HG01978#1,HG02055#1,HG02055#2,HG02080#2,HG02109#1,HG02109#2,HG02145#1,HG02148#2,HG02257#1,HG02257#2,HG02486#1,HG02559#1,HG02622#2,HG02630#2,HG02717#1,HG02717#2,HG02818#1,HG03098#1,HG03098#2,HG03453#1,HG03453#2,HG03486#1,HG03516#2
40058	B:22818847:22818856:>22818848	branch	ins_branch	22818847	22818856	>22818848	22818848+:AGAG	AGAG	0	61210341	61210341	False	indel	partial	graph	normal_absent_HPRC_other	50	2	0.04	0	2	0	0	25	19	5	1	5	69	True	HG00735#1,HG01978#1
40096	S:22868119:22868121	skip	del_skip	22868119	22868121				1	63871247	63871248	True	indel	truth	graph	normal_absent_HPRC_other	77	20	0.2597	17	3	0	0	36	31	8	2	20		False	HG00735#1,HG01109#2,HG01243#2,HG02109#1,HG02145#1,HG02257#1,HG02622#1,HG02630#1,HG02717#2,HG02723#2,HG02818#1,HG02886#1,HG03098#2,HG03453#2,HG03516#1,HG03516#2,HG03579#2,NA18906#1,NA18906#2,NA20129#1
40275	B:23135826:23135829:>23135827>23135828	branch	ins_branch	23135826	23135829	>23135827>23135828	23135827+:T,23135828+:A	TA	0	76240087	76240087	True	indel	truth	graph	normal_absent_HPRC_other	26	13	0.5	6	4	2	1	13	9	3	1	40	41	True	HG00621#1,HG00741#2,HG01071#2,HG01109#1,HG01243#1,HG01891#2,HG02080#1,HG02630#2,HG02717#1,HG02818#2,HG02886#2,HG03098#2,HG03492#2
40276	B:23135846:23135849:>23135847>23135848	branch	ins_branch	23135846	23135849	>23135847>23135848	23135847+:T,23135848+:A	TA	0	76240109	76240109	True	indel	truth	graph	normal_absent_HPRC_other	27	16	0.5926	9	4	2	1	14	9	3	1	32	34	True	HG00621#1,HG00741#2,HG01071#2,HG01243#1,HG01358#1,HG01891#2,HG02055#1,HG02080#1,HG02572#2,HG02630#2,HG02717#1,HG02886#2,HG03098#2,HG03492#2,NA20129#1,NA21309#1
40329	B:23213086:23213088:>23213087	branch	ins_branch	23213086	23213088	>23213087	23213087+:TGTG	TGTG	0	78839496	78839496	True	indel	truth	graph	normal_present_broad	83	41	0.494	28	11	2	0	42	31	8	2	41	41	False	HG00438#1,HG00733#2,HG00741#2,HG01071#2,HG01106#1,HG01106#2,HG01175#2,HG01243#1,HG01243#2,HG01891#2,HG01928#1,HG01928#2,HG02080#2,HG02109#1,HG02109#2,HG02148#2,HG02257#1,HG02486#1,HG02486#2,HG02572#2,HG02622#1,HG02622#2,HG02630#1,HG02630#2,HG02717#1,HG02723#1,HG02723#2,HG02818#1,HG02818#2,HG02886#1,HG02886#2,HG03453#2,HG03486#1,HG03486#2,HG03516#1,HG03540#1,HG03540#2,HG03579#1,HG03579#2,NA20129#1,NA21309#1
40338	B:23258594:23258597:>23258596	branch	ins_branch	23258594	23258597	>23258596	23258596+:C	C	0	79790947	79790947	True	indel	truth	graph	normal_absent_HPRC_other	76	1	0.0132	0	1	0	0	38	28	8	2	5	7	True	HG01243#1
40395	B:23853953:23853955:>23853954	branch	ins_branch	23853953	23853955	>23853954	23853954+:A	A	0	3716802	3716802	True	indel	partial	graph	normal_absent_HPRC_other	46	5	0.1087	2	2	0	1	14	25	6	1	29	29	False	HG00735#2,HG02148#1,HG02886#1,HG03486#2,HG03492#2
40395	B:23853962:23853964:>23853963	branch	ins_branch	23853962	23853964	>23853963	23853963+:T	T	0	3716817	3716817	False	indel	germline	graph	normal_absent_HPRC_other	46	34	0.7391	7	21	6	0	14	25	6	1	43	43	False	HG00438#1,HG00438#2,HG00621#2,HG00673#1,HG00733#1,HG00735#1,HG00741#1,HG00741#2,HG01071#1,HG01071#2,HG01106#1,HG01106#2,HG01109#1,HG01123#2,HG01175#2,HG01258#1,HG01358#2,HG01361#2,HG01928#1,HG01928#2,HG01952#1,HG01952#2,HG01978#1,HG02055#2,HG02080#1,HG02080#2,HG02148#1,HG02148#2,HG02486#1,HG02572#1,HG02622#2,HG02630#2,HG02717#2,NA20129#1
40508	S:24096309:24096311	skip	del_skip	24096309	24096311				1	12523409	12523410	True	indel	truth	graph	normal_absent_HPRC_other	76	48	0.6316	26	17	4	1	39	28	8	1	48		False	HG00438#1,HG00438#2,HG00621#2,HG00673#2,HG00733#2,HG00735#2,HG00741#1,HG01071#1,HG01106#1,HG01106#2,HG01123#1,HG01175#1,HG01175#2,HG01358#2,HG01361#1,HG01361#2,HG01891#1,HG01891#2,HG01928#1,HG01928#2,HG01978#1,HG01978#2,HG02055#1,HG02145#1,HG02145#2,HG02148#2,HG02257#2,HG02486#1,HG02559#1,HG02559#2,HG02572#1,HG02622#1,HG02630#1,HG02630#2,HG02717#1,HG02717#2,HG02723#1,HG02818#1,HG02818#2,HG03098#1,HG03098#2,HG03453#2,HG03492#2,HG03516#2,HG03579#2,NA18906#2,NA21309#1,NA21309#2
40526	B:24123506:24123508:>24123507	branch	ins_branch	24123506	24123508	>24123507	24123507+:A	A	0	13835652	13835652	True	indel	truth	graph	normal_absent_HPRC_other	75	35	0.4667	16	16	2	1	36	29	8	2	42	46	True	HG00438#1,HG00733#2,HG00741#2,HG01106#1,HG01106#2,HG01109#2,HG01123#1,HG01123#2,HG01175#1,HG01175#2,HG01258#2,HG01361#2,HG01891#1,HG01891#2,HG01928#1,HG01928#2,HG01952#1,HG01952#2,HG01978#1,HG02080#2,HG02145#1,HG02559#1,HG02559#2,HG02717#1,HG02723#2,HG02886#2,HG03098#1,HG03486#1,HG03486#2,HG03492#1,HG03516#2,NA18906#1,NA18906#2,NA21309#1,NA21309#2
40588	B:24223489:24223492:<24223491	branch	ins_branch	24223489	24223492	<24223491	24223491-:T	T	0	17698451	17698451	True	indel	truth	graph	normal_absent_HPRC_other	84	15	0.1786	8	4	3	0	43	31	8	2	15	31	False	HG00621#1,HG00621#2,HG00673#2,HG01071#1,HG01361#1,HG01361#2,HG01891#1,HG01978#2,HG02055#1,HG02109#1,HG02145#1,HG02145#2,HG02630#1,HG03540#1,HG03540#2
40603	B:24235418:24235420:<24235419	branch	ins_branch	24235418	24235420	<24235419	24235419-:T	T	0	18250774	18250774	True	indel	truth	graph	normal_absent_HPRC_other	78	17	0.2179	10	7	0	0	38	31	7	2	17	17	False	HG01109#2,HG01123#2,HG01258#1,HG01358#2,HG01891#2,HG01952#1,HG01952#2,HG02109#1,HG02145#1,HG02148#2,HG02257#2,HG02486#1,HG02572#2,HG02818#2,HG02886#2,HG03098#2,HG03516#2
40645	B:24287727:24287731:<24287729<24287730	branch	ins_branch	24287727	24287731	<24287729<24287730	24287729-:G,24287730-:T	GT	0	20805114	20805114	True	indel	partial	graph	normal_absent_HPRC_other	74	7	0.0946	4	2	0	1	35	29	8	2	9	28	False	HG00741#2,HG01071#2,HG02109#1,HG02886#2,HG03453#2,HG03492#2,NA21309#2
40645	B:24287739:24287742:<24287740	branch	snv_branch	24287739	24287742	<24287740	24287740-:A	A	1	20805123	20805124	True	snv	partial	graph	normal_absent_HPRC_other	74	10	0.1351	6	4	0	0	35	29	8	2	15	15	False	HG00741#2,HG01109#1,HG01358#2,HG01952#2,HG02055#2,HG02257#2,HG02630#1,HG03486#1,HG03486#2,HG03579#2
40689	S:24330553:24330555	skip	del_skip	24330553	24330555				1	22443915	22443916	True	indel	truth	graph	normal_absent_HPRC_other	77	22	0.2857	12	10	0	0	36	32	7	2	22		False	HG00741#1,HG01109#2,HG01123#2,HG01175#1,HG01175#2,HG01358#2,HG01928#1,HG01952#2,HG02055#2,HG02148#1,HG02148#2,HG02559#1,HG02572#1,HG02630#2,HG02717#2,HG02723#1,HG02886#1,HG02886#2,HG03098#2,HG03453#2,HG03579#1,NA20129#1
40871	B:24960939:24960941:>24960940	branch	ins_branch	24960939	24960941	>24960940	24960940+:T	T	0	30439959	30439959	True	indel	truth	graph	normal_absent_HPRC_other	64	14	0.2188	12	0	1	1	37	20	5	2	14	29	False	HG01891#1,HG02080#1,HG02109#2,HG02486#1,HG02572#1,HG02717#1,HG02717#2,HG02818#1,HG03486#1,HG03492#1,HG03516#1,HG03579#2,NA20129#1,NA21309#1
40998	B:25102981:25102984:>25102983	branch	snv_branch	25102981	25102984	>25102983	25102983+:A	A	1	37843737	37843738	True	snv	truth	graph	normal_absent_HPRC_other	83	25	0.3012	14	4	7	0	42	31	8	2	25	25	False	HG00438#1,HG00438#2,HG00621#1,HG00621#2,HG00673#1,HG00673#2,HG01109#2,HG01928#1,HG01952#1,HG02080#2,HG02148#1,HG02257#2,HG02559#1,HG02559#2,HG02572#1,HG02572#2,HG02622#1,HG02818#1,HG02818#2,HG03098#1,HG03486#2,HG03540#2,NA20129#1,NA21309#1,NA21309#2
41015	B:25251184:25251196:>25251186	branch	replacing_branch	25251184	25251196	>25251186	25251186+:A	A	7	39267330	39267337	True	indel	partial	graph_closest_primary	other_ambiguous	37	2	0.0541	2	0	0	0	12	20	3	2	8	11	False	HG02723#2,HG03540#2
41015	B:25251203:25251206:<25251205	branch	snv_branch	25251203	25251206	<25251205	25251205-:C	C	1	39267359	39267360	True	snv	partial	graph_closest_primary	other_ambiguous	37	1	0.027	1	0	0	0	12	20	3	2	14	14	False	HG03540#2
41125	S:24409129:24409131	skip	del_skip	24409129	24409131				1	44596476	44596477	True	indel	truth	graph	normal_absent_HPRC_other	80	15	0.1875	13	1	1	0	41	29	8	2	15		False	HG00673#2,HG01258#2,HG02055#1,HG02109#1,HG02145#1,HG02486#2,HG02559#1,HG02622#1,HG02818#1,HG03453#2,HG03486#2,HG03516#2,HG03579#1,HG03579#2,NA20129#1
41141	S:24428778:24428780	skip	del_skip	24428778	24428780				1	45504516	45504517	True	indel	truth	graph	normal_absent_HPRC_other	84	13	0.1548	9	2	2	0	45	30	7	2	13		False	HG00621#1,HG00621#2,HG01175#1,HG01361#2,HG01891#2,HG02257#1,HG02257#2,HG02723#2,HG02886#2,HG03098#1,HG03098#2,HG03486#1,NA18906#2
41158	B:24472471:24472473:>24472472	branch	ins_branch	24472471	24472473	>24472472	24472472+:T	T	0	47513849	47513849	True	indel	truth	graph	normal_absent_HPRC_other	76	9	0.1184	2	7	0	0	36	30	8	2	9	12	False	HG00735#1,HG01071#1,HG01106#1,HG01258#1,HG01258#2,HG01928#1,HG01952#1,HG02055#1,HG02055#2
41207	B:24574830:24574833:>24574832	branch	snv_branch	24574830	24574833	>24574832	24574832+:T	T	1	51046533	51046534	True	snv	partial	graph_closest_primary	other_ambiguous	41	41	1.0	19	17	4	1	19	17	4	1	76	77	True	HG00438#1,HG00438#2,HG00735#1,HG00735#2,HG00741#1,HG00741#2,HG01071#2,HG01106#1,HG01109#1,HG01123#2,HG01258#2,HG01358#1,HG01361#1,HG01928#2,HG01952#2,HG01978#1,HG01978#2,HG02055#1,HG02080#1,HG02080#2,HG02109#2,HG02145#2,HG02148#1,HG02148#2,HG02257#1,HG02486#1,HG02486#2,HG02559#1,HG02572#2,HG02630#2,HG02723#1,HG02818#2,HG03486#1,HG03486#2,HG03492#1,HG03516#1,HG03540#2,HG03579#2,NA18906#2,NA21309#1,NA21309#2
41207	B:24574833:24574840:>24574834>24574835>24574836>24574837>24574839	branch	replacing_branch	24574833	24574840	>24574834>24574835>24574836>24574837>24574839	24574834+:C,24574835+:T,24574836+:T,24574837+:T,24574839+:C	CTTTC	1	51046535	51046536	True	indel	partial	graph_closest_primary	other_ambiguous	41	12	0.2927	5	7	0	0	19	17	4	1	15	15	False	HG00735#1,HG00741#2,HG01106#1,HG01123#2,HG01978#2,HG02145#2,HG02148#1,HG02148#2,HG02486#1,HG02572#2,HG02723#1,HG03540#2
41207	B:24574840:24574843:>24574841	branch	snv_branch	24574840	24574843	>24574841	24574841+:T	T	1	51046537	51046538	True	snv	partial	graph_closest_primary	other_ambiguous	41	41	1.0	19	17	4	1	19	17	4	1	69	70	True	HG00438#1,HG00438#2,HG00735#1,HG00735#2,HG00741#1,HG00741#2,HG01071#2,HG01106#1,HG01109#1,HG01123#2,HG01258#2,HG01358#1,HG01361#1,HG01928#2,HG01952#2,HG01978#1,HG01978#2,HG02055#1,HG02080#1,HG02080#2,HG02109#2,HG02145#2,HG02148#1,HG02148#2,HG02257#1,HG02486#1,HG02486#2,HG02559#1,HG02572#2,HG02630#2,HG02723#1,HG02818#2,HG03486#1,HG03486#2,HG03492#1,HG03516#1,HG03540#2,HG03579#2,NA18906#2,NA21309#1,NA21309#2
41227	B:24594112:24594115:>24594114	branch	snv_branch	24594112	24594115	>24594114	24594114+:C	C	1	51856118	51856119	True	snv	truth	graph	normal_absent_HPRC_other	87	9	0.1034	5	0	4	0	45	32	8	2	9	9	False	HG00438#1,HG00438#2,HG00621#2,HG01891#2,HG02080#1,HG02257#1,HG02559#2,HG02630#2,HG02717#1
41448	S:30338981:30338984	skip	del_skip	30338981	30338984				2	6179152	6179154	True	indel	partial	graph	normal_absent_HPRC_other	28	11	0.3929	5	5	0	1	9	16	1	2	21		True	HG00735#2,HG00741#1,HG01106#2,HG01109#2,HG01243#1,HG02257#1,HG02630#2,HG02818#1,HG02818#2,HG03492#2,HG03540#2
41448	S:30338996:30339014	skip	del_skip	30338996	30339014				16	6179183	6179199	True	indel	partial	graph	normal_absent_HPRC_other	28	9	0.3214	3	5	0	1	9	16	1	2	12		False	HG00733#1,HG00741#1,HG01071#2,HG01106#1,HG01243#1,HG02818#1,HG02818#2,HG03098#1,HG03492#1
41464	S:30348921:30348923	skip	del_skip	30348921	30348923				1	6647695	6647696	True	indel	truth	graph	normal_absent_HPRC_other	80	16	0.2	10	4	1	1	40	30	8	2	17		True	HG00621#1,HG00741#2,HG01109#2,HG01175#1,HG01361#1,HG02109#1,HG02559#1,HG02559#2,HG02622#1,HG02622#2,HG02717#1,HG03486#1,HG03492#2,HG03540#1,HG03579#2,NA18906#1
41622	B:30484173:30484175:>30484174	branch	ins_branch	30484173	30484175	>30484174	30484174+:T	T	0	13693863	13693863	True	indel	truth	graph	normal_absent_HPRC_other	79	11	0.1392	3	7	1	0	39	30	8	2	11	12	False	HG00621#1,HG00733#2,HG01071#1,HG01106#1,HG01243#2,HG01258#2,HG01978#1,HG02148#1,HG02257#1,HG03098#1,NA21309#2
41664	B:30521240:30521243:<30521242	branch	snv_branch	30521240	30521243	<30521242	30521242-:T	T	1	15728451	15728452	True	snv	truth	graph	normal_absent_HPRC_other	86	13	0.1512	13	0	0	0	45	32	7	2	13	13	False	HG01891#2,HG02109#1,HG02145#1,HG02145#2,HG02630#1,HG02630#2,HG02723#1,HG02818#1,HG03453#2,HG03486#2,HG03579#2,NA20129#1,NA21309#2
41685	S:30556552:30556554	skip	del_skip	30556552	30556554				1	17440876	17440877	True	indel	truth	graph	normal_absent_HPRC_other	84	32	0.381	17	13	2	0	43	31	8	2	34		True	HG00438#1,HG00733#1,HG00735#1,HG00735#2,HG00741#1,HG00741#2,HG01109#1,HG01123#2,HG01175#1,HG01175#2,HG01243#1,HG01258#2,HG01361#1,HG01952#1,HG02080#2,HG02109#1,HG02145#1,HG02257#2,HG02559#2,HG02622#1,HG02630#1,HG02717#1,HG02723#2,HG02818#1,HG02818#2,HG03098#1,HG03453#2,HG03486#2,HG03516#1,HG03540#2,HG03579#2,NA20129#1
41759	B:30631596:30631599:<30631598	branch	snv_branch	30631596	30631599	<30631598	30631598-:A	A	1	21141824	21141825	True	snv	truth	graph	normal_absent_HPRC_other	76	30	0.3947	23	5	2	0	36	30	8	2	37	37	False	HG00673#2,HG00741#2,HG01109#2,HG01243#1,HG01361#1,HG01891#1,HG01891#2,HG02055#1,HG02055#2,HG02080#1,HG02109#2,HG02148#2,HG02486#2,HG02559#1,HG02559#2,HG02572#1,HG02572#2,HG02622#2,HG02717#1,HG02723#2,HG02818#2,HG03098#1,HG03453#1,HG03486#2,HG03516#1,HG03540#1,HG03540#2,HG03579#1,NA21309#1,NA21309#2
41808	B:30668714:30668716:>30668715	branch	ins_branch	30668714	30668716	>30668715	30668715+:T	T	0	23264063	23264063	True	indel	truth	graph	normal_absent_HPRC_other	85	13	0.1529	4	6	1	2	44	31	8	2	13	13	False	HG00621#1,HG00741#1,HG01106#1,HG01123#1,HG01258#2,HG01361#1,HG01891#1,HG01928#1,HG02145#2,HG02257#2,HG02717#1,HG03492#1,HG03492#2
41811	B:30670271:30670273:>30670272	branch	ins_branch	30670271	30670273	>30670272	30670272+:G	G	0	23334676	23334676	True	indel	truth	graph	normal_absent_HPRC_other	81	16	0.1975	8	7	1	0	40	31	8	2	16	18	False	HG00621#1,HG00733#1,HG00735#2,HG01258#1,HG01258#2,HG01928#1,HG01952#1,HG01952#2,HG02257#1,HG02257#2,HG02630#2,HG02723#1,HG02886#1,HG03486#2,HG03516#2,NA20129#1
41860	B:30712496:30712498:>30712497	branch	ins_branch	30712496	30712498	>30712497	30712497+:ATT	ATT	0	25162415	25162415	True	indel	truth	graph	other_ambiguous	67	11	0.1642	4	5	2	0	33	28	4	2	14	16	False	HG00621#2,HG01071#2,HG01123#1,HG01243#1,HG01258#1,HG01258#2,HG02080#2,HG02572#2,HG02723#2,HG03516#1,NA20129#1
41987	S:30815774:30815776	skip	del_skip	30815774	30815776				2	34631725	34631727	True	indel	partial	graph	normal_absent_HPRC_other	51	17	0.3333	8	7	2	0	26	16	8	1	22		False	HG00438#2,HG00673#2,HG01109#1,HG01109#2,HG01123#2,HG01175#2,HG01891#1,HG01891#2,HG01928#2,HG01952#1,HG01978#2,HG02055#1,HG02109#1,HG02109#2,HG02145#1,HG03098#1,NA20129#1
41987	S:30815779:30815782	skip	del_skip	30815779	30815782				6	34631752	34631758	True	indel	partial	graph	normal_absent_HPRC_other	51	18	0.3529	16	2	0	0	26	16	8	1	21		False	HG01109#1,HG01891#1,HG01891#2,HG01978#2,HG02055#2,HG02109#1,HG02145#1,HG02622#2,HG02630#1,HG02717#2,HG02723#1,HG02818#1,HG03453#1,HG03486#1,HG03486#2,HG03579#1,HG03579#2,NA21309#2
41987	B:30815783:30815799:<30815795	branch	replacing_branch	30815783	30815799	<30815795	30815795-:A	A	26	34631760	34631786	True	indel	partial	graph	normal_absent_HPRC_other	51	19	0.3725	17	2	0	0	26	16	8	1	21	25	False	HG01109#1,HG01891#1,HG01891#2,HG01978#2,HG02055#2,HG02109#1,HG02145#1,HG02622#1,HG02622#2,HG02630#1,HG02717#2,HG02723#1,HG02818#1,HG03453#1,HG03486#1,HG03486#2,HG03579#1,HG03579#2,NA21309#2
41987	B:30815799:30815802:>30815801	branch	snv_branch	30815799	30815802	>30815801	30815801+:A	A	1	34631787	34631788	True	snv	partial	graph	normal_absent_HPRC_other	51	41	0.8039	23	15	3	0	26	16	8	1	49	50	True	HG00438#1,HG00621#1,HG00673#1,HG00741#1,HG01106#1,HG01109#1,HG01109#2,HG01123#2,HG01175#2,HG01243#2,HG01258#1,HG01361#1,HG01891#1,HG01891#2,HG01928#2,HG01952#1,HG01952#2,HG01978#2,HG02055#2,HG02109#1,HG02109#2,HG02145#1,HG02148#1,HG02148#2,HG02257#2,HG02572#2,HG02622#1,HG02622#2,HG02630#1,HG02717#2,HG02723#1,HG02818#1,HG02818#2,HG03098#2,HG03453#1,HG03486#1,HG03486#2,HG03579#1,HG03579#2,NA20129#1,NA21309#2
41987	B:30815802:30815805:>30815804	branch	snv_branch	30815802	30815805	>30815804	30815804+:A	A	1	34631789	34631790	True	snv	partial	graph	normal_absent_HPRC_other	51	40	0.7843	22	15	3	0	26	16	8	1	46	47	True	HG00438#1,HG00621#1,HG00673#1,HG00741#1,HG01106#1,HG01109#1,HG01109#2,HG01123#2,HG01175#2,HG01243#2,HG01258#1,HG01361#1,HG01891#1,HG01891#2,HG01928#2,HG01952#1,HG01952#2,HG01978#2,HG02055#2,HG02109#1,HG02109#2,HG02145#1,HG02148#1,HG02148#2,HG02257#2,HG02572#2,HG02622#1,HG02622#2,HG02630#1,HG02717#2,HG02723#1,HG02818#1,HG03098#2,HG03453#1,HG03486#1,HG03486#2,HG03579#1,HG03579#2,NA20129#1,NA21309#2
41987	B:30815805:30815808:>30815807	branch	snv_branch	30815805	30815808	>30815807	30815807+:A	A	1	34631791	34631792	True	snv	partial	graph	normal_absent_HPRC_other	51	35	0.6863	17	15	3	0	26	16	8	1	41	42	True	HG00438#1,HG00621#1,HG00673#1,HG00741#1,HG01106#1,HG01109#1,HG01109#2,HG01123#2,HG01175#2,HG01243#2,HG01258#1,HG01361#1,HG01891#2,HG01928#2,HG01952#1,HG01952#2,HG01978#2,HG02055#2,HG02109#1,HG02109#2,HG02145#1,HG02148#1,HG02148#2,HG02257#2,HG02572#2,HG02622#1,HG02630#1,HG02717#2,HG02723#1,HG02818#1,HG03098#2,HG03579#1,HG03579#2,NA20129#1,NA21309#2
41987	B:30815808:30815811:>30815810	branch	snv_branch	30815808	30815811	>30815810	30815810+:A	A	1	34631793	34631794	True	snv	partial	graph	normal_absent_HPRC_other	51	18	0.3529	3	13	2	0	26	16	8	1	24	25	True	HG00621#1,HG00673#1,HG00741#1,HG01106#1,HG01109#2,HG01123#2,HG01175#2,HG01243#2,HG01258#1,HG01361#1,HG01928#2,HG01952#1,HG01978#2,HG02109#2,HG02148#1,HG02148#2,HG02257#2,NA21309#2
41987	S:30815814:30815819	skip	del_skip	30815814	30815819				10	34631806	34631816	True	indel	partial	graph	normal_absent_HPRC_other	51	16	0.3137	3	10	3	0	26	16	8	1	23		True	HG00438#1,HG00621#1,HG00673#1,HG00741#1,HG01106#1,HG01109#2,HG01123#2,HG01175#2,HG01243#2,HG01361#1,HG01952#1,HG01952#2,HG01978#2,HG02257#2,HG02818#2,NA20129#1
42051	S:30895240:30895242	skip	del_skip	30895240	30895242				1	39373518	39373519	True	indel	truth	graph	normal_absent_HPRC_other	73	10	0.137	8	1	1	0	33	30	8	2	13		False	HG00438#2,HG00741#1,HG01891#1,HG02145#2,HG02486#2,HG02559#1,HG02818#2,HG02886#2,HG03486#2,HG03579#2
42074	S:30914464:30914467	skip	del_skip	30914464	30914467				1	40543766	40543767	True	indel	truth	graph	normal_absent_HPRC_other	85	11	0.1294	11	0	0	0	44	32	7	2	11		False	HG02109#1,HG02145#2,HG02257#1,HG02559#1,HG02630#2,HG02723#2,HG02818#1,HG03486#1,HG03540#1,HG03579#1,HG03579#2
42077	B:30919404:30919407:<30919406	branch	snv_branch	30919404	30919407	<30919406	30919406-:A	A	1	40808948	40808949	True	snv	truth	graph	normal_absent_HPRC_other	86	24	0.2791	11	8	4	1	44	32	8	2	24	24	False	HG00438#1,HG00438#2,HG00673#1,HG00673#2,HG01109#1,HG01109#2,HG01123#1,HG01175#1,HG01243#1,HG01361#1,HG01891#1,HG01891#2,HG01952#2,HG02055#2,HG02109#2,HG02148#1,HG02257#2,HG02486#1,HG02559#1,HG02630#1,HG02717#1,HG03098#1,HG03492#2,HG03579#2
42084	B:30924627:30924629:<30924628	branch	ins_branch	30924627	30924629	<30924628	30924628-:C	C	0	41165990	41165990	True	indel	truth	graph	normal_absent_HPRC_other	82	13	0.1585	2	7	4	0	40	32	8	2	13	13	False	HG00438#1,HG00621#2,HG00673#2,HG00741#1,HG01071#2,HG01358#1,HG01928#2,HG01952#1,HG01952#2,HG01978#1,HG02055#1,HG02080#2,HG03098#2
42240	B:31056307:31056314:<31056308<31056309<31056310	branch	ins_branch	31056307	31056314	<31056308<31056309<31056310	31056308-:TG,31056309-:TG,31056310-:TG	TGTGTG	0	47998575	47998575	True	indel	partial	graph_closest_primary	other_ambiguous	71	36	0.507	19	12	4	1	33	28	8	2	36	57	True	HG00438#1,HG00673#1,HG00673#2,HG00733#1,HG00735#2,HG00741#1,HG00741#2,HG01123#1,HG01123#2,HG01175#1,HG01175#2,HG01258#2,HG01361#1,HG01891#1,HG01952#1,HG02055#1,HG02080#2,HG02109#1,HG02148#2,HG02257#2,HG02486#2,HG02559#2,HG02630#1,HG02717#2,HG02723#2,HG02818#2,HG02886#2,HG03453#2,HG03486#1,HG03492#1,HG03516#1,HG03540#2,NA18906#2,NA20129#1,NA20129#2,NA21309#2
42466	S:31307233:31307237	skip	del_skip	31307233	31307237				3	59637696	59637699	True	indel	truth	graph	normal_absent_HPRC_other	87	1	0.0115	1	0	0	0	45	32	8	2	1		True	HG03516#2
42792	B:32482544:32482546:<32482545	branch	ins_branch	32482544	32482546	<32482545	32482545-:A	A	0	19400250	19400250	True	indel	truth	graph	normal_absent_HPRC_other	82	13	0.1585	4	7	2	0	43	30	8	1	13	13	False	HG00673#2,HG00735#1,HG01071#1,HG01258#2,HG01952#1,HG01952#2,HG01978#1,HG01978#2,HG02055#1,HG02080#1,HG03453#1,HG03540#2,NA21309#2
42979	B:31767030:31767033:<31767032	branch	snv_branch	31767030	31767033	<31767032	31767032-:A	A	1	25150870	25150871	True	snv	truth	graph	normal_absent_HPRC_other	88	26	0.2955	21	4	1	0	46	32	8	2	26	26	False	HG00741#2,HG01109#1,HG01243#1,HG01243#2,HG01891#1,HG01891#2,HG02055#1,HG02055#2,HG02080#2,HG02145#2,HG02486#1,HG02486#2,HG02572#1,HG02630#1,HG02818#1,HG02818#2,HG02886#1,HG02886#2,HG03098#2,HG03453#1,HG03486#1,HG03540#2,HG03579#2,NA18906#2,NA20129#2,NA21309#1
43046	B:31816318:31816321:<31816320	branch	snv_branch	31816318	31816321	<31816320	31816320-:A	A	1	27594780	27594781	True	snv	truth	graph	normal_absent_HPRC_other	88	10	0.1136	7	2	1	0	46	32	8	2	10	10	False	HG01175#1,HG02055#2,HG02080#1,HG02145#1,HG02145#2,HG02148#2,HG02486#2,HG02717#1,HG02818#1,HG03486#1
43277	S:32170469:32170467	skip	del_skip	32170469	32170467				1	40781012	40781013	True	indel	truth	graph	normal_absent_HPRC_other	87	48	0.5517	28	15	4	1	46	31	8	2	48		True	HG00438#1,HG00438#2,HG00621#1,HG00673#2,HG00733#2,HG00735#1,HG00735#2,HG00741#2,HG01071#2,HG01106#1,HG01123#1,HG01243#1,HG01258#1,HG01258#2,HG01361#1,HG01891#1,HG01891#2,HG01928#2,HG01952#1,HG01952#2,HG01978#2,HG02055#1,HG02055#2,HG02109#1,HG02109#2,HG02257#2,HG02559#1,HG02559#2,HG02572#1,HG02572#2,HG02622#1,HG02630#1,HG02630#2,HG02717#1,HG02717#2,HG02723#2,HG02886#1,HG02886#2,HG03098#2,HG03453#2,HG03486#2,HG03492#1,HG03516#1,HG03579#1,HG03579#2,NA18906#2,NA20129#1,NA21309#1
43341	B:32186966:32186969:>32186967	branch	ins_branch	32186966	32186969	>32186967	32186967+:GATA	GATA	0	44721336	44721336	True	indel	truth	graph	normal_absent_HPRC_other	86	27	0.314	15	7	3	2	45	32	7	2	27	36	False	HG00438#2,HG00673#2,HG01071#2,HG01109#2,HG01175#2,HG01243#2,HG01258#1,HG01258#2,HG01361#2,HG02080#2,HG02109#1,HG02486#2,HG02559#1,HG02572#2,HG02622#1,HG02630#1,HG02630#2,HG02717#2,HG02886#2,HG03486#2,HG03492#1,HG03492#2,HG03516#2,HG03579#2,NA18906#2,NA20129#2,NA21309#2
43547	B:32692358:32692356:>32692357	branch	ins_branch	32692358	32692356	>32692357	32692357+:CT	CT	0	24204606	24204606	True	indel	germline	graph	normal_absent_HPRC_other	60	15	0.25	3	9	3	0	24	28	6	2	15	21	False	HG00621#2,HG00673#1,HG00733#2,HG01071#1,HG01109#1,HG01243#1,HG01358#2,HG01361#1,HG01952#1,HG01978#1,HG01978#2,HG02080#2,HG02109#1,HG02257#1,HG03453#2
43547	B:32692352:32692349:>32692351	branch	snv_branch	32692352	32692349	>32692351	32692351+:A	A	1	24204636	24204637	True	snv	partial	graph	normal_absent_HPRC_other	60	8	0.1333	4	4	0	0	24	28	6	2	13	13	False	HG00733#2,HG01109#1,HG01123#1,HG01361#2,HG02559#1,HG03453#2,HG03486#1,NA18906#1
43850	B:33184758:33184761:>33184760	branch	snv_branch	33184758	33184761	>33184760	33184760+:T	T	1	44184380	44184381	True	snv	truth	graph	normal_absent_HPRC_other	88	33	0.375	17	15	0	1	46	32	8	2	33	33	False	HG00733#1,HG00741#1,HG00741#2,HG01071#1,HG01071#2,HG01123#1,HG01123#2,HG01175#1,HG01243#2,HG01358#1,HG01358#2,HG01361#1,HG01361#2,HG01978#2,HG02109#2,HG02148#2,HG02257#1,HG02486#1,HG02486#2,HG02559#1,HG02559#2,HG02572#2,HG02622#1,HG02717#2,HG03098#2,HG03486#2,HG03492#2,HG03540#1,HG03540#2,HG03579#1,HG03579#2,NA18906#1,NA20129#1
43891	B:33275729:33275731:<33275730	branch	ins_branch	33275729	33275731	<33275730	33275730-:C	C	0	47540371	47540371	True	indel	truth	graph	normal_absent_HPRC_other	81	13	0.1605	7	4	1	1	39	32	8	2	13	13	False	HG01071#1,HG01106#1,HG01243#1,HG01258#1,HG02080#1,HG02257#1,HG02257#2,HG02486#1,HG03098#1,HG03453#2,HG03492#2,HG03516#1,HG03579#1
