truth_id	chrom	vcf_pos	kind2	category	sub_class	group	carrier_level	sp_pattern	n_superpops	n_populations	carrier_populations	n_individuals	private	CHM13	fiberseq_perfect	ONT_perfect	Illumina_perfect	AFR_carriers	AMR_carriers	EAS_carriers	SAS_carriers	AFR_complete	AMR_complete	EAS_complete	SAS_complete	ACB_carriers	ASW_carriers	ESN_carriers	GWD_carriers	MKK_carriers	MSL_carriers	YRI_carriers	CLM_carriers	PEL_carriers	PUR_carriers	CHS_carriers	KHV_carriers	PJL_carriers	ACB_complete	ASW_complete	ESN_complete	GWD_complete	MKK_complete	MSL_complete	YRI_complete	CLM_complete	PEL_complete	PUR_complete	CHS_complete	KHV_complete	PJL_complete
138	chr1	16062380	INDEL	normal_absent_HPRC_other	exact_allele	absent: exact allele in HPRC	exact	AFR+AMR	2	6	ACB,GWD,MKK,MSL,YRI,PUR	15	shared	False	True	False	True	12	3	0	0	38	29	8	0	2	0	0	5	1	3	1	0	0	3	0	0	0	12	2	1	11	2	8	2	7	8	14	6	2	0
293	chr1	35343874	SNV	normal_absent_HPRC_other	exact_allele	absent: exact allele in HPRC	exact	AFR+AMR+EAS	3	6	ACB,CLM,PEL,PUR,CHS,KHV	9	shared	False	True	True	True	1	4	5	0	40	30	6	2	1	0	0	0	0	0	0	1	2	1	4	1	0	12	2	2	13	2	7	2	8	7	15	5	1	2
320	chr1	38176148	INDEL	normal_absent_HPRC_other	exact_allele	absent: exact allele in HPRC	exact	AFR+AMR+EAS+SAS	4	13	ACB,ASW,ESN,GWD,MKK,MSL,YRI,CLM,PEL,PUR,CHS,KHV,PJL	33	shared	True	False	False	True	27	11	5	1	44	29	8	1	9	2	1	9	2	3	1	4	1	6	3	2	1	13	2	2	16	2	7	2	8	5	16	6	2	1
366	chr1	43259298	INDEL	normal_absent_HPRC_other	exact_allele	absent: exact allele in HPRC	exact	AFR	1	4	ACB,ASW,ESN,GWD	8	one superpopulation	False	False	False	True	9	0	0	0	43	32	6	2	5	1	1	2	0	0	0	0	0	0	0	0	0	13	2	2	16	2	6	2	8	8	16	5	1	2
387	chr1	46893111	INDEL	normal_present_broad	hapX_only	COLO829BL present, broad	exact	AFR+AMR+EAS+SAS	4	10	ACB,ESN,GWD,MSL,YRI,CLM,PEL,PUR,CHS,PJL	24	shared	False	True	False	True	11	14	1	1	45	31	7	2	2	0	1	6	0	1	1	1	5	8	1	0	1	14	2	2	16	2	7	2	7	8	16	5	2	2
415	chr1	49235997	INDEL	normal_absent_HPRC_other	exact_allele	absent: exact allele in HPRC	exact	AFR+AMR+SAS	3	9	ACB,ASW,ESN,GWD,MSL,CLM,PEL,PUR,PJL	28	shared	False	True	True	True	20	18	0	2	44	30	7	2	10	1	1	5	0	3	0	3	7	8	0	0	2	13	2	2	16	2	7	2	8	8	14	6	1	2
521	chr1	58128456	INDEL	normal_present_broad	hapX_only	COLO829BL present, broad	exact	AFR+AMR+EAS	3	12	ACB,ASW,ESN,GWD,MKK,MSL,YRI,CLM,PEL,PUR,CHS,KHV	26	shared	False	True	True	True	20	7	5	0	46	32	8	2	3	1	1	7	2	5	1	2	1	4	3	2	0	14	2	2	16	2	8	2	8	8	16	6	2	2
551	chr1	61200010	INDEL	normal_present_rare	hapX_only	COLO829BL present, rare	exact	none	0	0		0	none	False	True	False	False	0	0	0	0	15	17	5	1	0	0	0	0	0	0	0	0	0	0	0	0	0	5	0	1	6	1	1	1	5	4	8	4	1	1
682	chr1	73838149	INDEL	normal_absent_HPRC_other	exact_allele	absent: exact allele in HPRC	exact	AFR+AMR+EAS	3	7	ACB,ESN,GWD,CLM,PEL,PUR,CHS	16	shared	True	True	True	True	6	11	1	0	45	32	8	2	1	0	1	4	0	0	0	4	1	6	1	0	0	14	2	2	16	2	7	2	8	8	16	6	2	2
862	chr1	91909705	INDEL	normal_present_broad	hapX_only	COLO829BL present, broad	exact	AFR+AMR+EAS	3	6	ACB,GWD,PEL,PUR,CHS,KHV	11	shared	False	True	True	True	5	5	2	0	25	22	8	2	3	0	0	2	0	0	0	0	1	4	1	1	0	9	1	1	9	1	3	1	4	5	13	6	2	2
949	chr1	100538627	INDEL	other_ambiguous		ambiguous	exact	none	0	0		0	none	False	False	True	False	0	0	0	0	20	15	3	0	0	0	0	0	0	0	0	0	0	0	0	0	0	8	1	1	5	2	2	1	2	4	9	1	2	0
991	chr1	104650560	INDEL	normal_absent_HPRC_other	exact_allele	absent: exact allele in HPRC	exact	AFR+AMR+EAS	3	3	ACB,PEL,CHS	6	shared	True	True	True	True	3	1	2	0	36	24	7	2	3	0	0	0	0	0	0	0	1	0	2	0	0	8	2	1	15	1	7	2	5	6	13	6	1	2
1042	chr1	107578701	SNV	normal_absent_HPRC_other	exact_allele	absent: exact allele in HPRC	exact	AFR+AMR+EAS+SAS	4	10	ACB,ASW,GWD,MKK,MSL,CLM,PEL,PUR,CHS,PJL	24	shared	False	True	True	True	15	13	1	1	46	32	8	2	4	1	0	4	2	4	0	3	4	6	1	0	1	14	2	2	16	2	8	2	8	8	16	6	2	2
1106	chr1	116805355	INDEL	normal_absent_HPRC_other	exact_allele	absent: exact allele in HPRC	exact	AFR+AMR+EAS	3	10	ACB,ASW,ESN,GWD,MKK,MSL,YRI,PEL,PUR,CHS	23	shared	False	True	True	True	21	5	1	0	34	32	8	2	7	1	1	4	2	5	1	0	1	4	1	0	0	11	2	2	11	2	5	1	8	8	16	6	2	2
1137	chr1	121336587	INDEL	normal_present_broad	hapX_only	COLO829BL present, broad	exact	AFR+AMR+SAS	3	8	ACB,ASW,GWD,MKK,MSL,PEL,PUR,PJL	15	shared	False	False	True	True	13	2	0	1	27	10	1	2	2	1	0	5	1	4	0	0	1	1	0	0	1	8	1	0	11	1	5	1	1	3	6	0	1	2
1164	chr1	146654242	INDEL	normal_present_broad	hapX_only	COLO829BL present, broad	exact	AFR+AMR+EAS	3	10	ACB,ASW,GWD,MKK,MSL,YRI,CLM,PEL,PUR,CHS	27	shared	False	True	True	True	20	13	2	0	46	32	8	2	6	1	0	7	1	3	2	4	2	7	2	0	0	14	2	2	16	2	8	2	8	8	16	6	2	2
1166	chr1	146661847	INDEL	normal_absent_HPRC_other	element_set_other_allele	absent: only the nodes in HPRC	nodes	AFR+AMR+EAS+SAS	4	13	ACB,ASW,ESN,GWD,MKK,MSL,YRI,CLM,PEL,PUR,CHS,KHV,PJL	42	shared	False	True	True	True	37	24	6	2	46	32	8	2	10	1	2	13	2	7	2	7	4	13	4	2	2	14	2	2	16	2	8	2	8	8	16	6	2	2
1168	chr1	146691647	INDEL	normal_present_broad	hapX_only	COLO829BL present, broad	exact	AFR+AMR+EAS+SAS	4	13	ACB,ASW,ESN,GWD,MKK,MSL,YRI,CLM,PEL,PUR,CHS,KHV,PJL	40	shared	False	False	False	True	26	25	8	1	46	32	8	2	7	2	1	6	2	6	2	6	7	12	6	2	1	14	2	2	16	2	8	2	8	8	16	6	2	2
1170	chr1	146927910	INDEL	normal_present_broad	hapX_only	COLO829BL present, broad	exact	AFR+AMR+EAS+SAS	4	10	ACB,ESN,GWD,MKK,MSL,CLM,PEL,PUR,CHS,PJL	16	shared	False	False	True	True	8	6	3	2	45	32	8	2	2	0	1	2	1	2	0	1	2	3	3	0	2	14	2	2	16	2	8	1	8	8	16	6	2	2
1182	chr1	148105470	INDEL	normal_present_broad	hapX_only	COLO829BL present, broad	exact	AFR+AMR+EAS	3	11	ACB,ASW,ESN,GWD,MKK,MSL,CLM,PEL,PUR,CHS,KHV	26	shared	False	True	True	True	23	9	2	0	42	31	8	2	8	2	2	6	1	4	0	1	2	6	1	1	0	14	2	2	14	2	7	1	8	8	15	6	2	2
1183	chr1	148112104	INDEL	normal_present_broad	hapX_only	COLO829BL present, broad	exact	AFR+AMR+EAS	3	12	ACB,ASW,ESN,GWD,MKK,MSL,YRI,CLM,PEL,PUR,CHS,KHV	24	shared	False	True	True	True	21	6	2	0	38	28	8	2	6	2	2	7	1	2	1	1	2	3	1	1	0	12	2	2	14	2	5	1	8	8	12	6	2	2
1184	chr1	148112152	INDEL	normal_present_rare	hapX_only	COLO829BL present, rare	exact	AFR+AMR+EAS	3	8	ACB,ASW,ESN,GWD,CLM,PEL,PUR,KHV	11	shared	False	True	False	True	6	5	1	0	31	27	8	2	2	2	1	1	0	0	0	1	1	3	0	1	0	9	2	1	13	1	4	1	8	7	12	6	2	2
1201	chr1	150726447	INDEL	normal_absent_HPRC_other	exact_allele	absent: exact allele in HPRC	exact	AFR+AMR	2	2	ACB,PEL	2	shared	False	False	False	True	1	1	0	0	37	26	7	2	1	0	0	0	0	0	0	0	1	0	0	0	0	12	2	1	12	2	7	1	5	7	14	6	1	2
1359	chr1	164084790	INDEL	normal_absent_HPRC_other	exact_allele	absent: exact allele in HPRC	exact	AFR+AMR	2	5	ACB,GWD,MSL,PEL,PUR	15	shared	True	True	False	True	15	4	0	0	46	28	7	1	5	0	0	6	0	4	0	0	1	3	0	0	0	14	2	2	16	2	8	2	7	6	15	6	1	1
1418	chr1	166444800	INDEL	normal_absent_HPRC_other	exact_allele	absent: exact allele in HPRC	exact	AFR+AMR+EAS	3	8	ACB,ASW,ESN,GWD,MKK,MSL,PUR,CHS	15	shared	True	False	False	True	9	6	2	0	40	30	8	2	2	2	1	2	1	1	0	0	0	6	2	0	0	12	2	2	13	2	7	2	8	8	14	6	2	2
1632	chr1	180551289	INDEL	other_ambiguous		ambiguous	exact	none	0	0		0	none	False	False	False	True	0	0	0	0	14	9	6	1	0	0	0	0	0	0	0	0	0	0	0	0	0	3	0	1	4	1	4	1	2	1	6	4	2	1
1773	chr1	190799978	INDEL	normal_absent_HPRC_other	exact_allele	absent: exact allele in HPRC	exact	AFR+AMR+SAS	3	5	GWD,MSL,CLM,PUR,PJL	6	shared	False	False	False	True	3	2	0	1	32	29	8	2	0	0	0	2	0	1	0	1	0	1	0	0	1	9	2	2	9	1	7	2	6	8	15	6	2	2
1852	chr1	195279387	INDEL	normal_absent_HPRC_other	exact_allele	absent: exact allele in HPRC	exact	AFR+AMR+EAS	3	6	ACB,GWD,MSL,CLM,PUR,KHV	12	shared	False	True	True	True	11	2	1	0	43	27	8	2	3	0	0	6	0	2	0	1	0	1	0	1	0	12	2	2	15	2	8	2	6	8	13	6	2	2
1859	chr1	195783880	INDEL	normal_absent_HPRC_other	exact_allele	absent: exact allele in HPRC	exact	AFR+AMR+EAS+SAS	4	11	ACB,GWD,MKK,MSL,YRI,CLM,PEL,PUR,CHS,KHV,PJL	32	shared	True	False	False	True	16	19	7	1	45	32	8	2	5	0	0	6	1	3	1	5	4	10	5	2	1	14	2	2	15	2	8	2	8	8	16	6	2	2
1874	chr1	196118298	SNV	other_ambiguous		ambiguous	exact	none	0	0		0	none	False	True	False	True	0	0	0	0	41	26	8	1	0	0	0	0	0	0	0	0	0	0	0	0	0	12	1	2	15	1	8	2	5	7	14	6	2	1
1996	chr1	207872090	INDEL	normal_absent_HPRC_other	exact_allele	absent: exact allele in HPRC	exact	AMR+EAS	2	4	CLM,PEL,PUR,CHS	5	shared	False	True	True	True	0	4	1	0	38	24	5	2	0	0	0	0	0	0	0	1	1	2	1	0	0	13	2	1	14	0	6	2	4	7	13	4	1	2
2023	chr1	209294567	INDEL	normal_absent_HPRC_other	exact_allele	absent: exact allele in HPRC	exact	AFR+AMR	2	5	ACB,ESN,GWD,CLM,PUR	6	shared	False	False	False	True	4	2	0	0	26	21	7	2	2	0	1	1	0	0	0	1	0	1	0	0	0	9	2	2	7	1	4	1	4	5	12	6	1	2
2115	chr1	217390078	SNV	normal_absent_HPRC_other	exact_allele	absent: exact allele in HPRC	exact	AFR+AMR	2	6	ACB,ASW,ESN,GWD,MSL,PUR	17	shared	False	True	True	True	17	2	0	0	46	32	8	2	9	1	1	4	0	2	0	0	0	2	0	0	0	14	2	2	16	2	8	2	8	8	16	6	2	2
2133	chr1	218527014	INDEL	normal_absent_HPRC_other	exact_allele	absent: exact allele in HPRC	exact	AFR+AMR+SAS	3	9	ACB,ASW,ESN,GWD,MSL,CLM,PEL,PUR,PJL	18	shared	True	False	False	True	12	6	0	1	38	30	7	2	2	1	1	6	0	2	0	1	3	2	0	0	1	10	2	2	13	2	7	2	7	8	15	5	2	2
2190	chr1	222346508	INDEL	normal_absent_HPRC_other	element_set_other_allele	absent: only the nodes in HPRC	nodes	AFR+AMR+SAS	3	6	GWD,MKK,MSL,CLM,PUR,PJL	7	shared	True	True	True	True	3	3	0	1	43	24	7	2	0	0	0	1	1	1	0	1	0	2	0	0	1	11	2	2	16	2	8	2	8	4	12	5	2	2
2430	chr1	239922092	INDEL	normal_absent_HPRC_other	exact_allele	absent: exact allele in HPRC	exact	AFR+AMR+EAS	3	10	ACB,ASW,GWD,MSL,YRI,CLM,PEL,PUR,CHS,KHV	16	shared	False	True	False	True	8	7	3	0	23	25	6	1	3	1	0	1	0	2	1	1	4	2	1	2	0	8	2	1	5	1	4	2	8	6	11	4	2	1
2518	chr1	245652102	INDEL	normal_absent_HPRC_other	exact_allele	absent: exact allele in HPRC	exact	AFR+AMR+EAS	3	4	GWD,PEL,PUR,CHS	7	shared	False	False	False	True	1	5	1	0	29	25	5	1	0	0	0	1	0	0	0	0	1	4	1	0	0	9	2	0	11	2	4	1	6	5	14	4	1	1
2537	chr1	247169810	INDEL	normal_present_broad	hapX_only	COLO829BL present, broad	exact	AFR+AMR+EAS	3	9	ACB,ESN,GWD,MKK,MSL,CLM,PEL,PUR,CHS	29	shared	True	True	False	False	16	13	3	0	45	32	8	2	5	0	1	6	1	3	0	4	5	4	3	0	0	13	2	2	16	2	8	2	8	8	16	6	2	2
2561	chr1	248440485	INDEL	normal_absent_HPRC_other	element_set_other_allele	absent: only the nodes in HPRC	nodes	AFR+AMR+EAS+SAS	4	10	ACB,ESN,GWD,MSL,YRI,CLM,PUR,CHS,KHV,PJL	21	shared	False	True	False	True	16	3	2	1	40	30	8	2	5	0	1	5	0	4	1	1	0	2	1	1	1	12	2	2	13	2	8	1	8	8	14	6	2	2
2562	chr1	248443595	INDEL	normal_present_broad	hapX_only:path_allele	COLO829BL present, broad	exact	AFR+AMR+EAS+SAS	4	7	ESN,GWD,MSL,CLM,CHS,KHV,PJL	13	shared	True	True	True	False	10	1	2	1	30	29	8	2	0	0	1	6	0	3	0	1	0	0	1	1	1	7	2	2	12	1	4	2	8	8	13	6	2	2
2563	chr1	248449862	INDEL	normal_present_rare	hapX_only	COLO829BL present, rare	exact	AFR+AMR+EAS+SAS	4	6	GWD,MSL,CLM,PUR,KHV,PJL	9	shared	True	True	True	True	6	2	1	1	22	26	4	2	0	0	0	5	0	1	0	1	0	1	0	1	1	5	1	1	10	1	2	2	8	6	12	3	1	2
2569	chr1	248570328	INDEL	normal_absent_HPRC_other	exact_allele	absent: exact allele in HPRC	exact	AFR	1	5	ACB,ESN,GWD,MKK,MSL	10	one superpopulation	False	False	True	True	10	0	0	0	46	32	8	2	4	0	1	2	1	2	0	0	0	0	0	0	0	14	2	2	16	2	8	2	8	8	16	6	2	2
2570	chr1	248675549	SNV	normal_absent_HPRC_other	element_set_other_allele	absent: only the nodes in HPRC	nodes	AFR+AMR+SAS	3	8	ACB,ASW,GWD,MSL,CLM,PEL,PUR,PJL	10	shared	False	True	True	False	5	4	0	1	38	31	5	2	2	1	0	1	0	1	0	2	1	1	0	0	1	10	2	2	13	2	7	2	8	8	15	3	2	2
2627	chr2	1890069	INDEL	normal_absent_HPRC_other	exact_allele	absent: exact allele in HPRC	exact	AFR+AMR+EAS+SAS	4	12	ACB,ASW,ESN,GWD,MKK,MSL,CLM,PEL,PUR,CHS,KHV,PJL	32	shared	True	True	False	True	23	13	5	2	40	29	8	2	7	1	1	8	1	5	0	6	1	6	4	1	2	13	1	2	14	2	7	1	8	8	13	6	2	2
2676	chr2	3697621	INDEL	normal_absent_HPRC_other	exact_allele	absent: exact allele in HPRC	exact	AFR+AMR+EAS+SAS	4	5	ACB,CLM,PUR,CHS,PJL	7	shared	False	True	True	True	1	3	3	1	33	28	8	2	1	0	0	0	0	0	0	2	0	1	3	0	1	12	2	0	8	1	8	2	6	7	15	6	2	2
2704	chr2	4440465	INDEL	normal_absent_HPRC_other	exact_allele	absent: exact allele in HPRC	exact	AFR+AMR+EAS+SAS	4	10	ACB,ASW,GWD,MSL,YRI,PEL,PUR,CHS,KHV,PJL	21	shared	False	False	False	True	12	8	2	2	44	27	5	2	3	1	0	6	0	1	1	0	1	7	1	1	2	12	2	2	16	2	8	2	5	6	16	3	2	2
2710	chr2	4643684	SNV	normal_absent_HPRC_other	exact_allele	absent: exact allele in HPRC	exact	AFR	1	5	ACB,ASW,ESN,GWD,MSL	14	one superpopulation	False	True	True	False	19	0	0	0	42	30	7	2	7	1	2	5	0	4	0	0	0	0	0	0	0	12	2	2	16	1	8	1	8	8	14	5	2	2
2719	chr2	5016331	INDEL	normal_absent_HPRC_other	exact_allele	absent: exact allele in HPRC	exact	AFR+AMR	2	5	ASW,MKK,CLM,PEL,PUR	8	shared	False	True	True	True	3	6	0	0	29	26	6	2	0	2	0	0	1	0	0	1	2	3	0	0	0	7	2	0	10	2	6	2	6	5	15	5	1	2
2780	chr2	6763126	INDEL	normal_absent_HPRC_other	exact_allele	absent: exact allele in HPRC	exact	AFR+AMR+SAS	3	7	ACB,GWD,MKK,MSL,CLM,PEL,PJL	8	shared	False	False	False	True	6	2	0	1	37	26	8	2	2	0	0	1	2	1	0	1	1	0	0	0	1	11	1	2	14	2	6	1	8	6	12	6	2	2
2798	chr2	7855756	INDEL	other_ambiguous		ambiguous	exact	none	0	0		0	none	False	False	False	True	0	0	0	0	17	15	3	2	0	0	0	0	0	0	0	0	0	0	0	0	0	8	1	1	4	0	2	1	4	6	5	2	1	2
2808	chr2	8015073	INDEL	normal_absent_HPRC_other	exact_allele	absent: exact allele in HPRC	exact	AFR+EAS	2	6	ACB,ASW,GWD,MSL,CHS,KHV	8	shared	False	False	False	True	6	0	2	0	44	31	7	2	3	1	0	1	0	1	0	0	0	0	1	1	0	14	2	2	14	2	8	2	8	8	15	5	2	2
2826	chr2	9444160	SNV	normal_absent_HPRC_other	exact_allele	absent: exact allele in HPRC	exact	AFR	1	1	ASW	1	one individual	False	True	True	True	1	0	0	0	32	26	8	1	0	1	0	0	0	0	0	0	0	0	0	0	0	10	2	1	11	1	5	2	7	8	11	6	2	1
2975	chr2	17622532	INDEL	normal_absent_HPRC_other	exact_allele	absent: exact allele in HPRC	exact	AFR+AMR+EAS	3	6	ASW,GWD,MSL,CLM,PUR,CHS	7	shared	False	True	True	True	4	3	1	0	37	22	5	0	0	1	0	1	0	2	0	2	0	1	1	0	0	9	2	2	14	0	8	2	7	2	13	3	2	0
3212	chr2	33465969	INDEL	normal_absent_HPRC_other	exact_allele	absent: exact allele in HPRC	exact	AFR+AMR+EAS+SAS	4	11	ACB,ESN,GWD,MKK,MSL,YRI,CLM,PEL,PUR,KHV,PJL	31	shared	True	False	False	True	24	14	1	1	41	31	8	2	8	0	2	7	1	5	1	5	3	6	0	1	1	13	2	2	14	2	6	2	8	8	15	6	2	2
3232	chr2	34881126	INDEL	normal_absent_HPRC_other	exact_allele	absent: exact allele in HPRC	exact	AFR+AMR+EAS	3	9	ACB,ASW,ESN,GWD,MKK,MSL,CLM,PUR,CHS	17	shared	False	True	False	True	12	7	2	0	39	30	8	2	3	1	1	4	1	2	0	1	0	6	2	0	0	13	2	2	13	2	6	1	8	8	14	6	2	2
3269	chr2	36103210	INDEL	normal_absent_HPRC_other	exact_allele	absent: exact allele in HPRC	exact	AFR+AMR	2	4	ACB,GWD,MSL,PUR	9	shared	False	True	True	True	7	2	0	0	41	31	8	2	2	0	0	4	0	1	0	0	0	2	0	0	0	13	2	2	12	2	8	2	7	8	16	6	2	2
3316	chr2	39843901	INDEL	normal_absent_HPRC_other	element_set_other_allele	absent: only the nodes in HPRC	nodes	AFR+AMR+EAS	3	7	ACB,GWD,YRI,CLM,PEL,PUR,CHS	12	shared	False	True	False	True	4	7	1	0	13	25	8	1	1	0	0	2	0	0	1	2	3	2	1	0	0	4	1	1	6	0	0	1	6	7	12	6	2	1
3346	chr2	41737529	SNV	normal_absent_HPRC_other	element_set_other_allele	absent: only the nodes in HPRC	nodes	AFR	1	2	ESN,GWD	2	one superpopulation	False	True	False	False	2	0	0	0	5	6	3	1	0	0	1	1	0	0	0	0	0	0	0	0	0	1	1	1	1	0	1	0	2	0	4	3	0	1
3369	chr2	43854626	INDEL	normal_absent_HPRC_other	exact_allele	absent: exact allele in HPRC	exact	AFR+AMR+EAS	3	11	ACB,ESN,GWD,MKK,MSL,YRI,CLM,PEL,PUR,CHS,KHV	28	shared	False	True	True	True	19	9	6	0	39	31	8	1	5	0	1	8	1	3	1	2	2	5	4	2	0	10	2	2	15	2	6	2	8	8	15	6	2	1
3386	chr2	44965042	INDEL	normal_absent_HPRC_other	exact_allele	absent: exact allele in HPRC	exact	AFR+AMR	2	6	ACB,ESN,GWD,MSL,PEL,PUR	18	shared	False	False	False	True	17	5	0	0	43	30	8	1	6	0	1	7	0	3	0	0	1	4	0	0	0	13	2	2	16	2	6	2	8	7	15	6	2	1
3416	chr2	47604477	INDEL	normal_absent_HPRC_other	exact_allele	absent: exact allele in HPRC	exact	AFR+AMR+EAS+SAS	4	12	ACB,ASW,ESN,GWD,MKK,MSL,CLM,PEL,PUR,CHS,KHV,PJL	38	shared	True	False	False	True	33	17	4	1	42	31	8	2	13	2	1	9	2	6	0	2	6	9	3	1	1	14	2	2	13	2	7	2	8	8	15	6	2	2
3562	chr2	54716050	INDEL	normal_present_rare	hapX_only	COLO829BL present, rare	exact	AFR+AMR+SAS	3	3	GWD,PEL,PJL	3	shared	False	True	False	True	1	1	0	1	40	26	6	2	0	0	0	1	0	0	0	0	1	0	0	0	1	11	2	2	15	2	6	2	6	7	13	5	1	2
3681	chr2	60457670	INDEL	normal_absent_HPRC_other	exact_allele	absent: exact allele in HPRC	exact	AFR+AMR	2	5	ACB,GWD,MSL,CLM,PUR	11	shared	False	False	False	True	8	3	0	0	46	32	8	2	3	0	0	1	0	4	0	1	0	2	0	0	0	14	2	2	16	2	8	2	8	8	16	6	2	2
3727	chr2	65575865	INDEL	normal_absent_HPRC_other	exact_allele	absent: exact allele in HPRC	exact	AFR+AMR+EAS	3	8	ACB,GWD,MKK,MSL,CLM,PEL,PUR,CHS	14	shared	False	True	True	True	8	7	1	0	40	31	7	2	2	0	0	4	1	1	0	2	1	4	1	0	0	12	2	2	13	2	7	2	8	8	15	5	2	2
3795	chr2	69356741	INDEL	normal_absent_HPRC_other	exact_allele	absent: exact allele in HPRC	exact	AFR+AMR+EAS+SAS	4	13	ACB,ASW,ESN,GWD,MKK,MSL,YRI,CLM,PEL,PUR,CHS,KHV,PJL	39	shared	True	False	False	True	32	21	3	2	35	31	7	2	9	1	1	11	2	6	2	6	5	10	2	1	2	10	1	1	12	2	7	2	8	8	15	5	2	2
3796	chr2	69372198	INDEL	normal_absent_HPRC_other	exact_allele	absent: exact allele in HPRC	exact	AFR+AMR	2	6	ACB,GWD,MKK,MSL,YRI,PUR	9	shared	False	False	False	True	6	3	0	0	39	31	7	2	1	0	0	1	1	2	1	0	0	3	0	0	0	12	2	1	13	2	7	2	8	8	15	5	2	2
3858	chr2	74016788	INDEL	normal_absent_HPRC_other	exact_allele	absent: exact allele in HPRC	exact	AFR+AMR+EAS	3	7	ACB,GWD,MSL,CLM,PEL,PUR,CHS	18	shared	False	True	True	True	14	5	1	0	40	30	8	2	8	0	0	4	0	2	0	2	1	2	1	0	0	12	2	0	15	2	7	2	8	8	14	6	2	2
3889	chr2	76064343	INDEL	normal_absent_HPRC_other	exact_allele	absent: exact allele in HPRC	exact	AFR+AMR	2	6	ACB,ASW,ESN,GWD,MSL,PUR	17	shared	False	False	False	True	20	2	0	0	43	32	8	1	8	1	1	5	0	5	0	0	0	2	0	0	0	13	2	2	15	2	7	2	8	8	16	6	2	1
4000	chr2	81007818	INDEL	normal_absent_HPRC_other	exact_allele	absent: exact allele in HPRC	exact	AFR+AMR+EAS+SAS	4	12	ACB,ASW,ESN,GWD,MSL,YRI,CLM,PEL,PUR,CHS,KHV,PJL	38	shared	True	False	False	True	25	20	6	1	37	32	8	2	8	2	1	10	0	2	2	5	3	12	4	2	1	12	2	2	12	2	5	2	8	8	16	6	2	2
4021	chr2	81544843	INDEL	normal_absent_HPRC_other	exact_allele	absent: exact allele in HPRC	exact	AFR+AMR	2	6	ACB,GWD,MSL,CLM,PEL,PUR	10	shared	False	False	False	True	7	5	0	0	41	29	8	2	2	0	0	3	0	2	0	2	1	2	0	0	0	13	2	2	14	1	7	2	7	8	14	6	2	2
4077	chr2	83010044	INDEL	other_ambiguous		ambiguous	exact	none	0	0		0	none	False	False	True	False	0	0	0	0	44	32	8	2	0	0	0	0	0	0	0	0	0	0	0	0	0	14	2	2	14	2	8	2	8	8	16	6	2	2
4093	chr2	83415970	INDEL	normal_absent_HPRC_other	exact_allele	absent: exact allele in HPRC	exact	AFR+AMR	2	4	ACB,ESN,GWD,PUR	9	shared	False	True	False	True	10	2	0	0	43	32	8	2	5	0	2	3	0	0	0	0	0	2	0	0	0	12	2	2	16	2	8	1	8	8	16	6	2	2
4279	chr2	94795411	INDEL	normal_absent_HPRC_other	exact_allele	absent: exact allele in HPRC	exact	AFR+AMR+SAS	3	10	ACB,ASW,GWD,MKK,MSL,YRI,CLM,PEL,PUR,PJL	21	shared	False	False	False	True	21	4	0	2	41	30	8	2	5	1	0	8	1	4	2	1	1	2	0	0	2	13	2	1	14	2	7	2	8	7	15	6	2	2
4356	chr2	101548301	SNV	normal_absent_HPRC_other	exact_allele	absent: exact allele in HPRC	exact	AFR+AMR+EAS+SAS	4	9	ESN,GWD,MSL,YRI,CLM,PEL,PUR,KHV,PJL	16	shared	False	True	True	True	12	6	1	1	36	30	7	2	0	0	1	6	0	4	1	3	1	2	0	1	1	12	2	1	11	1	8	1	8	8	14	5	2	2
4365	chr2	102181787	SNV	normal_absent_HPRC_other	exact_allele	absent: exact allele in HPRC	exact	AFR+AMR+EAS	3	9	ACB,ESN,GWD,MSL,YRI,CLM,PEL,PUR,CHS	21	shared	False	False	False	True	17	10	1	0	45	31	8	2	4	0	1	7	0	4	1	1	4	5	1	0	0	13	2	2	16	2	8	2	8	8	15	6	2	2
4441	chr2	104300311	INDEL	normal_absent_HPRC_other	exact_allele	absent: exact allele in HPRC	exact	AFR	1	5	ACB,ASW,ESN,GWD,MSL	8	one superpopulation	False	False	False	True	9	0	0	0	45	31	8	2	2	1	1	3	0	2	0	0	0	0	0	0	0	14	2	2	15	2	8	2	8	7	16	6	2	2
4477	chr2	106536030	INDEL	normal_absent_HPRC_other	exact_allele	absent: exact allele in HPRC	exact	AFR+AMR+EAS	3	6	ACB,MSL,CLM,PEL,PUR,CHS	13	shared	True	False	False	True	3	8	2	0	42	29	8	2	2	0	0	0	0	1	0	1	3	4	2	0	0	14	2	1	13	2	8	2	6	8	15	6	2	2
4544	chr2	107897899	SNV	normal_absent_HPRC_other	exact_allele	absent: exact allele in HPRC	exact	AFR	1	4	ACB,GWD,MSL,YRI	9	one superpopulation	False	True	True	True	9	0	0	0	43	32	8	2	1	0	0	5	0	2	1	0	0	0	0	0	0	14	2	2	15	1	7	2	8	8	16	6	2	2
4776	chr2	118199362	INDEL	normal_absent_HPRC_other	exact_allele	absent: exact allele in HPRC	exact	AFR+AMR	2	9	ACB,ASW,ESN,GWD,MKK,MSL,YRI,CLM,PUR	26	shared	False	False	False	True	27	5	0	0	34	30	8	2	10	1	1	9	1	4	1	1	0	4	0	0	0	13	1	2	11	2	4	1	7	8	15	6	2	2
4778	chr2	118246165	INDEL	normal_absent_HPRC_other	exact_allele	absent: exact allele in HPRC	exact	AFR	1	6	ACB,ASW,ESN,GWD,MKK,MSL	20	one superpopulation	False	False	False	True	25	0	0	0	45	32	8	2	8	2	2	7	2	4	0	0	0	0	0	0	0	14	2	2	16	2	7	2	8	8	16	6	2	2
4973	chr2	128653815	INDEL	normal_absent_HPRC_other	exact_allele	absent: exact allele in HPRC	exact	AFR+AMR	2	8	ACB,ASW,GWD,MKK,MSL,YRI,CLM,PUR	13	shared	True	False	False	True	12	2	0	0	46	32	8	2	3	1	0	4	1	2	1	1	0	1	0	0	0	14	2	2	16	2	8	2	8	8	16	6	2	2
4997	chr2	129199129	INDEL	normal_absent_HPRC_other	exact_allele	absent: exact allele in HPRC	exact	AFR+AMR	2	8	ACB,GWD,MKK,MSL,YRI,CLM,PEL,PUR	25	shared	False	False	False	True	21	8	0	0	43	32	8	2	7	0	0	8	2	3	1	3	3	2	0	0	0	12	2	2	15	2	8	2	8	8	16	6	2	2
5435	chr2	150934053	INDEL	normal_absent_HPRC_other	exact_allele	absent: exact allele in HPRC	exact	AFR	1	3	GWD,MSL,YRI	3	one superpopulation	False	False	False	True	3	0	0	0	30	32	8	1	0	0	0	1	0	1	1	0	0	0	0	0	0	8	1	0	11	2	7	1	8	8	16	6	2	1
5506	chr2	154140108	SNV	normal_absent_HPRC_other	exact_allele	absent: exact allele in HPRC	exact	AFR+AMR+SAS	3	9	ACB,ASW,GWD,MKK,MSL,YRI,CLM,PUR,PJL	17	shared	False	True	True	True	15	4	0	2	46	32	8	2	2	1	0	8	1	2	1	2	0	2	0	0	2	14	2	2	16	2	8	2	8	8	16	6	2	2
5669	chr2	165559796	INDEL	normal_absent_HPRC_other	exact_allele	absent: exact allele in HPRC	exact	AFR	1	4	ACB,ASW,GWD,MSL	11	one superpopulation	False	False	False	True	13	0	0	0	44	29	8	2	4	1	0	3	0	5	0	0	0	0	0	0	0	13	2	2	15	2	8	2	6	7	16	6	2	2
5676	chr2	166103449	INDEL	normal_absent_HPRC_other	exact_allele	absent: exact allele in HPRC	exact	AFR+AMR	2	8	ACB,GWD,MKK,MSL,YRI,CLM,PEL,PUR	16	shared	False	False	False	True	11	5	0	0	39	26	7	2	4	0	0	2	1	3	1	1	2	2	0	0	0	11	2	2	14	2	6	2	6	5	15	5	2	2
5848	chr2	179061483	SNV	normal_absent_HPRC_other	exact_allele	absent: exact allele in HPRC	exact	AFR+AMR	2	8	ACB,ASW,ESN,GWD,MSL,YRI,CLM,PUR	16	shared	False	True	True	False	15	3	0	0	41	32	8	2	5	1	1	6	0	1	1	2	0	1	0	0	0	11	2	2	16	2	6	2	8	8	16	6	2	2
6137	chr2	193424159	INDEL	normal_absent_HPRC_other	element_set_other_allele	absent: only the nodes in HPRC	nodes	AFR+AMR+EAS	3	4	ACB,GWD,PEL,CHS	5	shared	False	False	False	True	2	2	1	0	24	26	5	2	1	0	0	1	0	0	0	0	2	0	1	0	0	10	0	0	9	0	5	0	6	8	12	4	1	2
6206	chr2	195192324	INDEL	normal_absent_HPRC_other	exact_allele	absent: exact allele in HPRC	exact	AFR+AMR+EAS	3	7	ACB,GWD,MKK,MSL,PEL,CHS,KHV	9	shared	False	False	False	True	5	3	3	0	38	30	8	2	1	0	0	1	2	1	0	0	3	0	2	1	0	9	1	1	15	2	8	2	8	8	14	6	2	2
6520	chr2	213776826	INDEL	normal_absent_HPRC_other	exact_allele	absent: exact allele in HPRC	exact	AFR+AMR+SAS	3	8	ACB,ASW,GWD,MSL,CLM,PEL,PUR,PJL	15	shared	True	False	False	True	9	7	0	1	42	32	8	2	3	1	0	3	0	2	0	1	2	4	0	0	1	13	2	2	13	2	8	2	8	8	16	6	2	2
6688	chr2	223320656	INDEL	normal_absent_HPRC_other	exact_allele	absent: exact allele in HPRC	exact	AFR+AMR+EAS	3	10	ACB,ESN,GWD,MKK,MSL,YRI,CLM,PEL,PUR,KHV	21	shared	False	False	False	True	17	7	1	0	37	30	7	2	2	0	2	6	2	4	1	2	1	4	0	1	0	7	2	2	15	2	8	1	7	8	15	5	2	2
6733	chr2	226852907	INDEL	normal_absent_HPRC_other	exact_allele	absent: exact allele in HPRC	exact	AFR+AMR	2	8	ACB,ASW,ESN,GWD,MKK,YRI,CLM,PUR	20	shared	False	True	True	True	16	5	0	0	34	25	6	1	5	1	1	7	1	0	1	2	0	3	0	0	0	11	1	2	13	1	4	2	8	6	11	4	2	1
6817	chr2	229650072	INDEL	normal_absent_HPRC_other	exact_allele	absent: exact allele in HPRC	exact	AFR+AMR+SAS	3	10	ACB,ASW,ESN,GWD,MSL,YRI,CLM,PEL,PUR,PJL	21	shared	False	False	False	True	16	8	0	1	42	32	8	2	3	2	1	5	0	3	2	2	2	4	0	0	1	11	2	2	15	2	8	2	8	8	16	6	2	2
6880	chr2	234114233	INDEL	normal_absent_HPRC_other	exact_allele	absent: exact allele in HPRC	exact	AFR+AMR+EAS	3	9	ACB,ESN,GWD,MKK,MSL,YRI,CLM,PUR,CHS	20	shared	False	True	True	True	15	5	2	0	36	29	8	2	5	0	1	3	2	2	2	1	0	4	2	0	0	10	2	2	13	2	5	2	8	7	14	6	2	2
6942	chr2	239069397	SNV	other_ambiguous		ambiguous	exact	none	0	0		0	none	False	True	True	False	0	0	0	0	43	31	6	2	0	0	0	0	0	0	0	0	0	0	0	0	0	14	2	2	14	1	8	2	8	8	15	5	1	2
6943	chr2	239069405	SNV	normal_absent_HPRC_other	element_set_other_allele	absent: only the nodes in HPRC	nodes	AFR+AMR+EAS+SAS	4	10	ACB,ASW,GWD,YRI,CLM,PEL,PUR,CHS,KHV,PJL	12	shared	False	True	True	False	4	6	2	1	43	31	6	2	1	1	0	1	0	0	1	2	1	3	1	1	1	14	2	2	14	1	8	2	8	8	15	5	1	2
7092	chr3	7421916	INDEL	normal_absent_HPRC_other	exact_allele	absent: exact allele in HPRC	exact	AFR+AMR+EAS	3	9	ACB,GWD,MSL,YRI,CLM,PEL,PUR,CHS,KHV	17	shared	False	False	False	True	13	6	3	0	46	32	8	2	4	0	0	4	0	3	2	3	2	1	2	1	0	14	2	2	16	2	8	2	8	8	16	6	2	2
7151	chr3	14969244	INDEL	normal_absent_HPRC_other	exact_allele	absent: exact allele in HPRC	exact	AFR+AMR+EAS	3	6	ACB,GWD,MSL,CLM,PUR,KHV	10	shared	False	False	False	True	7	4	1	0	41	32	8	2	2	0	0	4	0	1	0	1	0	3	0	1	0	11	2	2	15	2	7	2	8	8	16	6	2	2
7180	chr3	17928944	INDEL	normal_absent_HPRC_other	exact_allele	absent: exact allele in HPRC	exact	AFR+AMR+EAS+SAS	4	12	ACB,ESN,GWD,MKK,MSL,YRI,CLM,PEL,PUR,CHS,KHV,PJL	25	shared	True	False	False	True	14	9	5	2	27	24	6	2	3	0	2	5	1	2	1	3	1	5	3	2	2	8	1	2	9	1	4	2	7	6	11	4	2	2
7211	chr3	20721242	INDEL	normal_absent_HPRC_other	exact_allele	absent: exact allele in HPRC	exact	AFR+AMR+EAS+SAS	4	7	GWD,MSL,CLM,PEL,PUR,CHS,PJL	11	shared	False	True	True	True	3	4	3	1	33	25	7	1	0	0	0	1	0	2	0	2	1	1	3	0	1	10	1	1	11	2	7	1	6	8	11	5	2	1
7247	chr3	22752754	INDEL	normal_absent_HPRC_other	exact_allele	absent: exact allele in HPRC	exact	AFR+AMR	2	6	ACB,GWD,MSL,YRI,CLM,PUR	11	shared	False	True	False	True	7	4	0	0	40	28	6	2	2	0	0	2	0	2	1	1	0	3	0	0	0	12	2	2	14	2	6	2	8	5	15	5	1	2
7342	chr3	26209094	SNV	normal_absent_HPRC_other	exact_allele	absent: exact allele in HPRC	exact	AFR+AMR+EAS+SAS	4	12	ACB,ASW,ESN,GWD,MKK,MSL,YRI,CLM,PEL,PUR,CHS,PJL	30	shared	False	True	True	True	34	8	1	1	43	29	7	2	8	1	2	15	2	5	1	4	2	2	1	0	1	13	1	2	16	2	7	2	8	8	13	5	2	2
7383	chr3	26717279	INDEL	normal_absent_HPRC_other	exact_allele	absent: exact allele in HPRC	exact	AFR+AMR+EAS	3	8	ACB,ASW,ESN,GWD,MSL,CLM,PEL,CHS	15	shared	False	False	False	True	12	2	2	0	43	31	8	2	3	1	1	5	0	2	0	1	1	0	2	0	0	14	2	1	14	2	8	2	8	7	16	6	2	2
7395	chr3	26944078	INDEL	normal_absent_HPRC_other	exact_allele	absent: exact allele in HPRC	exact	AFR	1	2	ACB,GWD	3	one superpopulation	True	False	False	True	3	0	0	0	38	28	7	1	1	0	0	2	0	0	0	0	0	0	0	0	0	11	2	1	14	2	7	1	5	8	15	5	2	1
7480	chr3	31885828	INDEL	normal_absent_HPRC_other	exact_allele	absent: exact allele in HPRC	exact	AFR+AMR+EAS+SAS	4	10	ACB,ASW,GWD,MSL,YRI,CLM,PEL,PUR,CHS,PJL	30	shared	False	True	False	True	20	17	2	1	42	32	8	2	8	1	0	7	0	3	1	7	4	6	2	0	1	14	2	1	14	2	7	2	8	8	16	6	2	2
7495	chr3	33252953	INDEL	normal_absent_HPRC_other	exact_allele	absent: exact allele in HPRC	exact	AFR+AMR+EAS	3	8	ACB,GWD,MSL,CLM,PEL,PUR,CHS,KHV	19	shared	False	True	False	True	11	6	4	0	41	32	8	2	6	0	0	3	0	2	0	2	1	3	3	1	0	13	2	2	13	2	7	2	8	8	16	6	2	2
7685	chr3	40322605	INDEL	normal_absent_HPRC_other	exact_allele	absent: exact allele in HPRC	exact	AFR+AMR+EAS+SAS	4	13	ACB,ASW,ESN,GWD,MKK,MSL,YRI,CLM,PEL,PUR,CHS,KHV,PJL	34	shared	True	False	False	True	36	12	5	1	43	31	8	2	8	1	2	15	1	8	1	6	3	3	4	1	1	13	2	2	15	2	8	1	8	8	15	6	2	2
7772	chr3	47650298	SNV	normal_absent_HPRC_other	exact_allele	absent: exact allele in HPRC	exact	AFR+AMR+EAS	3	6	ACB,GWD,MSL,CLM,PUR,CHS	10	shared	False	True	True	True	6	4	1	0	37	32	7	2	2	0	0	2	0	2	0	1	0	3	1	0	0	10	2	2	13	2	7	1	8	8	16	5	2	2
8058	chr3	62363549	INDEL	normal_absent_HPRC_other	exact_allele	absent: exact allele in HPRC	exact	AFR+AMR+EAS	3	9	ACB,GWD,MKK,MSL,YRI,CLM,PEL,PUR,CHS	28	shared	True	False	False	True	20	13	2	0	37	31	8	2	8	0	0	5	1	5	1	3	3	7	2	0	0	12	1	2	13	2	6	1	8	8	15	6	2	2
8155	chr3	67404968	INDEL	normal_absent_HPRC_other	exact_allele	absent: exact allele in HPRC	exact	AFR+AMR+EAS	3	11	ACB,ASW,ESN,GWD,MKK,MSL,YRI,CLM,PEL,PUR,CHS	34	shared	True	False	False	True	22	19	2	0	45	32	8	2	7	1	1	7	2	3	1	3	5	11	2	0	0	14	2	2	15	2	8	2	8	8	16	6	2	2
8263	chr3	73083088	INDEL	other_ambiguous		ambiguous	exact	none	0	0		0	none	False	False	False	True	0	0	0	0	42	29	8	2	0	0	0	0	0	0	0	0	0	0	0	0	0	14	2	2	13	2	8	1	6	8	15	6	2	2
8471	chr3	81212868	INDEL	normal_absent_HPRC_other	exact_allele	absent: exact allele in HPRC	exact	AFR+AMR	2	6	ACB,ASW,GWD,MKK,MSL,PEL	9	shared	False	False	False	True	10	1	0	0	36	32	8	2	3	1	0	2	1	3	0	0	1	0	0	0	0	12	2	2	11	1	7	1	8	8	16	6	2	2
8496	chr3	82811277	INDEL	normal_absent_HPRC_other	exact_allele	absent: exact allele in HPRC	exact	AFR+AMR+EAS+SAS	4	13	ACB,ASW,ESN,GWD,MKK,MSL,YRI,CLM,PEL,PUR,CHS,KHV,PJL	39	shared	True	True	True	False	32	21	8	1	43	30	8	2	8	2	1	13	2	5	1	6	6	9	6	2	1	13	2	1	15	2	8	2	6	8	16	6	2	2
8785	chr3	95093430	INDEL	normal_absent_HPRC_other	exact_allele	absent: exact allele in HPRC	exact	AFR+AMR+EAS	3	7	ACB,ESN,GWD,MSL,PEL,PUR,CHS	18	shared	False	False	False	True	14	3	3	0	45	31	8	2	5	0	1	5	0	3	0	0	1	2	3	0	0	13	2	2	16	2	8	2	8	8	15	6	2	2
8883	chr3	98591981	INDEL	normal_absent_HPRC_other	element_set_other_allele	absent: only the nodes in HPRC	nodes	AFR+AMR+EAS+SAS	4	13	ACB,ASW,ESN,GWD,MKK,MSL,YRI,CLM,PEL,PUR,CHS,KHV,PJL	41	shared	True	True	True	True	30	19	6	1	36	30	8	2	11	1	2	8	1	5	2	7	2	10	4	2	1	13	1	2	10	2	6	2	8	7	15	6	2	2
8986	chr3	103507801	INDEL	normal_absent_HPRC_other	exact_allele	absent: exact allele in HPRC	exact	AFR+AMR+EAS	3	10	ACB,ASW,ESN,GWD,MSL,YRI,CLM,PEL,PUR,CHS	18	shared	True	False	False	True	15	4	1	0	43	28	8	2	4	1	1	7	0	1	1	2	1	1	1	0	0	13	2	2	15	2	7	2	8	4	16	6	2	2
9180	chr3	111752219	INDEL	normal_absent_HPRC_other	exact_allele	absent: exact allele in HPRC	exact	AFR+AMR	2	5	ACB,GWD,MSL,YRI,PUR	13	shared	False	True	True	True	11	2	0	0	43	31	7	2	4	0	0	2	0	4	1	0	0	2	0	0	0	12	2	2	15	2	8	2	7	8	16	6	1	2
9231	chr3	116242765	INDEL	normal_absent_HPRC_other	exact_allele	absent: exact allele in HPRC	exact	AFR+AMR	2	6	ACB,ASW,ESN,GWD,MSL,PUR	9	shared	False	False	False	True	10	1	0	0	44	32	8	2	4	1	2	2	0	1	0	0	0	1	0	0	0	13	2	2	16	1	8	2	8	8	16	6	2	2
9550	chr3	134374901	INDEL	normal_absent_HPRC_other	element_set_other_allele	absent: only the nodes in HPRC	nodes	AFR+AMR+SAS	3	9	ACB,ESN,GWD,MKK,MSL,CLM,PEL,PUR,PJL	21	shared	False	False	False	True	17	6	0	1	40	29	7	2	3	0	2	8	1	3	0	1	1	4	0	0	1	12	2	2	13	2	7	2	8	7	14	5	2	2
9622	chr3	138949391	INDEL	normal_absent_HPRC_other	exact_allele	absent: exact allele in HPRC	exact	AFR+AMR+EAS	3	8	ACB,ESN,GWD,MSL,CLM,PUR,CHS,KHV	12	shared	False	True	True	True	6	2	5	0	38	29	8	2	1	0	1	1	0	3	0	1	0	1	4	1	0	11	0	2	14	2	7	2	7	8	14	6	2	2
9759	chr3	145569300	INDEL	normal_absent_HPRC_other	exact_allele	absent: exact allele in HPRC	exact	AFR+AMR+EAS+SAS	4	12	ACB,ASW,ESN,GWD,MSL,YRI,CLM,PEL,PUR,CHS,KHV,PJL	33	shared	False	False	False	True	24	17	3	1	42	31	8	2	7	1	1	9	0	5	1	5	5	7	2	1	1	14	2	1	14	2	7	2	8	8	15	6	2	2
9852	chr3	150893703	INDEL	normal_absent_HPRC_other	exact_allele	absent: exact allele in HPRC	exact	AFR+AMR	2	4	ACB,ASW,MSL,PUR	4	shared	False	True	True	False	4	1	0	0	34	28	8	2	1	2	0	0	0	1	0	0	0	1	0	0	0	13	2	2	9	1	6	1	7	8	13	6	2	2
10191	chr3	165519965	SNV	normal_absent_HPRC_other	exact_allele	absent: exact allele in HPRC	exact	AFR	1	5	ACB,ESN,GWD,MKK,MSL	15	one superpopulation	False	True	True	True	15	0	0	0	42	32	8	2	2	0	1	7	1	4	0	0	0	0	0	0	0	14	1	1	15	2	7	2	8	8	16	6	2	2
10210	chr3	166020100	SNV	normal_absent_HPRC_other	exact_allele	absent: exact allele in HPRC	exact	AFR+AMR+EAS+SAS	4	12	ACB,ASW,ESN,GWD,MKK,MSL,YRI,CLM,PEL,PUR,CHS,PJL	35	shared	True	True	True	True	41	12	4	1	44	32	8	2	12	2	2	15	1	8	1	6	1	5	4	0	1	14	2	2	15	2	8	1	8	8	16	6	2	2
10339	chr3	171532869	INDEL	other_ambiguous		ambiguous	exact	none	0	0		0	none	False	True	True	True	0	0	0	0	10	5	3	0	0	0	0	0	0	0	0	0	0	0	0	0	0	5	1	0	1	0	2	1	1	1	3	2	1	0
10519	chr3	181498841	SNV	normal_absent_HPRC_other	exact_allele	absent: exact allele in HPRC	exact	AFR+AMR+EAS	3	10	ACB,GWD,MKK,MSL,YRI,CLM,PEL,PUR,CHS,KHV	29	shared	False	True	True	True	22	9	3	0	39	29	7	2	7	0	0	8	1	5	1	2	2	5	1	2	0	12	1	1	15	2	7	1	8	8	13	5	2	2
10847	chr4	4959592	SNV	normal_absent_HPRC_other	exact_allele	absent: exact allele in HPRC	exact	AFR+AMR+EAS	3	6	ACB,ASW,CLM,PEL,PUR,CHS	10	shared	False	True	True	False	3	6	1	0	44	31	7	2	2	1	0	0	0	0	0	1	3	2	1	0	0	13	2	2	16	2	7	2	8	8	15	6	1	2
10867	chr4	6717821	INDEL	normal_absent_HPRC_other	exact_allele	absent: exact allele in HPRC	exact	AFR+AMR+EAS+SAS	4	6	ACB,MKK,PEL,PUR,CHS,PJL	9	shared	False	True	True	False	5	3	2	1	42	31	8	2	3	0	0	0	2	0	0	0	2	1	2	0	1	13	1	1	15	2	8	2	8	8	15	6	2	2
11008	chr4	16339487	INDEL	normal_absent_HPRC_other	recombinant_pieces	absent: only the nodes in HPRC	nodes	none	0	0		0	none	False	True	True	True	0	0	0	0	33	27	7	2	0	0	0	0	0	0	0	0	0	0	0	0	0	8	1	1	13	2	7	1	6	7	14	6	1	2
11284	chr4	29473832	INDEL	normal_absent_HPRC_other	exact_allele	absent: exact allele in HPRC	exact	AFR	1	1	GWD	3	one population	False	True	True	True	3	0	0	0	31	29	8	2	0	0	0	3	0	0	0	0	0	0	0	0	0	10	1	2	10	1	6	1	8	8	13	6	2	2
11351	chr4	32788927	INDEL	normal_absent_HPRC_other	exact_allele	absent: exact allele in HPRC	exact	AFR	1	3	ACB,GWD,YRI	4	one superpopulation	False	True	False	True	4	0	0	0	26	18	2	2	1	0	0	2	0	0	1	0	0	0	0	0	0	6	1	2	11	1	3	2	4	5	9	2	0	2
11355	chr4	32832850	INDEL	normal_absent_HPRC_other	element_set_other_allele	absent: only the nodes in HPRC	nodes	AFR+AMR	2	3	ACB,CLM,PUR	5	shared	False	True	True	False	3	4	0	0	13	26	3	1	3	0	0	0	0	0	0	2	0	2	0	0	0	7	0	2	4	0	0	0	7	7	12	3	0	1
11495	chr4	39615106	SNV	normal_absent_HPRC_other	exact_allele	absent: exact allele in HPRC	exact	AFR+AMR+EAS	3	5	ESN,GWD,MSL,PUR,CHS	12	shared	False	True	True	False	13	1	1	0	39	31	8	2	0	0	2	8	0	3	0	0	0	1	1	0	0	10	2	2	15	1	7	2	7	8	16	6	2	2
11497	chr4	40189921	INDEL	normal_absent_HPRC_other	exact_allele	absent: exact allele in HPRC	exact	AFR	1	4	ACB,GWD,MKK,MSL	8	one superpopulation	False	True	False	True	8	0	0	0	45	32	8	2	2	0	0	3	1	2	0	0	0	0	0	0	0	14	2	2	16	2	7	2	8	8	16	6	2	2
11513	chr4	41335182	INDEL	normal_absent_HPRC_other	exact_allele	absent: exact allele in HPRC	exact	AFR+AMR+SAS	3	11	ACB,ASW,ESN,GWD,MKK,MSL,YRI,CLM,PEL,PUR,PJL	20	shared	False	True	True	False	12	8	0	1	43	32	8	2	4	1	1	3	1	1	1	1	3	4	0	0	1	14	2	2	15	2	6	2	8	8	16	6	2	2
11841	chr4	57953137	SNV	normal_absent_HPRC_other	exact_allele	absent: exact allele in HPRC	exact	AFR+AMR+SAS	3	7	ASW,ESN,GWD,MSL,YRI,CLM,PJL	10	shared	False	True	True	True	9	1	0	1	43	32	8	2	0	1	1	4	0	2	1	1	0	0	0	0	1	12	2	2	16	2	7	2	8	8	16	6	2	2
11976	chr4	62142059	INDEL	other_ambiguous		ambiguous	exact	AFR+AMR+EAS	3	10	ACB,ASW,GWD,MKK,MSL,YRI,CLM,PEL,PUR,CHS	21	shared	False	False	False	True	15	7	1	0	32	28	5	2	5	1	0	5	1	2	1	1	3	3	1	0	0	11	1	1	11	2	4	2	6	7	15	3	2	2
12082	chr4	66340210	SNV	normal_absent_HPRC_other	exact_allele	absent: exact allele in HPRC	exact	AFR	1	4	ACB,ASW,GWD,MSL	8	one superpopulation	False	True	True	False	10	0	0	0	41	32	8	2	5	1	0	2	0	2	0	0	0	0	0	0	0	12	2	2	13	2	8	2	8	8	16	6	2	2
12182	chr4	70676811	INDEL	normal_absent_HPRC_other	exact_allele	absent: exact allele in HPRC	exact	AFR+AMR	2	7	ACB,ESN,GWD,MKK,MSL,YRI,PUR	18	shared	False	False	False	True	20	3	0	0	44	32	8	2	5	0	1	8	1	4	1	0	0	3	0	0	0	13	2	2	15	2	8	2	8	8	16	6	2	2
12602	chr4	91804513	SNV	normal_absent_HPRC_other	exact_allele	absent: exact allele in HPRC	exact	AFR+AMR	2	7	ACB,ASW,GWD,MKK,MSL,YRI,PUR	14	shared	False	True	True	True	15	2	0	0	41	32	8	2	5	2	0	3	1	2	2	0	0	2	0	0	0	14	2	2	13	2	6	2	8	8	16	6	2	2
13232	chr4	121979374	SNV	normal_absent_HPRC_other	exact_allele	absent: exact allele in HPRC	exact	AFR+AMR	2	8	ACB,ESN,GWD,MKK,MSL,YRI,PEL,PUR	14	shared	False	True	True	True	12	3	0	0	41	28	8	2	5	0	1	1	1	3	1	0	1	2	0	0	0	13	2	2	14	2	6	2	8	5	15	6	2	2
13317	chr4	126579828	SNV	other_ambiguous		ambiguous	exact	none	0	0		0	none	False	True	True	True	0	0	0	0	42	32	8	2	0	0	0	0	0	0	0	0	0	0	0	0	0	14	2	2	15	1	7	1	8	8	16	6	2	2
13416	chr4	131138377	INDEL	normal_absent_HPRC_other	exact_allele	absent: exact allele in HPRC	exact	AFR+AMR+SAS	3	7	ACB,ESN,GWD,CLM,PEL,PUR,PJL	9	shared	False	True	False	True	5	5	0	1	37	32	8	2	3	0	1	1	0	0	0	1	1	3	0	0	1	13	1	2	13	2	4	2	8	8	16	6	2	2
13579	chr4	136518525	INDEL	normal_absent_HPRC_other	exact_allele	absent: exact allele in HPRC	exact	AFR+AMR+EAS	3	10	ACB,GWD,MKK,MSL,YRI,CLM,PEL,PUR,CHS,KHV	19	shared	False	False	False	True	12	5	5	0	44	30	8	2	4	0	0	3	2	2	1	1	2	2	4	1	0	14	2	1	15	2	8	2	8	7	15	6	2	2
13723	chr4	144193587	SNV	normal_absent_HPRC_other	exact_allele	absent: exact allele in HPRC	exact	AFR+AMR+EAS+SAS	4	9	ACB,GWD,MKK,CLM,PEL,PUR,CHS,KHV,PJL	18	shared	True	True	True	True	4	12	4	1	46	32	8	2	2	0	0	1	1	0	0	4	3	5	2	2	1	14	2	2	16	2	8	2	8	8	16	6	2	2
13932	chr4	155190782	SNV	normal_absent_HPRC_other	exact_allele	absent: exact allele in HPRC	exact	AFR+AMR+EAS	3	10	ACB,ESN,GWD,MKK,MSL,CLM,PEL,PUR,CHS,KHV	29	shared	True	True	True	True	17	17	5	0	46	31	6	2	6	0	1	6	1	3	0	4	6	7	3	2	0	14	2	2	16	2	8	2	8	8	15	4	2	2
14097	chr4	162485398	INDEL	normal_absent_HPRC_other	exact_allele	absent: exact allele in HPRC	exact	AFR+AMR	2	5	ACB,ASW,GWD,MSL,CLM	9	shared	False	False	False	True	8	1	0	0	41	31	8	1	3	1	0	3	0	1	0	1	0	0	0	0	0	13	2	2	15	2	7	0	7	8	16	6	2	1
14137	chr4	163413589	SNV	normal_absent_HPRC_other	exact_allele	absent: exact allele in HPRC	exact	AFR+AMR+EAS	3	10	ACB,ASW,ESN,GWD,MKK,MSL,YRI,PEL,PUR,CHS	15	shared	False	True	True	True	13	2	3	0	46	32	8	2	1	1	1	5	1	3	1	0	1	1	3	0	0	14	2	2	16	2	8	2	8	8	16	6	2	2
14213	chr4	165539782	INDEL	normal_absent_HPRC_other	exact_allele	absent: exact allele in HPRC	exact	AFR+AMR+SAS	3	7	ACB,GWD,MKK,MSL,YRI,PUR,PJL	13	shared	False	False	False	True	14	1	0	1	41	28	8	2	5	0	0	5	1	2	1	0	0	1	0	0	1	14	1	2	13	2	7	2	8	8	12	6	2	2
14231	chr4	165876338	INDEL	normal_absent_HPRC_other	exact_allele	absent: exact allele in HPRC	exact	AFR+AMR+EAS+SAS	4	9	ACB,GWD,MSL,CLM,PEL,PUR,CHS,KHV,PJL	16	shared	False	True	True	True	9	5	4	1	42	32	7	2	2	0	0	5	0	2	0	2	1	2	3	1	1	13	2	1	15	2	7	2	8	8	16	5	2	2
14254	chr4	166390973	INDEL	normal_absent_HPRC_other	element_set_other_allele	absent: only the nodes in HPRC	nodes	AFR+AMR+SAS	3	8	ACB,GWD,MSL,YRI,CLM,PEL,PUR,PJL	24	shared	True	True	True	True	14	13	0	2	26	27	5	2	6	0	0	4	0	3	1	5	4	4	0	0	2	10	0	1	10	0	4	1	7	8	12	4	1	2
14327	chr4	167934981	INDEL	normal_absent_HPRC_other	exact_allele	absent: exact allele in HPRC	exact	AFR+AMR+EAS	3	8	ACB,ESN,GWD,MKK,MSL,YRI,PUR,KHV	16	shared	False	False	False	True	14	3	2	0	44	31	8	2	3	0	2	4	1	3	1	0	0	3	0	2	0	13	2	2	15	2	8	2	8	8	15	6	2	2
14351	chr4	169165637	INDEL	normal_absent_HPRC_other	exact_allele	absent: exact allele in HPRC	exact	AFR+AMR+EAS	3	7	ACB,ASW,GWD,MSL,PUR,CHS,KHV	13	shared	False	False	False	True	10	1	4	0	39	32	8	2	2	1	0	4	0	3	0	0	0	1	3	1	0	11	2	0	15	1	8	2	8	8	16	6	2	2
14488	chr4	176019002	INDEL	normal_absent_HPRC_other	exact_allele	absent: exact allele in HPRC	exact	AFR	1	4	ACB,ASW,ESN,GWD	8	one superpopulation	True	False	False	True	8	0	0	0	44	27	8	2	4	1	1	2	0	0	0	0	0	0	0	0	0	12	2	2	16	2	8	2	6	8	13	6	2	2
14555	chr4	179005184	SNV	normal_absent_HPRC_other	exact_allele	absent: exact allele in HPRC	exact	AMR	1	1	CLM	1	one individual	True	True	True	True	0	1	0	0	46	32	8	2	0	0	0	0	0	0	0	1	0	0	0	0	0	14	2	2	16	2	8	2	8	8	16	6	2	2
14592	chr4	181082422	INDEL	other_ambiguous		ambiguous	exact	none	0	0		0	none	False	True	False	True	0	0	0	0	14	22	4	2	0	0	0	0	0	0	0	0	0	0	0	0	0	4	0	1	4	0	4	1	4	6	12	2	2	2
14612	chr4	181893488	INDEL	normal_absent_HPRC_other	exact_allele	absent: exact allele in HPRC	exact	AFR+AMR+EAS+SAS	4	7	ACB,GWD,MSL,PEL,PUR,CHS,PJL	10	shared	False	True	True	True	6	4	2	1	30	21	8	2	2	0	0	2	0	2	0	0	3	1	2	0	1	8	0	0	14	2	6	0	4	8	9	6	2	2
14628	chr4	182616591	INDEL	normal_absent_HPRC_other	exact_allele	absent: exact allele in HPRC	exact	AMR	1	1	CLM	1	one individual	False	True	True	True	0	1	0	0	45	32	8	2	0	0	0	0	0	0	0	1	0	0	0	0	0	13	2	2	16	2	8	2	8	8	16	6	2	2
14740	chr4	188632855	INDEL	normal_absent_HPRC_other	exact_allele	absent: exact allele in HPRC	exact	AFR+AMR	2	5	ACB,ASW,GWD,MSL,PUR	6	shared	False	False	False	True	5	1	0	0	39	32	7	2	1	1	0	2	0	1	0	0	0	1	0	0	0	12	2	2	14	2	6	1	8	8	16	5	2	2
14799	chr5	2619669	INDEL	normal_absent_HPRC_other	exact_allele	absent: exact allele in HPRC	exact	AFR	1	3	ACB,GWD,MSL	6	one superpopulation	False	False	False	True	6	0	0	0	33	30	8	2	3	0	0	1	0	2	0	0	0	0	0	0	0	12	1	1	10	2	6	1	7	8	15	6	2	2
14831	chr5	3748910	SNV	normal_absent_HPRC_other	exact_allele	absent: exact allele in HPRC	exact	AFR+AMR	2	5	ACB,GWD,MSL,CLM,PUR	10	shared	False	True	True	True	7	4	0	0	44	32	8	2	1	0	0	4	0	2	0	3	0	1	0	0	0	14	2	2	16	1	7	2	8	8	16	6	2	2
14879	chr5	6461540	INDEL	normal_absent_HPRC_other	element_set_other_allele	absent: only the nodes in HPRC	nodes	AFR+AMR+EAS	3	5	ACB,GWD,MSL,PUR,KHV	10	shared	False	True	True	True	8	2	1	0	39	20	4	1	5	0	0	1	0	2	0	0	0	2	0	1	0	13	1	2	13	2	6	2	4	3	13	3	1	1
14884	chr5	6688581	INDEL	normal_absent_HPRC_other	exact_allele	absent: exact allele in HPRC	exact	AFR+AMR+EAS+SAS	4	10	ACB,GWD,MSL,YRI,CLM,PEL,PUR,CHS,KHV,PJL	16	shared	False	False	False	True	7	8	2	1	33	28	8	2	4	0	0	1	0	1	1	3	2	3	1	1	1	11	2	1	11	2	5	1	7	5	16	6	2	2
15016	chr5	14919309	INDEL	normal_absent_HPRC_other	exact_allele	absent: exact allele in HPRC	exact	AMR	1	2	CLM,PEL	2	one superpopulation	False	True	True	True	0	2	0	0	28	19	4	0	0	0	0	0	0	0	0	1	1	0	0	0	0	7	1	2	10	1	6	1	5	7	7	3	1	0
15120	chr5	23182663	INDEL	normal_absent_HPRC_other	exact_allele	absent: exact allele in HPRC	exact	AFR+AMR	2	5	ACB,ASW,GWD,MSL,PUR	9	shared	False	True	False	True	9	1	0	0	42	28	8	0	2	1	0	4	0	2	0	0	0	1	0	0	0	11	2	2	15	2	8	2	6	8	14	6	2	0
15123	chr5	23252496	INDEL	normal_absent_HPRC_other	exact_allele	absent: exact allele in HPRC	exact	AFR+AMR	2	6	ACB,GWD,MSL,YRI,CLM,PUR	13	shared	False	False	False	True	11	4	0	0	32	30	8	2	5	0	0	4	0	1	1	1	0	3	0	0	0	11	2	2	12	1	3	1	8	8	14	6	2	2
15132	chr5	23628786	INDEL	normal_absent_HPRC_other	exact_allele	absent: exact allele in HPRC	exact	AFR+AMR+EAS+SAS	4	9	ACB,GWD,MKK,CLM,PEL,PUR,CHS,KHV,PJL	12	shared	False	True	True	True	7	4	2	1	38	29	7	2	5	0	0	1	1	0	0	1	1	2	1	1	1	12	1	1	15	2	5	2	8	8	13	5	2	2
15271	chr5	30176759	INDEL	normal_absent_HPRC_other	exact_allele	absent: exact allele in HPRC	exact	AFR+AMR	2	7	ACB,ESN,GWD,MSL,YRI,CLM,PUR	14	shared	False	False	False	True	12	2	0	0	37	29	8	2	3	0	1	4	0	3	1	1	0	1	0	0	0	11	2	1	14	2	5	2	7	8	14	6	2	2
15277	chr5	30509359	INDEL	other_ambiguous		ambiguous	exact	none	0	0		0	none	False	True	True	True	0	0	0	0	41	30	8	2	0	0	0	0	0	0	0	0	0	0	0	0	0	14	2	2	11	2	8	2	7	7	16	6	2	2
15282	chr5	30925140	INDEL	normal_absent_HPRC_other	element_set_other_allele	absent: only the nodes in HPRC	nodes	AFR+AMR	2	4	ACB,GWD,CLM,PUR	8	shared	True	False	False	True	3	5	0	0	7	11	4	1	1	0	0	2	0	0	0	3	0	2	0	0	0	4	1	0	2	0	0	0	4	3	4	3	1	1
15366	chr5	38598245	SNV	normal_absent_HPRC_other	exact_allele	absent: exact allele in HPRC	exact	AFR+AMR+EAS	3	7	ACB,MSL,YRI,CLM,PEL,PUR,CHS	15	shared	False	True	False	True	4	9	3	0	22	23	6	1	2	0	0	0	0	1	1	2	2	5	3	0	0	8	2	0	5	2	4	1	5	7	11	6	0	1
15666	chr5	76073503	INDEL	normal_absent_HPRC_other	exact_allele	absent: exact allele in HPRC	exact	AFR	1	2	ACB,MSL	2	one superpopulation	False	True	True	False	3	0	0	0	14	15	2	2	1	0	0	0	0	2	0	0	0	0	0	0	0	5	1	0	3	0	4	1	6	0	9	2	0	2
15680	chr5	77477633	INDEL	normal_present_broad	hapX_only	COLO829BL present, broad	exact	AFR+AMR+EAS+SAS	4	12	ACB,ESN,GWD,MKK,MSL,YRI,CLM,PEL,PUR,CHS,KHV,PJL	40	shared	False	True	True	True	39	18	5	1	46	32	8	1	13	0	2	13	1	8	2	3	5	10	4	1	1	14	2	2	16	2	8	2	8	8	16	6	2	1
15735	chr5	85663173	INDEL	normal_present_broad	hapX_only	COLO829BL present, broad	exact	AFR+AMR	2	6	ACB,GWD,MSL,CLM,PEL,PUR	16	shared	False	True	True	True	8	12	0	0	41	31	7	2	3	0	0	3	0	2	0	3	6	3	0	0	0	13	2	2	14	2	7	1	8	8	15	5	2	2
15747	chr5	86425312	INDEL	normal_absent_HPRC_other	exact_allele	absent: exact allele in HPRC	exact	AFR+AMR+EAS	3	4	GWD,PEL,PUR,CHS	7	shared	False	True	True	True	2	7	1	0	33	27	6	2	0	0	0	2	0	0	0	0	2	5	1	0	0	10	1	1	11	1	7	2	7	7	13	4	2	2
15748	chr5	86450449	INDEL	normal_absent_HPRC_other	exact_allele	absent: exact allele in HPRC	exact	AFR+AMR	2	7	ACB,ESN,GWD,MSL,YRI,CLM,PUR	13	shared	False	True	False	True	10	4	0	0	41	31	8	2	4	0	1	2	0	2	1	1	0	3	0	0	0	12	2	2	14	2	7	2	8	8	15	6	2	2
15765	chr5	87664139	INDEL	normal_absent_HPRC_other	exact_allele	absent: exact allele in HPRC	exact	AFR+AMR+EAS	3	4	GWD,MSL,PEL,CHS	8	shared	False	True	False	True	3	4	2	0	35	24	6	2	0	0	0	2	0	1	0	0	4	0	2	0	0	12	2	0	14	1	5	1	5	7	12	5	1	2
15783	chr5	89374028	INDEL	normal_present_rare	hapX_only	COLO829BL present, rare	exact	AFR+AMR+EAS	3	3	ACB,PUR,KHV	3	shared	True	True	True	False	1	1	1	0	21	16	4	0	1	0	0	0	0	0	0	0	0	1	0	1	0	7	0	1	7	1	3	2	3	4	9	2	2	0
15910	chr5	102207704	INDEL	normal_present_broad	hapX_only	COLO829BL present, broad	exact	AFR+AMR+EAS	3	8	ACB,ESN,GWD,MSL,CLM,PEL,PUR,CHS	24	shared	False	True	True	True	18	8	1	0	44	32	8	2	5	0	2	9	0	2	0	2	2	4	1	0	0	14	2	2	15	2	8	1	8	8	16	6	2	2
16044	chr5	115663611	INDEL	normal_absent_HPRC_other	exact_allele	absent: exact allele in HPRC	exact	AFR+AMR+EAS	3	8	ACB,GWD,MKK,MSL,CLM,PEL,PUR,CHS	25	shared	True	True	False	True	16	13	3	0	38	31	7	2	4	0	0	8	1	3	0	7	2	4	3	0	0	13	1	2	14	1	5	2	8	8	15	6	1	2
16118	chr5	122644708	INDEL	normal_absent_HPRC_other	exact_allele	absent: exact allele in HPRC	exact	AFR+AMR	2	6	ACB,ESN,GWD,YRI,PEL,PUR	11	shared	False	False	False	True	5	7	0	0	41	32	8	2	1	0	1	2	0	0	1	0	4	3	0	0	0	14	2	2	14	2	6	1	8	8	16	6	2	2
16124	chr5	123269383	INDEL	normal_absent_HPRC_other	exact_allele	absent: exact allele in HPRC	exact	AFR+AMR	2	5	ACB,GWD,MKK,MSL,PUR	13	shared	False	False	False	True	12	2	0	0	46	32	8	2	3	0	0	7	1	1	0	0	0	2	0	0	0	14	2	2	16	2	8	2	8	8	16	6	2	2
16187	chr5	129647214	INDEL	normal_absent_HPRC_other	exact_allele	absent: exact allele in HPRC	exact	AFR+AMR+EAS	3	11	ACB,ASW,ESN,GWD,MKK,MSL,YRI,CLM,PEL,PUR,CHS	26	shared	False	False	False	True	24	5	3	0	34	23	6	2	6	1	1	8	1	6	1	1	1	3	3	0	0	10	1	1	12	2	7	1	8	3	12	4	2	2
16200	chr5	131393827	INDEL	normal_absent_HPRC_other	exact_allele	absent: exact allele in HPRC	exact	AFR+AMR+SAS	3	9	ACB,ESN,GWD,MSL,YRI,CLM,PEL,PUR,PJL	21	shared	False	True	True	True	16	11	0	2	39	32	8	2	2	0	1	10	0	2	1	3	2	6	0	0	2	13	1	2	13	2	6	2	8	8	16	6	2	2
16258	chr5	138171415	INDEL	normal_absent_HPRC_other	exact_allele	absent: exact allele in HPRC	exact	AFR+AMR+EAS	3	12	ACB,ASW,ESN,GWD,MKK,MSL,YRI,CLM,PEL,PUR,CHS,KHV	41	shared	True	True	False	True	38	20	8	0	45	32	8	2	12	1	1	14	1	7	2	3	7	10	6	2	0	14	1	2	16	2	8	2	8	8	16	6	2	2
16367	chr5	150725157	INDEL	normal_absent_HPRC_other	exact_allele	absent: exact allele in HPRC	exact	AFR+AMR+SAS	3	6	ACB,ASW,GWD,MKK,PUR,PJL	10	shared	False	True	True	True	10	3	0	2	42	32	8	2	2	2	0	4	2	0	0	0	0	3	0	0	2	13	2	2	14	2	7	2	8	8	16	6	2	2
16543	chr5	165085154	INDEL	other_ambiguous		ambiguous	exact	none	0	0		0	none	False	False	False	True	0	0	0	0	7	11	3	1	0	0	0	0	0	0	0	0	0	0	0	0	0	4	0	0	2	0	1	0	5	0	6	2	1	1
16662	chr5	178552706	INDEL	normal_absent_HPRC_other	exact_allele	absent: exact allele in HPRC	exact	AFR+AMR+SAS	3	9	ACB,ASW,ESN,GWD,MSL,YRI,CLM,PUR,PJL	18	shared	False	True	False	True	16	3	0	1	42	31	8	2	3	1	1	6	0	4	1	1	0	2	0	0	1	12	2	2	14	2	8	2	8	8	15	6	2	2
16716	chr6	1819778	SNV	normal_absent_HPRC_other	exact_allele	absent: exact allele in HPRC	exact	AFR	1	2	GWD,MSL	3	one superpopulation	False	True	False	True	3	0	0	0	44	31	8	2	0	0	0	2	0	1	0	0	0	0	0	0	0	14	2	2	15	2	7	2	7	8	16	6	2	2
16766	chr6	6316078	INDEL	normal_absent_HPRC_other	exact_allele	absent: exact allele in HPRC	exact	AFR+AMR	2	2	ASW,PUR	2	shared	False	True	True	False	1	1	0	0	7	6	3	1	0	1	0	0	0	0	0	0	0	1	0	0	0	3	1	0	1	0	1	1	1	3	2	2	1	1
16874	chr6	14584857	SNV	normal_absent_HPRC_other	exact_allele	absent: exact allele in HPRC	exact	AFR+AMR+EAS	3	9	ACB,ESN,GWD,MKK,MSL,CLM,PEL,PUR,CHS	23	shared	False	True	True	True	15	11	3	0	46	32	8	2	5	0	2	4	2	2	0	2	2	7	3	0	0	14	2	2	16	2	8	2	8	8	16	6	2	2
16995	chr6	23798417	INDEL	normal_absent_HPRC_other	exact_allele	absent: exact allele in HPRC	exact	AFR+AMR	2	4	ACB,ESN,GWD,PUR	9	shared	False	False	False	True	9	1	0	0	38	30	8	2	3	0	1	5	0	0	0	0	0	1	0	0	0	11	1	2	15	1	6	2	7	8	15	6	2	2
17054	chr6	28781460	INDEL	normal_absent_HPRC_other	exact_allele	absent: exact allele in HPRC	exact	AFR+AMR	2	6	ACB,ASW,GWD,MSL,PEL,PUR	13	shared	True	True	True	True	13	2	0	0	44	31	8	1	5	1	0	3	0	4	0	0	1	1	0	0	0	14	2	2	16	1	7	2	7	8	16	6	2	1
17055	chr6	28824430	SNV	normal_absent_HPRC_other	exact_allele	absent: exact allele in HPRC	exact	AMR	1	2	CLM,PUR	2	one superpopulation	False	True	True	True	0	2	0	0	24	24	8	2	0	0	0	0	0	0	0	1	0	1	0	0	0	9	1	0	10	2	1	1	6	5	13	6	2	2
17163	chr6	36496043	INDEL	normal_absent_HPRC_other	exact_allele	absent: exact allele in HPRC	exact	AFR+AMR+EAS	3	5	ACB,GWD,MSL,CLM,CHS	9	shared	False	False	False	True	6	2	1	0	39	32	8	2	1	0	0	3	0	2	0	2	0	0	1	0	0	11	2	0	14	2	8	2	8	8	16	6	2	2
17298	chr6	46021088	INDEL	normal_absent_HPRC_other	exact_allele	absent: exact allele in HPRC	exact	AFR+AMR	2	6	ACB,GWD,MSL,CLM,PEL,PUR	9	shared	False	False	False	True	4	5	0	0	36	31	8	2	1	0	0	1	0	2	0	1	1	3	0	0	0	10	2	2	13	1	6	2	8	8	15	6	2	2
17472	chr6	54220922	INDEL	normal_absent_HPRC_other	exact_allele	absent: exact allele in HPRC	exact	AFR+AMR+EAS	3	7	ACB,ESN,GWD,MSL,PEL,PUR,CHS	14	shared	True	True	False	True	8	5	2	0	45	32	8	2	2	0	1	3	0	2	0	0	3	2	2	0	0	14	2	2	16	2	7	2	8	8	16	6	2	2
17482	chr6	54555953	INDEL	normal_absent_HPRC_other	exact_allele	absent: exact allele in HPRC	exact	AFR+AMR+EAS	3	6	ACB,GWD,MSL,CLM,PEL,CHS	10	shared	False	False	False	True	6	3	1	0	33	27	7	2	2	0	0	2	0	2	0	2	1	0	1	0	0	11	1	1	10	2	6	2	6	6	15	5	2	2
17570	chr6	60269972	INDEL	normal_absent_HPRC_other	exact_allele	absent: exact allele in HPRC	exact	AMR+SAS	2	2	PUR,PJL	2	shared	True	False	False	True	0	1	0	1	15	16	4	2	0	0	0	0	0	0	0	0	0	1	0	0	1	6	0	1	4	1	1	2	4	4	8	2	2	2
17585	chr6	60593277	INDEL	normal_absent_HPRC_other	exact_allele	absent: exact allele in HPRC	exact	AFR+AMR+EAS	3	10	ACB,ASW,ESN,GWD,MKK,MSL,CLM,PEL,PUR,CHS	18	shared	False	False	False	True	12	6	3	0	45	32	8	1	4	1	1	3	1	2	0	1	2	3	3	0	0	14	2	2	16	1	8	2	8	8	16	6	2	1
17639	chr6	61710796	INDEL	normal_absent_HPRC_other	exact_allele	absent: exact allele in HPRC	exact	AFR+AMR	2	5	ACB,ASW,GWD,MSL,PUR	9	shared	False	False	False	True	8	1	0	0	43	32	8	2	1	1	0	4	0	2	0	0	0	1	0	0	0	14	2	2	14	1	8	2	8	8	16	6	2	2
17862	chr6	71158323	SNV	normal_absent_HPRC_other	exact_allele	absent: exact allele in HPRC	exact	AFR+AMR	2	6	ACB,ASW,ESN,GWD,MSL,PUR	15	shared	True	True	True	True	15	1	0	0	45	32	8	2	3	1	1	5	0	5	0	0	0	1	0	0	0	14	2	2	16	1	8	2	8	8	16	6	2	2
18050	chr6	78423665	INDEL	normal_absent_HPRC_other	exact_allele	absent: exact allele in HPRC	exact	AFR+AMR+EAS+SAS	4	10	ACB,ASW,GWD,MKK,MSL,CLM,PEL,PUR,CHS,PJL	23	shared	True	False	False	True	20	10	1	2	28	30	8	2	8	2	0	5	2	3	0	5	1	4	1	0	2	10	2	2	7	2	4	1	7	8	15	6	2	2
18358	chr6	91671874	INDEL	normal_absent_HPRC_other	exact_allele	absent: exact allele in HPRC	exact	AFR+AMR+EAS	3	7	ACB,ASW,ESN,GWD,YRI,PUR,KHV	7	shared	True	False	False	True	6	1	1	0	42	31	8	2	2	1	1	1	0	0	1	0	0	1	0	1	0	13	2	2	15	2	6	2	8	8	15	6	2	2
18501	chr6	95325194	SNV	normal_absent_HPRC_other	exact_allele	absent: exact allele in HPRC	exact	AFR+AMR+EAS	3	12	ACB,ASW,ESN,GWD,MKK,MSL,YRI,CLM,PEL,PUR,CHS,KHV	30	shared	False	True	True	True	29	11	2	0	46	32	8	2	8	2	2	10	1	5	1	3	4	4	1	1	0	14	2	2	16	2	8	2	8	8	16	6	2	2
18652	chr6	102017119	SNV	normal_absent_HPRC_other	exact_allele	absent: exact allele in HPRC	exact	AFR+AMR+EAS	3	10	ACB,ASW,ESN,GWD,MKK,MSL,CLM,PEL,PUR,KHV	17	shared	False	True	True	True	11	6	1	0	45	32	8	2	2	1	1	4	2	1	0	2	1	3	0	1	0	14	2	2	15	2	8	2	8	8	16	6	2	2
18759	chr6	105491535	INDEL	normal_absent_HPRC_other	exact_allele	absent: exact allele in HPRC	exact	AFR+AMR	2	2	ASW,PUR	2	shared	False	True	True	True	1	1	0	0	28	25	6	2	0	1	0	0	0	0	0	0	0	1	0	0	0	7	2	2	10	2	4	1	5	7	13	5	1	2
18825	chr6	111606612	INDEL	normal_absent_HPRC_other	exact_allele	absent: exact allele in HPRC	exact	AFR+AMR	2	4	ACB,GWD,MSL,CLM	10	shared	True	True	True	True	10	1	0	0	35	27	4	2	4	0	0	4	0	2	0	1	0	0	0	0	0	10	2	2	12	1	6	2	8	8	11	2	2	2
18939	chr6	116061399	INDEL	normal_absent_HPRC_other	exact_allele	absent: exact allele in HPRC	exact	AFR+AMR+EAS+SAS	4	11	ACB,ASW,ESN,GWD,MSL,CLM,PEL,PUR,CHS,KHV,PJL	22	shared	False	True	True	True	10	12	4	1	39	30	5	2	1	1	1	6	0	1	0	2	3	7	3	1	1	10	2	2	16	1	7	1	6	8	16	3	2	2
19039	chr6	120895864	INDEL	normal_absent_HPRC_other	element_set_other_allele	absent: only the nodes in HPRC	nodes	AFR+AMR+EAS+SAS	4	13	ACB,ASW,ESN,GWD,MKK,MSL,YRI,CLM,PEL,PUR,CHS,KHV,PJL	38	shared	True	True	False	False	26	15	4	1	33	23	5	1	9	1	1	8	1	5	1	2	4	9	3	1	1	11	1	2	11	1	6	1	6	5	12	4	1	1
19166	chr6	128299018	SNV	normal_absent_HPRC_other	exact_allele	absent: exact allele in HPRC	exact	AFR	1	3	ACB,ESN,YRI	3	one superpopulation	True	True	True	True	3	0	0	0	46	32	8	2	1	0	1	0	0	0	1	0	0	0	0	0	0	14	2	2	16	2	8	2	8	8	16	6	2	2
19244	chr6	131869854	INDEL	normal_absent_HPRC_other	exact_allele	absent: exact allele in HPRC	exact	AFR+AMR	2	2	ASW,CLM	2	shared	True	False	False	True	1	1	0	0	37	32	8	2	0	1	0	0	0	0	0	1	0	0	0	0	0	11	2	2	14	2	4	2	8	8	16	6	2	2
19248	chr6	132012691	INDEL	normal_absent_HPRC_other	exact_allele	absent: exact allele in HPRC	exact	AFR+AMR	2	7	ACB,ESN,GWD,MSL,CLM,PEL,PUR	9	shared	False	True	True	True	5	4	0	0	46	32	8	2	2	0	1	1	0	1	0	2	1	1	0	0	0	14	2	2	16	2	8	2	8	8	16	6	2	2
19508	chr6	151858581	INDEL	normal_absent_HPRC_other	exact_allele	absent: exact allele in HPRC	exact	AFR+AMR+EAS+SAS	4	8	ACB,ESN,GWD,MKK,MSL,PUR,CHS,PJL	18	shared	False	False	False	True	20	1	1	1	44	32	8	2	5	0	2	8	2	3	0	0	0	1	1	0	1	13	2	2	16	2	8	1	8	8	16	6	2	2
19530	chr6	152902459	INDEL	normal_absent_HPRC_other	exact_allele	absent: exact allele in HPRC	exact	AFR+AMR+EAS	3	10	ACB,ASW,ESN,GWD,MKK,MSL,YRI,CLM,PUR,KHV	14	shared	True	False	False	True	10	5	2	0	45	32	8	2	1	1	1	3	1	2	1	1	0	4	0	2	0	14	2	2	15	2	8	2	8	8	16	6	2	2
19653	chr6	160947985	INDEL	normal_present_rare	hapY_only	COLO829BL present, rare	exact	AFR+AMR+EAS	3	6	ACB,GWD,MSL,PUR,CHS,KHV	11	shared	False	True	False	True	4	4	6	0	43	32	7	2	2	0	0	1	0	1	0	0	0	4	4	2	0	13	2	1	15	2	8	2	8	8	16	5	2	2
19673	chr6	161936788	INDEL	normal_absent_HPRC_other	exact_allele	absent: exact allele in HPRC	exact	AFR+AMR	2	6	ACB,ASW,GWD,MSL,CLM,PUR	20	shared	False	False	False	True	16	9	0	0	37	32	8	2	4	2	0	8	0	2	0	2	0	7	0	0	0	10	2	2	15	1	6	1	8	8	16	6	2	2
19793	chr6	170476719	INDEL	normal_absent_HPRC_other	exact_allele	absent: exact allele in HPRC	exact	AFR	1	5	ACB,ESN,GWD,MSL,YRI	12	one superpopulation	False	False	False	True	13	0	0	0	42	31	8	2	4	0	1	5	0	2	1	0	0	0	0	0	0	12	2	2	15	2	7	2	8	8	15	6	2	2
19841	chr7	3650825	INDEL	normal_absent_HPRC_other	exact_allele	absent: exact allele in HPRC	exact	AFR+AMR+EAS+SAS	4	10	ACB,ESN,GWD,MKK,MSL,CLM,PEL,PUR,CHS,PJL	32	shared	False	True	False	True	25	17	1	2	45	32	8	2	8	0	2	9	2	4	0	6	2	9	1	0	2	14	2	2	16	2	7	2	8	8	16	6	2	2
20055	chr7	17107216	INDEL	normal_absent_HPRC_other	exact_allele	absent: exact allele in HPRC	exact	AFR+AMR+EAS+SAS	4	12	ACB,ASW,ESN,GWD,MSL,YRI,CLM,PEL,PUR,CHS,KHV,PJL	25	shared	False	False	False	True	14	12	3	1	42	30	6	2	5	1	1	3	0	3	1	4	3	5	2	1	1	13	2	2	15	2	7	1	7	8	15	5	1	2
20142	chr7	21354120	INDEL	normal_absent_HPRC_other	exact_allele	absent: exact allele in HPRC	exact	AFR+AMR+EAS+SAS	4	8	ACB,GWD,MSL,PEL,PUR,CHS,KHV,PJL	12	shared	False	False	False	True	8	2	3	1	46	32	8	2	2	0	0	2	0	4	0	0	1	1	2	1	1	14	2	2	16	2	8	2	8	8	16	6	2	2
20259	chr7	29302500	INDEL	normal_absent_HPRC_other	exact_allele	absent: exact allele in HPRC	exact	AFR+AMR+EAS+SAS	4	9	ACB,ASW,GWD,MKK,MSL,CLM,PUR,CHS,PJL	13	shared	True	False	False	True	8	5	1	1	28	25	8	2	2	2	0	2	1	1	0	2	0	3	1	0	1	9	2	1	9	2	3	2	6	6	13	6	2	2
20462	chr7	37852109	INDEL	normal_absent_HPRC_other	exact_allele	absent: exact allele in HPRC	exact	AFR+AMR+EAS	3	9	ACB,GWD,MKK,MSL,CLM,PEL,PUR,CHS,KHV	14	shared	False	False	False	True	6	6	2	0	42	32	8	2	2	0	0	2	1	1	0	2	1	3	1	1	0	14	2	2	14	2	6	2	8	8	16	6	2	2
20598	chr7	45910726	INDEL	normal_absent_HPRC_other	exact_allele	absent: exact allele in HPRC	exact	AFR+AMR+EAS	3	8	ACB,ESN,GWD,MKK,MSL,PEL,PUR,KHV	9	shared	False	True	True	True	5	3	1	0	26	18	7	1	1	0	1	1	1	1	0	0	1	2	0	1	0	5	1	1	13	2	4	0	4	4	10	5	2	1
20651	chr7	49059579	INDEL	normal_absent_HPRC_other	element_set_other_allele	absent: only the nodes in HPRC	nodes	AFR+AMR	2	3	ACB,CLM,PEL	3	shared	False	True	False	True	1	2	0	0	29	20	6	2	1	0	0	0	0	0	0	1	1	0	0	0	0	7	1	1	13	1	4	2	3	6	11	4	2	2
20730	chr7	51693949	INDEL	normal_absent_HPRC_other	exact_allele	absent: exact allele in HPRC	exact	AFR+AMR+EAS	3	9	ACB,ASW,ESN,GWD,MSL,PEL,PUR,CHS,KHV	18	shared	False	True	False	True	11	6	4	0	34	22	8	1	2	1	1	5	0	2	0	0	3	3	3	1	0	6	2	2	14	1	8	1	4	5	13	6	2	1
20805	chr7	53151027	INDEL	normal_absent_HPRC_other	exact_allele	absent: exact allele in HPRC	exact	AFR+AMR+EAS+SAS	4	7	ACB,GWD,CLM,PEL,PUR,KHV,PJL	11	shared	False	False	True	True	5	5	1	1	28	24	4	2	3	0	0	2	0	0	0	1	2	2	0	1	1	7	2	2	10	2	3	2	6	4	14	3	1	2
20891	chr7	54670393	SNV	normal_absent_HPRC_other	exact_allele	absent: exact allele in HPRC	exact	AFR+AMR+EAS	3	8	ACB,ASW,MKK,CLM,PEL,PUR,CHS,KHV	18	shared	False	True	True	True	4	14	3	0	46	31	8	2	2	1	0	0	1	0	0	3	5	6	2	1	0	14	2	2	16	2	8	2	8	8	15	6	2	2
20927	chr7	56277909	INDEL	normal_absent_HPRC_other	exact_allele	absent: exact allele in HPRC	exact	AFR+AMR	2	5	ACB,GWD,MSL,PEL,PUR	15	shared	True	False	False	True	8	8	0	0	39	28	8	2	3	0	0	4	0	1	0	0	3	5	0	0	0	12	2	2	12	2	7	2	7	8	13	6	2	2
20955	chr7	56854639	INDEL	normal_absent_HPRC_other	exact_allele	absent: exact allele in HPRC	exact	AFR+AMR	2	7	ACB,ESN,GWD,MKK,MSL,CLM,PUR	22	shared	False	True	False	True	23	6	0	0	37	31	8	2	7	0	2	10	1	3	0	3	0	3	0	0	0	8	2	2	15	2	7	1	7	8	16	6	2	2
21153	chr7	63854498	INDEL	normal_absent_HPRC_other	exact_allele	absent: exact allele in HPRC	exact	AFR+AMR+EAS	3	11	ACB,ASW,ESN,GWD,MKK,MSL,YRI,CLM,PEL,PUR,CHS	26	shared	False	False	False	True	18	10	3	0	43	31	7	2	5	1	1	6	2	1	2	3	3	4	3	0	0	13	2	2	15	2	7	2	8	8	15	5	2	2
21196	chr7	66101207	INDEL	normal_absent_HPRC_other	exact_allele	absent: exact allele in HPRC	exact	AFR+AMR	2	4	ACB,GWD,PEL,PUR	12	shared	False	True	True	True	4	12	0	0	40	23	5	2	1	0	0	3	0	0	0	0	3	9	0	0	0	11	2	2	14	2	7	2	5	5	13	5	0	2
21200	chr7	66421401	INDEL	normal_absent_HPRC_other	exact_allele	absent: exact allele in HPRC	exact	AFR+AMR+EAS	3	4	GWD,PEL,PUR,CHS	10	shared	False	False	True	False	3	6	1	0	37	28	7	2	0	0	0	3	0	0	0	0	3	3	1	0	0	9	1	2	15	1	7	2	7	7	14	6	1	2
21214	chr7	67695346	INDEL	normal_absent_HPRC_other	exact_allele	absent: exact allele in HPRC	exact	AFR+AMR+EAS	3	8	ASW,GWD,MSL,YRI,CLM,PEL,PUR,CHS	14	shared	True	False	False	True	4	11	3	0	36	29	8	2	0	1	0	1	0	1	1	4	2	5	3	0	0	8	2	2	13	2	7	2	7	8	14	6	2	2
21299	chr7	71544297	INDEL	normal_absent_HPRC_other	exact_allele	absent: exact allele in HPRC	exact	AFR+AMR	2	8	ACB,ESN,GWD,MKK,MSL,CLM,PEL,PUR	15	shared	False	True	False	True	6	11	0	0	41	31	5	2	1	0	1	2	1	1	0	2	4	5	0	0	0	12	2	2	14	2	7	2	7	8	16	4	1	2
21304	chr7	71790368	INDEL	normal_absent_HPRC_other	exact_allele	absent: exact allele in HPRC	exact	AFR+AMR	2	5	ACB,MSL,CLM,PEL,PUR	9	shared	False	False	True	True	4	6	0	0	33	21	4	0	3	0	0	0	0	1	0	3	1	2	0	0	0	13	1	1	12	1	4	1	5	6	10	3	1	0
21400	chr7	79015998	INDEL	normal_absent_HPRC_other	exact_allele	absent: exact allele in HPRC	exact	AFR+AMR+EAS+SAS	4	8	ACB,GWD,MSL,YRI,CLM,PUR,CHS,PJL	14	shared	False	True	True	True	6	6	4	2	36	26	8	2	2	0	0	2	0	1	1	1	0	5	4	0	2	13	1	2	13	1	4	2	7	7	12	6	2	2
21618	chr7	90329212	INDEL	normal_absent_HPRC_other	exact_allele	absent: exact allele in HPRC	exact	AFR+AMR+EAS+SAS	4	9	ACB,ASW,GWD,MKK,MSL,PEL,CHS,KHV,PJL	19	shared	False	True	True	True	15	2	5	1	39	28	8	2	8	1	0	4	1	1	0	0	2	0	3	2	1	13	1	2	13	2	6	2	6	8	14	6	2	2
21736	chr7	99385305	INDEL	normal_absent_HPRC_other	exact_allele	absent: exact allele in HPRC	exact	AFR+AMR+EAS+SAS	4	8	ACB,GWD,CLM,PEL,PUR,CHS,KHV,PJL	23	shared	True	False	False	True	5	25	7	1	36	31	7	1	3	0	0	2	0	0	0	7	8	10	6	1	1	9	2	1	15	2	5	2	8	8	15	6	1	1
21808	chr7	104249356	INDEL	normal_absent_HPRC_other	exact_allele	absent: exact allele in HPRC	exact	AFR+AMR+EAS	3	6	ACB,GWD,CLM,PEL,PUR,KHV	9	shared	False	True	True	True	4	5	1	0	42	28	8	0	3	0	0	1	0	0	0	2	1	2	0	1	0	14	2	2	12	2	8	2	6	7	15	6	2	0
21839	chr7	106789005	INDEL	other_ambiguous		ambiguous	exact	none	0	0		0	none	False	False	True	True	0	0	0	0	33	26	7	1	0	0	0	0	0	0	0	0	0	0	0	0	0	12	2	1	8	2	6	2	7	7	12	5	2	1
21875	chr7	109236822	INDEL	normal_absent_HPRC_other	exact_allele	absent: exact allele in HPRC	exact	EAS	1	1	CHS	1	one individual	False	True	True	True	0	0	1	0	37	31	8	2	0	0	0	0	0	0	0	0	0	0	1	0	0	11	2	1	14	2	5	2	8	8	15	6	2	2
21924	chr7	111195827	INDEL	normal_absent_HPRC_other	exact_allele	absent: exact allele in HPRC	exact	AFR+AMR	2	7	ACB,ASW,GWD,MSL,YRI,PEL,PUR	9	shared	False	True	False	True	9	2	0	0	40	32	8	2	2	1	0	3	0	2	1	0	1	1	0	0	0	10	1	2	16	2	7	2	8	8	16	6	2	2
22183	chr7	121495438	SNV	normal_absent_HPRC_other	exact_allele	absent: exact allele in HPRC	exact	AFR+AMR+EAS+SAS	4	12	ACB,ASW,ESN,GWD,MKK,MSL,YRI,CLM,PEL,PUR,CHS,PJL	41	shared	True	True	True	True	34	21	4	2	46	31	8	2	11	2	1	11	1	6	2	5	4	12	4	0	2	14	2	2	16	2	8	2	8	8	15	6	2	2
22259	chr7	126499200	INDEL	normal_absent_HPRC_other	exact_allele	absent: exact allele in HPRC	exact	AFR	1	4	ACB,GWD,MSL,YRI	12	one superpopulation	False	False	False	True	12	0	0	0	44	32	8	2	3	0	0	5	0	3	1	0	0	0	0	0	0	14	1	2	16	2	8	1	8	8	16	6	2	2
22309	chr7	129256549	INDEL	normal_absent_HPRC_other	exact_allele	absent: exact allele in HPRC	exact	AFR+AMR+EAS	3	7	ACB,ESN,YRI,CLM,PEL,PUR,CHS	15	shared	True	True	True	True	3	14	3	0	42	31	8	2	1	0	1	0	0	0	1	5	5	4	3	0	0	13	1	2	15	1	8	2	7	8	16	6	2	2
22450	chr7	137071147	SNV	normal_absent_HPRC_other	exact_allele	absent: exact allele in HPRC	exact	AFR+AMR+EAS+SAS	4	8	ACB,GWD,MSL,CLM,PEL,PUR,CHS,PJL	14	shared	False	True	True	True	6	7	2	1	46	32	8	2	3	0	0	1	0	2	0	3	2	2	2	0	1	14	2	2	16	2	8	2	8	8	16	6	2	2
22598	chr7	144191344	INDEL	normal_absent_HPRC_other	exact_allele	absent: exact allele in HPRC	exact	AFR+AMR+EAS+SAS	4	9	ACB,ASW,GWD,MSL,CLM,PEL,PUR,CHS,PJL	19	shared	False	False	False	True	15	5	1	1	25	25	6	2	7	1	0	4	0	3	0	2	1	2	1	0	1	10	2	0	6	1	6	0	7	7	11	4	2	2
22742	chr7	148061954	INDEL	normal_absent_HPRC_other	exact_allele	absent: exact allele in HPRC	exact	AMR	1	2	CLM,PUR	3	one superpopulation	False	True	False	True	0	3	0	0	9	19	4	1	0	0	0	0	0	0	0	2	0	1	0	0	0	3	0	1	5	0	0	0	5	4	10	2	2	1
22777	chr7	150482797	INDEL	normal_absent_HPRC_other	exact_allele	absent: exact allele in HPRC	exact	AFR+AMR	2	7	ACB,ASW,GWD,MKK,MSL,YRI,PUR	10	shared	False	False	False	True	8	2	0	0	38	31	7	2	1	1	0	3	1	1	1	0	0	2	0	0	0	11	2	2	12	2	7	2	8	8	15	5	2	2
22837	chr7	155599524	INDEL	normal_absent_HPRC_other	exact_allele	absent: exact allele in HPRC	exact	AFR+AMR+EAS+SAS	4	10	ACB,ASW,GWD,MKK,MSL,CLM,PEL,PUR,KHV,PJL	22	shared	True	False	False	True	17	5	1	1	38	28	7	2	5	1	0	6	1	4	0	1	1	3	0	1	1	12	2	2	12	2	6	2	8	6	14	5	2	2
22939	chr8	3115194	INDEL	normal_absent_HPRC_other	exact_allele	absent: exact allele in HPRC	exact	AMR	1	3	CLM,PEL,PUR	6	one superpopulation	False	True	False	True	0	6	0	0	43	31	8	2	0	0	0	0	0	0	0	2	1	3	0	0	0	13	1	2	15	2	8	2	8	8	15	6	2	2
22978	chr8	4062915	INDEL	normal_absent_HPRC_other	exact_allele	absent: exact allele in HPRC	exact	AFR+AMR+SAS	3	5	ACB,GWD,MKK,PUR,PJL	10	shared	False	False	False	True	5	4	0	1	45	30	8	2	2	0	0	2	1	0	0	0	0	4	0	0	1	14	2	2	16	2	7	2	7	8	15	6	2	2
23499	chr8	28469315	INDEL	normal_absent_HPRC_other	exact_allele	absent: exact allele in HPRC	exact	AFR	1	4	ESN,GWD,MKK,MSL	9	one superpopulation	False	False	False	True	10	0	0	0	44	32	8	2	0	0	2	5	1	2	0	0	0	0	0	0	0	14	2	2	16	1	8	1	8	8	16	6	2	2
23642	chr8	35171471	INDEL	normal_absent_HPRC_other	exact_allele	absent: exact allele in HPRC	exact	AFR+AMR+SAS	3	7	ACB,ASW,GWD,MSL,CLM,PUR,PJL	9	shared	False	True	True	True	6	3	0	1	42	32	8	2	1	2	0	1	0	2	0	1	0	2	0	0	1	11	2	2	15	2	8	2	8	8	16	6	2	2
23723	chr8	39661928	INDEL	normal_absent_HPRC_other	exact_allele	absent: exact allele in HPRC	exact	AFR+AMR	2	3	ACB,GWD,PUR	8	shared	False	True	False	True	8	1	0	0	46	32	8	2	3	0	0	5	0	0	0	0	0	1	0	0	0	14	2	2	16	2	8	2	8	8	16	6	2	2
23873	chr8	46724610	SNV	normal_absent_HPRC_other	exact_allele	absent: exact allele in HPRC	exact	AFR+AMR	2	4	ESN,GWD,MSL,PUR	8	shared	False	True	True	True	8	1	0	0	45	31	8	2	0	0	1	3	0	4	0	0	0	1	0	0	0	14	2	2	16	2	7	2	8	8	15	6	2	2
24040	chr8	52870222	INDEL	normal_absent_HPRC_other	exact_allele	absent: exact allele in HPRC	exact	AFR+AMR	2	6	ASW,GWD,MSL,YRI,PEL,PUR	9	shared	False	False	False	True	7	2	0	0	46	31	8	2	0	1	0	4	0	1	1	0	1	1	0	0	0	14	2	2	16	2	8	2	8	7	16	6	2	2
24067	chr8	54101145	INDEL	normal_absent_HPRC_other	exact_allele	absent: exact allele in HPRC	exact	AFR+AMR	2	7	ACB,ESN,GWD,MSL,YRI,PEL,PUR	14	shared	False	False	False	True	13	4	0	0	42	32	8	2	3	0	1	5	0	3	1	0	1	3	0	0	0	12	2	2	16	2	7	1	8	8	16	6	2	2
24082	chr8	54633737	INDEL	normal_absent_HPRC_other	exact_allele	absent: exact allele in HPRC	exact	AFR+AMR+SAS	3	3	MSL,PUR,PJL	4	shared	False	True	True	True	2	1	0	1	36	25	5	2	0	0	0	0	0	2	0	0	0	1	0	0	1	11	1	2	12	2	6	2	6	7	12	3	2	2
24297	chr8	64147592	INDEL	normal_absent_HPRC_other	exact_allele	absent: exact allele in HPRC	exact	AMR+EAS	2	4	CLM,PEL,PUR,KHV	10	shared	False	True	False	True	0	9	1	0	44	29	7	2	0	0	0	0	0	0	0	3	1	5	0	1	0	13	2	2	15	2	8	2	8	7	14	5	2	2
24344	chr8	66849593	INDEL	normal_absent_HPRC_other	exact_allele	absent: exact allele in HPRC	exact	AFR+AMR+EAS	3	6	ACB,ESN,GWD,PEL,PUR,CHS	9	shared	False	False	False	True	5	3	1	0	32	31	8	2	3	0	1	1	0	0	0	0	1	2	1	0	0	11	0	2	11	2	5	1	8	8	15	6	2	2
24606	chr8	77783431	SNV	normal_absent_HPRC_other	exact_allele	absent: exact allele in HPRC	exact	AFR+AMR+EAS+SAS	4	11	ACB,ASW,ESN,GWD,MKK,MSL,CLM,PEL,PUR,CHS,PJL	30	shared	False	True	True	False	16	17	3	2	46	32	8	2	5	1	1	3	2	4	0	3	4	10	3	0	2	14	2	2	16	2	8	2	8	8	16	6	2	2
24797	chr8	84906689	INDEL	normal_absent_HPRC_other	exact_allele	absent: exact allele in HPRC	exact	AFR	1	3	ACB,GWD,MSL	10	one superpopulation	False	False	False	True	11	0	0	0	36	32	8	2	3	0	0	6	0	2	0	0	0	0	0	0	0	11	2	2	12	0	8	1	8	8	16	6	2	2
24871	chr8	88433234	INDEL	normal_absent_HPRC_other	exact_allele	absent: exact allele in HPRC	exact	AFR	1	3	ESN,GWD,MSL	3	one superpopulation	False	False	False	True	3	0	0	0	46	32	8	2	0	0	1	1	0	1	0	0	0	0	0	0	0	14	2	2	16	2	8	2	8	8	16	6	2	2
24934	chr8	90589948	INDEL	normal_absent_HPRC_other	exact_allele	absent: exact allele in HPRC	exact	AFR+AMR+EAS+SAS	4	13	ACB,ASW,ESN,GWD,MKK,MSL,YRI,CLM,PEL,PUR,CHS,KHV,PJL	33	shared	True	False	False	True	19	19	7	2	41	31	7	2	5	1	1	7	2	2	1	7	7	5	5	2	2	11	2	2	16	2	6	2	8	8	15	5	2	2
25044	chr8	95000954	INDEL	normal_absent_HPRC_other	exact_allele	absent: exact allele in HPRC	exact	AFR+AMR	2	2	ACB,PUR	2	shared	True	False	False	True	1	1	0	0	42	30	8	2	1	0	0	0	0	0	0	0	0	1	0	0	0	14	2	2	12	2	8	2	8	8	14	6	2	2
25076	chr8	96186418	INDEL	normal_absent_HPRC_other	exact_allele	absent: exact allele in HPRC	exact	AFR+AMR+SAS	3	7	ACB,ESN,GWD,MSL,PEL,PUR,PJL	15	shared	False	False	False	True	11	6	0	1	19	24	6	2	3	0	1	4	0	3	0	0	2	4	0	0	1	5	0	1	8	1	3	1	5	8	11	4	2	2
25187	chr8	104285762	SNV	normal_absent_HPRC_other	exact_allele	absent: exact allele in HPRC	exact	AFR+AMR+EAS	3	12	ACB,ASW,ESN,GWD,MKK,MSL,YRI,CLM,PEL,PUR,CHS,KHV	42	shared	True	True	True	True	44	23	6	0	46	32	8	2	14	2	2	14	2	8	2	5	7	11	5	1	0	14	2	2	16	2	8	2	8	8	16	6	2	2
25261	chr8	107314812	SNV	normal_absent_HPRC_other	exact_allele	absent: exact allele in HPRC	exact	AFR+AMR+EAS	3	7	ASW,GWD,CLM,PEL,PUR,CHS,KHV	15	shared	False	True	True	True	2	12	4	0	46	32	8	2	0	1	0	1	0	0	0	3	3	6	3	1	0	14	2	2	16	2	8	2	8	8	16	6	2	2
25291	chr8	108221795	INDEL	other_ambiguous		ambiguous	exact	none	0	0		0	none	False	True	True	True	0	0	0	0	38	32	8	1	0	0	0	0	0	0	0	0	0	0	0	0	0	9	2	1	15	2	7	2	8	8	16	6	2	1
25336	chr8	110171465	INDEL	normal_absent_HPRC_other	exact_allele	absent: exact allele in HPRC	exact	AFR+AMR+SAS	3	7	ACB,ESN,GWD,MSL,PEL,PUR,PJL	13	shared	False	False	False	True	9	3	0	1	43	30	7	2	2	0	1	4	0	2	0	0	1	2	0	0	1	14	2	2	13	2	8	2	8	8	14	6	1	2
25617	chr8	119415655	INDEL	normal_absent_HPRC_other	exact_allele	absent: exact allele in HPRC	exact	AFR+AMR+EAS+SAS	4	7	GWD,MKK,MSL,PEL,PUR,KHV,PJL	10	shared	False	True	False	True	6	3	1	1	33	30	5	2	0	0	0	4	1	1	0	0	2	1	0	1	1	9	2	1	14	1	4	2	7	8	15	3	2	2
25922	chr8	138068174	INDEL	normal_absent_HPRC_other	exact_allele	absent: exact allele in HPRC	exact	AFR+AMR	2	8	ACB,ASW,GWD,MKK,MSL,YRI,CLM,PUR	15	shared	True	False	False	True	11	4	0	0	39	29	8	1	3	1	0	3	1	2	1	1	0	3	0	0	0	12	2	2	13	2	6	2	7	7	15	6	2	1
25967	chr8	139407200	INDEL	normal_absent_HPRC_other	exact_allele	absent: exact allele in HPRC	exact	AFR+EAS	2	2	MSL,CHS	2	shared	False	True	True	True	1	0	2	0	33	30	8	2	0	0	0	0	0	1	0	0	0	0	2	0	0	10	1	2	11	1	8	0	8	8	14	6	2	2
26067	chr9	773535	INDEL	normal_absent_HPRC_other	exact_allele	absent: exact allele in HPRC	exact	AFR+AMR	2	5	ESN,GWD,MKK,MSL,PUR	6	shared	False	False	False	True	4	2	0	0	38	30	8	2	0	0	1	1	1	1	0	0	0	2	0	0	0	11	2	2	12	2	7	2	8	8	14	6	2	2
26194	chr9	10488163	SNV	normal_absent_HPRC_other	exact_allele	absent: exact allele in HPRC	exact	AFR+AMR+EAS	3	6	ACB,GWD,CLM,PEL,PUR,CHS	10	shared	False	True	True	True	2	6	2	0	43	31	8	2	1	0	0	1	0	0	0	2	2	2	2	0	0	13	1	2	16	2	7	2	8	8	15	6	2	2
26260	chr9	19876365	INDEL	normal_absent_HPRC_other	exact_allele	absent: exact allele in HPRC	exact	AFR+AMR+EAS	3	6	ESN,MSL,CLM,PEL,PUR,CHS	9	shared	False	False	False	True	2	5	2	0	37	24	7	2	0	0	1	0	0	1	0	2	1	2	2	0	0	14	1	2	12	2	5	1	7	5	12	5	2	2
26319	chr9	23606992	INDEL	normal_absent_HPRC_other	exact_allele	absent: exact allele in HPRC	exact	AFR+AMR+EAS	3	9	ACB,ASW,GWD,MSL,CLM,PEL,PUR,CHS,KHV	13	shared	False	False	False	True	10	3	2	0	32	29	7	2	4	1	0	4	0	1	0	1	1	1	1	1	0	12	2	2	9	1	6	0	8	8	13	5	2	2
26366	chr9	25692742	INDEL	normal_absent_HPRC_other	exact_allele	absent: exact allele in HPRC	exact	AFR+AMR+EAS	3	6	ACB,ASW,GWD,CLM,PUR,CHS	14	shared	False	False	False	True	8	5	1	0	34	32	8	2	3	1	0	4	0	0	0	2	0	3	1	0	0	11	2	2	11	2	5	1	8	8	16	6	2	2
26465	chr9	31826218	INDEL	normal_absent_HPRC_other	exact_allele	absent: exact allele in HPRC	exact	AFR+AMR	2	5	ACB,ESN,CLM,PEL,PUR	8	shared	True	False	False	True	5	4	0	0	45	31	8	2	3	0	2	0	0	0	0	1	2	1	0	0	0	14	2	2	16	2	7	2	7	8	16	6	2	2
26515	chr9	36608417	INDEL	normal_absent_HPRC_other	exact_allele	absent: exact allele in HPRC	exact	AFR+AMR+EAS+SAS	4	10	ACB,ESN,GWD,MKK,MSL,CLM,PEL,PUR,CHS,PJL	19	shared	False	True	True	True	9	9	3	1	35	31	7	2	3	0	1	1	1	3	0	3	4	2	3	0	1	11	2	2	9	2	7	2	8	8	15	5	2	2
26557	chr9	38822788	INDEL	normal_absent_HPRC_other	element_set_other_allele	absent: only the nodes in HPRC	nodes	AFR+EAS	2	4	ACB,GWD,MSL,CHS	4	shared	True	True	True	False	4	0	1	0	41	30	7	0	2	0	0	1	0	1	0	0	0	0	1	0	0	12	2	1	15	2	8	1	8	8	14	5	2	0
26752	chr9	73836907	INDEL	normal_absent_HPRC_other	exact_allele	absent: exact allele in HPRC	exact	AFR+AMR+EAS+SAS	4	7	ACB,GWD,MSL,CLM,PUR,CHS,PJL	14	shared	True	True	True	True	9	5	1	1	43	32	8	2	3	0	0	5	0	1	0	1	0	4	1	0	1	14	1	2	15	2	8	1	8	8	16	6	2	2
26830	chr9	77526076	INDEL	normal_absent_HPRC_other	exact_allele	absent: exact allele in HPRC	exact	AFR+AMR	2	6	ACB,GWD,MSL,YRI,CLM,PUR	15	shared	False	False	False	True	13	6	0	0	37	32	7	2	7	0	0	3	0	2	1	2	0	4	0	0	0	11	2	2	12	1	7	2	8	8	16	5	2	2
26890	chr9	80262498	INDEL	normal_absent_HPRC_other	exact_allele	absent: exact allele in HPRC	exact	AFR+AMR+EAS	3	8	ACB,ASW,GWD,MSL,YRI,CLM,PUR,CHS	11	shared	False	False	False	True	7	3	2	0	46	32	8	2	1	1	0	1	0	3	1	1	0	2	2	0	0	14	2	2	16	2	8	2	8	8	16	6	2	2
27017	chr9	89653932	INDEL	normal_absent_HPRC_other	exact_allele	absent: exact allele in HPRC	exact	AMR+EAS	2	2	CLM,CHS	2	shared	True	False	False	True	0	1	1	0	40	29	7	2	0	0	0	0	0	0	0	1	0	0	1	0	0	14	2	2	14	1	5	2	6	8	15	5	2	2
27112	chr9	96467527	INDEL	normal_absent_HPRC_other	exact_allele	absent: exact allele in HPRC	exact	AFR+AMR	2	4	ASW,GWD,MSL,PEL	7	shared	False	False	False	True	7	1	0	0	42	31	8	2	0	1	0	4	0	2	0	0	1	0	0	0	0	13	2	2	15	1	7	2	8	8	15	6	2	2
27157	chr9	99223332	INDEL	normal_absent_HPRC_other	exact_allele	absent: exact allele in HPRC	exact	AMR+EAS	2	5	CLM,PEL,PUR,CHS,KHV	7	shared	False	False	False	True	0	4	3	0	38	28	8	1	0	0	0	0	0	0	0	2	1	1	2	1	0	12	2	2	12	2	7	1	8	7	13	6	2	1
27255	chr9	103329561	INDEL	normal_absent_HPRC_other	exact_allele	absent: exact allele in HPRC	exact	AFR+AMR+EAS	3	6	ACB,GWD,MKK,PEL,PUR,KHV	9	shared	False	False	False	True	6	4	1	0	40	29	8	1	2	0	0	3	1	0	0	0	3	1	0	1	0	12	2	2	14	1	7	2	7	8	14	6	2	1
27696	chr9	123223049	INDEL	normal_absent_HPRC_other	exact_allele	absent: exact allele in HPRC	exact	AFR+AMR+EAS	3	7	ACB,GWD,MSL,YRI,PEL,PUR,CHS	10	shared	False	True	True	True	5	4	3	0	43	28	8	2	1	0	0	1	0	2	1	0	2	2	3	0	0	12	2	2	15	2	8	2	8	7	13	6	2	2
27786	chr9	130221399	INDEL	normal_absent_HPRC_other	exact_allele	absent: exact allele in HPRC	exact	AFR	1	2	GWD,MKK	2	one superpopulation	False	True	True	True	2	0	0	0	23	23	5	1	0	0	0	1	1	0	0	0	0	0	0	0	0	7	1	0	9	2	3	1	7	7	9	3	2	1
27803	chr9	132178786	INDEL	normal_absent_HPRC_other	exact_allele	absent: exact allele in HPRC	exact	AFR+AMR+EAS	3	5	ACB,GWD,MSL,PUR,CHS	9	shared	False	False	False	True	7	1	1	0	39	31	8	2	1	0	0	3	0	3	0	0	0	1	1	0	0	10	2	1	14	2	8	2	7	8	16	6	2	2
27811	chr9	132502277	INDEL	normal_absent_HPRC_other	element_set_other_allele	absent: only the nodes in HPRC	nodes	AFR+AMR	2	6	ACB,ESN,GWD,MSL,CLM,PUR	11	shared	False	True	True	True	11	2	0	0	43	31	8	2	2	0	1	6	0	2	0	1	0	1	0	0	0	13	2	2	16	2	7	1	8	7	16	6	2	2
27910	chr10	2235385	INDEL	normal_absent_HPRC_other	exact_allele	absent: exact allele in HPRC	exact	AFR+AMR+EAS	3	8	ACB,ESN,GWD,MKK,MSL,YRI,PUR,CHS	17	shared	False	True	True	True	14	2	2	0	37	26	8	2	4	0	2	3	1	3	1	0	0	2	2	0	0	13	1	2	11	1	7	2	7	8	11	6	2	2
27981	chr10	9450537	INDEL	normal_absent_HPRC_other	exact_allele	absent: exact allele in HPRC	exact	AFR+AMR+EAS	3	10	ACB,ESN,GWD,MKK,MSL,YRI,CLM,PEL,PUR,CHS	22	shared	False	False	False	True	19	10	1	0	41	30	8	1	7	0	1	5	1	3	2	3	4	3	1	0	0	13	1	1	16	1	7	2	8	8	14	6	2	1
28014	chr10	12247133	INDEL	other_ambiguous		ambiguous	exact	none	0	0		0	none	False	True	True	True	0	0	0	0	44	31	8	2	0	0	0	0	0	0	0	0	0	0	0	0	0	13	2	2	15	2	8	2	8	8	15	6	2	2
28050	chr10	14195430	INDEL	normal_absent_HPRC_other	exact_allele	absent: exact allele in HPRC	exact	AFR+AMR	2	5	ACB,GWD,MSL,CLM,PEL	12	shared	False	False	False	True	8	4	0	0	36	31	8	2	3	0	0	4	0	1	0	1	3	0	0	0	0	11	1	2	13	2	6	1	8	8	15	6	2	2
28168	chr10	21534306	INDEL	normal_absent_HPRC_other	element_set_other_allele	absent: only the nodes in HPRC	nodes	AFR+AMR	2	5	ACB,GWD,MSL,PEL,PUR	9	shared	True	False	False	True	5	5	0	0	37	29	8	2	3	0	0	1	0	1	0	0	1	4	0	0	0	13	0	2	12	0	8	2	7	8	14	6	2	2
28183	chr10	23581909	INDEL	normal_absent_HPRC_other	exact_allele	absent: exact allele in HPRC	exact	AFR+AMR+EAS	3	6	ACB,GWD,MSL,CLM,PUR,CHS	11	shared	False	True	False	True	7	3	1	0	34	29	7	2	3	0	0	3	0	1	0	1	0	2	1	0	0	12	0	1	11	2	6	2	8	6	15	5	2	2
28277	chr10	32152625	INDEL	normal_absent_HPRC_other	exact_allele	absent: exact allele in HPRC	exact	AFR	1	1	GWD	1	one individual	False	True	True	True	1	0	0	0	37	23	8	2	0	0	0	1	0	0	0	0	0	0	0	0	0	8	1	2	14	2	8	2	4	8	11	6	2	2
28281	chr10	32390931	INDEL	normal_absent_HPRC_other	exact_allele	absent: exact allele in HPRC	exact	AFR+AMR+EAS+SAS	4	12	ACB,ASW,ESN,GWD,MSL,YRI,CLM,PEL,PUR,CHS,KHV,PJL	36	shared	True	True	True	True	26	20	5	1	42	32	8	2	9	2	2	7	0	5	1	4	8	8	4	1	1	13	2	2	15	1	7	2	8	8	16	6	2	2
28293	chr10	33999175	INDEL	normal_absent_HPRC_other	exact_allele	absent: exact allele in HPRC	exact	AFR+AMR	2	7	ACB,ASW,GWD,MSL,YRI,CLM,PUR	11	shared	False	True	True	True	10	3	0	0	44	29	8	2	4	1	0	1	0	3	1	1	0	2	0	0	0	14	2	2	14	2	8	2	7	7	15	6	2	2
28295	chr10	34227854	INDEL	normal_absent_HPRC_other	recombinant_pieces	absent: only the nodes in HPRC	nodes	none	0	0		0	none	False	True	True	True	0	0	0	0	17	16	7	1	0	0	0	0	0	0	0	0	0	0	0	0	0	6	2	1	3	0	5	0	6	6	4	5	2	1
28451	chr10	45139331	INDEL	normal_absent_HPRC_other	exact_allele	absent: exact allele in HPRC	exact	AFR+AMR+EAS	3	6	ASW,GWD,CLM,PEL,PUR,CHS	10	shared	False	True	True	True	2	6	4	0	34	28	7	1	0	1	0	1	0	0	0	1	1	4	4	0	0	9	2	1	12	2	6	2	8	8	12	6	1	1
28503	chr10	50067496	INDEL	normal_present_rare	hapX_only	COLO829BL present, rare	exact	AFR+AMR	2	8	ACB,ESN,GWD,MKK,MSL,YRI,CLM,PUR	12	shared	False	True	True	True	8	4	0	0	46	32	8	2	3	0	1	1	1	1	1	1	0	3	0	0	0	14	2	2	16	2	8	2	8	8	16	6	2	2
28531	chr10	52423733	INDEL	normal_absent_HPRC_other	exact_allele	absent: exact allele in HPRC	exact	AFR+AMR+EAS	3	10	ACB,ASW,GWD,MSL,YRI,CLM,PEL,PUR,CHS,KHV	18	shared	False	False	False	True	13	5	2	0	42	30	8	2	6	1	0	4	0	1	1	1	2	2	1	1	0	14	1	1	16	2	6	2	7	8	15	6	2	2
28540	chr10	53079793	INDEL	normal_absent_HPRC_other	exact_allele	absent: exact allele in HPRC	exact	AFR	1	2	ACB,MSL	2	one superpopulation	False	True	False	True	2	0	0	0	42	31	8	2	1	0	0	0	0	1	0	0	0	0	0	0	0	13	2	2	14	2	7	2	8	8	15	6	2	2
28556	chr10	53587899	INDEL	normal_absent_HPRC_other	exact_allele	absent: exact allele in HPRC	exact	AFR+AMR	2	7	ACB,ESN,GWD,MKK,MSL,YRI,PUR	13	shared	False	True	True	True	15	1	0	0	37	28	8	2	1	0	2	6	2	3	1	0	0	1	0	0	0	11	2	2	12	2	6	2	8	7	13	6	2	2
28589	chr10	54796222	INDEL	normal_absent_HPRC_other	exact_allele	absent: exact allele in HPRC	exact	AFR	1	2	ACB,GWD	2	one superpopulation	False	True	True	True	2	0	0	0	26	23	6	1	1	0	0	1	0	0	0	0	0	0	0	0	0	9	0	1	11	1	4	0	6	8	9	4	2	1
28600	chr10	55374084	INDEL	normal_absent_HPRC_other	exact_allele	absent: exact allele in HPRC	exact	AFR+AMR	2	5	ACB,GWD,MSL,CLM,PUR	14	shared	False	True	True	True	9	6	0	0	45	32	8	2	3	0	0	4	0	2	0	3	0	3	0	0	0	14	2	2	16	2	7	2	8	8	16	6	2	2
28627	chr10	57260094	SNV	normal_absent_HPRC_other	element_set_other_allele	absent: only the nodes in HPRC	nodes	AFR+AMR+EAS	3	10	ACB,ASW,ESN,GWD,MSL,YRI,CLM,PEL,PUR,CHS	21	shared	False	True	False	False	12	9	2	0	31	23	7	2	4	1	2	3	0	1	1	1	3	5	2	0	0	12	2	2	9	1	4	1	5	6	12	5	2	2
28711	chr10	65470623	INDEL	normal_absent_HPRC_other	exact_allele	absent: exact allele in HPRC	exact	AFR+AMR+EAS	3	8	ACB,GWD,MKK,CLM,PEL,PUR,CHS,KHV	15	shared	False	False	True	False	3	13	3	0	27	30	8	2	1	0	0	1	1	0	0	4	6	3	2	1	0	9	2	1	8	1	6	0	8	8	14	6	2	2
28722	chr10	65999927	INDEL	normal_absent_HPRC_other	exact_allele	absent: exact allele in HPRC	exact	AFR+AMR+EAS	3	6	ESN,GWD,CLM,PEL,PUR,KHV	8	shared	False	True	False	True	2	6	1	0	36	31	8	2	0	0	1	1	0	0	0	2	2	2	0	1	0	12	2	2	11	2	5	2	8	8	15	6	2	2
28724	chr10	66135903	INDEL	normal_absent_HPRC_other	exact_allele	absent: exact allele in HPRC	exact	AFR+AMR+EAS	3	7	ACB,ESN,GWD,MSL,YRI,PUR,KHV	19	shared	False	False	False	True	16	5	1	0	40	32	8	2	6	0	1	5	0	3	1	0	0	5	0	1	0	11	2	2	14	2	7	2	8	8	16	6	2	2
28817	chr10	77873031	INDEL	normal_absent_HPRC_other	exact_allele	absent: exact allele in HPRC	exact	AFR+AMR	2	5	ACB,ESN,GWD,MKK,PUR	5	shared	False	True	True	True	5	1	0	0	34	32	8	2	1	0	1	1	2	0	0	0	0	1	0	0	0	10	1	2	11	2	7	1	8	8	16	6	2	2
28827	chr10	79677249	INDEL	normal_present_broad	hapX_only	COLO829BL present, broad	exact	AFR+AMR+EAS	3	12	ACB,ASW,ESN,GWD,MKK,MSL,YRI,CLM,PEL,PUR,CHS,KHV	37	shared	False	True	True	True	34	17	4	0	44	29	4	1	10	1	1	13	2	5	2	5	6	6	3	1	0	14	2	2	15	2	7	2	8	7	14	3	1	1
28830	chr10	79952735	INDEL	normal_absent_HPRC_other	exact_allele	absent: exact allele in HPRC	exact	AFR+AMR+SAS	3	11	ACB,ASW,ESN,GWD,MKK,MSL,YRI,CLM,PEL,PUR,PJL	35	shared	True	True	True	True	34	15	0	1	43	31	8	2	8	2	2	14	2	4	2	3	2	10	0	0	1	12	2	2	16	2	7	2	7	8	16	6	2	2
28866	chr10	82917966	INDEL	other_ambiguous		ambiguous	exact	none	0	0		0	none	False	True	True	False	0	0	0	0	21	18	1	1	0	0	0	0	0	0	0	0	0	0	0	0	0	10	0	1	4	1	5	0	8	3	7	1	0	1
28908	chr10	85737645	INDEL	normal_absent_HPRC_other	exact_allele	absent: exact allele in HPRC	exact	AFR+AMR+SAS	3	5	ASW,GWD,PEL,PUR,PJL	9	shared	False	True	True	True	2	6	0	1	31	18	8	1	0	1	0	1	0	0	0	0	2	4	0	0	1	8	2	2	9	2	7	1	3	4	11	6	2	1
28962	chr10	93482849	INDEL	other_ambiguous		ambiguous	exact	none	0	0		0	none	False	True	True	True	0	0	0	0	8	21	4	2	0	0	0	0	0	0	0	0	0	0	0	0	0	2	0	1	1	2	2	0	6	5	10	4	0	2
29053	chr10	105483308	INDEL	normal_absent_HPRC_other	exact_allele	absent: exact allele in HPRC	exact	AFR+AMR+EAS	3	9	ACB,GWD,MKK,MSL,YRI,CLM,PEL,PUR,CHS	18	shared	False	False	False	True	10	9	1	0	36	28	7	2	2	0	0	3	1	2	2	2	2	5	1	0	0	11	2	1	12	2	6	2	7	6	15	5	2	2
29301	chr10	126719730	INDEL	normal_absent_HPRC_other	exact_allele	absent: exact allele in HPRC	exact	AFR	1	2	GWD,MSL	3	one superpopulation	True	True	False	True	4	0	0	0	46	32	8	2	0	0	0	1	0	3	0	0	0	0	0	0	0	14	2	2	16	2	8	2	8	8	16	6	2	2
29342	chr10	129489359	INDEL	normal_absent_HPRC_other	exact_allele	absent: exact allele in HPRC	exact	AFR+AMR+EAS+SAS	4	9	ACB,ASW,GWD,MKK,MSL,PEL,PUR,CHS,PJL	18	shared	False	False	True	True	14	7	2	2	37	31	7	2	5	1	0	6	1	1	0	0	2	5	2	0	2	13	1	2	11	2	7	1	8	8	15	5	2	2
29389	chr10	133428931	INDEL	normal_absent_HPRC_other	exact_allele	absent: exact allele in HPRC	exact	AFR+AMR+EAS+SAS	4	12	ACB,ASW,GWD,MKK,MSL,YRI,CLM,PEL,PUR,CHS,KHV,PJL	27	shared	True	True	True	True	11	14	5	1	39	30	8	2	3	1	0	3	1	2	1	5	3	6	3	2	1	11	1	2	15	2	7	1	8	7	15	6	2	2
29397	chr11	343764	INDEL	normal_absent_HPRC_other	element_set_other_allele	absent: only the nodes in HPRC	nodes	AFR+AMR+EAS+SAS	4	12	ACB,ASW,ESN,GWD,MKK,MSL,YRI,CLM,PUR,CHS,KHV,PJL	34	shared	False	False	False	True	29	9	6	1	43	27	7	2	8	1	1	11	1	5	2	3	0	6	4	2	1	12	2	2	15	2	8	2	6	7	14	5	2	2
29401	chr11	735289	INDEL	normal_absent_HPRC_other	element_set_other_allele	absent: only the nodes in HPRC	nodes	AFR+AMR+EAS	3	9	ACB,ASW,ESN,GWD,MKK,MSL,PUR,CHS,KHV	12	shared	False	True	True	True	8	1	3	0	38	32	8	2	3	1	1	1	1	1	0	0	0	1	2	1	0	12	2	1	13	2	6	2	8	8	16	6	2	2
29461	chr11	5355762	INDEL	normal_absent_HPRC_other	exact_allele	absent: exact allele in HPRC	exact	AFR+AMR+EAS+SAS	4	11	ACB,ASW,GWD,MSL,YRI,CLM,PEL,PUR,CHS,KHV,PJL	32	shared	False	False	False	True	22	16	3	2	41	32	8	2	9	1	0	8	0	3	1	6	2	8	2	1	2	13	2	1	13	2	8	2	8	8	16	6	2	2
29474	chr11	6578618	INDEL	normal_absent_HPRC_other	exact_allele	absent: exact allele in HPRC	exact	AFR	1	2	ASW,MSL	2	one superpopulation	False	False	False	True	2	0	0	0	37	27	7	2	0	1	0	0	0	1	0	0	0	0	0	0	0	10	1	2	14	1	7	2	8	4	15	5	2	2
29486	chr11	7618885	INDEL	normal_absent_HPRC_other	exact_allele	absent: exact allele in HPRC	exact	AFR+AMR+EAS	3	10	ACB,ASW,GWD,MKK,MSL,YRI,PEL,PUR,CHS,KHV	16	shared	False	False	False	True	12	5	2	0	42	29	8	2	2	2	0	5	1	1	1	0	2	3	1	1	0	12	2	1	16	2	7	2	5	8	16	6	2	2
29503	chr11	8185740	INDEL	normal_absent_HPRC_other	exact_allele	absent: exact allele in HPRC	exact	AFR+AMR	2	8	ACB,ASW,ESN,GWD,MKK,MSL,YRI,PUR	12	shared	True	True	True	True	11	2	0	0	46	31	8	2	2	1	1	4	1	1	1	0	0	2	0	0	0	14	2	2	16	2	8	2	8	8	15	6	2	2
29562	chr11	15372609	INDEL	normal_absent_HPRC_other	exact_allele	absent: exact allele in HPRC	exact	AFR+AMR	2	4	ACB,GWD,CLM,PUR	10	shared	False	True	True	False	7	4	0	0	33	23	4	1	3	0	0	4	0	0	0	2	0	2	0	0	0	9	2	1	13	2	6	0	4	6	13	3	1	1
29579	chr11	18267403	INDEL	normal_absent_HPRC_other	element_set_other_allele	absent: only the nodes in HPRC	nodes	AFR+AMR+EAS+SAS	4	11	ACB,ASW,GWD,MSL,YRI,CLM,PEL,PUR,CHS,KHV,PJL	27	shared	False	True	True	True	17	14	2	1	41	32	8	2	7	1	0	6	0	1	2	4	4	6	1	1	1	14	2	1	12	2	8	2	8	8	16	6	2	2
29598	chr11	20697411	INDEL	normal_absent_HPRC_other	exact_allele	absent: exact allele in HPRC	exact	AFR+AMR+EAS	3	6	ACB,GWD,MSL,CLM,PEL,CHS	12	shared	False	True	True	True	10	2	1	0	40	28	8	2	3	0	0	5	0	2	0	1	1	0	1	0	0	13	2	2	14	2	5	2	7	6	15	6	2	2
29760	chr11	34360568	INDEL	normal_absent_HPRC_other	exact_allele	absent: exact allele in HPRC	exact	AFR+AMR	2	2	MKK,CLM	2	shared	False	True	False	False	1	1	0	0	38	31	7	1	0	0	0	0	1	0	0	1	0	0	0	0	0	12	1	1	13	2	7	2	8	8	15	6	1	1
29762	chr11	34618593	INDEL	normal_absent_HPRC_other	exact_allele	absent: exact allele in HPRC	exact	AFR+AMR+EAS	3	5	ACB,ASW,GWD,PUR,CHS	6	shared	False	True	False	True	4	2	1	0	30	19	5	2	1	2	0	1	0	0	0	0	0	2	1	0	0	9	2	1	12	1	5	0	4	4	11	4	1	2
29861	chr11	41022142	INDEL	normal_absent_HPRC_other	exact_allele	absent: exact allele in HPRC	exact	AFR+AMR+EAS+SAS	4	9	ACB,ASW,GWD,YRI,CLM,PEL,PUR,CHS,PJL	18	shared	False	False	False	True	11	8	3	1	37	28	6	2	4	1	0	5	0	0	1	5	1	2	3	0	1	12	2	2	13	2	5	1	8	7	13	5	1	2
29958	chr11	49168044	INDEL	normal_absent_HPRC_other	exact_allele	absent: exact allele in HPRC	exact	AFR+AMR+EAS+SAS	4	10	ACB,GWD,MKK,MSL,YRI,CLM,PEL,PUR,CHS,PJL	25	shared	True	False	False	True	20	10	1	2	32	27	8	2	5	0	0	8	1	5	1	2	5	3	1	0	2	10	1	1	10	2	6	2	6	8	13	6	2	2
29970	chr11	49884989	INDEL	normal_absent_HPRC_other	element_set_other_allele	absent: only the nodes in HPRC	nodes	AFR+AMR+EAS	3	7	ACB,GWD,MKK,MSL,YRI,PUR,CHS	9	shared	False	True	True	True	6	2	2	0	31	21	7	1	2	0	0	1	1	1	1	0	0	2	2	0	0	10	2	2	9	1	5	2	5	4	12	5	2	1
30072	chr11	59067830	INDEL	normal_absent_HPRC_other	exact_allele	absent: exact allele in HPRC	exact	AFR+AMR+EAS+SAS	4	12	ACB,ESN,GWD,MKK,MSL,YRI,CLM,PEL,PUR,CHS,KHV,PJL	34	shared	True	False	False	True	23	19	4	2	44	30	7	2	10	0	2	7	1	1	2	6	5	8	3	1	2	13	2	2	15	2	8	2	8	7	15	5	2	2
30207	chr11	78600090	INDEL	normal_absent_HPRC_other	exact_allele	absent: exact allele in HPRC	exact	AFR	1	1	GWD	1	one individual	False	False	False	True	1	0	0	0	35	31	8	2	0	0	0	1	0	0	0	0	0	0	0	0	0	14	1	2	11	0	5	2	8	8	15	6	2	2
30258	chr11	81818261	INDEL	normal_absent_HPRC_other	exact_allele	absent: exact allele in HPRC	exact	AFR+AMR	2	7	ACB,ASW,GWD,MSL,YRI,PEL,PUR	7	shared	False	True	True	False	5	2	0	0	29	30	8	2	1	1	0	1	0	1	1	0	1	1	0	0	0	12	2	1	7	0	5	2	8	8	14	6	2	2
30372	chr11	92781075	INDEL	normal_absent_HPRC_other	exact_allele	absent: exact allele in HPRC	exact	AFR+AMR+EAS+SAS	4	11	ACB,ASW,ESN,GWD,MSL,YRI,CLM,PEL,PUR,CHS,PJL	27	shared	True	True	True	True	11	20	5	1	40	32	8	2	4	1	1	2	0	2	1	6	3	11	5	0	1	12	2	2	13	2	7	2	8	8	16	6	2	2
30447	chr11	98882165	INDEL	other_ambiguous		ambiguous	exact	AFR+AMR+SAS	3	7	ACB,GWD,MSL,CLM,PEL,PUR,PJL	9	shared	False	False	False	True	3	6	0	1	17	20	1	2	1	0	0	1	0	1	0	1	3	2	0	0	1	7	2	0	4	0	3	1	4	5	11	1	0	2
30462	chr11	99515949	INDEL	normal_absent_HPRC_other	exact_allele	absent: exact allele in HPRC	exact	AFR+AMR+EAS	3	8	ACB,ASW,GWD,CLM,PEL,PUR,CHS,KHV	14	shared	False	True	True	True	6	6	2	0	39	28	7	2	2	1	0	3	0	0	0	1	2	3	1	1	0	13	2	2	10	2	8	2	7	6	15	5	2	2
30741	chr11	127691050	INDEL	normal_absent_HPRC_other	exact_allele	absent: exact allele in HPRC	exact	AFR+AMR	2	4	ACB,GWD,YRI,PUR	11	shared	False	False	False	True	9	2	0	0	42	32	7	2	4	0	0	4	0	0	1	0	0	2	0	0	0	12	2	2	15	2	7	2	8	8	16	6	1	2
30762	chr11	129769534	INDEL	normal_absent_HPRC_other	exact_allele	absent: exact allele in HPRC	exact	AFR+AMR+EAS+SAS	4	6	GWD,MSL,PEL,PUR,CHS,PJL	10	shared	False	True	True	True	5	4	1	1	30	26	8	2	0	0	0	2	0	3	0	0	1	3	1	0	1	8	1	2	14	0	5	0	7	6	13	6	2	2
30763	chr11	129809351	INDEL	other_ambiguous		ambiguous	exact	none	0	0		0	none	False	True	True	False	0	0	0	0	22	24	7	1	0	0	0	0	0	0	0	0	0	0	0	0	0	9	1	1	7	1	3	0	5	8	11	5	2	1
31178	chr12	21767308	INDEL	normal_absent_HPRC_other	exact_allele	absent: exact allele in HPRC	exact	AFR+AMR	2	4	ACB,GWD,MKK,CLM	6	shared	False	False	False	True	4	3	0	0	31	27	7	1	1	0	0	2	1	0	0	3	0	0	0	0	0	9	2	2	11	2	3	2	6	6	15	5	2	1
31191	chr12	22906410	INDEL	normal_absent_HPRC_other	exact_allele	absent: exact allele in HPRC	exact	AFR+AMR+EAS	3	7	ACB,GWD,MSL,CLM,PEL,PUR,KHV	14	shared	False	True	True	True	8	6	1	0	46	32	8	2	3	0	0	3	0	2	0	1	2	3	0	1	0	14	2	2	16	2	8	2	8	8	16	6	2	2
31292	chr12	32933017	INDEL	normal_absent_HPRC_other	exact_allele	absent: exact allele in HPRC	exact	AMR	1	3	CLM,PEL,PUR	4	one superpopulation	False	True	True	True	0	5	0	0	37	29	8	2	0	0	0	0	0	0	0	2	1	2	0	0	0	11	1	2	14	1	6	2	8	8	13	6	2	2
31701	chr12	55587855	INDEL	normal_absent_HPRC_other	exact_allele	absent: exact allele in HPRC	exact	AFR	1	2	ACB,MSL	4	one superpopulation	False	False	True	True	4	0	0	0	43	31	5	2	1	0	0	0	0	3	0	0	0	0	0	0	0	14	1	2	15	2	7	2	8	8	15	5	0	2
31789	chr12	60500737	INDEL	normal_absent_HPRC_other	exact_allele	absent: exact allele in HPRC	exact	AFR+AMR	2	7	ACB,ESN,GWD,MSL,CLM,PEL,PUR	14	shared	False	True	True	True	11	7	0	0	42	30	8	2	3	0	1	5	0	2	0	3	2	2	0	0	0	14	2	2	14	2	6	2	7	8	15	6	2	2
31863	chr12	62123772	INDEL	normal_absent_HPRC_other	exact_allele	absent: exact allele in HPRC	exact	AFR	1	2	MKK,MSL	2	one superpopulation	False	True	True	True	2	0	0	0	18	10	5	1	0	0	0	0	1	1	0	0	0	0	0	0	0	2	1	0	9	2	4	0	3	3	4	5	0	1
32006	chr12	71794405	INDEL	normal_present_broad	hapY_only	COLO829BL present, broad	exact	AFR+AMR	2	5	ACB,GWD,CLM,PEL,PUR	8	shared	False	False	False	True	2	7	0	0	9	9	0	0	1	0	0	1	0	0	0	1	1	5	0	0	0	2	1	0	4	1	1	0	1	2	6	0	0	0
32261	chr12	82940014	INDEL	normal_absent_HPRC_other	exact_allele	absent: exact allele in HPRC	exact	AFR+AMR+SAS	3	4	ACB,MSL,PUR,PJL	7	shared	False	True	False	True	3	4	0	2	44	32	7	2	2	0	0	0	0	1	0	0	0	4	0	0	2	14	2	2	16	1	8	1	8	8	16	5	2	2
32518	chr12	96875839	INDEL	normal_absent_HPRC_other	element_set_other_allele	absent: only the nodes in HPRC	nodes	AFR+AMR+EAS	3	10	ACB,ESN,GWD,MSL,YRI,CLM,PEL,PUR,CHS,KHV	14	shared	False	True	True	True	10	4	2	0	40	24	7	2	1	0	1	2	0	5	1	1	2	1	1	1	0	11	2	2	13	2	8	2	6	6	12	5	2	2
33257	chr13	19891610	INDEL	normal_absent_HPRC_other	exact_allele	absent: exact allele in HPRC	exact	AFR+AMR	2	7	ACB,GWD,MKK,MSL,CLM,PEL,PUR	15	shared	True	False	False	True	7	8	0	0	43	30	8	2	2	0	0	3	1	1	0	1	1	6	0	0	0	13	2	2	15	2	8	1	8	8	14	6	2	2
33323	chr13	23806716	INDEL	normal_absent_HPRC_other	exact_allele	absent: exact allele in HPRC	exact	AFR+AMR	2	5	ASW,GWD,CLM,PEL,PUR	6	shared	False	False	False	True	2	6	0	0	40	28	4	2	0	1	0	1	0	0	0	1	2	3	0	0	0	11	2	2	14	2	7	2	7	6	15	3	1	2
33327	chr13	24285680	INDEL	normal_absent_HPRC_other	exact_allele	absent: exact allele in HPRC	exact	AFR+AMR+SAS	3	7	ACB,GWD,MSL,CLM,PEL,PUR,PJL	11	shared	False	False	False	True	8	3	0	2	42	32	8	2	3	0	0	2	0	3	0	1	1	1	0	0	2	14	2	2	13	2	7	2	8	8	16	6	2	2
33362	chr13	26611836	INDEL	other_ambiguous		ambiguous	exact	none	0	0		0	none	True	False	False	True	0	0	0	0	46	32	8	2	0	0	0	0	0	0	0	0	0	0	0	0	0	14	2	2	16	2	8	2	8	8	16	6	2	2
33610	chr13	45207005	INDEL	normal_absent_HPRC_other	exact_allele	absent: exact allele in HPRC	exact	AFR+AMR	2	7	ACB,ESN,GWD,MKK,CLM,PEL,PUR	7	shared	False	True	False	True	4	5	0	0	10	21	5	1	1	0	1	1	1	0	0	1	2	2	0	0	0	2	2	1	4	1	0	0	5	8	8	4	1	1
33655	chr13	48879157	INDEL	normal_absent_HPRC_other	exact_allele	absent: exact allele in HPRC	exact	AFR+AMR+EAS+SAS	4	9	ASW,ESN,GWD,MSL,CLM,PUR,CHS,KHV,PJL	13	shared	False	False	False	True	7	3	3	1	35	30	8	2	0	1	1	4	0	1	0	1	0	2	2	1	1	10	2	2	13	1	5	2	8	8	14	6	2	2
33776	chr13	55213860	INDEL	normal_absent_HPRC_other	element_set_other_allele	absent: only the nodes in HPRC	nodes	AFR+AMR+EAS+SAS	4	9	ACB,ASW,ESN,GWD,CLM,PEL,PUR,CHS,PJL	18	shared	False	True	True	True	11	7	2	1	29	29	6	2	2	1	2	6	0	0	0	1	1	5	2	0	1	7	2	2	9	2	6	1	8	8	13	4	2	2
33807	chr13	56106170	SNV	normal_absent_HPRC_other	exact_allele	absent: exact allele in HPRC	exact	AFR+AMR+SAS	3	9	ACB,ASW,GWD,MSL,YRI,CLM,PEL,PUR,PJL	16	shared	True	False	False	True	10	6	0	2	45	32	8	2	2	1	0	3	0	3	1	2	2	2	0	0	2	14	2	2	16	2	7	2	8	8	16	6	2	2
34022	chr13	64778898	INDEL	normal_absent_HPRC_other	exact_allele	absent: exact allele in HPRC	exact	AFR+AMR	2	6	GWD,MSL,YRI,CLM,PEL,PUR	12	shared	False	False	False	True	5	8	0	0	39	29	6	2	0	0	0	2	0	2	1	4	1	3	0	0	0	10	2	2	15	2	6	2	8	8	13	5	1	2
34194	chr13	72435170	INDEL	normal_absent_HPRC_other	exact_allele	absent: exact allele in HPRC	exact	AFR+AMR+EAS	3	9	ACB,ASW,GWD,MSL,YRI,CLM,PUR,CHS,KHV	20	shared	False	True	False	True	15	4	4	0	44	26	8	2	3	2	0	6	0	3	1	2	0	2	3	1	0	13	2	2	15	2	8	2	5	6	15	6	2	2
34197	chr13	72492647	INDEL	normal_absent_HPRC_other	exact_allele	absent: exact allele in HPRC	exact	AFR+AMR+SAS	3	6	ACB,GWD,MKK,MSL,PUR,PJL	9	shared	False	False	False	True	9	1	0	1	45	31	8	2	4	0	0	1	2	2	0	0	0	1	0	0	1	14	2	2	15	2	8	2	7	8	16	6	2	2
34246	chr13	76194826	INDEL	normal_absent_HPRC_other	exact_allele	absent: exact allele in HPRC	exact	AFR+AMR+EAS	3	9	ACB,ESN,GWD,MKK,MSL,CLM,PEL,PUR,CHS	22	shared	False	True	False	True	9	15	3	0	41	31	8	2	3	0	1	3	1	1	0	4	1	10	3	0	0	13	1	2	14	2	7	2	8	7	16	6	2	2
34316	chr13	79435895	INDEL	normal_absent_HPRC_other	exact_allele	absent: exact allele in HPRC	exact	AFR+AMR	2	8	ACB,ASW,GWD,MKK,MSL,YRI,PEL,PUR	21	shared	True	True	True	True	23	4	0	0	46	32	8	2	7	1	0	8	1	5	1	0	1	3	0	0	0	14	2	2	16	2	8	2	8	8	16	6	2	2
34621	chr13	90211582	INDEL	normal_absent_HPRC_other	exact_allele	absent: exact allele in HPRC	exact	AFR+AMR	2	5	ACB,GWD,YRI,CLM,PUR	9	shared	False	False	False	True	6	3	0	0	18	11	2	0	2	0	0	3	0	0	1	1	0	2	0	0	0	7	0	1	6	1	2	1	5	2	4	0	2	0
34772	chr13	93828004	INDEL	normal_absent_HPRC_other	exact_allele	absent: exact allele in HPRC	exact	AFR+AMR	2	5	ACB,GWD,MSL,PEL,PUR	6	shared	True	False	False	True	4	2	0	0	46	32	8	2	2	0	0	1	0	1	0	0	1	1	0	0	0	14	2	2	16	2	8	2	8	8	16	6	2	2
35141	chr13	113567352	INDEL	normal_absent_HPRC_other	exact_allele	absent: exact allele in HPRC	exact	AFR+AMR	2	7	ACB,ESN,GWD,MSL,YRI,PEL,PUR	11	shared	False	False	False	True	8	3	0	0	46	32	8	2	1	0	1	3	0	2	1	0	1	2	0	0	0	14	2	2	16	2	8	2	8	8	16	6	2	2
35165	chr14	19234463	SNV	normal_present_rare	hapX_only	COLO829BL present, rare	exact	AFR+AMR	2	3	ACB,GWD,PUR	9	shared	False	True	True	True	3	7	0	0	40	30	8	2	2	0	0	1	0	0	0	0	0	7	0	0	0	14	1	2	13	1	8	1	8	8	14	6	2	2
35166	chr14	19277905	INDEL	normal_present_broad	hapX_only	COLO829BL present, broad	exact	AFR+AMR	2	6	ACB,ESN,GWD,MKK,CLM,PUR	15	shared	False	True	True	True	8	8	0	0	40	30	8	2	2	0	1	4	1	0	0	2	0	6	0	0	0	14	1	2	13	1	8	1	8	8	14	6	2	2
35292	chr14	27531412	SNV	normal_absent_HPRC_other	exact_allele	absent: exact allele in HPRC	exact	AFR+AMR	2	4	ACB,ASW,MSL,PUR	7	shared	False	True	True	False	6	1	0	0	41	31	8	2	3	1	0	0	0	2	0	0	0	1	0	0	0	13	2	2	13	2	8	1	8	8	15	6	2	2
35336	chr14	29264143	INDEL	normal_absent_HPRC_other	exact_allele	absent: exact allele in HPRC	exact	AFR+EAS+SAS	3	6	ACB,ESN,GWD,MSL,CHS,PJL	13	shared	False	False	False	True	12	0	1	1	46	32	8	2	5	0	1	3	0	3	0	0	0	0	1	0	1	14	2	2	16	2	8	2	8	8	16	6	2	2
35471	chr14	40795254	INDEL	normal_absent_HPRC_other	exact_allele	absent: exact allele in HPRC	exact	AFR+AMR+EAS+SAS	4	8	ACB,GWD,MSL,YRI,CLM,PUR,CHS,PJL	11	shared	True	True	True	True	6	4	2	1	30	23	7	2	2	0	0	2	0	1	1	1	0	3	2	0	1	10	0	1	12	1	4	2	7	5	11	5	2	2
35518	chr14	44130818	INDEL	normal_absent_HPRC_other	exact_allele	absent: exact allele in HPRC	exact	AFR+AMR+EAS	3	7	ACB,GWD,MSL,CLM,PEL,PUR,CHS	9	shared	False	False	False	True	3	5	2	0	42	31	8	2	1	0	0	1	0	1	0	2	1	2	2	0	0	13	2	2	14	2	7	2	8	8	15	6	2	2
35691	chr14	62818108	INDEL	normal_absent_HPRC_other	exact_allele	absent: exact allele in HPRC	exact	AFR+AMR	2	3	YRI,CLM,PEL	3	shared	False	True	True	True	1	2	0	0	20	26	3	0	0	0	0	0	0	0	1	1	1	0	0	0	0	5	1	0	8	1	3	2	7	6	13	3	0	0
35705	chr14	64709729	INDEL	normal_absent_HPRC_other	exact_allele	absent: exact allele in HPRC	exact	AFR+AMR+SAS	3	9	ACB,ASW,ESN,GWD,MKK,MSL,PEL,PUR,PJL	12	shared	False	False	False	True	10	3	0	1	40	30	8	2	3	1	1	3	1	1	0	0	1	2	0	0	1	12	2	2	13	2	8	1	8	6	16	6	2	2
35716	chr14	66209367	INDEL	normal_absent_HPRC_other	exact_allele	absent: exact allele in HPRC	exact	AFR+AMR	2	4	ACB,GWD,MSL,CLM	12	shared	False	True	True	True	14	1	0	0	39	32	8	2	5	0	0	7	0	2	0	1	0	0	0	0	0	13	1	1	14	1	8	1	8	8	16	6	2	2
35771	chr14	72782227	INDEL	normal_absent_HPRC_other	exact_allele	absent: exact allele in HPRC	exact	AFR+AMR	2	5	ACB,GWD,MSL,YRI,PUR	13	shared	False	True	False	True	12	2	0	0	42	32	8	2	3	0	0	5	0	3	1	0	0	2	0	0	0	14	2	1	16	1	7	1	8	8	16	6	2	2
35944	chr14	87285285	INDEL	normal_present_rare	hapX_only	COLO829BL present, rare	exact	AFR+AMR	2	6	ACB,ASW,GWD,MSL,YRI,PUR	9	shared	True	True	True	True	7	2	0	0	23	17	7	1	1	1	0	3	0	1	1	0	0	2	0	0	0	6	2	0	7	1	5	2	4	6	7	5	2	1
35968	chr14	89047258	INDEL	normal_absent_HPRC_other	exact_allele	absent: exact allele in HPRC	exact	AFR+AMR+EAS	3	4	MKK,CLM,PUR,CHS	5	shared	False	True	True	True	1	3	2	0	21	30	6	1	0	0	0	0	1	0	0	1	0	2	2	0	0	8	2	0	6	2	2	1	8	8	14	4	2	1
35971	chr14	89130650	INDEL	other_ambiguous		ambiguous	exact	none	0	0		0	none	False	True	True	True	0	0	0	0	30	28	5	2	0	0	0	0	0	0	0	0	0	0	0	0	0	8	1	0	10	2	7	2	7	7	14	4	1	2
36041	chr14	97257210	INDEL	normal_absent_HPRC_other	exact_allele	absent: exact allele in HPRC	exact	AMR	1	1	PEL	1	one individual	True	True	False	False	0	1	0	0	25	24	7	2	0	0	0	0	0	0	0	0	1	0	0	0	0	8	2	1	8	2	4	0	7	3	14	5	2	2
36063	chr14	98091885	INDEL	normal_absent_HPRC_other	exact_allele	absent: exact allele in HPRC	exact	AMR+EAS	2	3	PEL,PUR,CHS	8	shared	False	True	False	True	0	9	4	0	41	31	7	2	0	0	0	0	0	0	0	0	6	3	4	0	0	13	2	1	15	2	7	1	8	8	15	5	2	2
36076	chr14	98595989	INDEL	normal_absent_HPRC_other	exact_allele	absent: exact allele in HPRC	exact	AFR+AMR	2	6	ACB,GWD,MSL,CLM,PEL,PUR	13	shared	False	True	False	True	6	7	0	0	46	32	8	2	2	0	0	2	0	2	0	3	2	2	0	0	0	14	2	2	16	2	8	2	8	8	16	6	2	2
36097	chr14	100006009	INDEL	normal_absent_HPRC_other	exact_allele	absent: exact allele in HPRC	exact	AFR+AMR+EAS+SAS	4	9	ACB,GWD,YRI,CLM,PEL,PUR,CHS,KHV,PJL	27	shared	True	True	False	True	10	23	5	2	26	27	7	2	5	0	0	4	0	0	1	6	4	13	4	1	2	8	0	1	11	1	4	1	6	7	14	6	1	2
36174	chr14	106595436	INDEL	normal_present_broad	hapX_only	COLO829BL present, broad	exact	AFR+AMR+EAS+SAS	4	11	ACB,ASW,ESN,GWD,MSL,CLM,PEL,PUR,CHS,KHV,PJL	37	shared	True	True	True	True	19	23	8	2	39	32	8	2	6	1	1	9	0	2	0	5	7	11	6	2	2	13	2	1	15	1	7	0	8	8	16	6	2	2
36311	chr15	28321786	INDEL	normal_absent_HPRC_other	element_set_other_allele	absent: only the nodes in HPRC	nodes	AFR+AMR+EAS+SAS	4	8	ACB,ESN,GWD,MSL,YRI,PUR,CHS,PJL	23	shared	False	False	True	False	23	3	2	1	46	32	8	2	7	0	1	9	0	5	1	0	0	3	2	0	1	14	2	2	16	2	8	2	8	8	16	6	2	2
36325	chr15	30148343	INDEL	normal_present_broad	hapX_only	COLO829BL present, broad	exact	AFR+AMR+SAS	3	8	ACB,ASW,ESN,GWD,MSL,YRI,PUR,PJL	23	shared	False	False	False	True	26	3	0	1	37	21	6	2	6	2	1	11	0	5	1	0	0	3	0	0	1	12	2	1	12	2	7	1	6	3	12	4	2	2
36338	chr15	32174865	INDEL	normal_present_broad	hapX_only	COLO829BL present, broad	exact	AFR+AMR+EAS+SAS	4	10	ACB,ASW,GWD,MKK,MSL,CLM,PUR,CHS,KHV,PJL	23	shared	False	True	False	False	15	9	3	2	36	20	6	2	6	1	0	3	2	3	0	2	0	7	1	2	2	14	1	1	12	2	6	0	5	5	10	4	2	2
36369	chr15	37101303	INDEL	normal_absent_HPRC_other	exact_allele	absent: exact allele in HPRC	exact	AFR	1	1	MSL	1	one individual	False	True	True	True	1	0	0	0	29	26	5	2	0	0	0	0	0	1	0	0	0	0	0	0	0	9	2	1	12	2	2	1	7	8	11	4	1	2
36457	chr15	51223593	INDEL	other_ambiguous		ambiguous	exact	none	0	0		0	none	False	True	True	True	0	0	0	0	26	20	3	2	0	0	0	0	0	0	0	0	0	0	0	0	0	9	0	1	7	2	6	1	4	6	10	2	1	2
36512	chr15	57170629	INDEL	normal_present_broad	hapX_only	COLO829BL present, broad	exact	AFR+AMR+EAS+SAS	4	12	ACB,ESN,GWD,MKK,MSL,YRI,CLM,PEL,PUR,CHS,KHV,PJL	26	shared	False	True	True	False	22	6	3	1	33	23	6	1	6	0	2	6	1	5	2	3	1	2	2	1	1	11	0	2	12	1	5	2	5	6	12	4	2	1
36536	chr15	61077172	SNV	normal_absent_HPRC_other	exact_allele	absent: exact allele in HPRC	exact	AFR+AMR+EAS+SAS	4	12	ACB,ASW,ESN,GWD,MKK,MSL,CLM,PEL,PUR,CHS,KHV,PJL	35	shared	False	True	True	True	21	18	5	2	46	32	8	2	8	1	1	9	1	1	0	5	4	9	4	1	2	14	2	2	16	2	8	2	8	8	16	6	2	2
36643	chr15	78612586	INDEL	normal_present_broad	hapX_only	COLO829BL present, broad	exact	AFR+AMR+EAS+SAS	4	12	ACB,ASW,ESN,GWD,MKK,MSL,YRI,CLM,PUR,CHS,KHV,PJL	34	shared	False	True	True	True	27	7	6	1	44	31	7	2	8	2	2	9	1	4	1	2	0	5	5	1	1	13	2	2	16	2	8	1	7	8	16	6	1	2
36839	chr15	92709053	SNV	normal_absent_HPRC_other	exact_allele	absent: exact allele in HPRC	exact	AFR+AMR+EAS	3	6	ACB,GWD,CLM,PEL,PUR,KHV	15	shared	False	True	True	True	5	10	1	0	45	32	8	2	4	0	0	1	0	0	0	3	3	4	0	1	0	13	2	2	16	2	8	2	8	8	16	6	2	2
36872	chr15	93641538	INDEL	normal_absent_HPRC_other	exact_allele	absent: exact allele in HPRC	exact	AFR+AMR+EAS+SAS	4	13	ACB,ASW,ESN,GWD,MKK,MSL,YRI,CLM,PEL,PUR,CHS,KHV,PJL	31	shared	False	False	False	True	23	8	3	1	44	32	8	2	6	2	2	7	1	4	1	2	3	3	2	1	1	13	2	2	15	2	8	2	8	8	16	6	2	2
36875	chr15	93725108	INDEL	normal_absent_HPRC_other	exact_allele	absent: exact allele in HPRC	exact	AFR+AMR	2	4	ACB,GWD,MKK,PUR	4	shared	False	True	True	True	3	1	0	0	23	22	5	0	1	0	0	1	1	0	0	0	0	1	0	0	0	9	1	1	6	2	3	1	5	8	9	4	1	0
37001	chr15	98971204	INDEL	normal_absent_HPRC_other	exact_allele	absent: exact allele in HPRC	exact	AFR+AMR+EAS	3	9	ACB,GWD,MKK,MSL,YRI,CLM,PEL,PUR,CHS	12	shared	False	True	True	True	8	5	1	0	33	30	8	2	4	0	0	1	1	1	1	1	2	2	1	0	0	10	2	2	10	1	6	2	8	8	14	6	2	2
37157	chr16	7191047	SNV	normal_absent_HPRC_other	exact_allele	absent: exact allele in HPRC	exact	AFR	1	5	ACB,ASW,ESN,GWD,MSL	11	one superpopulation	False	True	True	True	13	0	0	0	42	29	8	2	1	1	2	6	0	3	0	0	0	0	0	0	0	13	2	2	15	1	8	1	7	7	15	6	2	2
37186	chr16	7939000	INDEL	normal_absent_HPRC_other	exact_allele	absent: exact allele in HPRC	exact	AFR+AMR+EAS	3	9	ACB,ESN,GWD,MSL,YRI,CLM,PUR,CHS,KHV	22	shared	False	False	False	True	18	5	4	0	41	32	8	2	5	0	1	8	0	3	1	1	0	4	3	1	0	10	1	2	16	2	8	2	8	8	16	6	2	2
37240	chr16	9840831	INDEL	normal_absent_HPRC_other	exact_allele	absent: exact allele in HPRC	exact	AFR+AMR	2	5	ACB,GWD,MSL,YRI,PUR	8	shared	False	True	True	True	8	1	0	0	42	30	7	2	1	0	0	4	0	2	1	0	0	1	0	0	0	12	2	2	14	2	8	2	8	8	14	5	2	2
37265	chr16	10709676	INDEL	normal_absent_HPRC_other	exact_allele	absent: exact allele in HPRC	exact	AFR+AMR+EAS	3	7	ACB,GWD,MKK,YRI,PEL,CHS,KHV	8	shared	False	True	False	True	5	1	2	0	41	28	7	2	2	0	0	1	1	0	1	0	1	0	1	1	0	14	2	2	13	2	6	2	6	8	14	6	1	2
37389	chr16	17631636	INDEL	normal_absent_HPRC_other	element_set_other_allele	absent: only the nodes in HPRC	nodes	AFR+AMR+EAS	3	8	ACB,GWD,MSL,CLM,PEL,PUR,CHS,KHV	20	shared	True	True	True	True	9	10	2	0	11	16	3	1	5	0	0	2	0	2	0	1	4	5	1	1	0	5	0	1	2	0	3	0	3	6	7	2	1	1
37542	chr16	25713374	SNV	normal_absent_HPRC_other	exact_allele	absent: exact allele in HPRC	exact	AFR	1	2	ACB,GWD	3	one superpopulation	False	True	False	True	4	0	0	0	41	31	8	2	3	0	0	1	0	0	0	0	0	0	0	0	0	13	2	2	12	2	8	2	8	8	15	6	2	2
37582	chr16	26444015	INDEL	normal_absent_HPRC_other	exact_allele	absent: exact allele in HPRC	exact	AFR+AMR+EAS	3	6	ACB,ESN,GWD,PEL,PUR,CHS	8	shared	False	False	False	True	5	3	1	0	45	28	8	2	1	0	1	3	0	0	0	0	2	1	1	0	0	13	2	2	16	2	8	2	6	8	14	6	2	2
37619	chr16	27417163	INDEL	normal_absent_HPRC_other	exact_allele	absent: exact allele in HPRC	exact	AFR+AMR+EAS+SAS	4	12	ACB,ASW,ESN,GWD,MSL,YRI,CLM,PEL,PUR,CHS,KHV,PJL	29	shared	False	True	False	True	23	11	6	2	43	31	8	2	6	1	2	6	0	7	1	1	4	6	5	1	2	12	2	2	15	2	8	2	8	8	15	6	2	2
37630	chr16	28481417	INDEL	normal_absent_HPRC_other	exact_allele	absent: exact allele in HPRC	exact	AFR+AMR+EAS+SAS	4	6	ACB,ESN,GWD,PUR,CHS,PJL	8	shared	False	False	True	False	3	3	2	1	15	13	7	1	1	0	1	1	0	0	0	0	0	3	2	0	1	5	0	2	6	1	1	0	3	0	10	6	1	1
37780	chr16	48820584	INDEL	normal_absent_HPRC_other	exact_allele	absent: exact allele in HPRC	exact	AFR+AMR+SAS	3	7	ACB,GWD,MSL,CLM,PEL,PUR,PJL	14	shared	False	True	True	True	7	8	0	1	46	32	8	2	4	0	0	2	0	1	0	1	5	2	0	0	1	14	2	2	16	2	8	2	8	8	16	6	2	2
37785	chr16	49011963	INDEL	other_ambiguous		ambiguous	exact	none	0	0		0	none	False	False	True	False	0	0	0	0	32	30	6	2	0	0	0	0	0	0	0	0	0	0	0	0	0	13	2	0	10	1	4	2	7	8	15	5	1	2
37802	chr16	50148752	INDEL	normal_absent_HPRC_other	exact_allele	absent: exact allele in HPRC	exact	AFR+AMR+EAS	3	8	ACB,ESN,GWD,MKK,MSL,CLM,PUR,KHV	15	shared	False	True	True	True	10	4	1	0	46	31	8	2	4	0	1	3	1	1	0	1	0	3	0	1	0	14	2	2	16	2	8	2	8	8	15	6	2	2
37814	chr16	51048776	SNV	normal_absent_HPRC_other	exact_allele	absent: exact allele in HPRC	exact	AFR+AMR	2	3	ACB,GWD,PUR	9	shared	False	True	True	True	9	1	0	0	45	32	8	2	5	0	0	4	0	0	0	0	0	1	0	0	0	14	2	2	16	2	7	2	8	8	16	6	2	2
37899	chr16	60332016	INDEL	normal_absent_HPRC_other	exact_allele	absent: exact allele in HPRC	exact	AFR+AMR+EAS+SAS	4	8	ACB,ASW,GWD,MKK,MSL,PUR,CHS,PJL	17	shared	False	False	False	True	11	4	1	1	46	32	8	2	2	1	0	4	1	3	0	0	0	4	1	0	1	14	2	2	16	2	8	2	8	8	16	6	2	2
37957	chr16	63210114	INDEL	normal_absent_HPRC_other	exact_allele	absent: exact allele in HPRC	exact	AFR+AMR	2	9	ACB,ASW,GWD,MKK,MSL,YRI,CLM,PEL,PUR	22	shared	False	True	False	True	21	6	0	0	46	32	8	2	7	1	0	5	1	6	1	1	2	3	0	0	0	14	2	2	16	2	8	2	8	8	16	6	2	2
37962	chr16	63427954	INDEL	normal_absent_HPRC_other	exact_allele	absent: exact allele in HPRC	exact	AFR+AMR+EAS+SAS	4	12	ACB,ESN,GWD,MKK,MSL,YRI,CLM,PEL,PUR,CHS,KHV,PJL	25	shared	False	False	False	True	18	8	3	2	37	31	8	2	7	0	1	5	1	3	1	3	2	3	2	1	2	11	1	1	14	2	6	2	8	7	16	6	2	2
37966	chr16	63754016	INDEL	normal_absent_HPRC_other	exact_allele	absent: exact allele in HPRC	exact	AFR+AMR+EAS	3	10	ACB,ASW,ESN,GWD,MKK,MSL,CLM,PEL,PUR,CHS	21	shared	False	False	False	True	16	11	1	0	41	28	7	2	5	2	1	4	1	3	0	2	7	2	1	0	0	10	2	2	16	2	7	2	8	7	13	5	2	2
37980	chr16	64908385	INDEL	normal_absent_HPRC_other	element_set_other_allele	absent: only the nodes in HPRC	nodes	AMR	1	1	PUR	1	one individual	False	True	True	True	0	1	0	0	34	21	8	2	0	0	0	0	0	0	0	0	0	1	0	0	0	10	1	2	11	2	6	2	7	4	10	6	2	2
37993	chr16	65899936	INDEL	normal_absent_HPRC_other	exact_allele	absent: exact allele in HPRC	exact	AFR+AMR+EAS	3	6	ACB,GWD,CLM,PEL,PUR,CHS	10	shared	False	False	False	True	2	5	5	0	44	31	8	2	1	0	0	1	0	0	0	1	2	2	5	0	0	14	1	2	16	2	7	2	8	8	15	6	2	2
37997	chr16	66319479	INDEL	normal_absent_HPRC_other	exact_allele	absent: exact allele in HPRC	exact	AFR+AMR+EAS	3	7	ACB,MSL,CLM,PEL,PUR,CHS,KHV	16	shared	False	True	True	True	4	11	4	0	22	27	8	0	3	0	0	0	0	1	0	3	5	3	2	2	0	8	1	1	7	1	3	1	5	8	14	6	2	0
38001	chr16	67054930	INDEL	normal_absent_HPRC_other	exact_allele	absent: exact allele in HPRC	exact	AFR+AMR+EAS	3	6	ACB,GWD,MSL,CLM,CHS,KHV	19	shared	False	False	False	True	19	1	2	0	39	32	8	2	8	0	0	6	0	5	0	1	0	0	1	1	0	13	1	2	13	2	7	1	8	8	16	6	2	2
38059	chr16	74180986	INDEL	normal_absent_HPRC_other	element_set_other_allele	absent: only the nodes in HPRC	nodes	AFR+AMR+EAS	3	7	ACB,GWD,MSL,YRI,CLM,PUR,KHV	13	shared	False	False	False	True	9	3	1	0	19	11	1	0	5	0	0	2	0	1	1	1	0	2	0	1	0	8	0	0	4	1	4	2	2	6	3	0	1	0
38089	chr16	77373465	INDEL	normal_absent_HPRC_other	exact_allele	absent: exact allele in HPRC	exact	AFR+AMR	2	6	ACB,ASW,ESN,GWD,CLM,PUR	10	shared	True	False	False	True	9	2	0	0	43	32	8	2	4	1	1	3	0	0	0	1	0	1	0	0	0	14	2	2	15	1	7	2	8	8	16	6	2	2
38102	chr16	78410805	INDEL	normal_absent_HPRC_other	exact_allele	absent: exact allele in HPRC	exact	AFR+AMR	2	6	ACB,ESN,GWD,MSL,PEL,PUR	10	shared	False	False	False	True	8	2	0	0	31	30	6	2	3	0	1	3	0	1	0	0	1	1	0	0	0	12	2	1	11	1	3	1	8	8	14	5	1	2
38120	chr16	80275604	INDEL	normal_absent_HPRC_other	exact_allele	absent: exact allele in HPRC	exact	AFR+AMR+EAS	3	8	ACB,GWD,MKK,MSL,YRI,CLM,PUR,CHS	15	shared	False	True	True	True	9	4	2	0	22	30	8	2	3	0	0	3	1	1	1	2	0	2	2	0	0	6	1	1	8	2	2	2	8	8	14	6	2	2
38239	chr17	3772467	INDEL	normal_absent_HPRC_other	exact_allele	absent: exact allele in HPRC	exact	AFR+AMR	2	5	ACB,ASW,GWD,MSL,PEL	8	shared	False	False	False	True	9	1	0	0	40	31	7	1	4	1	0	2	0	2	0	0	1	0	0	0	0	12	2	2	14	2	6	2	7	8	16	5	2	1
38494	chr17	19929999	INDEL	normal_absent_HPRC_other	exact_allele	absent: exact allele in HPRC	exact	AFR+AMR+EAS	3	5	ACB,GWD,CLM,PEL,CHS	5	shared	True	False	False	True	2	2	1	0	45	32	8	2	1	0	0	1	0	0	0	1	1	0	1	0	0	14	2	2	15	2	8	2	8	8	16	6	2	2
38515	chr17	21624260	INDEL	normal_absent_HPRC_other	exact_allele	absent: exact allele in HPRC	exact	AFR	1	3	ACB,ESN,GWD	3	one superpopulation	False	False	False	True	3	0	0	0	42	32	8	2	1	0	1	1	0	0	0	0	0	0	0	0	0	14	1	2	14	2	8	1	8	8	16	6	2	2
38783	chr17	44598705	INDEL	normal_absent_HPRC_other	exact_allele	absent: exact allele in HPRC	exact	AFR+AMR+EAS+SAS	4	12	ACB,ASW,GWD,MKK,MSL,YRI,CLM,PEL,PUR,CHS,KHV,PJL	33	shared	False	False	False	True	25	11	2	2	46	32	8	2	10	1	0	8	1	4	1	2	3	6	1	1	2	14	2	2	16	2	8	2	8	8	16	6	2	2
38812	chr17	47706828	INDEL	normal_absent_HPRC_other	exact_allele	absent: exact allele in HPRC	exact	AFR+AMR	2	6	ACB,ASW,GWD,MSL,PEL,PUR	10	shared	False	True	True	True	8	5	0	0	30	29	4	1	1	1	0	3	0	3	0	0	3	2	0	0	0	10	1	0	13	0	5	1	7	8	14	4	0	1
38917	chr17	53632858	INDEL	other_ambiguous		ambiguous	exact	none	0	0		0	none	False	True	True	True	0	0	0	0	23	27	8	1	0	0	0	0	0	0	0	0	0	0	0	0	0	6	1	1	7	2	4	2	8	5	14	6	2	1
38950	chr17	54595792	INDEL	normal_absent_HPRC_other	exact_allele	absent: exact allele in HPRC	exact	AFR	1	2	ACB,MSL	4	one superpopulation	False	True	True	True	4	0	0	0	43	29	8	2	2	0	0	0	0	2	0	0	0	0	0	0	0	13	2	1	15	2	8	2	7	8	14	6	2	2
39047	chr17	59433293	INDEL	other_ambiguous		ambiguous	exact	none	0	0		0	none	False	True	True	True	0	0	0	0	43	30	7	0	0	0	0	0	0	0	0	0	0	0	0	0	0	14	2	1	15	2	7	2	7	7	16	5	2	0
39235	chr17	75956963	INDEL	normal_absent_HPRC_other	element_set_other_allele	absent: only the nodes in HPRC	nodes	AFR+AMR+EAS	3	3	ASW,CLM,CHS	3	shared	False	True	False	True	1	1	1	0	19	9	2	1	0	1	0	0	0	0	0	1	0	0	1	0	0	7	1	1	6	0	2	2	2	2	5	2	0	1
39262	chr17	78006832	SNV	normal_absent_HPRC_other	exact_allele	absent: exact allele in HPRC	exact	AFR+AMR+EAS+SAS	4	12	ACB,ESN,GWD,MKK,MSL,YRI,CLM,PEL,PUR,CHS,KHV,PJL	34	shared	False	True	True	True	21	20	3	2	35	30	8	2	7	0	2	4	1	5	2	6	5	9	2	1	2	12	1	2	11	2	5	2	8	7	15	6	2	2
39324	chr17	82418294	INDEL	normal_absent_HPRC_other	exact_allele	absent: exact allele in HPRC	exact	AMR	1	2	PEL,PUR	3	one superpopulation	False	True	True	True	0	3	0	0	39	30	8	2	0	0	0	0	0	0	0	0	1	2	0	0	0	12	2	2	14	2	7	0	7	7	16	6	2	2
39345	chr18	1137121	INDEL	normal_absent_HPRC_other	exact_allele	absent: exact allele in HPRC	exact	AFR+AMR+EAS	3	10	ACB,ASW,ESN,GWD,MSL,YRI,CLM,PEL,PUR,CHS	28	shared	False	False	False	True	21	17	3	0	42	26	7	2	7	1	1	8	0	2	2	5	3	9	3	0	0	13	2	2	15	0	8	2	7	4	15	5	2	2
39359	chr18	1916677	INDEL	normal_present_broad	hapX_only	COLO829BL present, broad	exact	AFR+AMR+EAS+SAS	4	7	ACB,GWD,CLM,PEL,PUR,CHS,PJL	10	shared	False	True	True	False	4	5	1	1	24	22	6	2	1	0	0	3	0	0	0	3	1	1	1	0	1	7	1	1	9	2	3	1	6	7	9	5	1	2
39393	chr18	4717132	INDEL	other_ambiguous		ambiguous	exact	none	0	0		0	none	False	False	False	True	0	0	0	0	36	21	8	2	0	0	0	0	0	0	0	0	0	0	0	0	0	10	0	2	14	2	6	2	7	6	8	6	2	2
39443	chr18	11613769	INDEL	other_ambiguous		ambiguous	exact	none	0	0		0	none	False	True	False	False	0	0	0	0	30	26	6	2	0	0	0	0	0	0	0	0	0	0	0	0	0	9	2	2	11	2	4	0	8	6	12	6	0	2
39468	chr18	14665494	INDEL	other_ambiguous		ambiguous	exact	none	0	0		0	none	False	True	True	True	0	0	0	0	37	32	8	2	0	0	0	0	0	0	0	0	0	0	0	0	0	11	2	2	12	2	6	2	8	8	16	6	2	2
39469	chr18	14667411	INDEL	normal_present_broad	hapX_only	COLO829BL present, broad	exact	AFR+AMR+EAS+SAS	4	9	ACB,ASW,MKK,MSL,CLM,PEL,PUR,CHS,PJL	20	shared	True	False	False	True	4	17	2	2	46	32	8	2	1	1	0	0	1	1	0	4	2	11	2	0	2	14	2	2	16	2	8	2	8	8	16	6	2	2
39519	chr18	25293351	INDEL	normal_absent_HPRC_other	exact_allele	absent: exact allele in HPRC	exact	AFR+AMR+EAS+SAS	4	9	ACB,ESN,GWD,CLM,PEL,PUR,CHS,KHV,PJL	25	shared	False	True	True	True	9	18	4	1	32	32	8	1	3	0	1	5	0	0	0	4	5	9	3	1	1	8	1	2	13	2	5	1	8	8	16	6	2	1
39563	chr18	28556064	INDEL	normal_absent_HPRC_other	exact_allele	absent: exact allele in HPRC	exact	AFR+AMR	2	6	ACB,ASW,GWD,MSL,PEL,PUR	12	shared	False	True	True	True	9	3	0	0	46	30	8	2	3	1	0	2	0	3	0	0	1	2	0	0	0	14	2	2	16	2	8	2	8	8	14	6	2	2
39593	chr18	30305768	INDEL	normal_absent_HPRC_other	exact_allele	absent: exact allele in HPRC	exact	AFR+AMR+EAS+SAS	4	13	ACB,ASW,ESN,GWD,MKK,MSL,YRI,CLM,PEL,PUR,CHS,KHV,PJL	32	shared	True	False	False	True	24	12	3	1	39	26	8	2	5	2	1	8	1	6	1	3	1	8	2	1	1	12	2	2	14	1	7	1	7	4	15	6	2	2
39617	chr18	32136712	INDEL	normal_absent_HPRC_other	exact_allele	absent: exact allele in HPRC	exact	AFR+AMR+EAS	3	6	ACB,ESN,GWD,MSL,PUR,CHS	12	shared	False	False	False	True	9	2	2	0	38	31	8	2	2	0	1	5	0	1	0	0	0	2	2	0	0	11	2	2	15	1	6	1	8	8	15	6	2	2
39636	chr18	33646880	INDEL	normal_absent_HPRC_other	exact_allele	absent: exact allele in HPRC	exact	AFR+AMR	2	3	GWD,CLM,PUR	6	shared	True	False	False	True	5	4	0	0	40	29	6	2	0	0	0	5	0	0	0	1	0	3	0	0	0	11	2	2	15	2	6	2	7	8	14	4	2	2
39786	chr18	42419722	SNV	normal_absent_HPRC_other	element_set_other_allele	absent: only the nodes in HPRC	nodes	AFR+AMR+EAS	3	6	ASW,GWD,CLM,PEL,CHS,KHV	7	shared	False	True	True	False	2	2	4	0	23	21	5	2	0	1	0	1	0	0	0	1	1	0	3	1	0	6	2	2	7	1	4	1	4	8	9	3	2	2
39973	chr18	55021840	INDEL	normal_absent_HPRC_other	element_set_other_allele	absent: only the nodes in HPRC	nodes	AFR	1	3	ACB,MSL,YRI	5	one superpopulation	False	True	True	True	6	0	0	0	30	25	6	1	1	0	0	0	0	4	1	0	0	0	0	0	0	11	2	0	9	0	7	1	8	6	11	4	2	1
40058	chr18	61210291	INDEL	normal_absent_HPRC_other	element_set_other_allele	absent: only the nodes in HPRC	nodes	AFR+AMR+SAS	3	7	ASW,GWD,MSL,CLM,PEL,PUR,PJL	9	shared	True	False	False	True	3	5	0	1	25	19	5	1	0	1	0	1	0	1	0	2	1	2	0	0	1	10	1	1	7	0	6	0	6	3	10	3	2	1
40096	chr18	63871244	INDEL	normal_absent_HPRC_other	exact_allele	absent: exact allele in HPRC	exact	AFR+AMR	2	7	ACB,ASW,ESN,GWD,MSL,YRI,PUR	18	shared	False	False	False	True	17	3	0	0	36	31	8	2	3	1	2	6	0	3	2	0	0	3	0	0	0	9	2	2	15	1	5	2	8	8	15	6	2	2
40275	chr18	76240087	INDEL	normal_absent_HPRC_other	element_set_other_allele	absent: only the nodes in HPRC	nodes	AFR+AMR+EAS+SAS	4	7	ACB,GWD,MSL,PUR,CHS,KHV,PJL	13	shared	True	True	True	False	6	4	2	1	13	9	3	1	1	0	0	4	0	1	0	0	0	4	1	1	1	3	1	0	7	1	1	0	1	1	7	1	2	1
40276	chr18	76240109	INDEL	normal_absent_HPRC_other	element_set_other_allele	absent: only the nodes in HPRC	nodes	AFR+AMR+EAS+SAS	4	10	ACB,ASW,GWD,MKK,MSL,CLM,PUR,CHS,KHV,PJL	16	shared	True	True	True	False	9	4	2	1	14	9	3	1	2	1	0	4	1	1	0	1	0	3	1	1	1	4	1	0	7	1	1	0	2	1	6	1	2	1
40329	chr18	78839496	INDEL	normal_present_broad	hapX_only	COLO829BL present, broad	exact	AFR+AMR+EAS	3	10	ACB,ASW,ESN,GWD,MKK,MSL,PEL,PUR,CHS,KHV	28	shared	False	True	True	True	28	11	2	0	42	31	8	2	6	1	1	14	1	5	0	0	3	8	1	1	0	12	2	2	16	2	6	2	8	8	15	6	2	2
40338	chr18	79790938	INDEL	normal_absent_HPRC_other	exact_allele	absent: exact allele in HPRC	exact	AFR+AMR+EAS	3	4	ACB,MSL,PEL,CHS	10	shared	False	False	True	True	6	2	2	0	38	28	8	2	4	0	0	0	0	2	0	0	2	0	2	0	0	11	2	0	14	1	8	2	7	7	14	6	2	2
40395	chr19	3716780	INDEL	normal_absent_HPRC_other	exact_allele	absent: exact allele in HPRC	exact	AMR	1	1	PEL	1	one individual	False	True	False	True	0	1	0	0	14	25	6	1	0	0	0	0	0	0	0	0	1	0	0	0	0	4	1	2	5	0	2	0	6	7	12	4	2	1
40508	chr19	12523408	INDEL	normal_absent_HPRC_other	exact_allele	absent: exact allele in HPRC	exact	AFR+AMR+EAS+SAS	4	11	ACB,ESN,GWD,MKK,MSL,YRI,CLM,PEL,PUR,CHS,PJL	34	shared	False	False	False	True	26	17	4	1	39	28	8	1	9	0	1	9	2	4	1	4	5	8	4	0	1	13	2	2	12	2	7	1	7	8	13	6	2	1
40526	chr19	13835640	INDEL	normal_absent_HPRC_other	exact_allele	absent: exact allele in HPRC	exact	AFR+AMR+EAS+SAS	4	12	ACB,ESN,GWD,MKK,MSL,YRI,CLM,PEL,PUR,CHS,KHV,PJL	25	shared	True	False	False	True	16	16	2	1	36	29	8	2	5	0	1	3	2	3	2	4	5	7	1	1	1	12	1	2	10	2	7	2	7	6	16	6	2	2
40588	chr19	17698447	INDEL	normal_absent_HPRC_other	exact_allele	absent: exact allele in HPRC	exact	AFR+AMR+EAS	3	6	ACB,GWD,CLM,PEL,PUR,CHS	11	shared	False	True	False	True	8	4	3	0	43	31	8	2	5	0	0	3	0	0	0	2	1	1	3	0	0	13	2	2	14	2	8	2	7	8	16	6	2	2
40603	chr19	18250773	INDEL	normal_absent_HPRC_other	exact_allele	absent: exact allele in HPRC	exact	AFR+AMR	2	7	ACB,ESN,GWD,MSL,CLM,PEL,PUR	16	shared	False	False	False	True	10	7	0	0	38	31	7	2	5	0	1	3	0	1	0	3	3	1	0	0	0	14	2	1	13	2	5	1	7	8	16	5	2	2
40645	chr19	20805124	INDEL	normal_absent_HPRC_other	element_set_other_allele	absent: only the nodes in HPRC	nodes	AMR	1	1	PUR	1	one individual	False	False	False	True	0	1	0	0	35	29	8	2	0	0	0	0	0	0	0	0	0	1	0	0	0	11	1	0	11	2	8	2	5	8	16	6	2	2
40689	chr19	22443915	INDEL	normal_absent_HPRC_other	exact_allele	absent: exact allele in HPRC	exact	AFR+AMR	2	7	ACB,ASW,GWD,MSL,CLM,PEL,PUR	19	shared	False	False	False	True	12	10	0	0	36	32	7	2	2	1	0	6	0	3	0	2	4	4	0	0	0	11	1	1	14	1	7	1	8	8	16	5	2	2
40871	chr19	30439959	INDEL	normal_absent_HPRC_other	exact_allele	absent: exact allele in HPRC	exact	AFR+EAS+SAS	3	8	ACB,ASW,ESN,GWD,MKK,MSL,KHV,PJL	13	shared	False	True	True	True	12	0	1	1	37	20	5	2	3	1	1	4	1	2	0	0	0	0	0	1	1	11	1	2	12	1	8	2	7	2	11	4	1	2
40998	chr19	37843738	SNV	normal_absent_HPRC_other	exact_allele	absent: exact allele in HPRC	exact	AFR+AMR+EAS	3	9	ACB,ASW,GWD,MKK,MSL,PEL,PUR,CHS,KHV	18	shared	False	True	True	True	14	4	7	0	42	31	8	2	3	1	0	6	2	2	0	0	3	1	6	1	0	13	2	2	15	2	7	1	8	7	16	6	2	2
41015	chr19	39267327	INDEL	other_ambiguous		ambiguous	exact	none	0	0		0	none	False	False	False	True	0	0	0	0	12	20	3	2	0	0	0	0	0	0	0	0	0	0	0	0	0	4	2	0	3	0	1	2	4	7	9	3	0	2
41125	chr19	44596476	INDEL	normal_absent_HPRC_other	exact_allele	absent: exact allele in HPRC	exact	AFR+AMR+EAS	3	7	ACB,ASW,ESN,GWD,MSL,CLM,CHS	14	shared	False	False	False	True	13	1	1	0	41	29	8	2	5	1	1	2	0	4	0	1	0	0	1	0	0	12	2	1	15	2	8	1	7	7	15	6	2	2
41141	chr19	45504516	INDEL	normal_absent_HPRC_other	exact_allele	absent: exact allele in HPRC	exact	AFR+AMR+EAS	3	7	ACB,GWD,MSL,YRI,CLM,PUR,CHS	10	shared	False	True	False	True	9	2	2	0	45	30	7	2	3	0	0	2	0	3	1	1	0	1	2	0	0	14	2	2	16	2	7	2	8	7	15	5	2	2
41158	chr19	47513846	INDEL	normal_absent_HPRC_other	exact_allele	absent: exact allele in HPRC	exact	AFR+AMR	2	4	ACB,CLM,PEL,PUR	7	shared	False	False	False	True	2	7	0	0	36	30	8	2	2	0	0	0	0	0	0	2	2	3	0	0	0	8	1	2	15	2	7	1	8	8	14	6	2	2
41207	chr19	51046532	INDEL	other_ambiguous		ambiguous	exact	none	0	0		0	none	False	True	True	True	0	0	0	0	19	17	4	1	0	0	0	0	0	0	0	0	0	0	0	0	0	7	0	1	5	2	3	1	4	6	7	2	2	1
41227	chr19	51856119	SNV	normal_absent_HPRC_other	exact_allele	absent: exact allele in HPRC	exact	AFR+EAS	2	4	ACB,GWD,CHS,KHV	8	shared	False	True	True	True	5	0	4	0	45	32	8	2	3	0	0	2	0	0	0	0	0	0	3	1	0	14	2	2	15	2	8	2	8	8	16	6	2	2
41448	chr20	6179181	INDEL	normal_absent_HPRC_other	element_set_other_allele	absent: only the nodes in HPRC	nodes	AFR+AMR	2	2	GWD,PUR	3	shared	False	True	True	True	2	2	0	0	9	16	1	2	0	0	0	2	0	0	0	0	0	2	0	0	0	3	0	0	5	0	1	0	2	2	12	1	0	2
41464	chr20	6647685	INDEL	normal_absent_HPRC_other	exact_allele	absent: exact allele in HPRC	exact	AFR+AMR+EAS+SAS	4	8	ACB,GWD,MSL,YRI,CLM,PUR,CHS,PJL	14	shared	True	False	False	True	10	4	1	1	40	30	8	2	3	0	0	4	0	2	1	1	0	3	1	0	1	13	2	2	11	2	8	2	8	7	15	6	2	2
41622	chr20	13693863	INDEL	normal_absent_HPRC_other	exact_allele	absent: exact allele in HPRC	exact	AFR+AMR+EAS	3	7	ACB,MKK,MSL,CLM,PEL,PUR,CHS	11	shared	False	True	True	True	3	7	1	0	39	30	8	2	1	0	0	0	1	1	0	1	2	4	1	0	0	11	1	2	13	2	8	2	8	8	14	6	2	2
41664	chr20	15728452	SNV	normal_absent_HPRC_other	exact_allele	absent: exact allele in HPRC	exact	AFR	1	5	ACB,ASW,GWD,MKK,MSL	11	one superpopulation	False	True	True	True	13	0	0	0	45	32	7	2	4	1	0	4	1	3	0	0	0	0	0	0	0	13	2	2	16	2	8	2	8	8	16	5	2	2
41685	chr20	17440862	INDEL	normal_absent_HPRC_other	exact_allele	absent: exact allele in HPRC	exact	AFR+AMR+EAS	3	10	ACB,ASW,ESN,GWD,MSL,CLM,PEL,PUR,CHS,KHV	28	shared	False	False	False	True	17	13	2	0	43	31	8	2	4	1	1	7	0	4	0	3	1	9	1	1	0	13	2	2	15	2	7	2	7	8	16	6	2	2
41759	chr20	21141825	SNV	normal_absent_HPRC_other	exact_allele	absent: exact allele in HPRC	exact	AFR+AMR	2	5	ACB,GWD,MSL,CLM,PUR	10	shared	False	True	True	True	9	2	0	0	36	30	8	2	4	0	0	4	0	1	0	1	0	1	0	0	0	11	2	2	14	2	5	0	8	7	15	6	2	2
41808	chr20	23264063	INDEL	normal_absent_HPRC_other	exact_allele	absent: exact allele in HPRC	exact	AFR+AMR+SAS	3	4	ACB,GWD,CLM,PJL	5	shared	False	True	True	True	3	1	0	1	44	31	8	2	2	0	0	1	0	0	0	1	0	0	0	0	1	14	2	2	15	1	8	2	8	8	15	6	2	2
41811	chr20	23334676	INDEL	normal_absent_HPRC_other	exact_allele	absent: exact allele in HPRC	exact	AFR+AMR+EAS	3	9	ACB,ASW,ESN,GWD,MSL,CLM,PEL,PUR,CHS	13	shared	False	True	True	True	8	7	1	0	40	31	8	2	2	1	1	3	0	1	0	2	3	2	1	0	0	10	2	2	15	1	8	2	7	8	16	6	2	2
41860	chr20	25162371	INDEL	other_ambiguous		ambiguous	exact	AFR+AMR+EAS	3	8	ACB,ASW,ESN,GWD,CLM,PUR,CHS,KHV	12	shared	False	False	False	True	7	5	2	0	42	28	8	2	2	1	1	3	0	0	0	3	0	2	1	1	0	14	2	2	12	2	8	2	8	6	14	6	2	2
41987	chr20	34631761	INDEL	normal_absent_HPRC_other	exact_allele	absent: exact allele in HPRC	exact	AMR	1	1	PEL	1	one individual	False	True	True	True	0	1	0	0	26	16	8	1	0	0	0	0	0	0	0	0	1	0	0	0	0	8	1	1	8	1	7	0	3	6	7	6	2	1
42051	chr20	39373518	INDEL	normal_absent_HPRC_other	exact_allele	absent: exact allele in HPRC	exact	AFR+EAS	2	2	GWD,CHS	2	shared	False	False	False	True	1	0	1	0	33	30	8	2	0	0	0	1	0	0	0	0	0	0	1	0	0	11	2	1	10	2	6	1	7	7	16	6	2	2
42074	chr20	40543748	INDEL	normal_absent_HPRC_other	exact_allele	absent: exact allele in HPRC	exact	AFR	1	3	ACB,GWD,MSL	10	one superpopulation	False	False	False	True	11	0	0	0	44	32	7	2	4	0	0	4	0	3	0	0	0	0	0	0	0	14	2	2	16	1	7	2	8	8	16	5	2	2
42077	chr20	40808949	SNV	normal_absent_HPRC_other	exact_allele	absent: exact allele in HPRC	exact	AFR+AMR+EAS+SAS	4	8	ACB,GWD,MSL,CLM,PEL,PUR,CHS,PJL	20	shared	False	True	True	False	11	8	4	1	44	32	8	2	7	0	0	2	0	2	0	2	2	4	4	0	1	14	2	1	16	2	7	2	8	8	16	6	2	2
42084	chr20	41165990	INDEL	normal_absent_HPRC_other	exact_allele	absent: exact allele in HPRC	exact	AFR+AMR+EAS	3	7	ACB,MSL,CLM,PEL,PUR,CHS,KHV	12	shared	False	False	False	True	2	7	4	0	40	32	8	2	1	0	0	0	0	1	0	1	4	2	3	1	0	12	2	1	15	1	7	2	8	8	16	6	2	2
42240	chr20	47998552	INDEL	other_ambiguous		ambiguous	exact	none	0	0		0	none	False	False	True	False	0	0	0	0	33	28	8	2	0	0	0	0	0	0	0	0	0	0	0	0	0	11	2	1	12	1	4	2	7	8	13	6	2	2
42466	chr20	59637696	INDEL	normal_absent_HPRC_other	exact_allele	absent: exact allele in HPRC	exact	AFR	1	1	ESN	1	one individual	True	True	False	True	1	0	0	0	45	32	8	2	0	0	1	0	0	0	0	0	0	0	0	0	0	13	2	2	16	2	8	2	8	8	16	6	2	2
42792	chr21	19400234	INDEL	normal_absent_HPRC_other	exact_allele	absent: exact allele in HPRC	exact	AFR+AMR+EAS	3	9	ACB,GWD,MKK,MSL,CLM,PEL,PUR,CHS,KHV	11	shared	False	False	False	True	4	7	2	0	43	30	8	1	1	0	0	1	1	1	0	1	4	2	1	1	0	13	2	2	15	2	7	2	6	8	16	6	2	1
42979	chr21	25150871	SNV	normal_absent_HPRC_other	exact_allele	absent: exact allele in HPRC	exact	AFR+AMR+EAS	3	8	ACB,ASW,GWD,MKK,MSL,YRI,PUR,KHV	20	shared	False	False	False	True	21	4	1	0	46	32	8	2	7	1	0	7	1	4	1	0	0	4	0	1	0	14	2	2	16	2	8	2	8	8	16	6	2	2
43046	chr21	27594781	SNV	normal_absent_HPRC_other	exact_allele	absent: exact allele in HPRC	exact	AFR+AMR+EAS	3	6	ACB,GWD,MSL,PEL,PUR,KHV	9	shared	False	True	True	True	7	2	1	0	46	32	8	2	4	0	0	2	0	1	0	0	1	1	0	1	0	14	2	2	16	2	8	2	8	8	16	6	2	2
43277	chr21	40781012	INDEL	normal_absent_HPRC_other	exact_allele	absent: exact allele in HPRC	exact	AFR+AMR+EAS+SAS	4	12	ACB,ASW,ESN,GWD,MKK,MSL,YRI,CLM,PEL,PUR,CHS,PJL	35	shared	True	False	False	True	28	15	4	1	46	31	8	2	9	1	1	10	1	5	1	4	4	7	4	0	1	14	2	2	16	2	8	2	8	8	15	6	2	2
43341	chr21	44721308	INDEL	normal_absent_HPRC_other	exact_allele	absent: exact allele in HPRC	exact	AFR+AMR+EAS+SAS	4	12	ACB,ASW,ESN,GWD,MKK,MSL,YRI,CLM,PUR,CHS,KHV,PJL	24	shared	False	False	False	True	15	7	3	2	45	32	7	2	3	1	1	6	1	2	1	3	0	4	2	1	2	13	2	2	16	2	8	2	8	8	16	5	2	2
43547	chr22	24204637	INDEL	normal_absent_HPRC_other	exact_allele	absent: exact allele in HPRC	exact	AFR+AMR	2	2	MSL,PUR	3	shared	False	True	True	False	1	2	0	0	24	28	6	2	0	0	0	0	0	1	0	0	0	2	0	0	0	9	1	1	4	1	6	2	8	6	14	5	1	2
43850	chr22	44184381	SNV	normal_absent_HPRC_other	exact_allele	absent: exact allele in HPRC	exact	AFR+AMR+SAS	3	9	ACB,ASW,GWD,MSL,YRI,CLM,PEL,PUR,PJL	24	shared	False	True	True	True	17	15	0	1	46	32	8	2	6	1	0	5	0	4	1	6	2	7	0	0	1	14	2	2	16	2	8	2	8	8	16	6	2	2
43891	chr22	47540371	INDEL	normal_absent_HPRC_other	exact_allele	absent: exact allele in HPRC	exact	AFR+AMR+EAS+SAS	4	7	ACB,ESN,MSL,CLM,PUR,KHV,PJL	12	shared	False	False	False	True	7	4	1	1	39	32	8	2	3	0	1	0	0	3	0	1	0	3	0	1	1	12	1	2	14	1	7	2	8	8	16	6	2	2
