truth_id	chrom	vcf_pos	kind	category	sub_class	group	carrier_level	sp_pattern	n_superpops	n_populations	carrier_populations	n_individuals	private	CHM13	AFR_carriers	AMR_carriers	EAS_carriers	SAS_carriers	AFR_complete	AMR_complete	EAS_complete	SAS_complete	ACB_carriers	ASW_carriers	ESN_carriers	GWD_carriers	MKK_carriers	MSL_carriers	YRI_carriers	CLM_carriers	PEL_carriers	PUR_carriers	CHS_carriers	KHV_carriers	PJL_carriers	ACB_complete	ASW_complete	ESN_complete	GWD_complete	MKK_complete	MSL_complete	YRI_complete	CLM_complete	PEL_complete	PUR_complete	CHS_complete	KHV_complete	PJL_complete
2	chr1	1743557	SNV	other_ambiguous		ambiguous	exact	none	0	0		0	none	False	0	0	0	0	23	28	7	1	0	0	0	0	0	0	0	0	0	0	0	0	0	10	1	2	5	1	2	2	7	7	14	5	2	1
4	chr1	1743566	SNV	HG008N_absent_HPRC_other	exact_allele	absent: exact allele in HPRC	exact	AFR+AMR+EAS	3	8	ACB,ESN,GWD,MKK,MSL,YRI,PUR,CHS	16	shared	False	14	1	4	0	23	28	7	1	4	0	2	4	1	2	1	0	0	1	4	0	0	10	1	2	5	1	2	2	7	7	14	5	2	1
5	chr1	1743580	SNV	HG008N_absent_HPRC_other	element_set_other_allele	absent: only the nodes in HPRC	nodes	AFR+AMR+EAS	3	7	ACB,ASW,CLM,PEL,PUR,CHS,KHV	13	shared	True	2	15	2	0	23	28	7	1	1	1	0	0	0	0	0	4	7	4	1	1	0	10	1	2	5	1	2	2	7	7	14	5	2	1
6	chr1	1743582	SNV	HG008N_absent_HPRC_other	element_set_other_allele	absent: only the nodes in HPRC	nodes	AFR+AMR+EAS	3	7	ACB,ASW,CLM,PEL,PUR,CHS,KHV	13	shared	True	2	15	2	0	23	28	7	1	1	1	0	0	0	0	0	4	7	4	1	1	0	10	1	2	5	1	2	2	7	7	14	5	2	1
7	chr1	1743586	SNV	HG008N_absent_HPRC_other	element_set_other_allele	absent: only the nodes in HPRC	nodes	AFR+AMR+EAS	3	7	ACB,ASW,CLM,PEL,PUR,CHS,KHV	13	shared	True	2	15	2	0	23	28	7	1	1	1	0	0	0	0	0	4	7	4	1	1	0	10	1	2	5	1	2	2	7	7	14	5	2	1
30	chr1	5837950	INDEL	HG008N_present_broad	other_hap_only	HG008-N present, broad	exact	AFR+AMR+EAS	3	10	ACB,ASW,ESN,GWD,MSL,CLM,PEL,PUR,CHS,KHV	24	shared	True	10	16	7	0	35	29	8	1	1	2	1	5	0	1	0	5	7	4	5	2	0	9	2	2	14	0	6	2	8	7	14	6	2	1
38	chr1	7284177	INDEL	HG008N_absent_HPRC_other	exact_allele	absent: exact allele in HPRC	exact	AFR+SAS	2	2	ACB,PJL	2	shared	False	1	0	0	1	22	22	3	2	1	0	0	0	0	0	0	0	0	0	0	0	1	3	2	1	10	1	3	2	5	6	11	3	0	2
45	chr1	8890333	INDEL	HG008N_absent_HPRC_other	exact_allele	absent: exact allele in HPRC	exact	AFR+AMR	2	7	ACB,ESN,GWD,MKK,MSL,YRI,PUR	13	shared	False	14	1	0	0	44	32	8	2	4	0	1	4	1	3	1	0	0	1	0	0	0	13	2	2	16	1	8	2	8	8	16	6	2	2
46	chr1	8930729	INDEL	HG008N_absent_HPRC_other	exact_allele	absent: exact allele in HPRC	exact	AFR+AMR+EAS	3	7	ACB,GWD,MSL,CLM,PEL,PUR,CHS	9	shared	False	4	5	1	0	29	20	7	2	2	0	0	1	0	1	0	2	2	1	1	0	0	10	1	2	8	2	5	1	5	7	8	5	2	2
48	chr1	9206786	INDEL	HG008N_present_broad	other_hap_only	HG008-N present, broad	exact	AFR+AMR+EAS	3	8	ACB,GWD,MSL,CLM,PEL,PUR,CHS,KHV	22	shared	False	11	16	2	0	33	31	8	2	5	0	0	4	0	2	0	6	2	8	1	1	0	9	1	2	15	2	2	2	8	8	15	6	2	2
57	chr1	11619716	INDEL	HG008N_absent_HPRC_other	exact_allele	absent: exact allele in HPRC	exact	AFR+AMR+EAS+SAS	4	4	ACB,PUR,CHS,PJL	9	shared	False	4	6	1	1	23	29	8	2	4	0	0	0	0	0	0	0	0	6	1	0	1	10	1	1	3	2	4	2	6	7	16	6	2	2
60	chr1	11898043	INDEL	other_ambiguous		ambiguous	exact	none	0	0		0	none	False	0	0	0	0	39	27	8	2	0	0	0	0	0	0	0	0	0	0	0	0	0	9	2	1	16	1	8	2	8	4	15	6	2	2
73	chr1	18208376	INDEL	HG008N_absent_HPRC_other	exact_allele	absent: exact allele in HPRC	exact	AFR	1	1	GWD	1	one individual	False	1	0	0	0	22	15	3	1	0	0	0	1	0	0	0	0	0	0	0	0	0	7	1	1	8	1	4	0	2	6	7	3	0	1
77	chr1	18502519	INDEL	HG008N_present_rare	other_hap_only:patient_frame	HG008-N present, rare	exact	AFR+AMR	2	5	ACB,GWD,MSL,YRI,PUR	8	shared	True	6	2	0	0	40	29	8	2	2	0	0	2	0	1	1	0	0	2	0	0	0	12	1	2	14	2	7	2	8	8	13	6	2	2
84	chr1	20549949	INDEL	HG008N_absent_HPRC_other	exact_allele	absent: exact allele in HPRC	exact	AFR+AMR+EAS	3	9	ACB,ESN,GWD,MSL,CLM,PEL,PUR,CHS,KHV	17	shared	False	9	6	5	0	45	32	8	2	3	0	1	3	0	2	0	1	2	3	3	2	0	14	2	2	16	2	7	2	8	8	16	6	2	2
89	chr1	21780738	INDEL	HG008N_absent_HPRC_other	exact_allele	absent: exact allele in HPRC	exact	AFR+AMR+EAS+SAS	4	9	ACB,ASW,ESN,GWD,MSL,CLM,PEL,CHS,PJL	16	shared	True	7	11	1	1	37	29	7	2	1	1	1	2	0	2	0	5	6	0	1	0	1	9	2	2	15	2	6	1	7	8	14	5	2	2
92	chr1	22431386	SNV	HG008N_absent_HPRC_other	exact_allele	absent: exact allele in HPRC	exact	AFR	1	1	GWD	1	one individual	False	1	0	0	0	31	25	5	2	0	0	0	1	0	0	0	0	0	0	0	0	0	11	2	1	10	1	4	2	5	8	12	4	1	2
95	chr1	23017177	INDEL	HG008N_absent_HPRC_other	exact_allele	absent: exact allele in HPRC	exact	AFR+AMR	2	2	MSL,CLM	2	shared	False	1	1	0	0	26	15	5	1	0	0	0	0	0	1	0	1	0	0	0	0	0	8	0	1	9	1	5	2	4	3	8	5	0	1
101	chr1	24564513	INDEL	HG008N_absent_HPRC_other	element_set_other_allele	absent: only the nodes in HPRC	nodes	AFR+AMR	2	4	ACB,GWD,YRI,PUR	9	shared	False	8	2	0	0	41	24	7	1	2	0	0	5	0	0	1	0	0	2	0	0	0	13	1	2	15	2	6	2	7	5	12	5	2	1
102	chr1	24602569	INDEL	other_ambiguous		ambiguous	exact	none	0	0		0	none	False	0	0	0	0	35	29	8	2	0	0	0	0	0	0	0	0	0	0	0	0	0	10	2	2	11	2	6	2	7	8	14	6	2	2
105	chr1	26272642	INDEL	HG008N_absent_HPRC_other	element_set_other_allele	absent: only the nodes in HPRC	nodes	AFR+AMR	2	2	GWD,CLM	2	shared	False	1	1	0	0	28	27	8	1	0	0	0	1	0	0	0	1	0	0	0	0	0	8	1	0	11	1	7	0	7	7	13	6	2	1
108	chr1	27003327	INDEL	HG008N_absent_HPRC_other	exact_allele	absent: exact allele in HPRC	exact	AFR+AMR	2	4	ACB,GWD,YRI,PUR	6	shared	False	5	4	0	0	40	30	8	2	2	0	0	2	0	0	1	0	0	4	0	0	0	12	1	2	14	2	7	2	7	8	15	6	2	2
110	chr1	28347589	INDEL	HG008N_absent_HPRC_other	exact_allele	absent: exact allele in HPRC	exact	AFR	1	5	ACB,ESN,GWD,MSL,YRI	11	one superpopulation	False	13	0	0	0	46	31	8	2	3	0	1	5	0	2	2	0	0	0	0	0	0	14	2	2	16	2	8	2	8	8	15	6	2	2
112	chr1	28664185	INDEL	HG008N_absent_HPRC_other	exact_allele	absent: exact allele in HPRC	exact	AFR+AMR+EAS+SAS	4	10	ACB,ASW,ESN,GWD,CLM,PEL,PUR,CHS,KHV,PJL	22	shared	True	7	11	6	1	46	32	8	2	1	1	1	4	0	0	0	2	5	4	5	1	1	14	2	2	16	2	8	2	8	8	16	6	2	2
116	chr1	30115910	INDEL	HG008N_absent_HPRC_other	exact_allele	absent: exact allele in HPRC	exact	AFR+EAS	2	4	ACB,GWD,MKK,CHS	11	shared	False	11	0	1	0	37	27	8	2	6	0	0	4	1	0	0	0	0	0	1	0	0	11	2	2	12	2	6	2	8	5	14	6	2	2
123	chr1	32405697	INDEL	HG008N_absent_HPRC_other	exact_allele	absent: exact allele in HPRC	exact	AFR+AMR	2	6	ACB,GWD,MSL,CLM,PEL,PUR	11	shared	False	9	4	0	0	35	31	8	2	3	0	0	4	0	2	0	1	2	1	0	0	0	9	1	1	14	2	7	1	8	7	16	6	2	2
128	chr1	34487152	INDEL	HG008N_absent_HPRC_other	exact_allele	absent: exact allele in HPRC	exact	AFR+AMR	2	8	ACB,ASW,ESN,GWD,MKK,MSL,CLM,PUR	11	shared	False	9	3	0	0	35	28	7	2	4	1	1	1	1	1	0	1	0	2	0	0	0	8	1	1	14	2	7	2	8	7	13	5	2	2
134	chr1	36580278	INDEL	HG008N_present_broad	other_hap_only	HG008-N present, broad	exact	AFR+AMR+EAS+SAS	4	10	ACB,ESN,GWD,MSL,YRI,CLM,PEL,PUR,CHS,PJL	25	shared	False	11	14	3	1	38	29	6	2	3	0	1	5	0	1	1	3	6	5	3	0	1	13	2	2	13	1	5	2	7	8	14	5	1	2
138	chr1	38522283	INDEL	HG008N_absent_HPRC_other	exact_allele	absent: exact allele in HPRC	exact	AFR+AMR+EAS	3	8	ACB,ASW,GWD,MSL,CLM,PEL,PUR,CHS	20	shared	False	11	10	2	0	42	31	6	0	2	1	0	5	0	3	0	2	2	6	2	0	0	12	2	2	15	2	7	2	8	8	15	4	2	0
144	chr1	41058378	INDEL	HG008N_absent_HPRC_other	exact_allele	absent: exact allele in HPRC	exact	AFR+AMR+EAS+SAS	4	8	ACB,ESN,MSL,YRI,CLM,CHS,KHV,PJL	11	shared	False	8	1	2	1	29	16	2	2	2	0	2	0	0	3	1	1	0	0	1	1	1	7	1	2	11	1	5	2	5	3	8	1	1	2
151	chr1	44108660	INDEL	HG008N_absent_HPRC_other	exact_allele	absent: exact allele in HPRC	exact	AFR+AMR	2	8	ACB,ASW,ESN,GWD,MSL,YRI,CLM,PUR	11	shared	False	10	2	0	0	33	25	8	2	5	1	1	1	0	1	1	1	0	1	0	0	0	8	1	2	13	1	6	2	7	7	11	6	2	2
153	chr1	46852633	INDEL	HG008N_absent_HPRC_other	exact_allele	absent: exact allele in HPRC	exact	AFR+AMR+EAS+SAS	4	8	ACB,GWD,MKK,CLM,PEL,PUR,CHS,PJL	17	shared	False	10	8	2	1	35	31	8	2	4	0	0	5	1	0	0	4	2	2	2	0	1	12	2	1	14	2	4	0	8	8	15	6	2	2
156	chr1	48267752	INDEL	HG008N_absent_HPRC_other	exact_allele	absent: exact allele in HPRC	exact	AMR+EAS	2	4	CLM,PEL,PUR,KHV	8	shared	False	0	8	1	0	36	29	6	2	0	0	0	0	0	0	0	3	2	3	0	1	0	12	1	2	11	1	7	2	7	7	15	5	1	2
167	chr1	50382613	INDEL	HG008N_absent_HPRC_other	exact_allele	absent: exact allele in HPRC	exact	AFR+AMR+EAS	3	6	ACB,GWD,MKK,CLM,PUR,CHS	12	shared	False	4	6	3	0	41	32	8	2	1	0	0	2	1	0	0	2	0	4	3	0	0	13	1	1	15	2	7	2	8	8	16	6	2	2
168	chr1	50388379	INDEL	HG008N_absent_HPRC_other	exact_allele	absent: exact allele in HPRC	exact	AFR+AMR	2	4	ACB,GWD,YRI,PUR	10	shared	False	10	1	0	0	42	28	8	2	4	0	0	5	0	0	1	0	0	1	0	0	0	12	2	2	15	1	8	2	7	8	13	6	2	2
170	chr1	50457865	INDEL	HG008N_absent_HPRC_other	exact_allele	absent: exact allele in HPRC	exact	AFR+AMR+SAS	3	4	ACB,CLM,PUR,PJL	8	shared	False	5	4	0	2	46	32	8	2	5	0	0	0	0	0	0	3	0	1	0	0	2	14	2	2	16	2	8	2	8	8	16	6	2	2
175	chr1	51546696	INDEL	HG008N_absent_HPRC_other	exact_allele	absent: exact allele in HPRC	exact	AFR+AMR+EAS	3	5	ACB,GWD,MSL,PUR,CHS	7	shared	True	4	2	1	0	46	32	8	2	2	0	0	1	0	1	0	0	0	2	1	0	0	14	2	2	16	2	8	2	8	8	16	6	2	2
183	chr1	55285013	INDEL	HG008N_absent_HPRC_other	exact_allele	absent: exact allele in HPRC	exact	AFR+AMR	2	6	ACB,ASW,GWD,MKK,CLM,PUR	12	shared	False	9	3	0	0	44	32	8	2	4	1	0	3	1	0	0	1	0	2	0	0	0	14	2	2	15	2	7	2	8	8	16	6	2	2
184	chr1	55420073	INDEL	HG008N_absent_HPRC_other	exact_allele	absent: exact allele in HPRC	exact	AFR+AMR+EAS	3	6	ACB,GWD,MSL,CLM,PUR,CHS	11	shared	False	9	3	2	0	42	32	8	2	2	0	0	6	0	1	0	1	0	2	2	0	0	12	2	2	15	2	7	2	8	8	16	6	2	2
187	chr1	55796112	INDEL	HG008N_absent_HPRC_other	exact_allele	absent: exact allele in HPRC	exact	AFR+AMR	2	4	ACB,MSL,PEL,PUR	8	shared	False	5	3	0	0	43	31	8	2	3	0	0	0	0	2	0	0	2	1	0	0	0	13	2	2	16	1	8	1	8	8	15	6	2	2
190	chr1	56757691	SNV	HG008N_absent_HPRC_other	element_set_other_allele	absent: only the nodes in HPRC	nodes	AFR+AMR+EAS+SAS	4	10	ACB,ESN,GWD,MSL,YRI,CLM,PEL,PUR,CHS,PJL	20	shared	False	13	7	2	1	14	11	2	1	4	0	1	5	0	2	1	1	3	3	2	0	1	5	0	1	5	0	2	1	2	3	6	2	0	1
205	chr1	60157226	INDEL	HG008N_absent_HPRC_other	exact_allele	absent: exact allele in HPRC	exact	AFR+AMR+EAS+SAS	4	6	ACB,GWD,CLM,PUR,CHS,PJL	9	shared	False	3	4	2	1	21	15	2	2	1	0	0	2	0	0	0	1	0	3	2	0	1	4	1	0	9	1	6	0	3	5	7	2	0	2
206	chr1	60163263	INDEL	HG008N_absent_HPRC_other	exact_allele	absent: exact allele in HPRC	exact	AFR+AMR+EAS	3	8	ACB,ASW,GWD,MSL,PEL,PUR,CHS,KHV	10	shared	False	4	4	3	0	44	30	8	2	1	1	0	1	0	1	0	0	2	2	1	2	0	13	1	2	16	2	8	2	8	8	14	6	2	2
210	chr1	60881813	INDEL	HG008N_absent_HPRC_other	exact_allele	absent: exact allele in HPRC	exact	AFR+AMR	2	3	ACB,MSL,PUR	4	shared	False	2	2	0	0	31	24	6	1	1	0	0	0	0	1	0	0	0	2	0	0	0	9	1	0	13	1	5	2	6	8	10	4	2	1
217	chr1	62921182	INDEL	HG008N_absent_HPRC_other	exact_allele	absent: exact allele in HPRC	exact	AFR+AMR+EAS+SAS	4	8	ACB,ESN,GWD,MSL,YRI,PUR,KHV,PJL	14	shared	False	11	2	1	1	40	30	8	2	3	0	1	3	0	3	1	0	0	2	0	1	1	11	2	2	14	2	7	2	7	8	15	6	2	2
221	chr1	64132760	INDEL	HG008N_absent_HPRC_other	exact_allele	absent: exact allele in HPRC	exact	AFR	1	3	ACB,GWD,YRI	4	one superpopulation	False	4	0	0	0	32	30	8	2	2	0	0	1	0	0	1	0	0	0	0	0	0	10	1	0	11	2	6	2	7	8	15	6	2	2
225	chr1	65664313	INDEL	HG008N_absent_HPRC_other	recombinant_pieces	absent: only the nodes in HPRC	nodes	none	0	0		0	none	False	0	0	0	0	28	23	5	2	0	0	0	0	0	0	0	0	0	0	0	0	0	10	1	0	12	1	4	0	5	4	14	4	1	2
243	chr1	69486294	SNV	HG008N_absent_HPRC_other	exact_allele	absent: exact allele in HPRC	exact	AMR+EAS	2	2	CLM,KHV	2	shared	False	0	2	1	0	40	21	5	1	0	0	0	0	0	0	0	2	0	0	0	1	0	14	2	0	14	2	7	1	7	2	12	4	1	1
247	chr1	70387345	INDEL	HG008N_absent_HPRC_other	exact_allele	absent: exact allele in HPRC	exact	AFR+AMR+EAS	3	9	ACB,GWD,MSL,YRI,CLM,PEL,PUR,CHS,KHV	20	shared	False	13	7	2	0	45	31	8	2	3	0	0	7	0	2	1	1	1	5	1	1	0	13	2	2	16	2	8	2	7	8	16	6	2	2
251	chr1	70748855	INDEL	HG008N_absent_HPRC_other	exact_allele	absent: exact allele in HPRC	exact	AFR+AMR	2	3	ACB,GWD,PUR	7	shared	False	6	2	0	0	14	23	2	1	3	0	0	3	0	0	0	0	0	2	0	0	0	6	1	0	7	0	0	0	5	7	11	2	0	1
255	chr1	71039649	INDEL	HG008N_absent_HPRC_other	exact_allele	absent: exact allele in HPRC	exact	AFR+AMR	2	8	ACB,ASW,GWD,MKK,MSL,YRI,PEL,PUR	21	shared	True	18	5	0	0	37	31	8	2	6	1	0	6	1	3	1	0	1	4	0	0	0	12	2	2	12	2	6	1	8	7	16	6	2	2
256	chr1	71156211	INDEL	HG008N_absent_HPRC_other	exact_allele	absent: exact allele in HPRC	exact	AFR+AMR	2	5	GWD,MKK,MSL,PEL,PUR	8	shared	True	4	4	0	0	44	32	8	2	0	0	0	1	1	2	0	0	1	3	0	0	0	13	2	2	15	2	8	2	8	8	16	6	2	2
265	chr1	72149879	INDEL	HG008N_absent_HPRC_other	exact_allele	absent: exact allele in HPRC	exact	AFR+AMR+SAS	3	8	ACB,ESN,GWD,MKK,MSL,YRI,PUR,PJL	22	shared	False	29	1	0	1	43	29	8	2	9	0	1	11	1	5	2	0	0	1	0	0	1	14	2	2	15	2	6	2	8	8	13	6	2	2
291	chr1	75902679	SNV	other_ambiguous		ambiguous	exact	none	0	0		0	none	False	0	0	0	0	18	13	0	1	0	0	0	0	0	0	0	0	0	0	0	0	0	6	1	1	4	0	4	2	2	5	6	0	0	1
300	chr1	77052917	INDEL	HG008N_absent_HPRC_other	exact_allele	absent: exact allele in HPRC	exact	AFR+AMR+EAS	3	9	ACB,GWD,MKK,MSL,CLM,PEL,PUR,CHS,KHV	20	shared	False	9	11	5	0	37	29	8	2	3	0	0	4	1	1	0	3	1	7	3	2	0	11	2	1	14	1	6	2	7	7	15	6	2	2
303	chr1	77306493	INDEL	HG008N_absent_HPRC_other	element_set_other_allele	absent: only the nodes in HPRC	nodes	AFR+AMR+EAS	3	8	ACB,GWD,MKK,MSL,CLM,PEL,PUR,KHV	10	shared	False	6	3	1	0	30	26	6	2	1	0	0	2	1	2	0	1	1	1	0	1	0	7	2	1	12	2	5	1	7	5	14	4	2	2
304	chr1	77306496	SNV	HG008N_absent_HPRC_other	element_set_other_allele	absent: only the nodes in HPRC	nodes	AFR+AMR+EAS	3	8	ACB,GWD,MKK,MSL,CLM,PEL,PUR,KHV	10	shared	False	6	3	1	0	30	26	6	2	1	0	0	2	1	2	0	1	1	1	0	1	0	7	2	1	12	2	5	1	7	5	14	4	2	2
305	chr1	77454821	INDEL	HG008N_absent_HPRC_other	exact_allele	absent: exact allele in HPRC	exact	AFR+EAS	2	5	ACB,GWD,MSL,CHS,KHV	10	shared	False	9	0	2	0	44	31	8	2	2	0	0	6	0	1	0	0	0	0	1	1	0	14	1	2	15	2	8	2	8	8	15	6	2	2
306	chr1	78182937	INDEL	HG008N_absent_HPRC_other	exact_allele	absent: exact allele in HPRC	exact	AFR+AMR+EAS+SAS	4	9	ACB,ESN,GWD,CLM,PEL,PUR,CHS,KHV,PJL	19	shared	False	8	7	7	1	43	30	8	2	3	0	2	3	0	0	0	2	2	3	5	2	1	14	2	2	14	2	8	1	8	8	14	6	2	2
307	chr1	78729313	INDEL	HG008N_absent_HPRC_other	element_set_other_allele	absent: only the nodes in HPRC	nodes	AFR	1	6	ACB,ESN,GWD,MKK,MSL,YRI	12	one superpopulation	False	13	0	0	0	46	32	8	2	3	0	1	4	1	3	1	0	0	0	0	0	0	14	2	2	16	2	8	2	8	8	16	6	2	2
317	chr1	79883783	INDEL	HG008N_absent_HPRC_other	exact_allele	absent: exact allele in HPRC	exact	AFR+AMR	2	6	ACB,GWD,MSL,CLM,PEL,PUR	11	shared	False	4	9	0	0	38	26	5	2	1	0	0	1	0	2	0	1	1	7	0	0	0	11	2	2	13	2	7	1	5	5	16	3	2	2
327	chr1	80499681	SNV	HG008N_absent_HPRC_other	element_set_other_allele	absent: only the nodes in HPRC	nodes	AFR+EAS+SAS	3	5	ASW,GWD,MSL,CHS,PJL	6	shared	False	3	0	2	1	34	29	8	2	0	1	0	1	0	1	0	0	0	0	2	0	1	8	2	1	15	1	5	2	8	6	15	6	2	2
328	chr1	80573480	INDEL	HG008N_absent_HPRC_other	exact_allele	absent: exact allele in HPRC	exact	AFR+AMR+EAS	3	7	ACB,GWD,MKK,CLM,PEL,PUR,CHS	7	shared	False	3	3	1	0	36	30	8	2	1	0	0	1	1	0	0	1	1	1	1	0	0	9	1	1	14	1	8	2	6	8	16	6	2	2
345	chr1	82686653	INDEL	HG008N_absent_HPRC_other	exact_allele	absent: exact allele in HPRC	exact	AFR+AMR+EAS+SAS	4	13	ACB,ASW,ESN,GWD,MKK,MSL,YRI,CLM,PEL,PUR,CHS,KHV,PJL	36	shared	False	26	18	5	1	45	31	7	2	9	1	2	9	1	2	2	3	3	12	4	1	1	14	2	2	15	2	8	2	8	7	16	5	2	2
356	chr1	85725272	INDEL	HG008N_absent_HPRC_other	exact_allele	absent: exact allele in HPRC	exact	AFR+AMR	2	7	ACB,ASW,ESN,GWD,MSL,CLM,PUR	7	shared	False	6	2	0	0	40	29	8	2	1	2	1	1	0	1	0	1	0	1	0	0	0	12	2	2	12	2	8	2	8	5	16	6	2	2
378	chr1	92707201	SNV	HG008N_absent_HPRC_other	exact_allele	absent: exact allele in HPRC	exact	AFR+AMR	2	6	ACB,ESN,GWD,MKK,CLM,PEL	9	shared	True	8	2	0	0	40	31	8	2	4	0	1	2	1	0	0	1	1	0	0	0	0	13	1	2	14	2	6	2	8	8	15	6	2	2
382	chr1	93573617	INDEL	other_ambiguous		ambiguous	exact	none	0	0		0	none	False	0	0	0	0	30	32	8	2	0	0	0	0	0	0	0	0	0	0	0	0	0	10	1	2	9	1	6	1	8	8	16	6	2	2
383	chr1	93573620	SNV	other_ambiguous		ambiguous	exact	none	0	0		0	none	False	0	0	0	0	30	32	8	2	0	0	0	0	0	0	0	0	0	0	0	0	0	10	1	2	9	1	6	1	8	8	16	6	2	2
403	chr1	102664951	INDEL	HG008N_absent_HPRC_other	exact_allele	absent: exact allele in HPRC	exact	AFR	1	5	ACB,ESN,GWD,MSL,YRI	16	one superpopulation	False	18	0	0	0	43	30	8	2	4	0	1	7	0	5	1	0	0	0	0	0	0	13	1	2	16	2	8	1	8	8	14	6	2	2
407	chr1	102863585	INDEL	HG008N_absent_HPRC_other	exact_allele	absent: exact allele in HPRC	exact	AFR+AMR	2	4	GWD,MSL,PEL,PUR	6	shared	False	3	4	0	0	45	31	7	2	0	0	0	2	0	1	0	0	1	3	0	0	0	13	2	2	16	2	8	2	7	8	16	5	2	2
414	chr1	103465979	INDEL	HG008N_absent_HPRC_other	exact_allele	absent: exact allele in HPRC	exact	AFR+AMR	2	5	ASW,GWD,CLM,PEL,PUR	7	shared	False	2	7	0	0	31	26	6	2	0	1	0	1	0	0	0	2	3	2	0	0	0	10	1	2	10	1	5	2	5	6	15	5	1	2
418	chr1	104077082	INDEL	other_ambiguous		ambiguous	exact	none	0	0		0	none	False	0	0	0	0	18	14	5	0	0	0	0	0	0	0	0	0	0	0	0	0	0	7	2	1	7	0	1	0	3	3	8	3	2	0
432	chr1	106823345	INDEL	HG008N_absent_HPRC_other	exact_allele	absent: exact allele in HPRC	exact	AFR	1	1	GWD	1	one individual	False	1	0	0	0	20	26	7	1	0	0	0	1	0	0	0	0	0	0	0	0	0	6	0	1	4	0	7	2	7	6	13	5	2	1
439	chr1	108089651	INDEL	HG008N_absent_HPRC_other	exact_allele	absent: exact allele in HPRC	exact	AFR+AMR+SAS	3	10	ACB,ASW,ESN,GWD,MSL,YRI,CLM,PEL,PUR,PJL	24	shared	False	27	6	0	1	45	28	8	2	5	2	1	11	0	6	2	1	3	2	0	0	1	13	2	2	16	2	8	2	8	5	15	6	2	2
444	chr1	109183347	INDEL	other_ambiguous		ambiguous	exact	none	0	0		0	none	False	0	0	0	0	42	32	8	2	0	0	0	0	0	0	0	0	0	0	0	0	0	13	2	1	14	2	8	2	8	8	16	6	2	2
447	chr1	110304445	INDEL	HG008N_absent_HPRC_other	exact_allele	absent: exact allele in HPRC	exact	AFR	1	6	ACB,ASW,ESN,GWD,MSL,YRI	11	one superpopulation	False	13	0	0	0	38	25	7	2	5	1	1	2	0	3	1	0	0	0	0	0	0	14	2	1	12	1	7	1	8	5	12	5	2	2
449	chr1	110806296	INDEL	HG008N_absent_HPRC_other	exact_allele	absent: exact allele in HPRC	exact	AFR+AMR+EAS+SAS	4	12	ACB,ESN,GWD,MKK,MSL,YRI,CLM,PEL,PUR,CHS,KHV,PJL	29	shared	False	19	12	3	2	40	30	8	2	4	0	1	8	1	4	1	2	3	7	2	1	2	12	2	2	14	2	6	2	8	8	14	6	2	2
455	chr1	112233484	INDEL	HG008N_absent_HPRC_other	exact_allele	absent: exact allele in HPRC	exact	AFR+AMR+EAS+SAS	4	10	ACB,ESN,GWD,MSL,YRI,CLM,PEL,PUR,CHS,PJL	16	shared	False	10	4	1	1	44	30	8	2	5	0	1	2	0	1	1	1	1	2	1	0	1	13	2	2	16	1	8	2	8	6	16	6	2	2
457	chr1	112372255	SNV	HG008N_absent_HPRC_other	exact_allele	absent: exact allele in HPRC	exact	AFR+AMR+EAS	3	3	ACB,PEL,CHS	4	shared	False	2	1	1	0	23	20	6	0	2	0	0	0	0	0	0	0	1	0	1	0	0	7	0	0	10	1	4	1	5	6	9	5	1	0
459	chr1	112741370	INDEL	HG008N_absent_HPRC_other	exact_allele	absent: exact allele in HPRC	exact	AFR+AMR+EAS	3	7	ACB,GWD,MSL,CLM,PUR,CHS,KHV	11	shared	True	6	3	2	0	31	27	6	2	1	0	0	3	0	2	0	2	0	1	1	1	0	11	2	0	9	0	8	1	7	7	13	5	1	2
461	chr1	113033910	INDEL	HG008N_absent_HPRC_other	exact_allele	absent: exact allele in HPRC	exact	AFR+AMR+EAS	3	5	ACB,CLM,PEL,PUR,CHS	8	shared	True	2	4	2	0	30	32	7	2	2	0	0	0	0	0	0	1	1	2	2	0	0	10	2	1	11	1	5	0	8	8	16	5	2	2
463	chr1	114331680	INDEL	HG008N_absent_HPRC_other	exact_allele	absent: exact allele in HPRC	exact	AFR	1	6	ACB,ESN,GWD,MKK,MSL,YRI	13	one superpopulation	False	14	0	0	0	45	32	8	2	5	0	1	3	1	3	1	0	0	0	0	0	0	14	2	2	16	2	7	2	8	8	16	6	2	2
484	chr1	143636217	INDEL	HG008N_absent_HPRC_other	exact_allele	absent: exact allele in HPRC	exact	AFR+AMR+EAS	3	6	ACB,GWD,CLM,PEL,PUR,CHS	15	shared	False	5	12	1	0	30	29	5	1	1	0	0	4	0	0	0	2	5	5	1	0	0	8	2	2	11	0	6	1	8	8	13	4	1	1
509	chr1	147674747	INDEL	HG008N_absent_HPRC_other	exact_allele	absent: exact allele in HPRC	exact	AFR+AMR+EAS	3	9	ACB,ASW,GWD,MKK,MSL,YRI,PUR,CHS,KHV	15	shared	False	7	7	3	0	46	32	8	2	2	1	0	1	1	1	1	0	0	7	2	1	0	14	2	2	16	2	8	2	8	8	16	6	2	2
511	chr1	148067150	INDEL	HG008N_absent_HPRC_other	exact_allele	absent: exact allele in HPRC	exact	AMR	1	1	CLM	1	one individual	False	0	1	0	0	16	14	3	1	0	0	0	0	0	0	0	1	0	0	0	0	0	6	0	0	7	0	3	0	4	3	7	3	0	1
515	chr1	148513618	INDEL	HG008N_present_broad	other_hap_only	HG008-N present, broad	exact	AFR+AMR+EAS+SAS	4	12	ACB,ASW,ESN,GWD,MSL,YRI,CLM,PEL,PUR,CHS,KHV,PJL	35	shared	False	29	13	7	1	43	30	8	2	10	1	2	11	0	4	1	2	4	7	6	1	1	14	1	2	15	2	7	2	8	8	14	6	2	2
520	chr1	149865951	INDEL	other_ambiguous		ambiguous	exact	none	0	0		0	none	False	0	0	0	0	14	12	3	2	0	0	0	0	0	0	0	0	0	0	0	0	0	4	0	0	9	0	1	0	4	3	5	1	2	2
528	chr1	151195884	INDEL	HG008N_absent_HPRC_other	exact_allele	absent: exact allele in HPRC	exact	AFR+AMR+EAS+SAS	4	9	ACB,ASW,GWD,CLM,PEL,PUR,CHS,KHV,PJL	19	shared	False	12	8	2	2	36	24	7	2	2	1	0	9	0	0	0	1	1	6	1	1	2	10	2	1	13	1	7	2	5	6	13	5	2	2
529	chr1	151261954	INDEL	HG008N_absent_HPRC_other	exact_allele	absent: exact allele in HPRC	exact	AFR+AMR+EAS	3	5	ACB,GWD,MSL,CLM,CHS	10	shared	False	6	1	3	0	46	32	8	2	3	0	0	2	0	1	0	1	0	0	3	0	0	14	2	2	16	2	8	2	8	8	16	6	2	2
530	chr1	151446274	INDEL	HG008N_absent_HPRC_other	exact_allele	absent: exact allele in HPRC	exact	AFR+AMR	2	2	GWD,PUR	2	shared	False	1	1	0	0	40	27	8	2	0	0	0	1	0	0	0	0	0	1	0	0	0	12	2	2	12	2	8	2	6	7	14	6	2	2
534	chr1	151871325	INDEL	HG008N_absent_HPRC_other	exact_allele	absent: exact allele in HPRC	exact	AFR	1	3	ACB,ASW,GWD	8	one superpopulation	False	9	0	0	0	46	31	8	2	2	1	0	6	0	0	0	0	0	0	0	0	0	14	2	2	16	2	8	2	8	8	15	6	2	2
545	chr1	153539446	INDEL	HG008N_absent_HPRC_other	element_set_other_allele	absent: only the nodes in HPRC	nodes	AMR	1	1	PUR	1	one individual	False	0	1	0	0	17	30	6	2	0	0	0	0	0	0	0	0	0	1	0	0	0	6	1	1	4	1	3	1	8	8	14	5	1	2
546	chr1	153539448	SNV	HG008N_absent_HPRC_other	exact_allele	absent: exact allele in HPRC	exact	AMR	1	1	PUR	2	one population	False	0	2	0	0	17	30	6	2	0	0	0	0	0	0	0	0	0	2	0	0	0	6	1	1	4	1	3	1	8	8	14	5	1	2
547	chr1	153695252	INDEL	HG008N_absent_HPRC_other	exact_allele	absent: exact allele in HPRC	exact	AFR+AMR+EAS	3	7	ACB,ESN,GWD,MKK,MSL,PEL,KHV	16	shared	False	16	1	1	0	44	29	8	2	3	0	1	9	1	2	0	0	1	0	0	1	0	14	2	2	15	2	7	2	8	7	14	6	2	2
550	chr1	153987774	INDEL	HG008N_absent_HPRC_other	exact_allele	absent: exact allele in HPRC	exact	AFR+AMR	2	5	ACB,GWD,MKK,MSL,PUR	8	shared	False	7	2	0	0	45	25	6	2	2	0	0	3	1	1	0	0	0	2	0	0	0	14	2	2	15	2	8	2	7	6	12	4	2	2
551	chr1	154560123	INDEL	other_ambiguous		ambiguous	exact	none	0	0		0	none	False	0	0	0	0	25	14	7	1	0	0	0	0	0	0	0	0	0	0	0	0	0	9	1	1	8	1	5	0	3	3	8	5	2	1
555	chr1	155366989	INDEL	HG008N_absent_HPRC_other	exact_allele	absent: exact allele in HPRC	exact	AFR+AMR+EAS	3	8	ACB,ESN,GWD,CLM,PEL,PUR,CHS,KHV	12	shared	False	4	9	4	0	46	30	8	2	2	0	1	1	0	0	0	1	3	5	3	1	0	14	2	2	16	2	8	2	8	8	14	6	2	2
578	chr1	158633661	INDEL	HG008N_absent_HPRC_other	exact_allele	absent: exact allele in HPRC	exact	AFR	1	4	ACB,ESN,GWD,MSL	11	one superpopulation	False	12	0	0	0	41	32	8	2	7	0	1	3	0	1	0	0	0	0	0	0	0	12	2	2	14	2	7	2	8	8	16	6	2	2
579	chr1	158691885	INDEL	HG008N_present_broad	other_hap_only	HG008-N present, broad	exact	AFR+AMR+EAS	3	11	ACB,ASW,ESN,GWD,MSL,YRI,CLM,PEL,PUR,CHS,KHV	27	shared	False	11	19	3	0	45	32	7	2	6	1	1	1	0	1	1	5	5	9	1	2	0	13	2	2	16	2	8	2	8	8	16	5	2	2
580	chr1	159111805	INDEL	other_ambiguous		ambiguous	exact	none	0	0		0	none	False	0	0	0	0	28	28	6	1	0	0	0	0	0	0	0	0	0	0	0	0	0	8	1	0	12	1	4	2	6	7	15	5	1	1
583	chr1	159578113	INDEL	HG008N_absent_HPRC_other	exact_allele	absent: exact allele in HPRC	exact	AFR+AMR+EAS	3	8	ACB,GWD,MSL,YRI,CLM,PEL,CHS,KHV	15	shared	False	7	8	4	0	42	32	7	2	1	0	0	4	0	1	1	2	6	0	3	1	0	13	2	2	14	2	7	2	8	8	16	5	2	2
588	chr1	161156536	INDEL	HG008N_absent_HPRC_other	exact_allele	absent: exact allele in HPRC	exact	AFR+AMR+EAS	3	9	ACB,ASW,GWD,MSL,YRI,CLM,PEL,PUR,CHS	25	shared	False	17	15	6	0	40	31	8	2	7	1	0	5	0	2	2	6	1	8	6	0	0	12	2	0	15	2	7	2	8	8	15	6	2	2
602	chr1	163290653	INDEL	HG008N_absent_HPRC_other	exact_allele	absent: exact allele in HPRC	exact	AFR+AMR+EAS	3	11	ACB,ASW,ESN,GWD,MKK,MSL,CLM,PEL,PUR,CHS,KHV	24	shared	True	13	10	2	0	33	31	7	2	5	1	1	3	1	2	0	3	1	6	1	1	0	9	2	1	12	2	6	1	8	8	15	5	2	2
606	chr1	164013460	INDEL	HG008N_absent_HPRC_other	exact_allele	absent: exact allele in HPRC	exact	AFR+AMR+SAS	3	8	ACB,ESN,GWD,MSL,CLM,PEL,PUR,PJL	15	shared	False	12	4	0	1	45	31	8	2	3	0	1	5	0	3	0	1	2	1	0	0	1	14	2	2	16	2	7	2	8	8	15	6	2	2
613	chr1	165223809	INDEL	HG008N_absent_HPRC_other	exact_allele	absent: exact allele in HPRC	exact	AFR+AMR	2	7	ACB,ESN,GWD,MSL,YRI,CLM,PUR	11	shared	False	6	5	0	0	46	32	7	2	1	0	1	1	0	2	1	1	0	4	0	0	0	14	2	2	16	2	8	2	8	8	16	5	2	2
614	chr1	165724986	INDEL	HG008N_absent_HPRC_other	exact_allele	absent: exact allele in HPRC	exact	AMR	1	3	CLM,PEL,PUR	5	one superpopulation	False	0	5	0	0	34	26	6	2	0	0	0	0	0	0	0	1	1	3	0	0	0	12	1	1	13	0	5	2	6	6	14	4	2	2
622	chr1	166389526	INDEL	HG008N_absent_HPRC_other	exact_allele	absent: exact allele in HPRC	exact	AFR+AMR+SAS	3	9	ACB,ESN,GWD,MKK,MSL,CLM,PEL,PUR,PJL	14	shared	False	11	5	0	1	45	32	8	2	3	0	1	3	1	3	0	2	2	1	0	0	1	14	2	2	16	2	7	2	8	8	16	6	2	2
629	chr1	166887954	INDEL	HG008N_absent_HPRC_other	exact_allele	absent: exact allele in HPRC	exact	AFR+AMR	2	6	ACB,ASW,GWD,CLM,PEL,PUR	11	shared	False	3	10	0	0	36	32	8	2	1	1	0	1	0	0	0	5	3	2	0	0	0	11	2	2	12	2	6	1	8	8	16	6	2	2
631	chr1	167040488	INDEL	HG008N_absent_HPRC_other	exact_allele	absent: exact allele in HPRC	exact	AFR+AMR	2	6	ACB,GWD,MKK,MSL,YRI,CLM	9	shared	False	8	1	0	0	43	31	8	2	2	0	0	1	1	3	1	1	0	0	0	0	0	14	2	2	14	2	7	2	8	8	15	6	2	2
633	chr1	167144906	INDEL	HG008N_absent_HPRC_other	exact_allele	absent: exact allele in HPRC	exact	AFR+AMR	2	8	ACB,ASW,GWD,MKK,MSL,YRI,CLM,PUR	25	shared	False	23	8	0	0	40	27	8	2	7	1	0	8	1	5	1	2	0	6	0	0	0	12	2	1	14	1	8	2	6	8	13	6	2	2
636	chr1	167449156	INDEL	other_ambiguous		ambiguous	exact	none	0	0		0	none	False	0	0	0	0	36	27	8	2	0	0	0	0	0	0	0	0	0	0	0	0	0	10	2	1	13	1	8	1	7	7	13	6	2	2
652	chr1	170585727	INDEL	HG008N_absent_HPRC_other	exact_allele	absent: exact allele in HPRC	exact	AFR+AMR	2	8	ACB,ESN,GWD,MKK,MSL,CLM,PEL,PUR	15	shared	False	8	8	0	0	38	29	6	1	2	0	1	1	1	3	0	2	3	3	0	0	0	13	2	2	11	2	7	1	8	8	13	5	1	1
655	chr1	170970389	INDEL	HG008N_absent_HPRC_other	exact_allele	absent: exact allele in HPRC	exact	AFR+AMR	2	2	GWD,PUR	5	shared	False	4	1	0	0	31	29	8	2	0	0	0	4	0	0	0	0	0	1	0	0	0	6	2	0	15	1	6	1	7	8	14	6	2	2
657	chr1	171156363	INDEL	HG008N_absent_HPRC_other	exact_allele	absent: exact allele in HPRC	exact	AFR+AMR+EAS+SAS	4	7	GWD,MSL,YRI,CLM,CHS,KHV,PJL	12	shared	False	11	1	2	1	42	27	7	2	0	0	0	4	0	5	2	1	0	0	1	1	1	13	2	2	15	1	7	2	7	7	13	5	2	2
660	chr1	171476413	INDEL	HG008N_absent_HPRC_other	exact_allele	absent: exact allele in HPRC	exact	AMR+SAS	2	2	PUR,PJL	2	shared	False	0	1	0	1	34	20	5	2	0	0	0	0	0	0	0	0	0	1	0	0	1	7	1	2	15	2	6	1	4	6	10	4	1	2
663	chr1	172761020	INDEL	other_ambiguous		ambiguous	exact	none	0	0		0	none	False	0	0	0	0	44	29	6	1	0	0	0	0	0	0	0	0	0	0	0	0	0	13	2	2	15	2	8	2	8	6	15	4	2	1
666	chr1	173099730	INDEL	HG008N_absent_HPRC_other	exact_allele	absent: exact allele in HPRC	exact	AFR+AMR+EAS	3	8	ACB,ESN,GWD,MSL,YRI,PUR,CHS,KHV	10	shared	False	7	2	2	0	36	21	8	1	3	0	1	1	0	1	1	0	0	2	1	1	0	13	0	1	10	2	8	2	5	7	9	6	2	1
673	chr1	173456575	INDEL	HG008N_absent_HPRC_other	exact_allele	absent: exact allele in HPRC	exact	AFR+AMR+EAS	3	6	ESN,GWD,CLM,PEL,PUR,CHS	9	shared	True	3	7	1	0	46	32	8	2	0	0	1	2	0	0	0	3	2	2	1	0	0	14	2	2	16	2	8	2	8	8	16	6	2	2
674	chr1	173574505	INDEL	HG008N_absent_HPRC_other	exact_allele	absent: exact allele in HPRC	exact	AFR+AMR	2	7	ACB,ASW,GWD,MKK,MSL,YRI,PUR	16	shared	False	20	1	0	0	41	32	7	2	7	1	0	6	1	4	1	0	0	1	0	0	0	13	2	2	15	2	6	1	8	8	16	5	2	2
677	chr1	174327984	INDEL	HG008N_absent_HPRC_other	recombinant_pieces	absent: only the nodes in HPRC	nodes	none	0	0		0	none	False	0	0	0	0	12	19	2	0	0	0	0	0	0	0	0	0	0	0	0	0	0	4	1	1	4	0	2	0	2	4	13	2	0	0
683	chr1	175047335	INDEL	HG008N_absent_HPRC_other	exact_allele	absent: exact allele in HPRC	exact	AFR+AMR+SAS	3	5	ESN,GWD,CLM,PUR,PJL	9	shared	False	3	6	0	1	7	13	2	2	0	0	1	2	0	0	0	2	0	4	0	0	1	2	0	1	3	1	0	0	4	1	8	1	1	2
698	chr1	175696220	INDEL	other_ambiguous		ambiguous	exact	none	0	0		0	none	False	0	0	0	0	26	28	5	2	0	0	0	0	0	0	0	0	0	0	0	0	0	7	2	0	11	2	4	0	8	7	13	4	1	2
728	chr1	177755378	INDEL	HG008N_absent_HPRC_other	exact_allele	absent: exact allele in HPRC	exact	AFR+AMR+EAS+SAS	4	8	ACB,ASW,GWD,MSL,PUR,CHS,KHV,PJL	18	shared	True	14	4	2	2	46	31	8	2	8	1	0	2	0	3	0	0	0	4	1	1	2	14	2	2	16	2	8	2	8	8	15	6	2	2
738	chr1	179284261	INDEL	HG008N_absent_HPRC_other	exact_allele	absent: exact allele in HPRC	exact	AFR+AMR	2	7	ACB,ASW,GWD,MKK,MSL,YRI,PUR	13	shared	False	13	2	0	0	37	32	7	2	3	1	0	3	1	4	1	0	0	2	0	0	0	11	2	1	12	1	8	2	8	8	16	6	1	2
739	chr1	179408968	INDEL	HG008N_absent_HPRC_other	exact_allele	absent: exact allele in HPRC	exact	AFR+AMR	2	9	ACB,ASW,ESN,GWD,MKK,MSL,YRI,CLM,PUR	13	shared	False	12	2	0	0	42	22	8	2	3	1	1	1	1	4	1	1	0	1	0	0	0	13	2	2	14	1	8	2	8	5	9	6	2	2
760	chr1	182312030	INDEL	HG008N_absent_HPRC_other	exact_allele	absent: exact allele in HPRC	exact	AFR+AMR	2	3	GWD,MSL,PEL	3	shared	False	2	1	0	0	32	27	7	2	0	0	0	1	0	1	0	0	1	0	0	0	0	10	2	2	12	0	4	2	5	6	16	5	2	2
771	chr1	183957778	INDEL	HG008N_absent_HPRC_other	exact_allele	absent: exact allele in HPRC	exact	AFR+AMR	2	6	ACB,GWD,MSL,CLM,PEL,PUR	15	shared	False	10	6	0	0	40	31	8	2	4	0	0	2	0	4	0	2	2	2	0	0	0	12	2	2	15	1	6	2	8	8	15	6	2	2
776	chr1	184675912	INDEL	HG008N_absent_HPRC_other	exact_allele	absent: exact allele in HPRC	exact	AFR+AMR+EAS	3	7	ACB,ESN,MSL,YRI,CLM,PUR,CHS	10	shared	False	6	2	2	0	46	31	7	2	2	0	1	0	0	2	1	1	0	1	2	0	0	14	2	2	16	2	8	2	8	8	15	5	2	2
784	chr1	186147390	INDEL	HG008N_absent_HPRC_other	exact_allele	absent: exact allele in HPRC	exact	AFR+AMR	2	5	ACB,ESN,GWD,MSL,PUR	11	shared	False	10	1	0	0	44	31	8	2	4	0	1	4	0	1	0	0	0	1	0	0	0	14	1	2	16	2	7	2	8	8	15	6	2	2
790	chr1	187024859	INDEL	HG008N_absent_HPRC_other	exact_allele	absent: exact allele in HPRC	exact	AFR+AMR	2	7	ACB,ESN,GWD,MKK,MSL,CLM,PUR	20	shared	False	21	6	0	0	36	30	6	1	7	0	2	7	2	3	0	3	0	3	0	0	0	13	1	2	11	2	6	1	8	7	15	5	1	1
793	chr1	187294682	INDEL	HG008N_absent_HPRC_other	exact_allele	absent: exact allele in HPRC	exact	AFR+AMR+EAS	3	8	ACB,MSL,YRI,CLM,PEL,PUR,CHS,KHV	16	shared	False	6	8	4	0	41	30	7	2	2	0	0	0	0	3	1	1	4	3	3	1	0	12	1	2	14	2	8	2	8	8	14	5	2	2
800	chr1	187677185	INDEL	HG008N_present_broad	other_hap_only	HG008-N present, broad	exact	AFR+AMR+EAS+SAS	4	8	ACB,GWD,YRI,CLM,PEL,PUR,CHS,PJL	17	shared	True	8	10	1	1	44	32	8	2	4	0	0	3	0	0	1	3	3	4	1	0	1	12	2	2	16	2	8	2	8	8	16	6	2	2
805	chr1	187963076	INDEL	HG008N_absent_HPRC_other	exact_allele	absent: exact allele in HPRC	exact	AFR+EAS	2	4	ACB,GWD,MSL,CHS	8	shared	False	8	0	1	0	44	28	7	2	3	0	0	2	0	3	0	0	0	0	1	0	0	14	2	2	15	2	7	2	6	6	16	5	2	2
815	chr1	188635089	INDEL	HG008N_absent_HPRC_other	exact_allele	absent: exact allele in HPRC	exact	AFR+AMR	2	6	ACB,ASW,ESN,GWD,MSL,PUR	8	shared	True	6	3	0	0	46	31	8	2	2	1	1	1	0	1	0	0	0	3	0	0	0	14	2	2	16	2	8	2	8	7	16	6	2	2
833	chr1	189600829	INDEL	HG008N_absent_HPRC_other	exact_allele	absent: exact allele in HPRC	exact	AFR+AMR	2	6	ACB,ESN,GWD,MSL,YRI,PUR	17	shared	False	18	2	0	0	41	31	8	2	6	0	1	7	0	3	1	0	0	2	0	0	0	12	2	1	15	1	8	2	7	8	16	6	2	2
837	chr1	189827641	INDEL	other_ambiguous		ambiguous	exact	none	0	0		0	none	False	0	0	0	0	44	31	7	1	0	0	0	0	0	0	0	0	0	0	0	0	0	13	2	2	15	2	8	2	8	8	15	5	2	1
845	chr1	190277087	INDEL	HG008N_absent_HPRC_other	exact_allele	absent: exact allele in HPRC	exact	AFR+AMR+EAS	3	5	GWD,CLM,PEL,PUR,CHS	7	shared	False	1	5	1	0	32	21	6	1	0	0	0	1	0	0	0	1	2	2	1	0	0	11	2	1	10	1	5	2	5	6	10	6	0	1
846	chr1	190429593	INDEL	HG008N_absent_HPRC_other	exact_allele	absent: exact allele in HPRC	exact	AFR+AMR+EAS	3	7	ACB,GWD,YRI,CLM,PEL,PUR,CHS	11	shared	False	7	5	1	0	44	32	8	2	3	0	0	2	0	0	2	1	1	3	1	0	0	14	2	2	14	2	8	2	8	8	16	6	2	2
860	chr1	191259931	INDEL	HG008N_absent_HPRC_other	exact_allele	absent: exact allele in HPRC	exact	AFR+AMR	2	7	ACB,ESN,GWD,MKK,MSL,YRI,PUR	15	shared	False	17	1	0	0	45	32	8	2	4	0	1	7	1	2	2	0	0	1	0	0	0	14	2	2	15	2	8	2	8	8	16	6	2	2
863	chr1	191433483	INDEL	HG008N_absent_HPRC_other	exact_allele	absent: exact allele in HPRC	exact	AFR+AMR	2	5	ACB,ASW,GWD,MSL,CLM	9	shared	False	9	1	0	0	32	25	7	2	2	1	0	4	0	2	0	1	0	0	0	0	0	10	2	2	10	1	6	1	7	6	12	6	1	2
865	chr1	191617486	INDEL	HG008N_absent_HPRC_other	exact_allele	absent: exact allele in HPRC	exact	AFR+AMR+EAS	3	7	ACB,GWD,MSL,CLM,PUR,CHS,KHV	10	shared	False	4	4	3	0	41	31	7	2	1	0	0	2	0	1	0	2	0	2	2	1	0	12	2	2	15	2	6	2	7	8	16	5	2	2
887	chr1	193882126	INDEL	HG008N_absent_HPRC_other	element_set_other_allele	absent: only the nodes in HPRC	nodes	AFR+AMR+EAS	3	4	ACB,CLM,PUR,KHV	6	shared	False	1	5	2	0	29	21	8	1	1	0	0	0	0	0	0	1	0	4	0	2	0	10	2	1	11	1	3	1	3	7	11	6	2	1
889	chr1	194115661	INDEL	HG008N_absent_HPRC_other	exact_allele	absent: exact allele in HPRC	exact	AFR+AMR	2	3	ACB,MSL,PUR	3	shared	False	2	2	0	0	40	26	6	1	1	0	0	0	0	1	0	0	0	2	0	0	0	12	2	2	15	1	6	2	6	7	13	4	2	1
897	chr1	195113630	SNV	other_ambiguous		ambiguous	exact	none	0	0		0	none	False	0	0	0	0	43	31	8	2	0	0	0	0	0	0	0	0	0	0	0	0	0	12	2	2	16	2	7	2	7	8	16	6	2	2
902	chr1	195754793	INDEL	HG008N_absent_HPRC_other	exact_allele	absent: exact allele in HPRC	exact	AFR+AMR	2	5	ACB,ASW,GWD,PEL,PUR	7	shared	False	6	2	0	0	34	26	7	2	3	1	0	2	0	0	0	0	1	1	0	0	0	11	2	2	8	2	7	2	6	6	14	5	2	2
926	chr1	198488330	INDEL	HG008N_absent_HPRC_other	exact_allele	absent: exact allele in HPRC	exact	AFR+AMR+EAS	3	8	ASW,ESN,GWD,MSL,CLM,PEL,PUR,CHS	19	shared	False	10	11	2	0	42	29	8	2	0	1	1	6	0	2	0	1	4	6	2	0	0	13	2	2	15	2	7	1	6	7	16	6	2	2
934	chr1	199697214	INDEL	HG008N_absent_HPRC_other	exact_allele	absent: exact allele in HPRC	exact	AFR+AMR+EAS	3	9	ACB,ASW,ESN,GWD,MSL,CLM,PEL,PUR,CHS	15	shared	True	12	7	2	0	30	28	7	1	1	1	2	3	0	5	0	1	1	5	2	0	0	8	2	2	10	1	7	0	8	7	13	5	2	1
945	chr1	201521888	INDEL	HG008N_absent_HPRC_other	exact_allele	absent: exact allele in HPRC	exact	AFR+AMR+EAS	3	11	ACB,ASW,ESN,GWD,MSL,YRI,CLM,PEL,PUR,CHS,KHV	25	shared	False	14	11	5	0	40	29	8	2	4	1	1	5	0	2	1	1	5	5	4	1	0	13	2	2	13	2	6	2	7	8	14	6	2	2
948	chr1	203246756	INDEL	HG008N_absent_HPRC_other	exact_allele	absent: exact allele in HPRC	exact	AFR+AMR+EAS+SAS	4	8	ACB,ASW,GWD,CLM,PEL,PUR,CHS,PJL	12	shared	False	3	7	2	1	33	28	5	1	1	1	0	1	0	0	0	4	1	2	2	0	1	11	2	2	12	2	2	2	8	7	13	3	2	1
950	chr1	203386066	INDEL	HG008N_absent_HPRC_other	exact_allele	absent: exact allele in HPRC	exact	AMR	1	1	PEL	1	one individual	False	0	1	0	0	46	32	8	2	0	0	0	0	0	0	0	0	1	0	0	0	0	14	2	2	16	2	8	2	8	8	16	6	2	2
953	chr1	203532786	INDEL	HG008N_absent_HPRC_other	exact_allele	absent: exact allele in HPRC	exact	AFR+AMR+EAS	3	9	ACB,ASW,ESN,GWD,MSL,CLM,PUR,CHS,KHV	15	shared	False	8	4	3	0	40	28	8	2	2	1	1	1	0	3	0	2	0	2	2	1	0	14	2	1	13	0	8	2	8	8	12	6	2	2
959	chr1	204835213	INDEL	HG008N_absent_HPRC_other	exact_allele	absent: exact allele in HPRC	exact	AFR+AMR+EAS+SAS	4	10	ACB,ASW,MKK,MSL,CLM,PEL,PUR,CHS,KHV,PJL	21	shared	False	9	9	6	1	26	26	8	2	4	1	0	0	1	3	0	1	6	2	4	2	1	8	1	0	8	1	6	2	7	8	11	6	2	2
968	chr1	206911238	INDEL	HG008N_present_broad	other_hap_only	HG008-N present, broad	exact	AFR+AMR+EAS+SAS	4	9	ACB,GWD,MKK,MSL,CLM,PEL,PUR,KHV,PJL	30	shared	False	16	18	2	1	43	32	8	2	5	0	0	6	1	4	0	6	5	7	0	2	1	12	2	2	16	1	8	2	8	8	16	6	2	2
971	chr1	207053904	INDEL	HG008N_absent_HPRC_other	exact_allele	absent: exact allele in HPRC	exact	AFR+AMR	2	6	ACB,ESN,GWD,MSL,PEL,PUR	12	shared	False	12	4	0	0	44	32	8	2	2	0	1	7	0	2	0	0	2	2	0	0	0	13	2	2	15	2	8	2	8	8	16	6	2	2
979	chr1	208017985	INDEL	HG008N_absent_HPRC_other	exact_allele	absent: exact allele in HPRC	exact	AFR	1	1	GWD	2	one population	False	2	0	0	0	36	30	5	2	0	0	0	2	0	0	0	0	0	0	0	0	0	12	2	1	12	1	8	0	8	7	15	5	0	2
980	chr1	208022027	INDEL	HG008N_absent_HPRC_other	exact_allele	absent: exact allele in HPRC	exact	AFR+AMR+EAS	3	8	ACB,GWD,MSL,YRI,CLM,PEL,PUR,CHS	13	shared	False	8	5	1	0	25	18	4	2	2	0	0	2	0	3	1	2	1	2	1	0	0	8	1	2	7	0	5	2	4	5	9	3	1	2
1006	chr1	210519527	INDEL	HG008N_absent_HPRC_other	exact_allele	absent: exact allele in HPRC	exact	AFR+AMR+EAS	3	5	GWD,MSL,CLM,PUR,CHS	11	shared	True	3	8	1	0	46	31	8	2	0	0	0	2	0	1	0	4	0	4	1	0	0	14	2	2	16	2	8	2	8	8	15	6	2	2
1007	chr1	210538075	INDEL	HG008N_absent_HPRC_other	exact_allele	absent: exact allele in HPRC	exact	AFR+AMR	2	7	ACB,ASW,GWD,MKK,MSL,YRI,PUR	10	shared	False	10	1	0	0	42	32	7	2	3	2	0	2	1	1	1	0	0	1	0	0	0	12	2	2	15	2	7	2	8	8	16	5	2	2
1016	chr1	211054118	INDEL	HG008N_absent_HPRC_other	exact_allele	absent: exact allele in HPRC	exact	AFR+AMR	2	4	ACB,GWD,YRI,PUR	11	shared	False	9	2	0	0	45	32	8	2	3	0	0	5	0	0	1	0	0	2	0	0	0	13	2	2	16	2	8	2	8	8	16	6	2	2
1020	chr1	211741523	INDEL	HG008N_present_broad	other_hap_only	HG008-N present, broad	exact	AFR+AMR	2	10	ACB,ASW,ESN,GWD,MKK,MSL,YRI,CLM,PEL,PUR	14	shared	False	9	7	0	0	43	27	8	2	1	1	1	2	1	1	2	3	1	3	0	0	0	13	2	2	15	2	7	2	8	5	14	6	2	2
1029	chr1	212957617	INDEL	HG008N_absent_HPRC_other	exact_allele	absent: exact allele in HPRC	exact	AFR+AMR	2	6	ACB,GWD,MKK,MSL,CLM,PUR	9	shared	False	8	2	0	0	42	30	8	2	1	0	0	2	1	4	0	1	0	1	0	0	0	14	2	2	13	2	7	2	7	8	15	6	2	2
1039	chr1	213994750	INDEL	HG008N_absent_HPRC_other	exact_allele	absent: exact allele in HPRC	exact	AMR	1	1	PUR	1	one individual	True	0	1	0	0	20	25	5	2	0	0	0	0	0	0	0	0	0	1	0	0	0	8	2	1	4	0	4	1	7	8	10	3	2	2
1040	chr1	214017567	INDEL	HG008N_absent_HPRC_other	exact_allele	absent: exact allele in HPRC	exact	AFR+AMR	2	9	ACB,ESN,GWD,MKK,MSL,YRI,CLM,PEL,PUR	20	shared	False	14	9	0	0	45	32	8	2	6	0	1	4	1	1	1	4	3	2	0	0	0	14	2	2	16	2	7	2	8	8	16	6	2	2
1043	chr1	214752975	INDEL	HG008N_absent_HPRC_other	exact_allele	absent: exact allele in HPRC	exact	AFR+AMR	2	5	ACB,ASW,GWD,MSL,PUR	7	shared	False	6	1	0	0	42	23	8	2	2	1	0	2	0	1	0	0	0	1	0	0	0	14	2	2	13	2	7	2	5	6	12	6	2	2
1048	chr1	215236045	INDEL	HG008N_absent_HPRC_other	exact_allele	absent: exact allele in HPRC	exact	AFR+AMR+EAS	3	5	ACB,GWD,PEL,PUR,CHS	7	shared	False	3	4	1	0	38	27	8	2	1	0	0	2	0	0	0	0	1	3	1	0	0	11	2	1	13	2	7	2	7	6	14	6	2	2
1050	chr1	215312157	INDEL	other_ambiguous		ambiguous	exact	none	0	0		0	none	False	0	0	0	0	28	20	6	2	0	0	0	0	0	0	0	0	0	0	0	0	0	7	1	1	12	2	4	1	4	4	12	4	2	2
1075	chr1	217387242	INDEL	HG008N_absent_HPRC_other	exact_allele	absent: exact allele in HPRC	exact	AFR+AMR+SAS	3	8	ACB,ESN,GWD,MKK,MSL,YRI,PUR,PJL	15	shared	False	15	2	0	1	35	27	6	2	3	0	1	6	1	3	1	0	0	2	0	0	1	10	2	1	12	1	7	2	7	5	15	4	2	2
1078	chr1	217749985	INDEL	other_ambiguous		ambiguous	exact	none	0	0		0	none	False	0	0	0	0	24	14	7	1	0	0	0	0	0	0	0	0	0	0	0	0	0	5	1	2	9	2	4	1	4	4	6	5	2	1
1081	chr1	218053774	INDEL	HG008N_absent_HPRC_other	exact_allele	absent: exact allele in HPRC	exact	AFR+AMR+EAS+SAS	4	9	ACB,ESN,GWD,MSL,CLM,PEL,PUR,KHV,PJL	17	shared	False	7	10	1	1	44	31	8	2	3	0	1	2	0	1	0	3	4	3	0	1	1	14	2	2	15	1	8	2	7	8	16	6	2	2
1083	chr1	218145483	INDEL	HG008N_absent_HPRC_other	element_set_other_allele	absent: only the nodes in HPRC	nodes	AFR+AMR+EAS	3	7	ACB,GWD,MSL,CLM,PEL,PUR,CHS	16	shared	False	6	8	2	0	18	17	5	1	3	0	0	1	0	2	0	3	1	4	2	0	0	9	0	0	5	1	2	1	6	3	8	4	1	1
1085	chr1	218379487	INDEL	HG008N_present_broad	other_hap_only	HG008-N present, broad	exact	AFR+AMR+EAS	3	7	ACB,GWD,YRI,CLM,PEL,PUR,CHS	21	shared	False	9	16	1	0	41	28	6	2	3	0	0	5	0	0	1	3	4	9	1	0	0	11	2	2	16	2	6	2	7	7	14	5	1	2
1086	chr1	218522476	INDEL	HG008N_absent_HPRC_other	exact_allele	absent: exact allele in HPRC	exact	AFR+AMR+EAS	3	8	ACB,ASW,GWD,YRI,CLM,PEL,PUR,KHV	18	shared	False	12	7	1	0	42	31	7	2	4	1	0	6	0	0	1	2	4	1	0	1	0	13	2	2	14	2	7	2	8	8	15	5	2	2
1104	chr1	219927638	INDEL	other_ambiguous		ambiguous	exact	none	0	0		0	none	False	0	0	0	0	24	22	7	2	0	0	0	0	0	0	0	0	0	0	0	0	0	8	1	2	7	1	4	1	7	7	8	5	2	2
1105	chr1	219927687	INDEL	HG008N_absent_HPRC_other	recombinant_pieces	absent: only the nodes in HPRC	nodes	none	0	0		0	none	False	0	0	0	0	24	22	7	2	0	0	0	0	0	0	0	0	0	0	0	0	0	8	1	2	7	1	4	1	7	7	8	5	2	2
1119	chr1	222256436	INDEL	HG008N_absent_HPRC_other	exact_allele	absent: exact allele in HPRC	exact	AFR+AMR	2	6	ACB,ASW,GWD,MSL,YRI,PUR	11	shared	False	10	2	0	0	44	30	8	2	5	1	0	2	0	1	1	0	0	2	0	0	0	13	2	2	15	2	8	2	7	8	15	6	2	2
1149	chr1	227456809	INDEL	HG008N_absent_HPRC_other	exact_allele	absent: exact allele in HPRC	exact	AFR+AMR	2	8	ACB,ASW,GWD,MKK,MSL,CLM,PEL,PUR	19	shared	False	14	7	0	0	46	31	8	2	4	1	0	4	1	4	0	1	3	3	0	0	0	14	2	2	16	2	8	2	7	8	16	6	2	2
1157	chr1	228892754	INDEL	other_ambiguous		ambiguous	exact	none	0	0		0	none	False	0	0	0	0	40	31	6	2	0	0	0	0	0	0	0	0	0	0	0	0	0	13	1	1	14	2	7	2	8	7	16	4	2	2
1158	chr1	228892758	SNV	other_ambiguous		ambiguous	exact	none	0	0		0	none	False	0	0	0	0	40	31	6	2	0	0	0	0	0	0	0	0	0	0	0	0	0	13	1	1	14	2	7	2	8	7	16	4	2	2
1160	chr1	229382580	INDEL	HG008N_absent_HPRC_other	exact_allele	absent: exact allele in HPRC	exact	AFR+AMR	2	8	ACB,ASW,ESN,GWD,YRI,CLM,PEL,PUR	15	shared	False	7	10	0	0	34	25	7	1	2	1	1	2	0	0	1	2	4	4	0	0	0	9	1	1	14	2	5	2	8	5	12	5	2	1
1186	chr1	233552150	INDEL	HG008N_absent_HPRC_other	exact_allele	absent: exact allele in HPRC	exact	AFR+AMR+EAS	3	4	ACB,GWD,PUR,CHS	9	shared	False	6	2	1	0	35	26	8	2	2	0	0	4	0	0	0	0	0	2	1	0	0	10	1	2	13	1	6	2	6	7	13	6	2	2
1188	chr1	233935189	INDEL	HG008N_absent_HPRC_other	exact_allele	absent: exact allele in HPRC	exact	AFR+AMR+EAS	3	9	ACB,ESN,GWD,MSL,CLM,PEL,PUR,CHS,KHV	16	shared	False	7	13	2	0	34	25	8	2	2	0	1	3	0	1	0	2	5	6	1	1	0	10	2	2	12	2	4	2	8	5	12	6	2	2
1208	chr1	236778463	INDEL	HG008N_absent_HPRC_other	exact_allele	absent: exact allele in HPRC	exact	AFR+AMR+EAS+SAS	4	8	ACB,ESN,GWD,MSL,CLM,PUR,CHS,PJL	17	shared	False	18	3	1	1	40	31	8	2	7	0	1	7	0	3	0	1	0	2	1	0	1	12	1	2	15	2	7	1	8	8	15	6	2	2
1215	chr1	237148527	INDEL	other_ambiguous		ambiguous	exact	none	0	0		0	none	False	0	0	0	0	20	24	7	1	0	0	0	0	0	0	0	0	0	0	0	0	0	10	1	2	3	0	3	1	6	8	10	5	2	1
1217	chr1	237208926	INDEL	HG008N_absent_HPRC_other	exact_allele	absent: exact allele in HPRC	exact	AFR+AMR	2	3	GWD,CLM,PUR	4	shared	False	1	3	0	0	13	17	4	0	0	0	0	1	0	0	0	2	0	1	0	0	0	6	0	0	6	0	1	0	5	4	8	3	1	0
1218	chr1	237212078	INDEL	HG008N_present_rare	other_hap_only	HG008-N present, rare	exact	AFR+AMR	2	5	ESN,GWD,MSL,CLM,PUR	7	shared	True	5	3	0	0	43	32	8	2	0	0	1	3	0	1	0	2	0	1	0	0	0	13	2	2	16	2	6	2	8	8	16	6	2	2
1219	chr1	237253163	INDEL	HG008N_absent_HPRC_other	exact_allele	absent: exact allele in HPRC	exact	AFR+AMR+EAS	3	10	ACB,ASW,GWD,MKK,MSL,CLM,PEL,PUR,CHS,KHV	19	shared	False	13	8	5	0	44	30	8	2	3	1	0	5	1	3	0	3	2	3	3	2	0	14	2	2	14	2	8	2	7	8	15	6	2	2
1230	chr1	238244686	INDEL	HG008N_absent_HPRC_other	exact_allele	absent: exact allele in HPRC	exact	AMR	1	2	CLM,PUR	2	one superpopulation	False	0	2	0	0	25	21	4	2	0	0	0	0	0	0	0	1	0	1	0	0	0	11	0	1	7	1	4	1	5	4	12	2	2	2
1239	chr1	238884482	INDEL	other_ambiguous		ambiguous	exact	none	0	0		0	none	False	0	0	0	0	29	20	3	0	0	0	0	0	0	0	0	0	0	0	0	0	0	9	2	1	8	1	7	1	7	4	9	3	0	0
1240	chr1	239140379	INDEL	other_ambiguous		ambiguous	exact	none	0	0		0	none	False	0	0	0	0	45	32	8	1	0	0	0	0	0	0	0	0	0	0	0	0	0	14	2	2	15	2	8	2	8	8	16	6	2	1
1247	chr1	240218281	INDEL	HG008N_absent_HPRC_other	exact_allele	absent: exact allele in HPRC	exact	AFR+AMR	2	2	ACB,PUR	2	shared	False	1	1	0	0	45	32	8	2	1	0	0	0	0	0	0	0	0	1	0	0	0	13	2	2	16	2	8	2	8	8	16	6	2	2
1253	chr1	240439270	INDEL	HG008N_absent_HPRC_other	element_set_other_allele	absent: only the nodes in HPRC	nodes	AFR+AMR+EAS	3	9	ACB,ASW,ESN,GWD,MSL,YRI,PUR,CHS,KHV	14	shared	False	13	1	3	0	34	29	7	2	3	1	1	5	0	2	1	0	0	1	2	1	0	9	2	1	13	2	6	1	8	6	15	6	1	2
1257	chr1	241235909	INDEL	other_ambiguous		ambiguous	exact	none	0	0		0	none	False	0	0	0	0	36	32	4	2	0	0	0	0	0	0	0	0	0	0	0	0	0	11	1	1	14	1	6	2	8	8	16	4	0	2
1258	chr1	241341870	INDEL	HG008N_absent_HPRC_other	exact_allele	absent: exact allele in HPRC	exact	AFR+AMR+EAS	3	7	ACB,ESN,MSL,CLM,PEL,PUR,CHS	10	shared	False	3	7	1	0	35	32	8	2	1	0	1	0	0	1	0	2	1	4	1	0	0	11	0	2	14	1	6	1	8	8	16	6	2	2
1262	chr1	241794504	INDEL	HG008N_absent_HPRC_other	exact_allele	absent: exact allele in HPRC	exact	AFR+AMR+EAS	3	7	ESN,GWD,CLM,PEL,PUR,CHS,KHV	9	shared	False	2	6	2	0	41	27	7	2	0	0	1	1	0	0	0	4	1	1	1	1	0	11	2	1	16	2	7	2	7	5	15	5	2	2
1282	chr1	242750920	INDEL	HG008N_absent_HPRC_other	exact_allele	absent: exact allele in HPRC	exact	AFR+AMR+EAS	3	9	ACB,MKK,MSL,YRI,CLM,PEL,PUR,CHS,KHV	20	shared	False	6	12	4	0	42	31	8	2	1	0	0	0	1	3	1	2	3	7	3	1	0	13	2	2	14	2	7	2	8	8	15	6	2	2
1285	chr1	242862508	INDEL	HG008N_absent_HPRC_other	exact_allele	absent: exact allele in HPRC	exact	AFR+AMR+EAS	3	9	ACB,GWD,MSL,YRI,CLM,PEL,PUR,CHS,KHV	17	shared	False	14	5	2	0	44	29	8	2	4	0	0	7	0	1	2	1	3	1	1	1	0	14	2	2	15	2	7	2	7	7	15	6	2	2
1309	chr1	245128014	INDEL	HG008N_absent_HPRC_other	exact_allele	absent: exact allele in HPRC	exact	AFR+AMR+EAS+SAS	4	10	ACB,ASW,GWD,MSL,CLM,PEL,PUR,CHS,KHV,PJL	27	shared	True	10	17	6	2	35	28	8	2	4	1	0	2	0	3	0	3	8	6	5	1	2	9	2	2	14	1	6	1	6	8	14	6	2	2
1311	chr1	245184050	INDEL	HG008N_absent_HPRC_other	exact_allele	absent: exact allele in HPRC	exact	AFR+EAS	2	3	ACB,GWD,CHS	3	shared	False	2	0	2	0	17	13	4	0	1	0	0	1	0	0	0	0	0	0	2	0	0	6	1	1	7	1	1	0	2	3	8	3	1	0
1312	chr1	245640143	INDEL	HG008N_absent_HPRC_other	recombinant_pieces	absent: only the nodes in HPRC	nodes	none	0	0		0	none	False	0	0	0	0	12	17	4	1	0	0	0	0	0	0	0	0	0	0	0	0	0	5	0	1	3	0	3	0	5	4	8	2	2	1
1318	chr1	247061183	INDEL	HG008N_absent_HPRC_other	exact_allele	absent: exact allele in HPRC	exact	AFR+AMR	2	6	ACB,ESN,GWD,MSL,CLM,PUR	15	shared	False	13	4	0	0	38	30	8	2	6	0	1	3	0	3	0	1	0	3	0	0	0	13	1	2	14	2	6	0	8	8	14	6	2	2
1320	chr1	247091456	INDEL	HG008N_absent_HPRC_other	recombinant_pieces	absent: only the nodes in HPRC	nodes	none	0	0		0	none	False	0	0	0	0	11	10	2	1	0	0	0	0	0	0	0	0	0	0	0	0	0	3	1	0	3	1	3	0	2	4	4	1	1	1
1329	chr1	247858752	INDEL	HG008N_absent_HPRC_other	exact_allele	absent: exact allele in HPRC	exact	AFR+AMR+EAS	3	7	ACB,GWD,CLM,PEL,PUR,CHS,KHV	9	shared	False	2	6	3	0	24	23	7	1	1	0	0	1	0	0	0	3	1	2	1	2	0	9	1	0	8	1	3	2	7	7	9	5	2	1
1338	chr2	10845	INDEL	other_ambiguous		ambiguous	exact	none	0	0		0	none	False	0	0	0	0	18	8	2	1	0	0	0	0	0	0	0	0	0	0	0	0	0	5	0	1	6	1	5	0	1	2	5	2	0	1
1353	chr2	984259	INDEL	HG008N_absent_HPRC_other	exact_allele	absent: exact allele in HPRC	exact	AFR+AMR	2	7	ACB,GWD,MKK,MSL,CLM,PEL,PUR	15	shared	False	6	10	0	0	37	27	8	1	3	0	0	1	1	1	0	4	4	2	0	0	0	10	1	1	14	2	7	2	7	6	14	6	2	1
1358	chr2	1636692	INDEL	other_ambiguous		ambiguous	exact	none	0	0		0	none	False	0	0	0	0	34	30	8	2	0	0	0	0	0	0	0	0	0	0	0	0	0	10	2	2	12	2	6	0	8	6	16	6	2	2
1363	chr2	2068769	INDEL	HG008N_absent_HPRC_other	exact_allele	absent: exact allele in HPRC	exact	AFR+AMR+SAS	3	8	ACB,ASW,GWD,MKK,CLM,PEL,PUR,PJL	21	shared	False	12	16	0	2	35	30	8	2	5	1	0	4	2	0	0	4	6	6	0	0	2	10	2	2	13	2	5	1	7	8	15	6	2	2
1371	chr2	2671565	INDEL	HG008N_absent_HPRC_other	exact_allele	absent: exact allele in HPRC	exact	AFR+AMR	2	7	ACB,ASW,ESN,GWD,MSL,YRI,PUR	12	shared	False	13	1	0	0	40	30	8	1	5	1	2	3	0	1	1	0	0	1	0	0	0	11	2	2	15	1	7	2	7	8	15	6	2	1
1375	chr2	2952649	SNV	HG008N_absent_HPRC_other	recombinant_pieces	absent: only the nodes in HPRC	nodes	none	0	0		0	none	False	0	0	0	0	32	29	7	2	0	0	0	0	0	0	0	0	0	0	0	0	0	9	1	2	13	1	6	0	8	8	13	5	2	2
1376	chr2	3049608	INDEL	HG008N_absent_HPRC_other	exact_allele	absent: exact allele in HPRC	exact	EAS	1	1	CHS	2	one population	False	0	0	2	0	20	24	8	0	0	0	0	0	0	0	0	0	0	0	2	0	0	7	1	1	8	1	1	1	7	6	11	6	2	0
1380	chr2	3813732	INDEL	HG008N_absent_HPRC_other	exact_allele	absent: exact allele in HPRC	exact	AFR+AMR+EAS	3	9	ACB,GWD,MKK,MSL,YRI,CLM,PEL,PUR,CHS	23	shared	False	12	10	4	0	37	27	6	1	4	0	0	4	1	2	1	2	4	4	4	0	0	12	2	2	11	1	7	2	6	7	14	5	1	1
1382	chr2	4179555	INDEL	HG008N_absent_HPRC_other	exact_allele	absent: exact allele in HPRC	exact	AFR+AMR	2	6	ACB,GWD,MSL,YRI,CLM,PUR	8	shared	False	7	2	0	0	39	29	8	1	1	0	0	4	0	1	1	1	0	1	0	0	0	11	2	1	13	2	8	2	8	8	13	6	2	1
1390	chr2	4966416	INDEL	other_ambiguous		ambiguous	exact	none	0	0		0	none	False	0	0	0	0	16	9	3	0	0	0	0	0	0	0	0	0	0	0	0	0	0	6	0	0	4	0	6	0	0	6	3	2	1	0
1408	chr2	6286861	INDEL	HG008N_absent_HPRC_other	exact_allele	absent: exact allele in HPRC	exact	AFR+AMR	2	7	ACB,ASW,ESN,GWD,MKK,MSL,PUR	12	shared	False	13	1	0	0	32	28	8	2	4	1	1	4	1	2	0	0	0	1	0	0	0	9	2	2	9	2	7	1	7	7	14	6	2	2
1409	chr2	6474209	INDEL	HG008N_absent_HPRC_other	exact_allele	absent: exact allele in HPRC	exact	AFR+AMR+EAS+SAS	4	6	YRI,PEL,PUR,CHS,KHV,PJL	7	shared	False	1	4	2	1	20	22	4	1	0	0	0	0	0	0	1	0	3	1	1	1	1	4	1	0	8	2	3	2	3	7	12	3	1	1
1410	chr2	6482149	INDEL	HG008N_absent_HPRC_other	exact_allele	absent: exact allele in HPRC	exact	AFR+AMR	2	9	ACB,ASW,ESN,GWD,MSL,YRI,CLM,PEL,PUR	15	shared	False	6	11	0	0	44	30	7	2	1	1	1	1	0	1	1	4	2	5	0	0	0	14	2	1	16	2	8	1	8	7	15	6	1	2
1417	chr2	7208870	INDEL	HG008N_absent_HPRC_other	exact_allele	absent: exact allele in HPRC	exact	AFR+AMR	2	7	ACB,ESN,GWD,MSL,CLM,PEL,PUR	19	shared	True	13	8	0	0	37	30	8	2	5	0	1	5	0	2	0	1	1	6	0	0	0	12	2	2	13	1	6	1	7	8	15	6	2	2
1421	chr2	7385925	INDEL	HG008N_absent_HPRC_other	exact_allele	absent: exact allele in HPRC	exact	AFR+AMR+EAS+SAS	4	9	ACB,GWD,MSL,CLM,PEL,PUR,CHS,KHV,PJL	17	shared	False	7	5	6	1	35	29	6	1	3	0	0	2	0	2	0	1	1	3	5	1	1	12	1	2	12	1	6	1	7	7	15	5	1	1
1434	chr2	9651869	INDEL	HG008N_absent_HPRC_other	exact_allele	absent: exact allele in HPRC	exact	AFR+AMR+EAS	3	11	ACB,ESN,GWD,MKK,MSL,YRI,CLM,PEL,PUR,CHS,KHV	22	shared	True	14	8	2	0	38	32	7	2	3	0	1	6	1	1	2	1	1	6	1	1	0	13	2	2	12	2	5	2	8	8	16	5	2	2
1442	chr2	11507403	INDEL	HG008N_absent_HPRC_other	exact_allele	absent: exact allele in HPRC	exact	AFR+AMR+EAS	3	6	ACB,GWD,MKK,MSL,PUR,CHS	14	shared	False	9	6	2	0	46	32	8	2	3	0	0	3	1	2	0	0	0	6	2	0	0	14	2	2	16	2	8	2	8	8	16	6	2	2
1448	chr2	11693818	INDEL	HG008N_absent_HPRC_other	exact_allele	absent: exact allele in HPRC	exact	AFR+AMR	2	3	ACB,PEL,PUR	3	shared	False	1	2	0	0	18	17	5	1	1	0	0	0	0	0	0	0	1	1	0	0	0	7	0	0	7	0	3	1	3	5	9	4	1	1
1456	chr2	12909272	INDEL	HG008N_absent_HPRC_other	exact_allele	absent: exact allele in HPRC	exact	AFR+AMR+EAS+SAS	4	9	ACB,GWD,MSL,CLM,PEL,PUR,CHS,KHV,PJL	14	shared	False	6	5	3	1	42	31	8	2	3	0	0	1	0	2	0	2	1	2	1	2	1	13	1	2	15	2	8	1	8	8	15	6	2	2
1459	chr2	13009796	INDEL	HG008N_absent_HPRC_other	exact_allele	absent: exact allele in HPRC	exact	AFR+AMR+EAS+SAS	4	9	ACB,GWD,MKK,CLM,PEL,PUR,CHS,KHV,PJL	15	shared	False	5	10	3	1	32	24	7	2	1	0	0	2	2	0	0	2	5	3	2	1	1	9	2	2	14	2	2	1	4	8	12	6	1	2
1464	chr2	13931306	INDEL	HG008N_absent_HPRC_other	exact_allele	absent: exact allele in HPRC	exact	AFR+AMR+EAS	3	6	ACB,ESN,MSL,CLM,PUR,CHS	9	shared	True	5	3	1	0	24	22	3	1	3	0	1	0	0	1	0	1	0	2	1	0	0	11	0	1	6	1	3	2	5	8	9	3	0	1
1471	chr2	14588117	INDEL	HG008N_absent_HPRC_other	exact_allele	absent: exact allele in HPRC	exact	AFR+AMR+EAS+SAS	4	8	ACB,GWD,MKK,CLM,PEL,PUR,CHS,PJL	15	shared	False	5	10	1	1	43	30	6	2	2	0	0	2	1	0	0	3	4	3	1	0	1	14	1	2	15	2	7	2	7	8	15	4	2	2
1473	chr2	14797094	INDEL	HG008N_absent_HPRC_other	exact_allele	absent: exact allele in HPRC	exact	AFR+AMR+SAS	3	6	ACB,ESN,CLM,PEL,PUR,PJL	8	shared	False	5	4	0	1	36	30	7	2	4	0	1	0	0	0	0	1	2	1	0	0	1	11	2	2	13	1	7	0	8	8	14	5	2	2
1485	chr2	16267044	INDEL	HG008N_absent_HPRC_other	exact_allele	absent: exact allele in HPRC	exact	AFR+AMR+EAS	3	11	ACB,ASW,ESN,GWD,MKK,MSL,YRI,CLM,PEL,PUR,CHS	25	shared	False	21	8	3	0	42	32	8	2	6	1	1	8	1	2	2	1	4	3	3	0	0	13	2	1	15	2	7	2	8	8	16	6	2	2
1487	chr2	16459623	INDEL	HG008N_absent_HPRC_other	exact_allele	absent: exact allele in HPRC	exact	AFR+AMR+EAS+SAS	4	10	ACB,ASW,GWD,MSL,YRI,PEL,PUR,CHS,KHV,PJL	22	shared	False	19	2	5	1	46	32	8	2	8	1	0	6	0	3	1	0	1	1	3	2	1	14	2	2	16	2	8	2	8	8	16	6	2	2
1492	chr2	16959779	INDEL	HG008N_absent_HPRC_other	exact_allele	absent: exact allele in HPRC	exact	AFR+AMR+EAS+SAS	4	10	ACB,ASW,ESN,GWD,MSL,YRI,CLM,PUR,CHS,PJL	21	shared	False	19	4	1	1	46	32	8	2	5	2	1	5	0	5	1	2	0	2	1	0	1	14	2	2	16	2	8	2	8	8	16	6	2	2
1500	chr2	17688315	INDEL	HG008N_absent_HPRC_other	exact_allele	absent: exact allele in HPRC	exact	AFR+AMR	2	4	ACB,ESN,YRI,PUR	7	shared	False	7	2	0	0	42	32	8	2	5	0	1	0	0	0	1	0	0	2	0	0	0	12	1	2	16	2	7	2	8	8	16	6	2	2
1502	chr2	17888629	INDEL	HG008N_absent_HPRC_other	exact_allele	absent: exact allele in HPRC	exact	AFR+AMR	2	4	ACB,GWD,YRI,CLM	4	shared	False	3	1	0	0	24	21	7	2	1	0	0	1	0	0	1	1	0	0	0	0	0	7	2	0	8	1	5	1	4	6	11	6	1	2
1504	chr2	18380381	INDEL	HG008N_absent_HPRC_other	exact_allele	absent: exact allele in HPRC	exact	AFR+AMR+SAS	3	6	ACB,GWD,CLM,PEL,PUR,PJL	13	shared	False	4	9	0	1	38	32	8	1	3	0	0	1	0	0	0	2	3	4	0	0	1	10	2	1	14	2	7	2	8	8	16	6	2	1
1510	chr2	19091576	INDEL	HG008N_absent_HPRC_other	exact_allele	absent: exact allele in HPRC	exact	AFR+AMR+EAS	3	8	ACB,GWD,MSL,CLM,PEL,PUR,CHS,KHV	16	shared	False	8	6	6	0	45	32	8	2	6	0	0	1	0	1	0	1	2	3	4	2	0	14	2	2	16	2	7	2	8	8	16	6	2	2
1532	chr2	21969611	INDEL	HG008N_absent_HPRC_other	exact_allele	absent: exact allele in HPRC	exact	AFR+AMR	2	4	ACB,GWD,MSL,PEL	6	shared	True	4	4	0	0	42	32	8	2	1	0	0	1	0	2	0	0	4	0	0	0	0	13	2	2	14	2	8	1	8	8	16	6	2	2
1533	chr2	22047670	INDEL	HG008N_absent_HPRC_other	exact_allele	absent: exact allele in HPRC	exact	AFR+AMR+EAS+SAS	4	8	ESN,GWD,MKK,YRI,CLM,PUR,CHS,PJL	9	shared	False	5	3	1	1	30	28	7	2	0	0	1	2	1	0	1	1	0	2	1	0	1	10	1	1	9	2	5	2	8	8	12	6	1	2
1559	chr2	25781959	INDEL	HG008N_absent_HPRC_other	exact_allele	absent: exact allele in HPRC	exact	AFR+AMR+EAS+SAS	4	9	ACB,ESN,GWD,YRI,CLM,PEL,PUR,CHS,PJL	14	shared	True	6	6	2	2	32	28	8	2	2	0	1	1	0	0	2	1	1	4	2	0	2	9	1	2	13	1	4	2	6	7	15	6	2	2
1564	chr2	27253345	INDEL	other_ambiguous		ambiguous	exact	none	0	0		0	none	False	0	0	0	0	24	27	8	0	0	0	0	0	0	0	0	0	0	0	0	0	0	9	2	0	10	0	3	0	5	8	14	6	2	0
1573	chr2	28838178	INDEL	HG008N_absent_HPRC_other	exact_allele	absent: exact allele in HPRC	exact	AFR+AMR	2	5	ESN,GWD,MSL,CLM,PUR	10	shared	True	6	6	0	0	40	30	8	2	0	0	2	2	0	2	0	2	0	4	0	0	0	11	2	2	14	2	7	2	8	8	14	6	2	2
1581	chr2	29830710	INDEL	HG008N_absent_HPRC_other	exact_allele	absent: exact allele in HPRC	exact	AFR+AMR+EAS	3	9	ACB,ESN,GWD,MSL,CLM,PEL,PUR,CHS,KHV	19	shared	True	9	11	3	0	12	15	4	0	4	0	1	2	0	2	0	3	3	5	1	2	0	4	2	1	2	0	3	0	3	4	8	2	2	0
1583	chr2	31596385	INDEL	HG008N_absent_HPRC_other	exact_allele	absent: exact allele in HPRC	exact	AFR+AMR+EAS	3	7	GWD,MSL,YRI,CLM,PEL,PUR,CHS	11	shared	False	4	6	1	0	39	30	8	2	0	0	0	2	0	1	1	1	1	4	1	0	0	13	0	2	15	2	6	1	7	8	15	6	2	2
1591	chr2	34044537	INDEL	HG008N_absent_HPRC_other	exact_allele	absent: exact allele in HPRC	exact	AFR+AMR+EAS+SAS	4	13	ACB,ASW,ESN,GWD,MKK,MSL,YRI,CLM,PEL,PUR,CHS,KHV,PJL	41	shared	True	33	23	4	1	40	30	8	2	8	2	2	13	2	5	1	5	8	10	3	1	1	10	2	2	15	2	7	2	7	8	15	6	2	2
1594	chr2	34396470	INDEL	HG008N_absent_HPRC_other	exact_allele	absent: exact allele in HPRC	exact	AFR+AMR+EAS	3	8	ACB,ASW,GWD,MSL,YRI,CLM,PUR,CHS	16	shared	False	11	5	2	0	37	25	7	1	4	1	0	3	0	2	1	4	0	1	2	0	0	14	2	1	10	2	7	1	7	6	12	5	2	1
1595	chr2	34500599	INDEL	HG008N_absent_HPRC_other	exact_allele	absent: exact allele in HPRC	exact	AFR+AMR	2	5	ACB,ASW,GWD,PEL,PUR	8	shared	False	3	8	0	0	42	20	8	2	1	1	0	1	0	0	0	0	3	5	0	0	0	12	2	2	15	2	7	2	5	4	11	6	2	2
1607	chr2	35695046	INDEL	HG008N_absent_HPRC_other	exact_allele	absent: exact allele in HPRC	exact	AFR+AMR+EAS+SAS	4	12	ACB,ASW,ESN,GWD,MSL,YRI,CLM,PEL,PUR,CHS,KHV,PJL	30	shared	False	21	9	3	2	46	32	8	2	7	2	2	6	0	3	1	2	3	4	2	1	2	14	2	2	16	2	8	2	8	8	16	6	2	2
1619	chr2	36703909	INDEL	other_ambiguous		ambiguous	exact	none	0	0		0	none	False	0	0	0	0	42	31	7	2	0	0	0	0	0	0	0	0	0	0	0	0	0	12	2	2	14	2	8	2	8	7	16	5	2	2
1620	chr2	36703934	INDEL	other_ambiguous		ambiguous	exact	none	0	0		0	none	False	0	0	0	0	42	31	7	2	0	0	0	0	0	0	0	0	0	0	0	0	0	12	2	2	14	2	8	2	8	7	16	5	2	2
1636	chr2	38312706	INDEL	HG008N_absent_HPRC_other	exact_allele	absent: exact allele in HPRC	exact	AFR+AMR+EAS+SAS	4	10	ACB,ASW,ESN,GWD,MSL,CLM,PEL,PUR,KHV,PJL	25	shared	True	13	11	1	2	45	32	7	2	4	1	1	5	0	2	0	3	1	7	0	1	2	14	2	2	16	2	7	2	8	8	16	5	2	2
1637	chr2	38325673	INDEL	HG008N_absent_HPRC_other	exact_allele	absent: exact allele in HPRC	exact	EAS	1	1	CHS	1	one individual	False	0	0	1	0	16	5	2	0	0	0	0	0	0	0	0	0	0	0	1	0	0	3	1	0	7	0	5	0	1	1	3	1	1	0
1646	chr2	40032011	INDEL	HG008N_absent_HPRC_other	exact_allele	absent: exact allele in HPRC	exact	AFR+AMR	2	8	ACB,ASW,GWD,MKK,MSL,CLM,PEL,PUR	15	shared	False	14	3	0	0	40	30	8	2	5	1	0	4	2	2	0	1	1	1	0	0	0	11	1	1	16	2	7	2	7	7	16	6	2	2
1655	chr2	41036460	INDEL	HG008N_absent_HPRC_other	exact_allele	absent: exact allele in HPRC	exact	AFR+AMR+EAS+SAS	4	7	ACB,GWD,CLM,PEL,PUR,CHS,PJL	14	shared	True	3	9	1	1	40	31	8	2	1	0	0	2	0	0	0	2	4	3	1	0	1	10	2	2	14	2	8	2	8	8	15	6	2	2
1666	chr2	42452243	INDEL	HG008N_absent_HPRC_other	exact_allele	absent: exact allele in HPRC	exact	AFR+AMR	2	6	ACB,ASW,GWD,MSL,YRI,PUR	9	shared	False	9	1	0	0	28	19	1	2	2	1	0	3	0	1	2	0	0	1	0	0	0	7	1	1	10	1	6	2	4	7	8	1	0	2
1667	chr2	42487156	INDEL	HG008N_absent_HPRC_other	exact_allele	absent: exact allele in HPRC	exact	AFR+AMR+SAS	3	7	ACB,GWD,MSL,YRI,PEL,PUR,PJL	16	shared	True	9	8	0	1	45	31	8	2	4	0	0	1	0	3	1	0	3	5	0	0	1	13	2	2	16	2	8	2	8	8	15	6	2	2
1677	chr2	44708211	INDEL	HG008N_absent_HPRC_other	exact_allele	absent: exact allele in HPRC	exact	AFR+AMR	2	6	ACB,GWD,MSL,YRI,CLM,PUR	9	shared	False	5	5	0	0	32	27	5	1	2	0	0	1	0	1	1	1	0	4	0	0	0	10	1	0	11	2	7	1	7	5	15	5	0	1
1683	chr2	45591013	INDEL	HG008N_absent_HPRC_other	exact_allele	absent: exact allele in HPRC	exact	AFR+AMR	2	4	ACB,MKK,CLM,PUR	10	shared	True	2	8	0	0	44	32	8	2	1	0	0	0	1	0	0	4	0	4	0	0	0	14	2	2	16	2	6	2	8	8	16	6	2	2
1693	chr2	47210005	INDEL	HG008N_absent_HPRC_other	exact_allele	absent: exact allele in HPRC	exact	AFR	1	4	ACB,ASW,GWD,MSL	11	one superpopulation	False	12	0	0	0	42	30	8	2	3	1	0	5	0	3	0	0	0	0	0	0	0	13	2	2	14	2	7	2	7	8	15	6	2	2
1702	chr2	48302987	INDEL	HG008N_absent_HPRC_other	exact_allele	absent: exact allele in HPRC	exact	AFR+AMR+EAS	3	8	ACB,GWD,MSL,YRI,PEL,PUR,CHS,KHV	17	shared	False	7	9	2	0	41	30	7	2	2	0	0	1	0	3	1	0	4	5	1	1	0	14	2	1	13	2	8	1	8	7	15	6	1	2
1709	chr2	49021888	SNV	HG008N_absent_HPRC_other	element_set_other_allele	absent: only the nodes in HPRC	nodes	AFR+AMR+EAS+SAS	4	10	ACB,ASW,ESN,GWD,MKK,MSL,CLM,PUR,CHS,PJL	20	shared	True	13	6	1	1	23	11	1	1	2	1	1	6	1	2	0	3	0	3	1	0	1	7	2	1	8	1	3	1	5	0	6	1	0	1
1728	chr2	50008468	INDEL	HG008N_absent_HPRC_other	exact_allele	absent: exact allele in HPRC	exact	AFR+AMR+SAS	3	7	ACB,ESN,GWD,YRI,CLM,PUR,PJL	11	shared	False	5	5	0	1	45	31	8	2	1	0	1	2	0	0	1	1	0	4	0	0	1	14	2	2	15	2	8	2	8	8	15	6	2	2
1729	chr2	50072613	INDEL	other_ambiguous		ambiguous	exact	none	0	0		0	none	False	0	0	0	0	34	30	8	2	0	0	0	0	0	0	0	0	0	0	0	0	0	11	2	1	9	2	7	2	7	8	15	6	2	2
1735	chr2	50232386	INDEL	HG008N_absent_HPRC_other	exact_allele	absent: exact allele in HPRC	exact	AMR+EAS	2	2	PUR,CHS	2	shared	False	0	1	1	0	32	29	8	2	0	0	0	0	0	0	0	0	0	1	1	0	0	12	0	0	12	0	7	1	8	8	13	6	2	2
1736	chr2	50341397	INDEL	HG008N_absent_HPRC_other	exact_allele	absent: exact allele in HPRC	exact	AFR+AMR	2	6	ACB,GWD,MKK,MSL,CLM,PUR	11	shared	False	10	2	0	0	39	32	8	2	4	0	0	4	1	1	0	1	0	1	0	0	0	13	2	2	14	2	4	2	8	8	16	6	2	2
1738	chr2	50499947	INDEL	HG008N_absent_HPRC_other	exact_allele	absent: exact allele in HPRC	exact	AFR+AMR+EAS	3	10	ACB,ESN,GWD,MKK,MSL,YRI,CLM,PEL,PUR,CHS	26	shared	False	27	6	1	0	43	30	8	2	8	0	1	11	1	5	1	2	1	3	1	0	0	14	1	2	15	2	8	1	8	8	14	6	2	2
1742	chr2	50683646	INDEL	other_ambiguous		ambiguous	exact	none	0	0		0	none	False	0	0	0	0	5	7	1	0	0	0	0	0	0	0	0	0	0	0	0	0	0	1	0	0	2	0	1	1	3	2	2	1	0	0
1760	chr2	51866198	INDEL	other_ambiguous		ambiguous	exact	none	0	0		0	none	False	0	0	0	0	28	26	7	2	0	0	0	0	0	0	0	0	0	0	0	0	0	7	2	1	11	2	3	2	7	8	11	6	1	2
1763	chr2	52321950	INDEL	HG008N_absent_HPRC_other	exact_allele	absent: exact allele in HPRC	exact	AFR+AMR+EAS	3	5	GWD,CLM,PEL,PUR,CHS	11	shared	False	4	5	2	0	40	27	8	2	0	0	0	4	0	0	0	1	1	3	2	0	0	11	2	2	15	1	7	2	5	8	14	6	2	2
1798	chr2	58257404	INDEL	HG008N_absent_HPRC_other	exact_allele	absent: exact allele in HPRC	exact	AFR+AMR+EAS	3	10	ACB,ASW,ESN,GWD,MKK,MSL,CLM,PEL,PUR,KHV	19	shared	False	15	7	1	0	39	26	8	2	2	2	2	4	1	4	0	1	1	5	0	1	0	12	2	2	13	2	7	1	6	7	13	6	2	2
1817	chr2	60960149	INDEL	HG008N_absent_HPRC_other	exact_allele	absent: exact allele in HPRC	exact	AFR+AMR+SAS	3	8	ACB,GWD,MKK,YRI,CLM,PEL,PUR,PJL	18	shared	False	11	10	0	1	46	32	8	2	3	0	0	4	2	0	2	3	1	6	0	0	1	14	2	2	16	2	8	2	8	8	16	6	2	2
1822	chr2	61515069	INDEL	HG008N_absent_HPRC_other	exact_allele	absent: exact allele in HPRC	exact	AFR+AMR+SAS	3	5	GWD,MSL,YRI,PUR,PJL	10	shared	False	8	1	0	1	45	31	7	2	0	0	0	5	0	2	1	0	0	1	0	0	1	14	2	2	15	2	8	2	8	8	15	5	2	2
1826	chr2	61798993	INDEL	HG008N_absent_HPRC_other	exact_allele	absent: exact allele in HPRC	exact	AFR+AMR	2	8	ACB,GWD,MKK,MSL,YRI,CLM,PEL,PUR	15	shared	True	7	8	0	0	38	26	8	2	3	0	0	1	1	1	1	2	2	4	0	0	0	13	1	0	13	1	8	2	7	7	12	6	2	2
1839	chr2	65573712	INDEL	HG008N_absent_HPRC_other	element_set_other_allele	absent: only the nodes in HPRC	nodes	AFR+AMR+SAS	3	6	ACB,GWD,MSL,CLM,PUR,PJL	12	shared	False	6	5	0	1	28	25	4	1	1	0	0	4	0	1	0	2	0	3	0	0	1	10	1	1	10	0	4	2	8	6	11	4	0	1
1845	chr2	66889220	INDEL	HG008N_absent_HPRC_other	exact_allele	absent: exact allele in HPRC	exact	AFR+AMR+EAS+SAS	4	6	MKK,MSL,CLM,PEL,CHS,PJL	7	shared	True	2	3	1	1	45	32	7	2	0	0	0	0	1	1	0	2	1	0	1	0	1	14	2	2	16	2	7	2	8	8	16	5	2	2
1847	chr2	67316779	INDEL	HG008N_absent_HPRC_other	exact_allele	absent: exact allele in HPRC	exact	AFR+AMR	2	3	GWD,CLM,PUR	4	shared	False	1	4	0	0	28	28	7	2	0	0	0	1	0	0	0	3	0	1	0	0	0	10	1	0	9	2	4	2	8	8	12	5	2	2
1848	chr2	67746039	INDEL	HG008N_absent_HPRC_other	exact_allele	absent: exact allele in HPRC	exact	AFR+AMR+EAS	3	8	ESN,GWD,MKK,MSL,YRI,CLM,PUR,CHS	9	shared	False	7	2	1	0	25	25	2	2	0	0	1	2	2	1	1	1	0	1	1	0	0	5	2	2	7	2	5	2	6	7	12	2	0	2
1849	chr2	67773641	INDEL	HG008N_absent_HPRC_other	exact_allele	absent: exact allele in HPRC	exact	AMR+EAS	2	4	CLM,PEL,CHS,KHV	8	shared	False	0	5	3	0	38	30	7	2	0	0	0	0	0	0	0	2	3	0	2	1	0	13	2	2	13	2	4	2	6	8	16	6	1	2
1851	chr2	67956883	INDEL	HG008N_absent_HPRC_other	exact_allele	absent: exact allele in HPRC	exact	AFR+AMR+EAS	3	7	ESN,GWD,MKK,CLM,PEL,PUR,CHS	11	shared	False	4	6	2	0	37	25	7	1	0	0	1	2	1	0	0	2	2	2	2	0	0	9	2	2	13	2	7	2	8	6	11	6	1	1
1856	chr2	68700830	INDEL	other_ambiguous		ambiguous	exact	none	0	0		0	none	False	0	0	0	0	46	31	7	1	0	0	0	0	0	0	0	0	0	0	0	0	0	14	2	2	16	2	8	2	7	8	16	5	2	1
1858	chr2	68904220	INDEL	HG008N_absent_HPRC_other	exact_allele	absent: exact allele in HPRC	exact	AFR+AMR	2	7	ACB,ESN,GWD,MKK,MSL,CLM,PUR	8	shared	False	8	2	0	0	42	31	8	2	3	0	1	1	2	1	0	1	0	1	0	0	0	13	1	2	15	2	7	2	7	8	16	6	2	2
1859	chr2	68915459	INDEL	HG008N_present_rare	other_hap_only	HG008-N present, rare	exact	AFR+AMR+EAS	3	7	ACB,ASW,GWD,MSL,CLM,PUR,CHS	13	shared	False	9	3	1	0	40	28	6	1	3	1	0	3	0	2	0	1	0	2	1	0	0	13	2	2	14	1	7	1	7	6	15	4	2	1
1864	chr2	69694365	INDEL	HG008N_absent_HPRC_other	exact_allele	absent: exact allele in HPRC	exact	AFR+AMR+EAS	3	7	ACB,GWD,CLM,PEL,PUR,CHS,KHV	12	shared	True	2	7	4	0	39	32	8	2	1	0	0	1	0	0	0	1	3	3	2	2	0	10	2	1	16	2	7	1	8	8	16	6	2	2
1865	chr2	69771094	INDEL	HG008N_absent_HPRC_other	exact_allele	absent: exact allele in HPRC	exact	AFR+AMR	2	7	ACB,ASW,GWD,MSL,CLM,PEL,PUR	16	shared	False	7	11	0	0	46	30	8	2	2	1	0	3	0	1	0	3	5	3	0	0	0	14	2	2	16	2	8	2	8	8	14	6	2	2
1866	chr2	69933200	INDEL	HG008N_absent_HPRC_other	exact_allele	absent: exact allele in HPRC	exact	AMR+SAS	2	3	CLM,PEL,PJL	4	shared	False	0	3	0	1	36	27	6	2	0	0	0	0	0	0	0	2	1	0	0	0	1	12	2	0	11	2	7	2	6	7	14	4	2	2
1868	chr2	70521097	INDEL	HG008N_absent_HPRC_other	exact_allele	absent: exact allele in HPRC	exact	AFR	1	3	ACB,GWD,MSL	9	one superpopulation	False	11	0	0	0	40	30	8	2	2	0	0	5	0	4	0	0	0	0	0	0	0	12	2	1	15	2	7	1	8	8	14	6	2	2
1871	chr2	71171101	SNV	HG008N_absent_HPRC_other	exact_allele	absent: exact allele in HPRC	exact	AFR	1	1	GWD	1	one individual	False	1	0	0	0	29	27	6	2	0	0	0	1	0	0	0	0	0	0	0	0	0	7	1	2	13	1	3	2	7	7	13	5	1	2
1879	chr2	72319841	INDEL	HG008N_absent_HPRC_other	exact_allele	absent: exact allele in HPRC	exact	AFR+AMR+SAS	3	8	ACB,ASW,ESN,GWD,MSL,YRI,PUR,PJL	11	shared	False	10	1	0	1	43	32	8	2	2	2	1	3	0	1	1	0	0	1	0	0	1	13	2	2	16	2	6	2	8	8	16	6	2	2
1884	chr2	73613839	INDEL	HG008N_absent_HPRC_other	exact_allele	absent: exact allele in HPRC	exact	AFR+AMR	2	7	ACB,ASW,GWD,MSL,CLM,PEL,PUR	12	shared	False	8	5	0	0	45	32	8	2	1	1	0	5	0	1	0	1	3	1	0	0	0	14	1	2	16	2	8	2	8	8	16	6	2	2
1887	chr2	73832108	INDEL	other_ambiguous		ambiguous	exact	AFR+AMR	2	3	GWD,PEL,PUR	4	shared	False	1	5	0	0	28	25	4	2	0	0	0	1	0	0	0	0	3	2	0	0	0	8	1	1	12	2	3	1	7	7	11	3	1	2
1889	chr2	74122511	INDEL	HG008N_absent_HPRC_other	exact_allele	absent: exact allele in HPRC	exact	AFR+AMR	2	2	ACB,PUR	2	shared	False	1	1	0	0	25	17	2	2	1	0	0	0	0	0	0	0	0	1	0	0	0	9	1	0	10	1	3	1	5	2	10	1	1	2
1896	chr2	75228675	INDEL	HG008N_absent_HPRC_other	exact_allele	absent: exact allele in HPRC	exact	AFR+AMR+EAS	3	8	ACB,ASW,ESN,GWD,MSL,CLM,PUR,CHS	16	shared	False	11	4	2	0	45	30	8	2	2	1	1	5	0	2	0	1	0	3	2	0	0	14	2	2	15	2	8	2	8	7	15	6	2	2
1909	chr2	76585771	INDEL	HG008N_absent_HPRC_other	exact_allele	absent: exact allele in HPRC	exact	AFR+AMR+EAS	3	9	ACB,ASW,ESN,GWD,MKK,MSL,YRI,PUR,CHS	15	shared	False	14	1	1	0	31	22	4	0	3	1	1	4	1	3	1	0	0	1	1	0	0	9	2	1	9	1	7	2	5	7	10	4	0	0
1927	chr2	77526486	INDEL	HG008N_absent_HPRC_other	exact_allele	absent: exact allele in HPRC	exact	AFR+AMR+EAS	3	6	ACB,GWD,MSL,PEL,PUR,CHS	14	shared	False	9	8	1	0	44	31	5	2	3	0	0	4	0	2	0	0	7	1	1	0	0	14	2	2	14	2	8	2	8	8	15	3	2	2
1928	chr2	77548081	INDEL	HG008N_absent_HPRC_other	exact_allele	absent: exact allele in HPRC	exact	AFR+EAS	2	4	ACB,GWD,MSL,CHS	8	shared	False	7	0	3	0	45	32	8	2	2	0	0	4	0	1	0	0	0	0	3	0	0	14	1	2	16	2	8	2	8	8	16	6	2	2
1931	chr2	77978970	INDEL	HG008N_absent_HPRC_other	exact_allele	absent: exact allele in HPRC	exact	AFR+AMR+EAS	3	6	ACB,MSL,PEL,PUR,CHS,KHV	8	shared	False	3	4	2	0	44	32	8	2	2	0	0	0	0	1	0	0	2	2	1	1	0	13	2	2	16	2	7	2	8	8	16	6	2	2
1955	chr2	79332301	INDEL	HG008N_absent_HPRC_other	exact_allele	absent: exact allele in HPRC	exact	AFR+AMR+EAS	3	9	ACB,ASW,ESN,GWD,MKK,MSL,YRI,PUR,CHS	20	shared	False	23	2	1	0	44	32	8	2	4	1	1	11	2	3	1	0	0	2	1	0	0	13	2	2	15	2	8	2	8	8	16	6	2	2
1962	chr2	79655828	INDEL	HG008N_absent_HPRC_other	exact_allele	absent: exact allele in HPRC	exact	AFR+AMR+EAS+SAS	4	10	ACB,ESN,GWD,MKK,MSL,CLM,PEL,PUR,CHS,PJL	29	shared	False	26	12	1	1	42	32	8	2	9	0	1	7	2	7	0	3	4	5	1	0	1	13	1	1	16	2	8	1	8	8	16	6	2	2
1964	chr2	79751593	INDEL	HG008N_absent_HPRC_other	exact_allele	absent: exact allele in HPRC	exact	AFR+AMR	2	6	ACB,ASW,GWD,YRI,PEL,PUR	9	shared	False	8	2	0	0	38	29	8	2	2	1	0	4	0	0	1	0	1	1	0	0	0	12	2	2	12	2	6	2	8	7	14	6	2	2
1976	chr2	80363004	INDEL	HG008N_absent_HPRC_other	exact_allele	absent: exact allele in HPRC	exact	AFR+AMR+SAS	3	7	ACB,ESN,GWD,MSL,CLM,PUR,PJL	10	shared	False	7	3	0	1	46	31	8	2	3	0	1	2	0	1	0	1	0	2	0	0	1	14	2	2	16	2	8	2	8	8	15	6	2	2
1977	chr2	80364556	INDEL	HG008N_absent_HPRC_other	exact_allele	absent: exact allele in HPRC	exact	AFR+AMR	2	7	ACB,ESN,GWD,MSL,CLM,PEL,PUR	13	shared	False	7	9	0	0	29	27	6	2	2	0	1	2	0	2	0	1	3	5	0	0	0	9	0	2	11	1	6	0	8	8	11	5	1	2
1990	chr2	81146241	INDEL	HG008N_present_rare	other_hap_only	HG008-N present, rare	exact	none	0	0		0	none	False	0	0	0	0	43	27	4	2	0	0	0	0	0	0	0	0	0	0	0	0	0	14	2	1	14	2	8	2	6	7	14	4	0	2
2006	chr2	82768186	INDEL	HG008N_absent_HPRC_other	exact_allele	absent: exact allele in HPRC	exact	AFR+AMR+EAS	3	8	ACB,ESN,GWD,MKK,MSL,CLM,PEL,CHS	11	shared	False	7	4	1	0	39	27	7	1	1	0	1	3	1	1	0	3	1	0	1	0	0	12	2	2	14	2	6	1	7	8	12	6	1	1
2010	chr2	83139316	INDEL	HG008N_absent_HPRC_other	recombinant_pieces	absent: only the nodes in HPRC	nodes	none	0	0		0	none	False	0	0	0	0	20	18	5	2	0	0	0	0	0	0	0	0	0	0	0	0	0	10	2	2	2	1	2	1	6	5	7	4	1	2
2014	chr2	83500032	INDEL	HG008N_absent_HPRC_other	exact_allele	absent: exact allele in HPRC	exact	AFR+AMR+EAS	3	10	ACB,ASW,ESN,GWD,MSL,CLM,PEL,PUR,CHS,KHV	27	shared	True	13	17	8	0	41	32	8	2	4	2	2	2	0	3	0	3	5	9	6	2	0	14	2	2	12	2	7	2	8	8	16	6	2	2
2028	chr2	85176986	INDEL	HG008N_absent_HPRC_other	exact_allele	absent: exact allele in HPRC	exact	AFR+AMR+EAS+SAS	4	9	ACB,ESN,GWD,MSL,CLM,PEL,PUR,CHS,PJL	23	shared	False	11	15	1	1	37	31	8	2	4	0	1	3	0	3	0	5	6	4	1	0	1	11	2	2	11	2	8	1	8	7	16	6	2	2
2031	chr2	85882834	INDEL	HG008N_absent_HPRC_other	exact_allele	absent: exact allele in HPRC	exact	AFR	1	5	ACB,ASW,GWD,MKK,MSL	7	one superpopulation	False	9	0	0	0	39	26	8	2	4	2	0	1	1	1	0	0	0	0	0	0	0	10	2	1	15	2	8	1	6	8	12	6	2	2
2036	chr2	86569308	INDEL	other_ambiguous		ambiguous	exact	none	0	0		0	none	False	0	0	0	0	35	23	5	0	0	0	0	0	0	0	0	0	0	0	0	0	0	10	1	1	14	1	6	2	6	7	10	3	2	0
2037	chr2	86569310	SNV	HG008N_absent_HPRC_other	recombinant_pieces	absent: only the nodes in HPRC	nodes	none	0	0		0	none	False	0	0	0	0	35	23	5	0	0	0	0	0	0	0	0	0	0	0	0	0	0	10	1	1	14	1	6	2	6	7	10	3	2	0
2038	chr2	86905128	INDEL	other_ambiguous		ambiguous	exact	none	0	0		0	none	False	0	0	0	0	36	27	5	2	0	0	0	0	0	0	0	0	0	0	0	0	0	9	2	2	14	1	7	1	7	6	14	3	2	2
2084	chr2	100161674	SNV	HG008N_present_rare	other_hap_only	HG008-N present, rare	exact	AFR+AMR+EAS	3	4	ACB,CLM,PUR,KHV	8	shared	False	1	6	1	0	41	32	8	2	1	0	0	0	0	0	0	3	0	3	0	1	0	11	1	2	15	2	8	2	8	8	16	6	2	2
2092	chr2	102869189	INDEL	HG008N_absent_HPRC_other	recombinant_pieces	absent: only the nodes in HPRC	nodes	none	0	0		0	none	False	0	0	0	0	20	15	4	1	0	0	0	0	0	0	0	0	0	0	0	0	0	4	2	1	7	2	3	1	3	4	8	3	1	1
2098	chr2	103515107	INDEL	HG008N_absent_HPRC_other	exact_allele	absent: exact allele in HPRC	exact	AFR+AMR+EAS+SAS	4	11	ACB,ESN,GWD,MSL,YRI,CLM,PEL,PUR,CHS,KHV,PJL	24	shared	False	11	11	5	2	31	25	6	2	2	0	1	4	0	3	1	3	5	3	3	2	2	11	1	1	9	0	7	2	7	6	12	4	2	2
2110	chr2	104777060	INDEL	HG008N_absent_HPRC_other	exact_allele	absent: exact allele in HPRC	exact	AFR+AMR+EAS+SAS	4	11	ACB,ASW,GWD,MSL,YRI,CLM,PEL,PUR,CHS,KHV,PJL	31	shared	False	13	18	7	2	41	32	8	2	3	1	0	5	0	3	1	4	6	8	5	2	2	12	2	2	13	2	8	2	8	8	16	6	2	2
2113	chr2	105669116	INDEL	other_ambiguous		ambiguous	exact	none	0	0		0	none	False	0	0	0	0	18	18	2	0	0	0	0	0	0	0	0	0	0	0	0	0	0	7	1	1	6	0	2	1	5	4	9	1	1	0
2117	chr2	106711032	INDEL	HG008N_absent_HPRC_other	element_set_other_allele	absent: only the nodes in HPRC	nodes	AFR	1	5	ACB,ASW,ESN,GWD,MSL	13	one superpopulation	False	16	0	0	0	27	23	7	0	5	1	1	3	0	6	0	0	0	0	0	0	0	11	2	1	6	0	7	0	4	6	13	5	2	0
2121	chr2	107156686	INDEL	HG008N_absent_HPRC_other	exact_allele	absent: exact allele in HPRC	exact	AFR+AMR+EAS+SAS	4	8	ACB,ESN,GWD,CLM,PEL,PUR,KHV,PJL	14	shared	False	5	8	1	1	43	32	8	2	1	0	1	3	0	0	0	1	4	3	0	1	1	12	2	2	15	2	8	2	8	8	16	6	2	2
2131	chr2	107904612	INDEL	HG008N_absent_HPRC_other	exact_allele	absent: exact allele in HPRC	exact	AFR+AMR	2	5	ACB,ASW,GWD,MKK,PUR	11	shared	False	7	4	0	0	43	32	8	2	3	1	0	2	1	0	0	0	0	4	0	0	0	14	2	2	15	2	7	1	8	8	16	6	2	2
2141	chr2	109632818	INDEL	HG008N_absent_HPRC_other	exact_allele	absent: exact allele in HPRC	exact	AFR+AMR+EAS+SAS	4	11	ACB,ESN,GWD,MKK,MSL,CLM,PEL,PUR,CHS,KHV,PJL	20	shared	False	8	11	2	1	45	32	8	1	2	0	1	2	1	2	0	1	5	5	1	1	1	14	2	2	15	2	8	2	8	8	16	6	2	1
2156	chr2	114196935	INDEL	HG008N_absent_HPRC_other	exact_allele	absent: exact allele in HPRC	exact	AFR+AMR	2	5	GWD,MKK,CLM,PEL,PUR	8	shared	False	2	7	0	0	28	25	4	2	0	0	0	1	1	0	0	3	3	1	0	0	0	7	1	1	11	2	5	1	6	6	13	3	1	2
2159	chr2	114270120	INDEL	other_ambiguous		ambiguous	exact	none	0	0		0	none	False	0	0	0	0	42	28	8	2	0	0	0	0	0	0	0	0	0	0	0	0	0	11	2	2	15	2	8	2	8	6	14	6	2	2
2168	chr2	114993580	INDEL	HG008N_absent_HPRC_other	exact_allele	absent: exact allele in HPRC	exact	AFR+AMR	2	4	ACB,GWD,PEL,PUR	4	shared	False	2	2	0	0	23	14	5	0	1	0	0	1	0	0	0	0	1	1	0	0	0	7	2	0	7	0	5	2	3	2	9	5	0	0
2174	chr2	115244237	INDEL	HG008N_absent_HPRC_other	exact_allele	absent: exact allele in HPRC	exact	AFR	1	1	ACB	1	one individual	False	1	0	0	0	24	27	7	2	1	0	0	0	0	0	0	0	0	0	0	0	0	6	2	1	6	0	7	2	7	7	13	5	2	2
2181	chr2	115840318	SNV	HG008N_absent_HPRC_other	exact_allele	absent: exact allele in HPRC	exact	AFR+AMR+EAS	3	7	ACB,ASW,GWD,MSL,PEL,PUR,CHS	15	shared	True	11	6	1	0	34	23	6	2	4	2	0	3	0	2	0	0	3	3	1	0	0	8	2	2	12	2	6	2	5	8	10	4	2	2
2188	chr2	116066593	INDEL	HG008N_absent_HPRC_other	exact_allele	absent: exact allele in HPRC	exact	AFR+AMR+EAS	3	7	ACB,MSL,YRI,CLM,PEL,PUR,CHS	12	shared	False	5	7	2	0	42	30	8	2	3	0	0	0	0	1	1	3	3	1	2	0	0	13	2	2	14	2	7	2	8	7	15	6	2	2
2189	chr2	116101198	INDEL	HG008N_absent_HPRC_other	exact_allele	absent: exact allele in HPRC	exact	AFR	1	2	ACB,YRI	2	one superpopulation	True	2	0	0	0	45	30	8	2	1	0	0	0	0	0	1	0	0	0	0	0	0	13	2	2	16	2	8	2	8	8	14	6	2	2
2211	chr2	118216023	INDEL	HG008N_absent_HPRC_other	exact_allele	absent: exact allele in HPRC	exact	AFR+AMR+SAS	3	5	ACB,ESN,MSL,PUR,PJL	7	shared	False	4	3	0	1	36	30	8	2	2	0	1	0	0	1	0	0	0	3	0	0	1	11	1	2	12	2	6	2	7	8	15	6	2	2
2217	chr2	118826825	INDEL	HG008N_absent_HPRC_other	exact_allele	absent: exact allele in HPRC	exact	AFR+AMR	2	6	ACB,GWD,YRI,CLM,PEL,PUR	11	shared	False	4	8	0	0	46	32	8	2	2	0	0	1	0	0	1	1	3	4	0	0	0	14	2	2	16	2	8	2	8	8	16	6	2	2
2248	chr2	123011359	INDEL	HG008N_present_rare	other_hap_only	HG008-N present, rare	exact	AFR+AMR	2	8	ACB,ASW,ESN,GWD,MSL,CLM,PEL,PUR	11	shared	False	7	6	0	0	45	32	7	2	2	1	2	1	0	1	0	2	3	1	0	0	0	14	2	2	16	2	8	1	8	8	16	5	2	2
2252	chr2	123234996	INDEL	other_ambiguous		ambiguous	exact	none	0	0		0	none	False	0	0	0	0	12	5	0	0	0	0	0	0	0	0	0	0	0	0	0	0	0	6	0	0	5	0	1	0	1	0	4	0	0	0
2278	chr2	125050552	INDEL	HG008N_present_broad	other_hap_only	HG008-N present, broad	exact	AFR+AMR+EAS	3	10	ACB,ASW,GWD,MKK,YRI,CLM,PEL,PUR,CHS,KHV	26	shared	False	13	18	7	0	46	32	8	2	6	1	0	4	1	0	1	2	6	10	5	2	0	14	2	2	16	2	8	2	8	8	16	6	2	2
2295	chr2	126645972	SNV	HG008N_absent_HPRC_other	exact_allele	absent: exact allele in HPRC	exact	AFR+AMR	2	3	ACB,CLM,PUR	4	shared	False	1	3	0	0	11	11	2	0	1	0	0	0	0	0	0	1	0	2	0	0	0	2	2	2	3	1	1	0	3	4	4	1	1	0
2299	chr2	126804957	INDEL	HG008N_absent_HPRC_other	exact_allele	absent: exact allele in HPRC	exact	AFR+AMR+EAS	3	4	GWD,CLM,PUR,CHS	8	shared	False	1	7	1	0	27	31	8	2	0	0	0	1	0	0	0	2	0	5	1	0	0	7	1	1	11	0	5	2	8	8	15	6	2	2
2329	chr2	130292130	INDEL	HG008N_absent_HPRC_other	exact_allele	absent: exact allele in HPRC	exact	AFR+SAS	2	2	ESN,PJL	2	shared	False	1	0	0	1	34	27	7	2	0	0	1	0	0	0	0	0	0	0	0	0	1	11	2	2	11	2	4	2	7	8	12	5	2	2
2331	chr2	130562835	INDEL	HG008N_absent_HPRC_other	exact_allele	absent: exact allele in HPRC	exact	AFR+AMR	2	6	ACB,ESN,GWD,MKK,YRI,PUR	10	shared	False	7	4	0	0	27	17	5	2	1	0	1	3	1	0	1	0	0	4	0	0	0	10	0	1	8	2	4	2	6	3	8	3	2	2
2334	chr2	130770050	INDEL	HG008N_absent_HPRC_other	exact_allele	absent: exact allele in HPRC	exact	AFR+AMR+EAS+SAS	4	12	ACB,ASW,ESN,GWD,MSL,YRI,CLM,PEL,PUR,CHS,KHV,PJL	28	shared	False	30	6	5	1	36	31	8	2	9	2	1	10	0	6	2	1	1	4	4	1	1	13	2	1	10	2	6	2	7	8	16	6	2	2
2347	chr2	131943402	INDEL	HG008N_absent_HPRC_other	exact_allele	absent: exact allele in HPRC	exact	AFR+AMR	2	8	ACB,ASW,ESN,GWD,MSL,YRI,CLM,PUR	20	shared	False	22	7	0	0	44	32	8	2	6	2	2	5	0	5	2	2	0	5	0	0	0	14	2	2	14	2	8	2	8	8	16	6	2	2
2351	chr2	132302484	INDEL	HG008N_absent_HPRC_other	element_set_other_allele	absent: only the nodes in HPRC	nodes	AFR+AMR+EAS	3	8	ACB,GWD,YRI,CLM,PEL,PUR,CHS,KHV	19	shared	False	6	14	6	0	38	30	8	2	1	0	0	4	0	0	1	4	5	5	5	1	0	13	1	2	15	2	4	1	7	8	15	6	2	2
2353	chr2	132394063	INDEL	other_ambiguous		ambiguous	exact	none	0	0		0	none	False	0	0	0	0	11	8	3	1	0	0	0	0	0	0	0	0	0	0	0	0	0	2	0	0	6	0	3	0	3	2	3	3	0	1
2356	chr2	132394277	INDEL	other_ambiguous		ambiguous	exact	AFR	1	1	GWD	1	one individual	False	1	0	0	0	17	6	2	0	0	0	0	1	0	0	0	0	0	0	0	0	0	4	0	0	9	0	4	0	4	0	2	1	1	0
2357	chr2	132394337	SNV	other_ambiguous		ambiguous	exact	none	0	0		0	none	False	0	0	0	0	1	1	0	0	0	0	0	0	0	0	0	0	0	0	0	0	0	0	0	0	1	0	0	0	0	0	1	0	0	0
2360	chr2	132394487	INDEL	other_ambiguous		ambiguous	exact	none	0	0		0	none	False	0	0	0	0	24	17	2	0	0	0	0	0	0	0	0	0	0	0	0	0	0	8	0	0	10	1	4	1	6	4	7	2	0	0
2362	chr2	132394576	INDEL	other_ambiguous		ambiguous	exact	AFR+AMR	2	2	ACB,PUR	2	shared	False	1	1	0	0	18	16	3	0	1	0	0	0	0	0	0	0	0	1	0	0	0	7	0	0	8	0	2	1	4	3	9	2	1	0
2363	chr2	132394666	INDEL	other_ambiguous		ambiguous	exact	AFR+AMR+EAS	3	4	ACB,CLM,PUR,KHV	4	shared	False	1	2	1	0	20	19	6	1	1	0	0	0	0	0	0	1	0	1	0	1	0	6	1	0	9	1	2	1	4	5	10	4	2	1
2364	chr2	132394726	INDEL	other_ambiguous		ambiguous	exact	AFR+EAS	2	2	ACB,CHS	2	shared	False	1	0	1	0	16	14	6	1	1	0	0	0	0	0	0	0	0	0	1	0	0	4	1	0	8	0	2	1	4	3	7	4	2	1
2383	chr2	135618463	INDEL	HG008N_absent_HPRC_other	exact_allele	absent: exact allele in HPRC	exact	AMR	1	2	PEL,PUR	2	one superpopulation	True	0	2	0	0	34	32	8	2	0	0	0	0	0	0	0	0	1	1	0	0	0	12	1	2	13	2	3	1	8	8	16	6	2	2
2387	chr2	136088721	INDEL	HG008N_absent_HPRC_other	exact_allele	absent: exact allele in HPRC	exact	AFR+AMR+EAS	3	10	ACB,ASW,ESN,GWD,MSL,CLM,PEL,PUR,CHS,KHV	13	shared	False	6	5	2	0	38	30	8	2	2	1	1	1	0	1	0	2	1	2	1	1	0	10	1	2	14	1	8	2	8	8	14	6	2	2
2397	chr2	136965010	INDEL	HG008N_present_rare	other_hap_only	HG008-N present, rare	exact	AFR+AMR+EAS	3	5	ACB,GWD,CLM,PUR,CHS	11	shared	False	3	8	2	0	46	26	8	2	1	0	0	2	0	0	0	2	0	6	2	0	0	14	2	2	16	2	8	2	7	4	15	6	2	2
2421	chr2	139543152	INDEL	HG008N_absent_HPRC_other	exact_allele	absent: exact allele in HPRC	exact	AFR+AMR+EAS	3	5	ACB,CLM,PEL,PUR,CHS	10	shared	False	1	8	1	0	40	26	5	1	1	0	0	0	0	0	0	2	3	3	1	0	0	12	1	2	16	2	6	1	6	6	14	4	1	1
2425	chr2	139814495	INDEL	HG008N_absent_HPRC_other	exact_allele	absent: exact allele in HPRC	exact	AFR+AMR+EAS+SAS	4	8	ACB,GWD,MKK,MSL,CLM,PUR,CHS,PJL	21	shared	False	9	14	1	1	36	31	8	2	3	0	0	3	1	2	0	5	0	9	1	0	1	10	2	2	12	1	7	2	8	8	15	6	2	2
2428	chr2	139907681	INDEL	HG008N_absent_HPRC_other	exact_allele	absent: exact allele in HPRC	exact	AFR+AMR	2	5	ACB,ESN,GWD,YRI,CLM	8	shared	False	6	4	0	0	39	32	7	2	2	0	1	2	0	0	1	4	0	0	0	0	0	12	0	1	14	2	8	2	8	8	16	5	2	2
2432	chr2	140089113	INDEL	HG008N_absent_HPRC_other	exact_allele	absent: exact allele in HPRC	exact	AFR+AMR+EAS	3	11	ACB,ASW,ESN,GWD,MSL,YRI,CLM,PEL,PUR,CHS,KHV	31	shared	True	37	9	3	0	44	32	8	2	13	2	1	13	0	6	2	4	1	4	2	1	0	14	2	2	15	2	7	2	8	8	16	6	2	2
2434	chr2	140291298	INDEL	HG008N_absent_HPRC_other	recombinant_pieces	absent: only the nodes in HPRC	nodes	none	0	0		0	none	False	0	0	0	0	33	16	3	1	0	0	0	0	0	0	0	0	0	0	0	0	0	12	1	1	11	2	5	1	0	8	8	2	1	1
2441	chr2	140843058	INDEL	HG008N_absent_HPRC_other	exact_allele	absent: exact allele in HPRC	exact	AMR	1	1	PUR	1	one individual	False	0	1	0	0	43	27	8	2	0	0	0	0	0	0	0	0	0	1	0	0	0	13	2	2	15	2	7	2	6	6	15	6	2	2
2462	chr2	143067951	INDEL	HG008N_absent_HPRC_other	exact_allele	absent: exact allele in HPRC	exact	AFR	1	4	ACB,ASW,GWD,MSL	11	one superpopulation	False	14	0	0	0	46	32	8	2	5	1	0	3	0	5	0	0	0	0	0	0	0	14	2	2	16	2	8	2	8	8	16	6	2	2
2463	chr2	143145839	INDEL	HG008N_absent_HPRC_other	exact_allele	absent: exact allele in HPRC	exact	AFR+AMR+EAS+SAS	4	9	ACB,ESN,GWD,MSL,CLM,PEL,PUR,CHS,PJL	26	shared	True	10	19	3	2	39	31	7	2	3	0	2	3	0	2	0	5	4	10	3	0	2	13	1	2	12	2	7	2	8	8	15	6	1	2
2468	chr2	143407989	INDEL	HG008N_absent_HPRC_other	exact_allele	absent: exact allele in HPRC	exact	AMR	1	2	CLM,PUR	3	one superpopulation	False	0	4	0	0	35	27	6	0	0	0	0	0	0	0	0	1	0	3	0	0	0	14	2	2	7	2	7	1	6	8	13	5	1	0
2497	chr2	146564189	INDEL	HG008N_absent_HPRC_other	exact_allele	absent: exact allele in HPRC	exact	AFR+AMR+EAS	3	9	ACB,ESN,GWD,MSL,CLM,PEL,PUR,CHS,KHV	19	shared	False	7	14	5	0	40	31	7	2	2	0	2	1	0	2	0	2	5	7	3	2	0	11	1	2	16	2	7	1	8	8	15	5	2	2
2500	chr2	147040479	INDEL	HG008N_absent_HPRC_other	exact_allele	absent: exact allele in HPRC	exact	AFR+EAS	2	6	ACB,ASW,GWD,MSL,YRI,CHS	10	shared	False	9	0	1	0	40	32	8	2	2	1	0	3	0	2	1	0	0	0	1	0	0	13	2	1	12	2	8	2	8	8	16	6	2	2
2512	chr2	149806057	INDEL	HG008N_absent_HPRC_other	exact_allele	absent: exact allele in HPRC	exact	AFR+AMR+EAS+SAS	4	6	MKK,CLM,PEL,PUR,KHV,PJL	12	shared	True	1	10	1	1	46	29	7	2	0	0	0	0	1	0	0	3	2	5	0	1	1	14	2	2	16	2	8	2	7	8	14	5	2	2
2518	chr2	151207981	INDEL	HG008N_absent_HPRC_other	exact_allele	absent: exact allele in HPRC	exact	AFR+AMR+EAS	3	7	GWD,MSL,YRI,CLM,PEL,PUR,CHS	9	shared	False	4	4	1	0	37	32	8	2	0	0	0	2	0	1	1	1	1	2	1	0	0	11	2	2	12	2	6	2	8	8	16	6	2	2
2526	chr2	151967039	INDEL	HG008N_absent_HPRC_other	exact_allele	absent: exact allele in HPRC	exact	AFR+AMR+EAS	3	6	ACB,MKK,MSL,CLM,PUR,CHS	6	shared	True	4	3	2	0	45	32	8	2	2	0	0	0	1	1	0	1	0	2	2	0	0	14	2	2	15	2	8	2	8	8	16	6	2	2
2535	chr2	152974028	INDEL	HG008N_absent_HPRC_other	exact_allele	absent: exact allele in HPRC	exact	AFR+AMR+EAS	3	7	ACB,ESN,GWD,MSL,CLM,PUR,CHS	8	shared	False	5	2	2	0	38	26	7	2	1	0	1	2	0	1	0	1	0	1	2	0	0	12	2	1	12	2	7	2	7	7	12	5	2	2
2552	chr2	154497013	INDEL	HG008N_absent_HPRC_other	exact_allele	absent: exact allele in HPRC	exact	AFR+AMR+EAS	3	11	ACB,ASW,GWD,MKK,MSL,YRI,CLM,PEL,PUR,CHS,KHV	28	shared	False	11	17	5	0	42	32	7	2	4	1	0	3	1	1	1	5	4	8	3	2	0	14	2	0	15	2	7	2	8	8	16	5	2	2
2556	chr2	154825875	INDEL	HG008N_absent_HPRC_other	exact_allele	absent: exact allele in HPRC	exact	AFR+AMR+EAS	3	7	GWD,MSL,CLM,PEL,PUR,CHS,KHV	14	shared	False	3	9	3	0	42	31	8	1	0	0	0	2	0	1	0	1	4	4	2	1	0	13	2	2	16	2	6	1	8	8	15	6	2	1
2559	chr2	154970389	INDEL	HG008N_absent_HPRC_other	exact_allele	absent: exact allele in HPRC	exact	AFR+EAS	2	2	MSL,CHS	2	shared	False	1	0	1	0	26	14	3	0	0	0	0	0	0	1	0	0	0	0	1	0	0	9	2	1	10	0	4	0	1	3	10	2	1	0
2585	chr2	159325042	SNV	other_ambiguous		ambiguous	exact	none	0	0		0	none	False	0	0	0	0	0	0	0	0	0	0	0	0	0	0	0	0	0	0	0	0	0	0	0	0	0	0	0	0	0	0	0	0	0	0
2586	chr2	159325043	SNV	other_ambiguous		ambiguous	exact	none	0	0		0	none	False	0	0	0	0	0	0	0	0	0	0	0	0	0	0	0	0	0	0	0	0	0	0	0	0	0	0	0	0	0	0	0	0	0	0
2590	chr2	159325076	INDEL	other_ambiguous		ambiguous	exact	none	0	0		0	none	False	0	0	0	0	9	12	2	1	0	0	0	0	0	0	0	0	0	0	0	0	0	2	0	0	5	0	2	0	5	1	6	2	0	1
2599	chr2	161978384	INDEL	HG008N_absent_HPRC_other	exact_allele	absent: exact allele in HPRC	exact	AFR+EAS	2	4	ACB,GWD,MSL,CHS	11	shared	False	8	0	5	0	40	31	6	2	3	0	0	3	0	2	0	0	0	0	5	0	0	13	2	1	15	2	5	2	8	8	15	5	1	2
2606	chr2	163126318	INDEL	HG008N_absent_HPRC_other	exact_allele	absent: exact allele in HPRC	exact	AFR+SAS	2	3	ACB,MKK,PJL	3	shared	True	2	0	0	1	31	22	7	2	1	0	0	0	1	0	0	0	0	0	0	0	1	9	2	1	9	2	7	1	6	7	9	5	2	2
2608	chr2	163254963	INDEL	HG008N_absent_HPRC_other	exact_allele	absent: exact allele in HPRC	exact	AFR+AMR+EAS	3	11	ACB,ASW,ESN,GWD,MKK,MSL,YRI,CLM,PUR,CHS,KHV	28	shared	False	27	5	5	0	41	32	7	2	7	1	1	11	1	4	2	3	0	2	4	1	0	13	2	2	13	2	7	2	8	8	16	6	1	2
2615	chr2	163668014	INDEL	HG008N_absent_HPRC_other	exact_allele	absent: exact allele in HPRC	exact	AFR+AMR	2	5	ACB,ASW,GWD,MSL,PUR	14	shared	False	15	3	0	0	37	27	8	2	5	2	0	5	0	3	0	0	0	3	0	0	0	14	2	2	8	2	7	2	8	8	11	6	2	2
2626	chr2	164080886	INDEL	other_ambiguous		ambiguous	exact	none	0	0		0	none	False	0	0	0	0	27	13	4	1	0	0	0	0	0	0	0	0	0	0	0	0	0	6	2	2	11	2	4	0	3	4	6	2	2	1
2641	chr2	166103449	INDEL	HG008N_absent_HPRC_other	exact_allele	absent: exact allele in HPRC	exact	AFR+AMR	2	8	ACB,GWD,MKK,MSL,YRI,CLM,PEL,PUR	16	shared	False	11	5	0	0	39	26	7	2	4	0	0	2	1	3	1	1	2	2	0	0	0	11	2	2	14	2	6	2	6	5	15	5	2	2
2659	chr2	167542798	INDEL	HG008N_absent_HPRC_other	exact_allele	absent: exact allele in HPRC	exact	AFR+AMR	2	5	ACB,ESN,GWD,MKK,PUR	9	shared	False	8	1	0	0	43	32	8	2	3	0	1	3	1	0	0	0	0	1	0	0	0	12	2	2	15	2	8	2	8	8	16	6	2	2
2662	chr2	167812996	INDEL	HG008N_absent_HPRC_other	exact_allele	absent: exact allele in HPRC	exact	AFR+AMR	2	2	MSL,PEL	2	shared	False	2	1	0	0	35	27	8	1	0	0	0	0	0	2	0	0	1	0	0	0	0	10	2	2	13	1	5	2	6	7	14	6	2	1
2671	chr2	169627725	INDEL	other_ambiguous		ambiguous	exact	none	0	0		0	none	False	0	0	0	0	45	32	7	2	0	0	0	0	0	0	0	0	0	0	0	0	0	14	2	2	16	2	7	2	8	8	16	6	1	2
2673	chr2	169807737	INDEL	HG008N_absent_HPRC_other	exact_allele	absent: exact allele in HPRC	exact	AMR	1	2	PEL,PUR	3	one superpopulation	True	0	3	0	0	38	25	6	2	0	0	0	0	0	0	0	0	1	2	0	0	0	11	2	0	14	2	7	2	5	7	13	5	1	2
2680	chr2	171309176	SNV	HG008N_absent_HPRC_other	element_set_other_allele	absent: only the nodes in HPRC	nodes	AFR+AMR+EAS	3	9	ACB,ESN,GWD,MKK,MSL,CLM,PUR,CHS,KHV	27	shared	False	20	11	6	0	33	23	7	1	8	0	2	8	1	1	0	5	0	6	5	1	0	9	2	2	11	2	6	1	6	6	11	5	2	1
2686	chr2	172687346	SNV	HG008N_absent_HPRC_other	exact_allele	absent: exact allele in HPRC	exact	AFR+AMR	2	3	ACB,MKK,PUR	3	shared	False	2	1	0	0	38	32	8	2	1	0	0	0	1	0	0	0	0	1	0	0	0	13	1	2	13	2	5	2	8	8	16	6	2	2
2697	chr2	174632709	INDEL	HG008N_present_broad	other_hap_only	HG008-N present, broad	exact	AFR+AMR+EAS	3	10	ACB,ESN,GWD,MSL,YRI,CLM,PEL,PUR,CHS,KHV	30	shared	False	23	14	5	0	38	31	7	2	7	0	1	9	0	4	2	2	1	11	3	2	0	11	1	2	14	2	6	2	8	8	15	5	2	2
2705	chr2	175042096	INDEL	other_ambiguous		ambiguous	exact	none	0	0		0	none	False	0	0	0	0	24	21	4	1	0	0	0	0	0	0	0	0	0	0	0	0	0	8	1	0	9	0	4	2	6	4	11	4	0	1
2707	chr2	175481951	INDEL	other_ambiguous		ambiguous	exact	AMR+EAS	2	4	CLM,PEL,PUR,KHV	11	shared	True	0	14	1	0	8	15	2	0	0	0	0	0	0	0	0	1	4	9	0	1	0	2	1	1	3	1	0	0	2	4	9	1	1	0
2709	chr2	175653722	INDEL	HG008N_absent_HPRC_other	exact_allele	absent: exact allele in HPRC	exact	AFR	1	1	MSL	1	one individual	False	1	0	0	0	28	14	4	1	0	0	0	0	0	1	0	0	0	0	0	0	0	8	2	1	12	0	3	2	4	2	8	2	2	1
2714	chr2	176136150	INDEL	HG008N_absent_HPRC_other	exact_allele	absent: exact allele in HPRC	exact	AFR+AMR+EAS+SAS	4	7	GWD,MKK,MSL,PEL,PUR,CHS,PJL	9	shared	False	4	3	1	1	42	30	5	2	0	0	0	1	1	2	0	0	1	2	1	0	1	13	2	2	13	2	8	2	8	7	15	4	1	2
2717	chr2	176687284	SNV	HG008N_absent_HPRC_other	element_set_other_allele	absent: only the nodes in HPRC	nodes	AFR+AMR+EAS+SAS	4	12	ACB,ESN,GWD,MKK,MSL,YRI,CLM,PEL,PUR,CHS,KHV,PJL	29	shared	True	14	19	6	2	19	24	7	2	3	0	2	4	1	3	1	6	5	8	4	2	2	5	0	2	6	1	4	1	7	6	11	5	2	2
2718	chr2	176882601	INDEL	HG008N_absent_HPRC_other	element_set_other_allele	absent: only the nodes in HPRC	nodes	AFR+EAS	2	4	GWD,MSL,YRI,CHS	5	shared	False	4	0	1	0	40	28	8	2	0	0	0	1	0	2	1	0	0	0	1	0	0	11	1	2	15	2	7	2	8	7	13	6	2	2
2724	chr2	178183624	INDEL	other_ambiguous		ambiguous	exact	none	0	0		0	none	False	0	0	0	0	25	28	8	2	0	0	0	0	0	0	0	0	0	0	0	0	0	9	1	1	8	1	4	1	6	7	15	6	2	2
2738	chr2	180210292	INDEL	HG008N_absent_HPRC_other	exact_allele	absent: exact allele in HPRC	exact	AFR+AMR+EAS	3	8	ACB,ASW,GWD,YRI,CLM,PEL,PUR,CHS	13	shared	False	8	7	1	0	46	32	8	2	2	1	0	4	0	0	1	1	3	3	1	0	0	14	2	2	16	2	8	2	8	8	16	6	2	2
2742	chr2	181274925	SNV	HG008N_absent_HPRC_other	element_set_other_allele	absent: only the nodes in HPRC	nodes	AFR+AMR+EAS+SAS	4	10	ACB,ESN,GWD,MKK,MSL,CLM,PEL,PUR,CHS,PJL	31	shared	True	21	15	3	2	21	15	3	2	8	0	1	8	1	3	0	3	5	7	3	0	2	8	0	1	8	1	3	0	3	5	7	3	0	2
2746	chr2	181371984	INDEL	HG008N_present_broad	other_hap_only	HG008-N present, broad	exact	AFR+AMR+EAS+SAS	4	13	ACB,ASW,ESN,GWD,MKK,MSL,YRI,CLM,PEL,PUR,CHS,KHV,PJL	37	shared	False	25	20	4	1	44	30	8	2	7	2	1	7	2	4	2	5	3	12	2	2	1	14	2	2	14	2	8	2	8	8	14	6	2	2
2750	chr2	181948611	INDEL	HG008N_absent_HPRC_other	exact_allele	absent: exact allele in HPRC	exact	AFR+AMR+EAS	3	11	ACB,ESN,GWD,MKK,MSL,YRI,CLM,PEL,PUR,CHS,KHV	21	shared	False	12	11	3	0	27	29	4	2	4	0	1	3	1	1	2	3	2	6	2	1	0	8	1	1	8	1	6	2	8	8	13	3	1	2
2770	chr2	184412323	INDEL	HG008N_absent_HPRC_other	element_set_other_allele	absent: only the nodes in HPRC	nodes	AFR+AMR+EAS	3	7	ACB,GWD,CLM,PEL,PUR,CHS,KHV	12	shared	False	4	5	4	0	32	26	7	2	2	0	0	2	0	0	0	1	1	3	3	1	0	9	2	2	12	1	4	2	6	7	13	5	2	2
2771	chr2	184433643	SNV	HG008N_absent_HPRC_other	exact_allele	absent: exact allele in HPRC	exact	AFR+AMR	2	8	ACB,ASW,ESN,GWD,MKK,MSL,YRI,CLM	15	shared	False	18	1	0	0	46	32	8	2	1	2	2	5	1	6	1	1	0	0	0	0	0	14	2	2	16	2	8	2	8	8	16	6	2	2
2777	chr2	185036880	SNV	HG008N_absent_HPRC_other	exact_allele	absent: exact allele in HPRC	exact	AFR+AMR	2	6	ACB,GWD,MSL,CLM,PEL,PUR	8	shared	False	3	5	0	0	29	26	6	2	1	0	0	1	0	1	0	1	1	3	0	0	0	8	2	2	12	0	3	2	6	5	15	4	2	2
2778	chr2	185153033	INDEL	HG008N_absent_HPRC_other	exact_allele	absent: exact allele in HPRC	exact	AFR+AMR	2	3	MSL,YRI,PUR	3	shared	True	3	1	0	0	29	21	6	2	0	0	0	0	0	1	2	0	0	1	0	0	0	7	2	2	8	1	7	2	5	5	11	4	2	2
2780	chr2	185166219	INDEL	other_ambiguous		ambiguous	exact	none	0	0		0	none	False	0	0	0	0	19	16	2	2	0	0	0	0	0	0	0	0	0	0	0	0	0	6	0	1	9	0	3	0	2	4	10	2	0	2
2782	chr2	185166226	SNV	other_ambiguous		ambiguous	exact	none	0	0		0	none	False	0	0	0	0	19	16	2	2	0	0	0	0	0	0	0	0	0	0	0	0	0	6	0	1	9	0	3	0	2	4	10	2	0	2
2786	chr2	185454614	INDEL	HG008N_absent_HPRC_other	exact_allele	absent: exact allele in HPRC	exact	AFR+AMR	2	4	ACB,GWD,PEL,PUR	8	shared	False	3	5	0	0	38	27	7	1	2	0	0	1	0	0	0	0	2	3	0	0	0	11	2	2	14	1	6	2	6	6	15	5	2	1
2790	chr2	185971856	INDEL	other_ambiguous		ambiguous	exact	none	0	0		0	none	False	0	0	0	0	3	0	0	0	0	0	0	0	0	0	0	0	0	0	0	0	0	1	0	0	1	0	1	0	0	0	0	0	0	0
2791	chr2	186073698	INDEL	HG008N_absent_HPRC_other	exact_allele	absent: exact allele in HPRC	exact	AFR+AMR+EAS	3	9	ACB,GWD,MKK,MSL,YRI,PEL,PUR,CHS,KHV	19	shared	False	11	6	4	0	43	32	8	2	4	0	0	3	1	2	1	0	4	2	3	1	0	14	1	2	15	2	7	2	8	8	16	6	2	2
2809	chr2	188769116	INDEL	HG008N_absent_HPRC_other	exact_allele	absent: exact allele in HPRC	exact	AFR	1	3	ACB,GWD,MSL	4	one superpopulation	False	5	0	0	0	36	27	6	2	1	0	0	2	0	2	0	0	0	0	0	0	0	10	2	2	12	1	7	2	6	7	14	4	2	2
2818	chr2	190875020	SNV	HG008N_absent_HPRC_other	element_set_other_allele	absent: only the nodes in HPRC	nodes	AFR+AMR+EAS+SAS	4	12	ACB,ASW,GWD,MKK,MSL,YRI,CLM,PEL,PUR,CHS,KHV,PJL	41	shared	True	28	28	7	1	35	30	8	2	11	2	0	9	1	4	1	6	7	15	5	2	1	11	2	1	12	2	6	1	7	7	16	6	2	2
2820	chr2	191375470	INDEL	HG008N_absent_HPRC_other	exact_allele	absent: exact allele in HPRC	exact	AFR+AMR+EAS+SAS	4	9	ACB,ASW,GWD,MSL,CLM,PEL,PUR,CHS,PJL	12	shared	False	5	5	1	2	44	30	6	2	2	1	0	1	0	1	0	1	2	2	1	0	2	14	2	2	14	2	8	2	7	8	15	4	2	2
2842	chr2	194178863	INDEL	HG008N_absent_HPRC_other	exact_allele	absent: exact allele in HPRC	exact	AFR+AMR+SAS	3	6	ACB,GWD,MSL,CLM,PEL,PJL	8	shared	False	5	6	0	1	37	30	8	2	1	0	0	2	0	2	0	2	4	0	0	0	1	14	2	1	11	2	5	2	8	8	14	6	2	2
2853	chr2	195766167	INDEL	HG008N_absent_HPRC_other	exact_allele	absent: exact allele in HPRC	exact	AFR+AMR+EAS	3	5	ACB,GWD,YRI,PUR,CHS	7	shared	False	7	1	1	0	22	16	4	1	2	0	0	4	0	0	1	0	0	1	1	0	0	8	1	1	7	1	3	1	5	3	8	3	1	1
2863	chr2	196982108	INDEL	HG008N_absent_HPRC_other	exact_allele	absent: exact allele in HPRC	exact	AMR	1	2	CLM,PUR	3	one superpopulation	False	0	4	0	0	37	26	4	1	0	0	0	0	0	0	0	1	0	3	0	0	0	12	2	2	12	1	6	2	6	7	13	2	2	1
2869	chr2	198270289	INDEL	HG008N_absent_HPRC_other	exact_allele	absent: exact allele in HPRC	exact	AFR+AMR	2	5	ACB,MKK,MSL,CLM,PUR	11	shared	False	5	6	0	0	46	32	8	2	3	0	0	0	1	1	0	2	0	4	0	0	0	14	2	2	16	2	8	2	8	8	16	6	2	2
2870	chr2	198440368	INDEL	HG008N_absent_HPRC_other	exact_allele	absent: exact allele in HPRC	exact	AFR+AMR+EAS	3	7	ACB,GWD,CLM,PEL,PUR,CHS,KHV	11	shared	True	2	8	3	0	16	18	4	0	1	0	0	1	0	0	0	4	1	3	2	1	0	6	0	0	4	0	5	1	6	4	8	3	1	0
2874	chr2	199185814	INDEL	HG008N_absent_HPRC_other	exact_allele	absent: exact allele in HPRC	exact	AFR+AMR+EAS	3	4	ACB,MSL,PUR,KHV	6	shared	True	2	3	1	0	43	32	8	2	1	0	0	0	0	1	0	0	0	3	0	1	0	13	2	2	14	2	8	2	8	8	16	6	2	2
2888	chr2	201816455	INDEL	HG008N_absent_HPRC_other	exact_allele	absent: exact allele in HPRC	exact	AFR+AMR	2	7	ACB,ASW,ESN,GWD,MSL,CLM,PUR	10	shared	False	7	4	0	0	28	25	7	2	1	1	1	3	0	1	0	1	0	3	0	0	0	8	2	1	13	1	1	2	6	7	12	5	2	2
2904	chr2	204225238	INDEL	other_ambiguous		ambiguous	exact	none	0	0		0	none	False	0	0	0	0	36	25	8	2	0	0	0	0	0	0	0	0	0	0	0	0	0	12	2	1	11	1	8	1	7	7	11	6	2	2
2905	chr2	204327114	INDEL	HG008N_absent_HPRC_other	exact_allele	absent: exact allele in HPRC	exact	AFR+AMR	2	6	ACB,GWD,MSL,CLM,PEL,PUR	13	shared	False	9	5	0	0	44	31	8	2	3	0	0	3	0	3	0	2	1	2	0	0	0	12	2	2	16	2	8	2	8	7	16	6	2	2
2912	chr2	205378635	INDEL	HG008N_absent_HPRC_other	exact_allele	absent: exact allele in HPRC	exact	AFR+AMR+EAS	3	10	ACB,ASW,ESN,GWD,MKK,MSL,YRI,CLM,PUR,KHV	26	shared	True	30	6	1	0	42	31	8	2	8	1	1	15	1	3	1	1	0	5	0	1	0	13	1	2	16	2	6	2	8	8	15	6	2	2
2919	chr2	206917458	INDEL	other_ambiguous		ambiguous	exact	none	0	0		0	none	False	0	0	0	0	14	18	5	1	0	0	0	0	0	0	0	0	0	0	0	0	0	5	0	0	7	0	2	0	6	5	7	4	1	1
2957	chr2	211324487	INDEL	HG008N_present_rare	other_hap_only	HG008-N present, rare	exact	AFR+AMR+EAS	3	7	ACB,GWD,MSL,CLM,PEL,PUR,CHS	13	shared	False	5	7	3	0	45	31	8	2	2	0	0	2	0	1	0	1	1	5	3	0	0	13	2	2	16	2	8	2	8	8	15	6	2	2
2962	chr2	211687304	INDEL	HG008N_present_broad	other_hap_only	HG008-N present, broad	exact	AFR+AMR+EAS	3	8	ACB,GWD,MKK,CLM,PEL,PUR,CHS,KHV	16	shared	False	4	12	3	0	41	32	8	2	1	0	0	2	1	0	0	2	5	5	2	1	0	13	1	2	14	2	7	2	8	8	16	6	2	2
2984	chr2	213980725	INDEL	other_ambiguous		ambiguous	exact	none	0	0		0	none	False	0	0	0	0	23	26	6	1	0	0	0	0	0	0	0	0	0	0	0	0	0	7	0	1	10	2	2	1	7	7	12	5	1	1
3005	chr2	217161097	INDEL	other_ambiguous		ambiguous	exact	none	0	0		0	none	False	0	0	0	0	26	26	8	1	0	0	0	0	0	0	0	0	0	0	0	0	0	9	1	2	9	0	5	0	6	5	15	6	2	1
3020	chr2	218969502	INDEL	HG008N_absent_HPRC_other	exact_allele	absent: exact allele in HPRC	exact	AFR+AMR+EAS	3	9	ACB,ASW,GWD,MSL,YRI,PEL,PUR,CHS,KHV	15	shared	False	10	4	4	0	28	30	5	2	3	1	0	3	0	1	2	0	3	1	3	1	0	8	2	1	9	1	5	2	8	6	16	4	1	2
3022	chr2	219759777	INDEL	HG008N_absent_HPRC_other	exact_allele	absent: exact allele in HPRC	exact	AFR+AMR	2	5	ACB,GWD,MKK,MSL,PUR	8	shared	False	8	1	0	0	46	32	8	2	2	0	0	3	1	2	0	0	0	1	0	0	0	14	2	2	16	2	8	2	8	8	16	6	2	2
3024	chr2	219983546	INDEL	HG008N_absent_HPRC_other	exact_allele	absent: exact allele in HPRC	exact	AFR+AMR	2	10	ACB,ASW,ESN,GWD,MKK,MSL,YRI,CLM,PEL,PUR	17	shared	False	15	6	0	0	41	19	8	2	3	1	2	3	2	3	1	1	2	3	0	0	0	11	2	2	16	2	6	2	4	7	8	6	2	2
3034	chr2	220873985	INDEL	HG008N_absent_HPRC_other	exact_allele	absent: exact allele in HPRC	exact	AFR+AMR+EAS	3	8	ACB,GWD,MKK,MSL,YRI,PEL,PUR,KHV	11	shared	False	7	4	1	0	15	24	4	1	2	0	0	2	1	1	1	0	2	2	0	1	0	6	0	1	3	2	2	1	7	6	11	2	2	1
3040	chr2	221877601	INDEL	HG008N_present_broad	other_hap_only	HG008-N present, broad	exact	AFR+AMR+EAS+SAS	4	9	ACB,GWD,MSL,YRI,CLM,PEL,PUR,CHS,PJL	25	shared	True	18	10	3	2	43	27	8	2	6	0	0	5	0	6	1	3	2	5	3	0	2	13	2	2	15	2	8	1	8	6	13	6	2	2
3047	chr2	222731041	INDEL	HG008N_absent_HPRC_other	exact_allele	absent: exact allele in HPRC	exact	AFR+AMR+EAS	3	10	ACB,ASW,ESN,GWD,MSL,CLM,PEL,PUR,CHS,KHV	29	shared	False	15	15	7	0	30	24	8	2	5	1	1	6	0	2	0	3	4	8	6	1	0	9	1	1	12	0	7	0	7	4	13	6	2	2
3055	chr2	223769736	INDEL	HG008N_absent_HPRC_other	exact_allele	absent: exact allele in HPRC	exact	AFR+AMR+EAS+SAS	4	8	ACB,GWD,CLM,PEL,PUR,CHS,KHV,PJL	21	shared	False	5	17	3	1	41	31	7	2	3	0	0	2	0	0	0	4	6	7	2	1	1	12	2	2	15	1	7	2	8	8	15	5	2	2
3066	chr2	225009638	INDEL	HG008N_absent_HPRC_other	element_set_other_allele	absent: only the nodes in HPRC	nodes	AFR+AMR+EAS	3	7	ACB,GWD,MSL,PEL,PUR,CHS,KHV	11	shared	False	7	2	2	0	37	27	8	1	2	0	0	2	0	3	0	0	1	1	1	1	0	10	2	1	13	1	8	2	7	7	13	6	2	1
3067	chr2	225014081	INDEL	other_ambiguous		ambiguous	exact	none	0	0		0	none	False	0	0	0	0	19	25	4	2	0	0	0	0	0	0	0	0	0	0	0	0	0	4	2	1	6	0	4	2	7	7	11	3	1	2
3071	chr2	225597512	INDEL	HG008N_absent_HPRC_other	exact_allele	absent: exact allele in HPRC	exact	AFR+AMR	2	4	GWD,MSL,PEL,PUR	5	shared	False	2	3	0	0	17	14	4	1	0	0	0	1	0	1	0	0	1	2	0	0	0	5	0	0	7	1	4	0	4	4	6	3	1	1
3083	chr2	225939908	INDEL	HG008N_absent_HPRC_other	exact_allele	absent: exact allele in HPRC	exact	AFR+AMR+EAS+SAS	4	8	ACB,ESN,GWD,CLM,PEL,PUR,CHS,PJL	14	shared	True	5	10	1	1	17	25	4	1	1	0	1	3	0	0	0	4	3	3	1	0	1	4	1	1	9	0	2	0	7	7	11	2	2	1
3095	chr2	227643251	INDEL	other_ambiguous		ambiguous	exact	none	0	0		0	none	False	0	0	0	0	24	19	4	1	0	0	0	0	0	0	0	0	0	0	0	0	0	5	2	1	10	1	4	1	7	5	7	3	1	1
3099	chr2	227881743	INDEL	HG008N_absent_HPRC_other	exact_allele	absent: exact allele in HPRC	exact	AFR+AMR+EAS	3	8	ACB,ESN,GWD,MSL,YRI,CLM,PUR,CHS	13	shared	False	10	5	1	0	37	29	7	1	4	0	1	2	0	2	1	2	0	3	1	0	0	10	1	2	13	2	8	1	7	8	14	5	2	1
3103	chr2	228473352	INDEL	HG008N_absent_HPRC_other	exact_allele	absent: exact allele in HPRC	exact	AFR+AMR+EAS	3	8	ACB,ASW,GWD,MKK,MSL,PEL,PUR,CHS	18	shared	False	13	6	1	0	40	31	8	2	4	1	0	3	1	4	0	0	1	5	1	0	0	12	2	2	14	2	6	2	8	8	15	6	2	2
3118	chr2	230752247	INDEL	HG008N_absent_HPRC_other	exact_allele	absent: exact allele in HPRC	exact	AFR+AMR+EAS	3	11	ACB,ASW,ESN,GWD,MKK,MSL,YRI,CLM,PEL,PUR,KHV	28	shared	False	31	5	1	0	45	32	8	2	6	1	1	12	2	7	2	1	1	3	0	1	0	14	2	2	16	2	7	2	8	8	16	6	2	2
3126	chr2	231629686	INDEL	HG008N_absent_HPRC_other	exact_allele	absent: exact allele in HPRC	exact	AFR+AMR+EAS	3	10	ACB,ASW,ESN,GWD,MKK,MSL,CLM,PEL,PUR,CHS	22	shared	True	16	11	4	0	40	26	6	1	5	2	2	3	1	3	0	4	1	6	4	0	0	11	2	2	14	2	7	2	6	7	13	5	1	1
3129	chr2	232471388	INDEL	HG008N_absent_HPRC_other	exact_allele	absent: exact allele in HPRC	exact	AFR+AMR+EAS+SAS	4	8	ACB,GWD,CLM,PEL,PUR,CHS,KHV,PJL	12	shared	True	5	7	2	1	37	26	8	2	1	0	0	4	0	0	0	1	2	4	1	1	1	13	1	2	12	1	7	1	6	8	12	6	2	2
3138	chr2	234125814	INDEL	HG008N_absent_HPRC_other	exact_allele	absent: exact allele in HPRC	exact	AFR+AMR+EAS	3	10	ACB,ASW,ESN,GWD,MKK,MSL,YRI,PEL,PUR,CHS	19	shared	True	18	6	1	0	41	32	8	2	6	1	1	3	2	3	2	0	2	4	1	0	0	12	2	2	15	2	6	2	8	8	16	6	2	2
3142	chr2	235038376	INDEL	other_ambiguous		ambiguous	exact	none	0	0		0	none	False	0	0	0	0	4	11	3	1	0	0	0	0	0	0	0	0	0	0	0	0	0	2	0	0	1	0	1	0	0	5	6	3	0	1
3145	chr2	235389465	INDEL	HG008N_absent_HPRC_other	element_set_other_allele	absent: only the nodes in HPRC	nodes	AMR	1	1	PUR	1	one individual	False	0	1	0	0	19	30	7	2	0	0	0	0	0	0	0	0	0	1	0	0	0	8	0	0	5	1	3	2	7	8	15	6	1	2
3166	chr2	239687117	INDEL	HG008N_present_broad	other_hap_only	HG008-N present, broad	exact	AFR+AMR+EAS+SAS	4	11	ACB,ASW,GWD,MKK,MSL,CLM,PEL,PUR,CHS,KHV,PJL	32	shared	False	22	15	8	1	46	30	8	2	5	2	0	6	1	8	0	2	8	5	6	2	1	14	2	2	16	2	8	2	6	8	16	6	2	2
3173	chr3	333124	INDEL	HG008N_absent_HPRC_other	exact_allele	absent: exact allele in HPRC	exact	AFR+AMR+EAS	3	7	ACB,ESN,GWD,CLM,PEL,PUR,CHS	12	shared	False	4	7	2	0	14	16	5	1	1	0	1	2	0	0	0	3	1	3	2	0	0	2	1	1	7	1	2	0	4	3	9	4	1	1
3174	chr3	337188	INDEL	HG008N_absent_HPRC_other	exact_allele	absent: exact allele in HPRC	exact	AFR+AMR	2	5	ACB,ESN,GWD,CLM,PUR	7	shared	False	5	2	0	0	29	28	8	2	3	0	1	1	0	0	0	1	0	1	0	0	0	11	1	2	8	1	4	2	7	7	14	6	2	2
3180	chr3	1170236	INDEL	HG008N_absent_HPRC_other	exact_allele	absent: exact allele in HPRC	exact	AFR+AMR+EAS+SAS	4	13	ACB,ASW,ESN,GWD,MKK,MSL,YRI,CLM,PEL,PUR,CHS,KHV,PJL	31	shared	False	23	13	8	1	37	26	8	1	5	2	2	7	2	3	2	4	4	5	6	2	1	9	2	2	15	2	5	2	7	6	13	6	2	1
3193	chr3	2347410	INDEL	other_ambiguous		ambiguous	exact	none	0	0		0	none	False	0	0	0	0	22	7	5	0	0	0	0	0	0	0	0	0	0	0	0	0	0	7	1	0	9	1	3	1	2	2	3	4	1	0
3194	chr3	2396656	INDEL	HG008N_absent_HPRC_other	exact_allele	absent: exact allele in HPRC	exact	AFR+AMR	2	3	ACB,CLM,PUR	6	shared	True	1	6	0	0	43	29	8	1	1	0	0	0	0	0	0	2	0	4	0	0	0	14	2	2	15	2	6	2	8	6	15	6	2	1
3197	chr3	2584697	INDEL	HG008N_absent_HPRC_other	exact_allele	absent: exact allele in HPRC	exact	AFR+AMR+EAS+SAS	4	11	ACB,ASW,ESN,GWD,MSL,YRI,CLM,PEL,PUR,CHS,PJL	30	shared	False	21	13	4	1	40	26	8	2	4	2	2	6	0	5	2	4	3	6	4	0	1	11	2	2	13	2	8	2	7	7	12	6	2	2
3201	chr3	3343439	INDEL	HG008N_absent_HPRC_other	exact_allele	absent: exact allele in HPRC	exact	AFR+EAS	2	6	ACB,ASW,ESN,GWD,MSL,CHS	8	shared	False	8	0	1	0	43	31	8	2	1	1	1	3	0	2	0	0	0	0	1	0	0	12	2	2	15	2	8	2	8	8	15	6	2	2
3222	chr3	7041079	INDEL	HG008N_absent_HPRC_other	exact_allele	absent: exact allele in HPRC	exact	AFR	1	5	ACB,ASW,GWD,MSL,YRI	10	one superpopulation	False	11	0	0	0	36	28	7	2	2	1	0	4	0	3	1	0	0	0	0	0	0	10	2	1	14	2	5	2	6	8	14	5	2	2
3231	chr3	9588627	INDEL	HG008N_absent_HPRC_other	exact_allele	absent: exact allele in HPRC	exact	AFR+AMR+EAS+SAS	4	11	ACB,ASW,GWD,MKK,MSL,YRI,CLM,PEL,PUR,CHS,PJL	19	shared	True	12	7	1	1	44	32	8	2	1	1	0	7	1	1	1	1	3	3	1	0	1	12	2	2	16	2	8	2	8	8	16	6	2	2
3236	chr3	10811800	SNV	HG008N_absent_HPRC_other	element_set_other_allele	absent: only the nodes in HPRC	nodes	AFR+AMR+EAS+SAS	4	13	ACB,ASW,ESN,GWD,MKK,MSL,YRI,CLM,PEL,PUR,CHS,KHV,PJL	41	shared	True	35	19	7	2	35	19	7	2	9	1	2	14	2	6	1	6	4	9	5	2	2	9	1	2	14	2	6	1	6	4	9	5	2	2
3246	chr3	11733001	INDEL	HG008N_absent_HPRC_other	element_set_other_allele	absent: only the nodes in HPRC	nodes	AFR+AMR	2	4	GWD,YRI,CLM,PUR	7	shared	False	2	6	0	0	36	25	4	1	0	0	0	1	0	0	1	2	0	4	0	0	0	10	1	2	15	1	5	2	5	5	15	2	2	1
3250	chr3	12330301	INDEL	other_ambiguous		ambiguous	exact	none	0	0		0	none	False	0	0	0	0	36	31	8	2	0	0	0	0	0	0	0	0	0	0	0	0	0	11	2	2	13	1	5	2	7	8	16	6	2	2
3253	chr3	12779942	INDEL	HG008N_present_broad	other_hap_only	HG008-N present, broad	exact	AFR+AMR+EAS	3	11	ACB,ASW,ESN,GWD,MSL,YRI,CLM,PEL,PUR,CHS,KHV	29	shared	False	24	12	3	0	39	29	8	2	9	2	1	6	0	5	1	5	3	4	2	1	0	12	2	2	13	1	7	2	8	8	13	6	2	2
3261	chr3	13912311	INDEL	HG008N_absent_HPRC_other	exact_allele	absent: exact allele in HPRC	exact	AFR+AMR	2	8	ACB,ESN,GWD,MKK,MSL,CLM,PEL,PUR	17	shared	False	12	8	0	0	41	32	8	2	1	0	2	6	1	2	0	3	3	2	0	0	0	13	2	2	16	2	6	0	8	8	16	6	2	2
3263	chr3	14049261	INDEL	HG008N_absent_HPRC_other	exact_allele	absent: exact allele in HPRC	exact	AFR+AMR	2	6	ACB,ESN,GWD,MSL,YRI,PUR	12	shared	False	14	1	0	0	42	28	8	2	3	0	1	6	0	2	2	0	0	1	0	0	0	14	2	2	13	1	8	2	8	8	12	6	2	2
3267	chr3	15964121	INDEL	HG008N_absent_HPRC_other	exact_allele	absent: exact allele in HPRC	exact	AFR+AMR+EAS+SAS	4	9	ACB,GWD,MSL,YRI,CLM,PEL,PUR,CHS,PJL	13	shared	False	4	8	1	1	32	25	8	2	1	0	0	1	0	1	1	2	3	3	1	0	1	10	1	1	11	0	7	2	7	7	11	6	2	2
3270	chr3	16591433	INDEL	HG008N_absent_HPRC_other	exact_allele	absent: exact allele in HPRC	exact	AFR+AMR	2	7	ACB,ESN,GWD,MSL,YRI,PEL,PUR	17	shared	False	16	3	0	0	46	32	8	2	5	0	1	6	0	3	1	0	1	2	0	0	0	14	2	2	16	2	8	2	8	8	16	6	2	2
3288	chr3	19936008	INDEL	HG008N_absent_HPRC_other	exact_allele	absent: exact allele in HPRC	exact	AFR+AMR+EAS+SAS	4	12	ACB,ASW,GWD,MKK,MSL,YRI,CLM,PEL,PUR,CHS,KHV,PJL	27	shared	True	18	9	5	2	45	32	8	2	4	2	0	9	1	1	1	2	2	5	3	2	2	13	2	2	16	2	8	2	8	8	16	6	2	2
3289	chr3	19999545	INDEL	HG008N_absent_HPRC_other	exact_allele	absent: exact allele in HPRC	exact	AFR+AMR+EAS	3	8	ACB,ESN,GWD,MSL,YRI,CLM,PUR,KHV	18	shared	False	10	7	2	0	45	32	8	2	2	0	1	5	0	1	1	3	0	4	0	2	0	14	2	2	15	2	8	2	8	8	16	6	2	2
3294	chr3	20639487	INDEL	HG008N_absent_HPRC_other	exact_allele	absent: exact allele in HPRC	exact	AFR+AMR	2	5	ACB,GWD,CLM,PEL,PUR	9	shared	True	4	5	0	0	46	32	8	2	2	0	0	2	0	0	0	2	1	2	0	0	0	14	2	2	16	2	8	2	8	8	16	6	2	2
3296	chr3	20806603	INDEL	HG008N_absent_HPRC_other	exact_allele	absent: exact allele in HPRC	exact	AFR+AMR+SAS	3	7	ACB,ASW,GWD,MSL,CLM,PUR,PJL	12	shared	True	12	2	0	1	44	30	8	2	5	1	0	2	0	4	0	1	0	1	0	0	1	13	2	2	15	2	8	2	7	7	16	6	2	2
3297	chr3	20868232	INDEL	HG008N_absent_HPRC_other	exact_allele	absent: exact allele in HPRC	exact	AFR+AMR+EAS+SAS	4	12	ACB,ASW,GWD,MKK,MSL,YRI,CLM,PEL,PUR,CHS,KHV,PJL	25	shared	True	9	16	6	1	37	30	8	2	2	1	0	1	1	3	1	7	4	5	4	2	1	12	2	2	12	2	6	1	8	7	15	6	2	2
3299	chr3	20872044	SNV	HG008N_absent_HPRC_other	exact_allele	absent: exact allele in HPRC	exact	AMR	1	1	PUR	1	one individual	False	0	1	0	0	26	14	4	1	0	0	0	0	0	0	0	0	0	1	0	0	0	6	2	1	8	0	7	2	3	3	8	2	2	1
3302	chr3	21304148	SNV	other_ambiguous		ambiguous	exact	none	0	0		0	none	False	0	0	0	0	45	31	8	2	0	0	0	0	0	0	0	0	0	0	0	0	0	13	2	2	16	2	8	2	8	8	15	6	2	2
3310	chr3	22220060	INDEL	HG008N_absent_HPRC_other	exact_allele	absent: exact allele in HPRC	exact	AFR+AMR	2	3	ACB,CLM,PUR	7	shared	True	2	5	0	0	45	32	8	2	2	0	0	0	0	0	0	2	0	3	0	0	0	14	2	2	16	2	7	2	8	8	16	6	2	2
3314	chr3	22566730	INDEL	HG008N_absent_HPRC_other	element_set_other_allele	absent: only the nodes in HPRC	nodes	AFR+AMR+EAS	3	7	ACB,ASW,ESN,GWD,MSL,PUR,CHS	11	shared	False	9	1	3	0	41	27	8	2	4	1	1	2	0	1	0	0	0	1	3	0	0	13	2	2	14	1	7	2	8	7	12	6	2	2
3320	chr3	23224156	INDEL	HG008N_absent_HPRC_other	exact_allele	absent: exact allele in HPRC	exact	AFR+AMR	2	6	ACB,ASW,GWD,MSL,CLM,PUR	12	shared	True	10	5	0	0	44	28	8	1	3	1	0	4	0	2	0	1	0	4	0	0	0	12	2	2	16	2	8	2	7	7	14	6	2	1
3340	chr3	28037661	INDEL	HG008N_absent_HPRC_other	exact_allele	absent: exact allele in HPRC	exact	AFR+AMR+EAS	3	5	ACB,CLM,PEL,PUR,CHS	12	shared	True	1	10	3	0	26	27	6	1	1	0	0	0	0	0	0	3	3	4	3	0	0	6	2	0	11	2	4	1	8	8	11	5	1	1
3346	chr3	29011533	INDEL	HG008N_absent_HPRC_other	exact_allele	absent: exact allele in HPRC	exact	AFR+AMR+SAS	3	10	ACB,ASW,ESN,GWD,MSL,YRI,CLM,PEL,PUR,PJL	34	shared	False	27	16	0	1	45	32	8	2	8	1	2	11	0	4	1	4	6	6	0	0	1	14	2	2	16	2	7	2	8	8	16	6	2	2
3350	chr3	29246719	INDEL	HG008N_absent_HPRC_other	exact_allele	absent: exact allele in HPRC	exact	AFR+AMR+EAS	3	6	ACB,GWD,CLM,PEL,PUR,CHS	8	shared	False	3	3	3	0	44	32	8	2	1	0	0	2	0	0	0	1	1	1	3	0	0	14	2	2	16	2	7	1	8	8	16	6	2	2
3359	chr3	31812718	INDEL	other_ambiguous		ambiguous	exact	none	0	0		0	none	False	0	0	0	0	5	3	0	0	0	0	0	0	0	0	0	0	0	0	0	0	0	0	0	1	2	0	2	0	1	2	0	0	0	0
3361	chr3	32295455	INDEL	other_ambiguous		ambiguous	exact	none	0	0		0	none	False	0	0	0	0	23	14	1	1	0	0	0	0	0	0	0	0	0	0	0	0	0	7	0	0	10	1	4	1	4	2	8	0	1	1
3363	chr3	33246651	INDEL	HG008N_absent_HPRC_other	exact_allele	absent: exact allele in HPRC	exact	AFR+AMR+EAS+SAS	4	11	ACB,ASW,ESN,GWD,MSL,CLM,PEL,PUR,CHS,KHV,PJL	25	shared	False	13	12	3	1	39	26	7	2	3	1	2	6	0	1	0	2	2	8	2	1	1	11	2	2	15	2	5	2	7	4	15	5	2	2
3365	chr3	33584282	INDEL	HG008N_absent_HPRC_other	exact_allele	absent: exact allele in HPRC	exact	AFR+AMR+EAS	3	8	ACB,GWD,MSL,YRI,CLM,PEL,PUR,CHS	20	shared	True	14	9	1	0	44	32	8	2	5	0	0	3	0	5	1	2	2	5	1	0	0	14	2	2	14	2	8	2	8	8	16	6	2	2
3366	chr3	33923116	INDEL	HG008N_absent_HPRC_other	exact_allele	absent: exact allele in HPRC	exact	AFR+AMR+EAS	3	11	ACB,ASW,ESN,GWD,MKK,MSL,YRI,CLM,PEL,PUR,CHS	24	shared	True	21	6	2	0	45	32	8	2	3	1	2	8	2	3	2	1	2	3	2	0	0	13	2	2	16	2	8	2	8	8	16	6	2	2
3378	chr3	35667948	INDEL	HG008N_absent_HPRC_other	exact_allele	absent: exact allele in HPRC	exact	AMR	1	1	PUR	1	one individual	False	0	1	0	0	11	12	4	0	0	0	0	0	0	0	0	0	0	1	0	0	0	4	1	0	5	0	1	0	3	4	5	3	1	0
3382	chr3	36585428	INDEL	HG008N_absent_HPRC_other	exact_allele	absent: exact allele in HPRC	exact	AFR+AMR+EAS	3	5	ACB,CLM,PEL,PUR,CHS	11	shared	False	3	7	3	0	39	30	8	2	3	0	0	0	0	0	0	2	3	2	3	0	0	13	2	1	13	2	7	1	8	7	15	6	2	2
3387	chr3	41404226	INDEL	HG008N_absent_HPRC_other	exact_allele	absent: exact allele in HPRC	exact	AFR+AMR+EAS+SAS	4	6	ACB,MSL,PEL,CHS,KHV,PJL	9	shared	False	3	1	6	1	33	28	8	2	2	0	0	0	0	1	0	0	1	0	4	2	1	10	1	1	13	1	5	2	8	7	13	6	2	2
3398	chr3	46550377	INDEL	HG008N_absent_HPRC_other	exact_allele	absent: exact allele in HPRC	exact	AFR+AMR+EAS+SAS	4	10	ACB,ASW,ESN,GWD,MSL,CLM,PEL,PUR,CHS,PJL	21	shared	True	13	9	1	1	39	27	6	1	7	1	1	2	0	2	0	4	2	3	1	0	1	12	2	2	15	1	5	2	7	6	14	4	2	1
3399	chr3	46554655	SNV	HG008N_absent_HPRC_other	exact_allele	absent: exact allele in HPRC	exact	AFR+AMR	2	4	ACB,GWD,MSL,PUR	10	shared	False	11	1	0	0	40	30	8	2	2	0	0	5	0	4	0	0	0	1	0	0	0	13	1	1	14	1	8	2	8	8	14	6	2	2
3422	chr3	53984969	SNV	other_ambiguous		ambiguous	exact	none	0	0		0	none	False	0	0	0	0	10	13	1	0	0	0	0	0	0	0	0	0	0	0	0	0	0	4	0	0	4	0	1	1	3	4	6	1	0	0
3425	chr3	54774629	INDEL	HG008N_absent_HPRC_other	exact_allele	absent: exact allele in HPRC	exact	AFR	1	4	ACB,ESN,GWD,MSL	9	one superpopulation	False	11	0	0	0	37	31	8	2	5	0	1	4	0	1	0	0	0	0	0	0	0	11	1	2	14	2	5	2	7	8	16	6	2	2
3437	chr3	56266131	INDEL	HG008N_absent_HPRC_other	exact_allele	absent: exact allele in HPRC	exact	AMR+EAS	2	3	CLM,PEL,CHS	4	shared	False	0	3	1	0	46	32	8	2	0	0	0	0	0	0	0	1	2	0	1	0	0	14	2	2	16	2	8	2	8	8	16	6	2	2
3440	chr3	57171953	INDEL	HG008N_absent_HPRC_other	exact_allele	absent: exact allele in HPRC	exact	AFR+AMR+EAS	3	10	ACB,ASW,GWD,MKK,MSL,YRI,CLM,PEL,PUR,CHS	20	shared	False	20	4	3	0	41	26	8	2	8	2	0	6	1	1	2	1	1	2	3	0	0	13	2	2	14	2	6	2	7	8	11	6	2	2
3442	chr3	57483950	INDEL	HG008N_absent_HPRC_other	exact_allele	absent: exact allele in HPRC	exact	AFR+AMR+SAS	3	9	ACB,ESN,GWD,MKK,MSL,CLM,PEL,PUR,PJL	19	shared	False	14	6	0	1	44	30	8	2	4	0	1	4	2	3	0	3	1	2	0	0	1	14	2	2	16	2	8	0	8	8	14	6	2	2
3452	chr3	59106081	INDEL	HG008N_absent_HPRC_other	exact_allele	absent: exact allele in HPRC	exact	AFR+SAS	2	4	ESN,GWD,MSL,PJL	11	shared	False	10	0	0	1	40	26	8	2	0	0	1	6	0	3	0	0	0	0	0	0	1	10	2	2	14	2	8	2	6	8	12	6	2	2
3462	chr3	60124041	INDEL	other_ambiguous		ambiguous	exact	none	0	0		0	none	False	0	0	0	0	25	11	4	1	0	0	0	0	0	0	0	0	0	0	0	0	0	7	1	1	7	1	6	2	4	0	7	4	0	1
3473	chr3	62737474	INDEL	HG008N_absent_HPRC_other	exact_allele	absent: exact allele in HPRC	exact	AFR+EAS	2	2	GWD,CHS	3	shared	False	1	0	2	0	44	31	8	2	0	0	0	1	0	0	0	0	0	0	2	0	0	12	2	2	16	2	8	2	8	7	16	6	2	2
3480	chr3	64720865	INDEL	HG008N_absent_HPRC_other	exact_allele	absent: exact allele in HPRC	exact	AFR+AMR+EAS	3	7	ACB,GWD,MSL,YRI,PEL,PUR,CHS	12	shared	False	9	5	1	0	45	32	8	2	2	0	0	3	0	2	2	0	1	4	1	0	0	14	2	2	16	2	7	2	8	8	16	6	2	2
3481	chr3	66018113	INDEL	HG008N_absent_HPRC_other	exact_allele	absent: exact allele in HPRC	exact	AFR+AMR+EAS	3	8	ACB,ASW,ESN,GWD,MSL,PUR,CHS,KHV	14	shared	True	9	5	3	0	27	22	5	1	5	1	1	1	0	1	0	0	0	5	1	2	0	10	2	2	7	1	4	1	7	4	11	3	2	1
3488	chr3	68370311	INDEL	other_ambiguous		ambiguous	exact	none	0	0		0	none	False	0	0	0	0	19	20	3	1	0	0	0	0	0	0	0	0	0	0	0	0	0	7	1	1	7	1	2	0	6	3	11	2	1	1
3491	chr3	69304175	INDEL	HG008N_absent_HPRC_other	exact_allele	absent: exact allele in HPRC	exact	AFR+AMR+EAS+SAS	4	9	ACB,GWD,MSL,YRI,CLM,PEL,PUR,CHS,PJL	18	shared	True	7	14	1	1	39	31	8	2	2	0	0	3	0	1	1	6	4	4	1	0	1	12	2	1	14	1	7	2	8	7	16	6	2	2
3497	chr3	70143298	INDEL	HG008N_absent_HPRC_other	exact_allele	absent: exact allele in HPRC	exact	AFR+AMR+EAS+SAS	4	9	ACB,GWD,MSL,CLM,PEL,PUR,CHS,KHV,PJL	24	shared	False	13	10	6	1	43	31	8	2	6	0	0	6	0	1	0	3	4	3	4	2	1	13	1	1	16	2	8	2	7	8	16	6	2	2
3504	chr3	71887167	INDEL	HG008N_absent_HPRC_other	exact_allele	absent: exact allele in HPRC	exact	AFR+AMR	2	4	ACB,MSL,PEL,PUR	8	shared	False	5	4	0	0	41	32	8	2	3	0	0	0	0	2	0	0	1	3	0	0	0	13	2	2	15	2	6	1	8	8	16	6	2	2
3509	chr3	72984601	INDEL	HG008N_absent_HPRC_other	exact_allele	absent: exact allele in HPRC	exact	AFR+AMR+EAS	3	6	ACB,GWD,MSL,PEL,PUR,KHV	12	shared	True	4	8	1	0	44	32	8	2	2	0	0	1	0	1	0	0	3	5	0	1	0	13	2	2	15	2	8	2	8	8	16	6	2	2
3511	chr3	73190297	SNV	HG008N_absent_HPRC_other	exact_allele	absent: exact allele in HPRC	exact	AFR+AMR+EAS+SAS	4	11	ACB,ASW,GWD,MSL,YRI,CLM,PEL,PUR,CHS,KHV,PJL	24	shared	False	11	11	6	1	44	29	8	2	1	2	0	5	0	2	1	5	2	4	4	2	1	12	2	2	16	2	8	2	8	8	13	6	2	2
3524	chr3	74987379	INDEL	HG008N_absent_HPRC_other	exact_allele	absent: exact allele in HPRC	exact	AFR+AMR+EAS+SAS	4	8	ACB,GWD,CLM,PEL,PUR,CHS,KHV,PJL	19	shared	False	5	16	3	1	46	32	8	2	1	0	0	4	0	0	0	4	8	4	1	2	1	14	2	2	16	2	8	2	8	8	16	6	2	2
3527	chr3	75240109	INDEL	HG008N_absent_HPRC_other	exact_allele	absent: exact allele in HPRC	exact	AFR+AMR+EAS+SAS	4	13	ACB,ASW,ESN,GWD,MKK,MSL,YRI,CLM,PEL,PUR,CHS,KHV,PJL	36	shared	False	25	20	3	2	39	31	8	2	8	1	1	9	2	2	2	4	7	9	2	1	2	12	1	2	15	2	5	2	8	8	15	6	2	2
3536	chr3	76901568	INDEL	HG008N_absent_HPRC_other	exact_allele	absent: exact allele in HPRC	exact	AFR+AMR+EAS+SAS	4	12	ACB,ESN,GWD,MKK,MSL,YRI,CLM,PEL,PUR,CHS,KHV,PJL	28	shared	True	17	9	4	2	43	28	6	2	6	0	2	5	1	2	1	3	2	4	2	2	2	14	2	2	13	2	8	2	8	6	14	4	2	2
3537	chr3	76963836	INDEL	HG008N_absent_HPRC_other	exact_allele	absent: exact allele in HPRC	exact	AFR+AMR+EAS	3	10	ACB,ASW,ESN,GWD,MSL,CLM,PEL,PUR,CHS,KHV	26	shared	False	23	10	4	0	36	30	8	2	8	1	1	10	0	3	0	2	1	7	3	1	0	12	2	1	11	2	7	1	7	8	15	6	2	2
3538	chr3	76992325	INDEL	HG008N_absent_HPRC_other	exact_allele	absent: exact allele in HPRC	exact	AFR+AMR	2	4	GWD,MSL,PEL,PUR	5	shared	False	2	3	0	0	24	25	8	2	0	0	0	1	0	1	0	0	2	1	0	0	0	5	1	0	10	2	4	2	7	7	11	6	2	2
3544	chr3	77902667	INDEL	HG008N_absent_HPRC_other	exact_allele	absent: exact allele in HPRC	exact	AFR+AMR+EAS	3	9	ACB,ESN,GWD,MSL,YRI,CLM,PEL,PUR,CHS	13	shared	False	6	6	1	0	40	27	6	2	2	0	1	1	0	1	1	3	2	1	1	0	0	13	2	2	14	2	6	1	8	7	12	4	2	2
3546	chr3	78229888	INDEL	HG008N_absent_HPRC_other	exact_allele	absent: exact allele in HPRC	exact	AFR+AMR	2	5	MKK,YRI,CLM,PEL,PUR	6	shared	False	2	4	0	0	35	29	7	2	0	0	0	0	1	0	1	2	1	1	0	0	0	11	2	0	12	2	7	1	7	6	16	6	1	2
3551	chr3	78860326	INDEL	HG008N_absent_HPRC_other	exact_allele	absent: exact allele in HPRC	exact	AFR	1	2	ACB,GWD	3	one superpopulation	False	4	0	0	0	17	27	8	2	3	0	0	1	0	0	0	0	0	0	0	0	0	5	1	0	7	1	3	0	7	7	13	6	2	2
3578	chr3	82690434	INDEL	HG008N_absent_HPRC_other	exact_allele	absent: exact allele in HPRC	exact	AFR	1	6	ACB,ASW,ESN,GWD,MSL,YRI	9	one superpopulation	False	10	0	0	0	46	32	8	2	1	1	1	3	0	3	1	0	0	0	0	0	0	14	2	2	16	2	8	2	8	8	16	6	2	2
3582	chr3	82930049	INDEL	HG008N_absent_HPRC_other	exact_allele	absent: exact allele in HPRC	exact	AMR	1	1	PUR	1	one individual	False	0	2	0	0	21	26	7	2	0	0	0	0	0	0	0	0	0	2	0	0	0	8	0	1	6	1	3	2	6	6	14	6	1	2
3592	chr3	84619766	INDEL	HG008N_absent_HPRC_other	exact_allele	absent: exact allele in HPRC	exact	AFR+AMR+EAS	3	5	ACB,ASW,MSL,PUR,CHS	6	shared	False	3	2	1	0	29	21	6	0	1	1	0	0	0	1	0	0	0	2	1	0	0	10	2	1	9	0	5	2	4	6	11	4	2	0
3594	chr3	84664989	INDEL	HG008N_absent_HPRC_other	exact_allele	absent: exact allele in HPRC	exact	EAS	1	1	CHS	1	one individual	False	0	0	1	0	28	14	5	0	0	0	0	0	0	0	0	0	0	0	1	0	0	4	0	1	11	2	8	2	4	5	5	3	2	0
3595	chr3	84775592	INDEL	HG008N_absent_HPRC_other	exact_allele	absent: exact allele in HPRC	exact	AFR+AMR+SAS	3	9	ACB,ASW,GWD,MSL,YRI,CLM,PEL,PUR,PJL	19	shared	False	12	9	0	1	43	31	7	2	5	1	0	4	0	1	1	2	3	4	0	0	1	13	2	2	15	2	7	2	8	8	15	5	2	2
3596	chr3	84782460	INDEL	HG008N_absent_HPRC_other	exact_allele	absent: exact allele in HPRC	exact	AFR+AMR+EAS	3	8	ACB,ASW,GWD,MKK,MSL,CLM,PEL,CHS	11	shared	False	9	2	1	0	46	32	8	2	4	1	0	2	1	1	0	1	1	0	1	0	0	14	2	2	16	2	8	2	8	8	16	6	2	2
3597	chr3	84909000	INDEL	other_ambiguous		ambiguous	exact	none	0	0		0	none	False	0	0	0	0	2	1	1	0	0	0	0	0	0	0	0	0	0	0	0	0	0	0	0	0	0	0	2	0	0	1	0	1	0	0
3598	chr3	84919515	INDEL	other_ambiguous		ambiguous	exact	AFR+AMR+SAS	3	7	ACB,ESN,GWD,MKK,CLM,PUR,PJL	15	shared	False	9	8	0	1	46	32	8	2	2	0	1	4	2	0	0	3	0	5	0	0	1	14	2	2	16	2	8	2	8	8	16	6	2	2
3600	chr3	85066381	INDEL	HG008N_absent_HPRC_other	exact_allele	absent: exact allele in HPRC	exact	AFR+AMR+EAS	3	7	ACB,GWD,MSL,CLM,PEL,PUR,CHS	22	shared	False	12	11	1	0	45	32	8	2	5	0	0	4	0	3	0	4	5	2	1	0	0	14	2	2	16	2	8	1	8	8	16	6	2	2
3605	chr3	86092619	INDEL	HG008N_absent_HPRC_other	exact_allele	absent: exact allele in HPRC	exact	AFR+AMR	2	7	ACB,ASW,GWD,MSL,CLM,PEL,PUR	11	shared	False	8	4	0	0	42	32	7	2	3	1	0	3	0	1	0	1	1	2	0	0	0	13	2	2	14	1	8	2	8	8	16	5	2	2
3611	chr3	86446433	INDEL	other_ambiguous		ambiguous	exact	none	0	0		0	none	False	0	0	0	0	2	6	2	1	0	0	0	0	0	0	0	0	0	0	0	0	0	1	0	0	1	0	0	0	2	1	3	2	0	1
3613	chr3	86817151	INDEL	HG008N_absent_HPRC_other	exact_allele	absent: exact allele in HPRC	exact	AFR+AMR	2	6	ACB,ASW,ESN,GWD,MSL,PUR	8	shared	False	9	1	0	0	41	31	8	2	2	2	2	2	0	1	0	0	0	1	0	0	0	12	2	2	15	2	6	2	7	8	16	6	2	2
3614	chr3	86966773	INDEL	HG008N_absent_HPRC_other	exact_allele	absent: exact allele in HPRC	exact	AFR+AMR	2	6	ACB,GWD,MSL,CLM,PEL,PUR	9	shared	False	5	5	0	0	33	25	6	0	1	0	0	2	0	2	0	1	2	2	0	0	0	11	1	0	11	2	6	2	7	5	13	4	2	0
3621	chr3	88017231	INDEL	HG008N_absent_HPRC_other	exact_allele	absent: exact allele in HPRC	exact	AFR+AMR+EAS	3	4	ACB,MSL,PUR,CHS	10	shared	True	6	4	1	0	29	18	6	1	2	0	0	0	0	4	0	0	0	4	1	0	0	10	1	0	11	1	4	2	3	4	11	5	1	1
3631	chr3	89864061	INDEL	HG008N_absent_HPRC_other	exact_allele	absent: exact allele in HPRC	exact	AFR	1	5	ACB,ASW,ESN,GWD,MSL	8	one superpopulation	False	9	0	0	0	46	32	7	2	2	1	2	2	0	2	0	0	0	0	0	0	0	14	2	2	16	2	8	2	8	8	16	5	2	2
3639	chr3	94202347	INDEL	HG008N_absent_HPRC_other	exact_allele	absent: exact allele in HPRC	exact	AFR+AMR	2	5	ACB,GWD,MSL,CLM,PEL	9	shared	False	5	4	0	0	42	29	8	2	2	0	0	2	0	1	0	2	2	0	0	0	0	13	2	2	15	2	6	2	7	7	15	6	2	2
3653	chr3	95731195	INDEL	HG008N_absent_HPRC_other	exact_allele	absent: exact allele in HPRC	exact	AFR	1	4	ACB,GWD,MKK,MSL	5	one superpopulation	False	5	0	0	0	41	30	8	2	2	0	0	1	1	1	0	0	0	0	0	0	0	12	1	2	14	2	8	2	8	8	14	6	2	2
3659	chr3	95877383	INDEL	HG008N_absent_HPRC_other	exact_allele	absent: exact allele in HPRC	exact	AFR+AMR+EAS	3	6	ACB,GWD,MKK,PEL,PUR,CHS	8	shared	True	4	3	1	0	40	32	8	2	2	0	0	1	1	0	0	0	1	2	1	0	0	13	2	1	13	2	7	2	8	8	16	6	2	2
3669	chr3	96762166	INDEL	HG008N_absent_HPRC_other	exact_allele	absent: exact allele in HPRC	exact	AFR+AMR	2	6	ACB,GWD,MKK,MSL,YRI,PUR	11	shared	False	10	3	0	0	39	30	8	2	3	0	0	3	1	2	1	0	0	3	0	0	0	13	0	2	14	2	6	2	7	7	16	6	2	2
3677	chr3	97500293	SNV	HG008N_absent_HPRC_other	exact_allele	absent: exact allele in HPRC	exact	AFR+AMR	2	6	ACB,ESN,GWD,MSL,CLM,PEL	12	shared	False	10	5	0	0	40	28	8	2	2	0	2	5	0	1	0	1	4	0	0	0	0	12	2	2	15	1	6	2	5	8	15	6	2	2
3682	chr3	97946586	INDEL	HG008N_absent_HPRC_other	exact_allele	absent: exact allele in HPRC	exact	AFR+AMR	2	5	ACB,ESN,GWD,MKK,PUR	7	shared	False	6	2	0	0	27	30	8	2	1	0	1	2	2	0	0	0	0	2	0	0	0	5	2	2	10	2	5	1	8	8	14	6	2	2
3684	chr3	98094223	INDEL	HG008N_absent_HPRC_other	exact_allele	absent: exact allele in HPRC	exact	AFR+AMR+EAS+SAS	4	7	ACB,ASW,GWD,MSL,PUR,CHS,PJL	19	shared	False	17	1	2	1	30	22	5	2	7	1	0	6	0	3	0	0	0	1	2	0	1	11	2	0	9	2	4	2	7	7	8	4	1	2
3689	chr3	98652795	INDEL	HG008N_absent_HPRC_other	exact_allele	absent: exact allele in HPRC	exact	AFR	1	2	GWD,MSL	5	one superpopulation	False	6	0	0	0	42	31	8	2	0	0	0	4	0	2	0	0	0	0	0	0	0	13	2	1	15	2	7	2	8	8	15	6	2	2
3691	chr3	98709552	INDEL	HG008N_absent_HPRC_other	exact_allele	absent: exact allele in HPRC	exact	AFR+AMR	2	6	ACB,ASW,GWD,MSL,PEL,PUR	10	shared	False	7	3	0	0	39	32	8	2	1	1	0	4	0	1	0	0	1	2	0	0	0	13	2	2	13	1	6	2	8	8	16	6	2	2
3697	chr3	99141145	SNV	HG008N_absent_HPRC_other	exact_allele	absent: exact allele in HPRC	exact	AFR+AMR	2	5	ACB,GWD,MSL,YRI,PUR	8	shared	False	7	2	0	0	46	31	7	2	1	0	0	3	0	2	1	0	0	2	0	0	0	14	2	2	16	2	8	2	8	8	15	6	1	2
3740	chr3	102678222	INDEL	HG008N_absent_HPRC_other	exact_allele	absent: exact allele in HPRC	exact	AFR+AMR	2	9	ACB,ASW,ESN,GWD,MKK,MSL,CLM,PEL,PUR	14	shared	False	12	3	0	0	43	30	8	2	3	1	2	3	1	2	0	1	1	1	0	0	0	12	2	2	15	2	8	2	8	6	16	6	2	2
3742	chr3	103010435	INDEL	HG008N_absent_HPRC_other	exact_allele	absent: exact allele in HPRC	exact	AFR+AMR	2	6	ACB,GWD,MKK,MSL,PEL,PUR	11	shared	False	6	5	0	0	20	17	6	2	1	0	0	3	1	1	0	0	1	4	0	0	0	6	0	1	6	1	5	1	5	4	8	5	1	2
3750	chr3	103489596	INDEL	HG008N_absent_HPRC_other	exact_allele	absent: exact allele in HPRC	exact	AFR+AMR	2	5	ACB,ESN,GWD,MSL,PUR	8	shared	False	8	1	0	0	44	32	5	2	2	0	1	1	0	4	0	0	0	1	0	0	0	13	2	2	15	2	8	2	8	8	16	4	1	2
3753	chr3	103757422	INDEL	HG008N_absent_HPRC_other	recombinant_pieces	absent: only the nodes in HPRC	nodes	none	0	0		0	none	False	0	0	0	0	17	16	3	2	0	0	0	0	0	0	0	0	0	0	0	0	0	4	0	0	6	2	4	1	3	2	11	1	2	2
3755	chr3	103824989	INDEL	HG008N_absent_HPRC_other	exact_allele	absent: exact allele in HPRC	exact	AFR+AMR	2	8	ACB,ASW,GWD,MKK,MSL,YRI,PEL,PUR	13	shared	False	12	2	0	0	41	28	8	2	2	1	0	4	2	2	1	0	1	1	0	0	0	11	2	1	15	2	8	2	7	7	14	6	2	2
3772	chr3	105059627	INDEL	HG008N_absent_HPRC_other	exact_allele	absent: exact allele in HPRC	exact	AFR+AMR	2	7	ACB,ESN,GWD,MSL,CLM,PEL,PUR	14	shared	True	10	6	0	0	26	28	6	0	4	0	2	3	0	1	0	1	1	4	0	0	0	8	1	2	10	1	4	0	8	6	14	5	1	0
3786	chr3	107014039	INDEL	HG008N_absent_HPRC_other	exact_allele	absent: exact allele in HPRC	exact	AFR+AMR+EAS	3	9	ACB,ESN,GWD,MKK,MSL,CLM,PEL,PUR,CHS	17	shared	False	10	6	2	0	45	32	8	2	1	0	1	5	1	2	0	1	4	1	2	0	0	13	2	2	16	2	8	2	8	8	16	6	2	2
3792	chr3	109359368	INDEL	HG008N_absent_HPRC_other	exact_allele	absent: exact allele in HPRC	exact	AFR+AMR+EAS	3	7	ACB,GWD,MKK,MSL,CLM,CHS,KHV	9	shared	False	4	2	3	0	46	32	8	2	1	0	0	1	1	1	0	2	0	0	2	1	0	14	2	2	16	2	8	2	8	8	16	6	2	2
3796	chr3	109552631	INDEL	HG008N_absent_HPRC_other	exact_allele	absent: exact allele in HPRC	exact	AFR	1	4	ACB,ESN,GWD,MSL	8	one superpopulation	False	11	0	0	0	45	30	8	2	2	0	2	6	0	1	0	0	0	0	0	0	0	14	2	2	16	2	7	2	7	7	16	6	2	2
3814	chr3	112530415	SNV	HG008N_absent_HPRC_other	exact_allele	absent: exact allele in HPRC	exact	AFR+AMR+SAS	3	4	ESN,CLM,PUR,PJL	5	shared	False	1	4	0	2	40	29	7	2	0	0	1	0	0	0	0	1	0	3	0	0	2	12	2	2	13	2	7	2	7	7	15	6	1	2
3817	chr3	112946032	INDEL	HG008N_absent_HPRC_other	exact_allele	absent: exact allele in HPRC	exact	AFR+AMR+EAS+SAS	4	10	ACB,ASW,ESN,GWD,MSL,CLM,PUR,CHS,KHV,PJL	20	shared	False	10	7	5	2	41	32	8	2	1	1	2	5	0	1	0	3	0	4	4	1	2	11	2	2	15	1	8	2	8	8	16	6	2	2
3822	chr3	114347077	INDEL	HG008N_present_broad	other_hap_only	HG008-N present, broad	exact	AFR+AMR+EAS+SAS	4	9	ACB,GWD,MSL,CLM,PEL,PUR,CHS,KHV,PJL	23	shared	True	6	14	7	2	33	23	8	2	1	0	0	3	0	2	0	3	5	6	6	1	2	8	2	2	13	1	7	0	5	6	12	6	2	2
3827	chr3	115546399	INDEL	HG008N_absent_HPRC_other	exact_allele	absent: exact allele in HPRC	exact	AFR+AMR+EAS	3	12	ACB,ASW,ESN,GWD,MKK,MSL,YRI,CLM,PEL,PUR,CHS,KHV	28	shared	False	20	14	3	0	45	32	8	2	5	1	1	8	1	3	1	2	6	6	1	2	0	14	2	2	15	2	8	2	8	8	16	6	2	2
3829	chr3	116019157	INDEL	HG008N_absent_HPRC_other	exact_allele	absent: exact allele in HPRC	exact	AFR+AMR+EAS+SAS	4	8	ACB,GWD,MSL,CLM,PEL,PUR,CHS,PJL	13	shared	False	5	9	2	2	43	31	8	2	2	0	0	2	0	1	0	2	2	5	2	0	2	14	2	2	14	2	8	1	8	8	15	6	2	2
3831	chr3	116221150	INDEL	HG008N_absent_HPRC_other	exact_allele	absent: exact allele in HPRC	exact	AFR+AMR+EAS+SAS	4	11	ACB,GWD,MKK,MSL,YRI,CLM,PEL,PUR,CHS,KHV,PJL	18	shared	True	10	6	5	2	32	25	8	2	1	0	0	6	1	1	1	2	2	2	3	2	2	12	0	1	11	2	4	2	7	5	13	6	2	2
3833	chr3	116498132	INDEL	HG008N_absent_HPRC_other	exact_allele	absent: exact allele in HPRC	exact	AFR+AMR+EAS+SAS	4	8	ACB,GWD,MSL,CLM,PEL,PUR,CHS,PJL	17	shared	True	7	9	1	1	38	26	4	1	4	0	0	2	0	1	0	3	1	5	1	0	1	13	2	0	12	2	7	2	7	7	12	4	0	1
3834	chr3	116563552	INDEL	HG008N_absent_HPRC_other	exact_allele	absent: exact allele in HPRC	exact	AFR	1	1	ACB	1	one individual	False	1	0	0	0	34	29	8	2	1	0	0	0	0	0	0	0	0	0	0	0	0	12	1	1	10	2	7	1	8	8	13	6	2	2
3835	chr3	116675736	INDEL	HG008N_absent_HPRC_other	exact_allele	absent: exact allele in HPRC	exact	AFR+AMR+EAS	3	5	ACB,GWD,MSL,PUR,KHV	8	shared	False	6	2	1	0	45	31	7	2	2	0	0	2	0	2	0	0	0	2	0	1	0	14	2	2	16	2	8	1	7	8	16	5	2	2
3840	chr3	116818074	INDEL	HG008N_present_broad	other_hap_only	HG008-N present, broad	exact	AFR+AMR+EAS+SAS	4	12	ACB,ASW,GWD,MKK,MSL,YRI,CLM,PEL,PUR,CHS,KHV,PJL	40	shared	False	31	25	8	2	45	32	8	2	7	2	0	11	1	8	2	7	6	12	6	2	2	13	2	2	16	2	8	2	8	8	16	6	2	2
3850	chr3	117559606	INDEL	HG008N_absent_HPRC_other	exact_allele	absent: exact allele in HPRC	exact	AFR+AMR+EAS	3	8	ACB,ESN,GWD,MSL,YRI,CLM,PUR,CHS	18	shared	False	18	3	1	0	41	31	8	1	9	0	1	5	0	1	2	1	0	2	1	0	0	14	2	2	13	1	7	2	7	8	16	6	2	1
3855	chr3	117694300	INDEL	HG008N_absent_HPRC_other	exact_allele	absent: exact allele in HPRC	exact	AMR+EAS	2	4	CLM,PEL,PUR,CHS	7	shared	True	0	8	1	0	39	27	5	2	0	0	0	0	0	0	0	3	4	1	1	0	0	14	2	2	13	1	5	2	8	8	11	4	1	2
3860	chr3	118125763	INDEL	HG008N_absent_HPRC_other	exact_allele	absent: exact allele in HPRC	exact	AFR+AMR+EAS+SAS	4	10	ACB,ASW,GWD,MKK,MSL,CLM,PEL,PUR,CHS,PJL	21	shared	True	11	12	4	1	43	32	8	2	3	1	0	5	1	1	0	5	3	4	4	0	1	14	2	2	15	2	6	2	8	8	16	6	2	2
3861	chr3	118180974	INDEL	HG008N_present_rare	other_hap_only	HG008-N present, rare	exact	AFR+AMR	2	4	ACB,GWD,CLM,PUR	13	shared	True	7	8	0	0	44	31	8	2	3	0	0	4	0	0	0	4	0	4	0	0	0	14	1	2	16	2	7	2	8	8	15	6	2	2
3864	chr3	118588854	INDEL	HG008N_absent_HPRC_other	recombinant_pieces	absent: only the nodes in HPRC	nodes	none	0	0		0	none	False	0	0	0	0	13	14	5	0	0	0	0	0	0	0	0	0	0	0	0	0	0	4	1	0	4	1	2	1	5	4	5	4	1	0
3871	chr3	118778861	INDEL	other_ambiguous		ambiguous	exact	none	0	0		0	none	False	0	0	0	0	28	24	5	2	0	0	0	0	0	0	0	0	0	0	0	0	0	9	0	2	10	1	5	1	5	6	13	3	2	2
3872	chr3	118778871	SNV	other_ambiguous		ambiguous	exact	none	0	0		0	none	False	0	0	0	0	28	24	5	2	0	0	0	0	0	0	0	0	0	0	0	0	0	9	0	2	10	1	5	1	5	6	13	3	2	2
3873	chr3	118778876	SNV	other_ambiguous		ambiguous	exact	none	0	0		0	none	False	0	0	0	0	28	24	5	2	0	0	0	0	0	0	0	0	0	0	0	0	0	9	0	2	10	1	5	1	5	6	13	3	2	2
3886	chr3	119645566	INDEL	HG008N_absent_HPRC_other	exact_allele	absent: exact allele in HPRC	exact	AFR+AMR+EAS+SAS	4	11	ACB,ASW,GWD,MKK,MSL,YRI,CLM,PEL,PUR,KHV,PJL	18	shared	False	14	7	1	1	42	31	8	2	5	2	0	3	1	2	1	2	4	1	0	1	1	12	2	1	16	2	7	2	7	8	16	6	2	2
3889	chr3	119960151	INDEL	HG008N_absent_HPRC_other	exact_allele	absent: exact allele in HPRC	exact	AFR+AMR+EAS	3	9	ACB,ASW,ESN,GWD,MSL,YRI,CLM,PUR,CHS	23	shared	True	15	9	3	0	45	30	7	2	7	1	1	4	0	1	1	5	0	4	3	0	0	14	2	2	15	2	8	2	7	8	15	6	1	2
3899	chr3	121194909	INDEL	HG008N_absent_HPRC_other	exact_allele	absent: exact allele in HPRC	exact	AFR+AMR+EAS+SAS	4	10	ACB,ASW,GWD,MKK,MSL,PEL,PUR,CHS,KHV,PJL	13	shared	False	6	6	3	1	45	28	8	2	1	1	0	1	2	1	0	0	2	4	1	2	1	14	2	2	16	2	7	2	7	7	14	6	2	2
3900	chr3	121203071	INDEL	HG008N_absent_HPRC_other	exact_allele	absent: exact allele in HPRC	exact	AFR+AMR+EAS	3	6	ACB,GWD,MKK,MSL,PUR,KHV	8	shared	False	5	2	2	0	45	28	7	1	1	0	0	1	1	2	0	0	0	2	0	2	0	14	2	2	16	2	7	2	8	6	14	5	2	1
3917	chr3	123426310	SNV	HG008N_absent_HPRC_other	element_set_other_allele	absent: only the nodes in HPRC	nodes	AFR+AMR+EAS+SAS	4	11	ACB,ASW,ESN,GWD,MKK,MSL,CLM,PEL,PUR,CHS,PJL	35	shared	True	25	22	4	2	36	32	8	2	4	2	1	11	2	5	0	5	2	15	4	0	2	10	2	1	14	2	6	1	8	8	16	6	2	2
3919	chr3	123426314	INDEL	HG008N_absent_HPRC_other	exact_allele	absent: exact allele in HPRC	exact	AFR+AMR+EAS	3	4	ACB,PEL,CHS,KHV	6	shared	False	1	3	4	0	36	32	8	2	1	0	0	0	0	0	0	0	3	0	2	2	0	10	2	1	14	2	6	1	8	8	16	6	2	2
3931	chr3	125036209	INDEL	HG008N_absent_HPRC_other	exact_allele	absent: exact allele in HPRC	exact	AFR+AMR+EAS+SAS	4	8	ACB,GWD,CLM,PEL,PUR,CHS,KHV,PJL	15	shared	True	2	11	3	1	41	26	8	2	1	0	0	1	0	0	0	6	2	3	2	1	1	12	2	2	13	2	8	2	7	6	13	6	2	2
3932	chr3	125768654	INDEL	HG008N_absent_HPRC_other	exact_allele	absent: exact allele in HPRC	exact	AFR+AMR	2	4	ACB,GWD,MSL,PUR	8	shared	False	7	3	0	0	34	30	8	2	3	0	0	3	0	1	0	0	0	3	0	0	0	8	2	1	15	2	5	1	8	8	14	6	2	2
3933	chr3	126197945	INDEL	HG008N_present_broad	other_hap_only	HG008-N present, broad	exact	AFR+AMR+EAS	3	9	ACB,ASW,GWD,MSL,CLM,PEL,PUR,CHS,KHV	28	shared	True	15	14	6	0	44	32	7	2	7	2	0	3	0	3	0	4	3	7	4	2	0	13	2	2	16	1	8	2	8	8	16	5	2	2
3938	chr3	126636925	INDEL	HG008N_absent_HPRC_other	exact_allele	absent: exact allele in HPRC	exact	AFR+AMR	2	6	ACB,GWD,MSL,CLM,PEL,PUR	13	shared	False	8	6	0	0	45	32	8	2	4	0	0	2	0	2	0	2	1	3	0	0	0	14	2	2	15	2	8	2	8	8	16	6	2	2
3947	chr3	127658406	INDEL	HG008N_absent_HPRC_other	exact_allele	absent: exact allele in HPRC	exact	AFR+AMR	2	5	ACB,ESN,GWD,CLM,PUR	12	shared	False	10	2	0	0	36	29	8	2	5	0	1	4	0	0	0	1	0	1	0	0	0	11	2	2	13	2	4	2	7	7	15	6	2	2
3949	chr3	128046550	INDEL	HG008N_absent_HPRC_other	exact_allele	absent: exact allele in HPRC	exact	AFR+AMR+EAS+SAS	4	10	ACB,ASW,ESN,GWD,MSL,CLM,PEL,CHS,KHV,PJL	17	shared	False	12	3	3	1	42	31	8	2	3	2	2	4	0	1	0	1	2	0	2	1	1	12	2	2	14	2	8	2	8	8	15	6	2	2
3951	chr3	128511369	INDEL	HG008N_absent_HPRC_other	exact_allele	absent: exact allele in HPRC	exact	AFR+AMR+EAS	3	3	ACB,PUR,KHV	4	shared	False	2	1	1	0	35	26	8	2	2	0	0	0	0	0	0	0	0	1	0	1	0	11	2	1	13	2	5	1	6	7	13	6	2	2
3952	chr3	128564471	INDEL	HG008N_absent_HPRC_other	exact_allele	absent: exact allele in HPRC	exact	AFR+AMR+EAS	3	6	GWD,CLM,PEL,PUR,CHS,KHV	9	shared	False	3	6	2	0	29	29	7	1	0	0	0	3	0	0	0	1	4	1	1	1	0	5	1	2	13	2	5	1	7	8	14	5	2	1
3957	chr3	129702249	INDEL	HG008N_absent_HPRC_other	exact_allele	absent: exact allele in HPRC	exact	AFR+AMR	2	5	ACB,ASW,GWD,MSL,PUR	11	shared	False	12	1	0	0	46	32	8	2	4	2	0	4	0	2	0	0	0	1	0	0	0	14	2	2	16	2	8	2	8	8	16	6	2	2
3964	chr3	130874109	INDEL	HG008N_absent_HPRC_other	exact_allele	absent: exact allele in HPRC	exact	AFR+AMR	2	7	ACB,ASW,ESN,GWD,MSL,CLM,PUR	14	shared	False	15	3	0	0	46	31	8	2	1	2	1	8	0	3	0	1	0	2	0	0	0	14	2	2	16	2	8	2	8	8	15	6	2	2
3967	chr3	131443957	INDEL	HG008N_absent_HPRC_other	exact_allele	absent: exact allele in HPRC	exact	AFR+AMR+SAS	3	7	ACB,ESN,GWD,MSL,CLM,PUR,PJL	9	shared	False	5	4	0	1	39	31	8	2	1	0	1	2	0	1	0	1	0	3	0	0	1	12	2	1	14	2	7	1	8	8	15	6	2	2
3979	chr3	133084122	INDEL	HG008N_absent_HPRC_other	exact_allele	absent: exact allele in HPRC	exact	AFR+AMR+EAS+SAS	4	12	ACB,ASW,GWD,MKK,MSL,YRI,CLM,PEL,PUR,CHS,KHV,PJL	30	shared	False	12	15	5	1	45	32	8	2	3	1	0	4	1	2	1	6	4	5	3	2	1	14	2	2	15	2	8	2	8	8	16	6	2	2
4005	chr3	135692832	INDEL	HG008N_absent_HPRC_other	exact_allele	absent: exact allele in HPRC	exact	AFR+AMR+EAS	3	8	ACB,ASW,GWD,MSL,CLM,PEL,PUR,CHS	15	shared	False	10	7	1	0	29	29	8	1	2	1	0	2	0	5	0	2	1	4	1	0	0	7	2	1	10	2	6	1	8	8	13	6	2	1
4016	chr3	137144915	INDEL	HG008N_absent_HPRC_other	exact_allele	absent: exact allele in HPRC	exact	AFR+AMR+EAS+SAS	4	7	ACB,GWD,MSL,CLM,PUR,KHV,PJL	9	shared	False	5	2	1	1	45	31	8	2	2	0	0	2	0	1	0	1	0	1	0	1	1	13	2	2	16	2	8	2	8	8	15	6	2	2
4019	chr3	137495081	INDEL	HG008N_absent_HPRC_other	exact_allele	absent: exact allele in HPRC	exact	AFR+AMR	2	5	ACB,ASW,GWD,YRI,PUR	8	shared	False	7	2	0	0	41	28	7	2	3	1	0	2	0	0	1	0	0	2	0	0	0	13	2	2	13	2	7	2	7	8	13	6	1	2
4036	chr3	140422189	INDEL	HG008N_absent_HPRC_other	exact_allele	absent: exact allele in HPRC	exact	AFR+AMR+EAS+SAS	4	11	ACB,ASW,ESN,GWD,MSL,YRI,CLM,PEL,PUR,CHS,PJL	23	shared	False	22	5	3	1	39	32	8	2	4	1	2	11	0	2	2	1	1	3	3	0	1	11	2	2	16	1	5	2	8	8	16	6	2	2
4038	chr3	140617693	INDEL	HG008N_absent_HPRC_other	exact_allele	absent: exact allele in HPRC	exact	AFR+AMR	2	7	ACB,ESN,GWD,MKK,MSL,YRI,PUR	14	shared	False	15	3	0	0	44	28	8	2	7	0	1	3	1	2	1	0	0	3	0	0	0	14	2	2	14	2	8	2	7	7	14	6	2	2
4040	chr3	140889892	INDEL	HG008N_absent_HPRC_other	exact_allele	absent: exact allele in HPRC	exact	AFR+AMR+EAS	3	5	ACB,MSL,CLM,PEL,CHS	9	shared	False	3	5	3	0	43	32	8	2	1	0	0	0	0	2	0	2	3	0	3	0	0	13	2	2	15	2	7	2	8	8	16	6	2	2
4055	chr3	143785845	INDEL	HG008N_absent_HPRC_other	exact_allele	absent: exact allele in HPRC	exact	AFR+AMR+EAS	3	5	ACB,CLM,PEL,PUR,KHV	12	shared	False	1	12	1	0	5	21	3	0	1	0	0	0	0	0	0	3	6	3	0	1	0	3	0	0	0	1	1	0	4	7	10	1	2	0
4065	chr3	144563280	INDEL	HG008N_absent_HPRC_other	exact_allele	absent: exact allele in HPRC	exact	AFR+AMR	2	2	GWD,PUR	2	shared	False	1	1	0	0	27	24	7	2	0	0	0	1	0	0	0	0	0	1	0	0	0	8	1	1	9	2	4	2	6	4	14	5	2	2
4066	chr3	144714251	INDEL	HG008N_absent_HPRC_other	exact_allele	absent: exact allele in HPRC	exact	AMR+SAS	2	3	PEL,PUR,PJL	7	shared	True	0	8	0	1	40	27	7	1	0	0	0	0	0	0	0	0	1	7	0	0	1	13	2	2	14	1	6	2	7	6	14	6	1	1
4072	chr3	145214225	INDEL	HG008N_absent_HPRC_other	exact_allele	absent: exact allele in HPRC	exact	AFR	1	1	GWD	1	one individual	False	1	0	0	0	34	32	8	2	0	0	0	1	0	0	0	0	0	0	0	0	0	12	2	2	11	1	4	2	8	8	16	6	2	2
4087	chr3	146392850	INDEL	HG008N_absent_HPRC_other	exact_allele	absent: exact allele in HPRC	exact	AFR+AMR	2	5	ACB,ASW,GWD,MKK,CLM	8	shared	False	7	2	0	0	46	32	8	2	3	1	0	1	2	0	0	2	0	0	0	0	0	14	2	2	16	2	8	2	8	8	16	6	2	2
4092	chr3	147261112	INDEL	HG008N_absent_HPRC_other	exact_allele	absent: exact allele in HPRC	exact	AFR+AMR	2	5	ACB,GWD,MSL,YRI,PUR	6	shared	False	4	3	0	0	36	26	5	2	1	0	0	1	0	1	1	0	0	3	0	0	0	10	2	2	12	1	7	2	6	7	13	3	2	2
4107	chr3	147987625	SNV	other_ambiguous		ambiguous	exact	none	0	0		0	none	False	0	0	0	0	45	30	8	1	0	0	0	0	0	0	0	0	0	0	0	0	0	14	2	2	16	2	7	2	8	8	14	6	2	1
4111	chr3	148846797	INDEL	other_ambiguous		ambiguous	exact	none	0	0		0	none	False	0	0	0	0	14	12	1	1	0	0	0	0	0	0	0	0	0	0	0	0	0	2	1	0	5	0	4	2	2	2	8	1	0	1
4123	chr3	150232678	INDEL	HG008N_absent_HPRC_other	exact_allele	absent: exact allele in HPRC	exact	AFR+AMR+EAS+SAS	4	9	ACB,GWD,MKK,CLM,PEL,PUR,CHS,KHV,PJL	22	shared	False	6	14	5	1	43	27	7	2	4	0	0	1	1	0	0	5	1	8	4	1	1	13	1	2	15	2	8	2	8	4	15	5	2	2
4130	chr3	151219891	INDEL	HG008N_absent_HPRC_other	exact_allele	absent: exact allele in HPRC	exact	AFR+AMR+EAS+SAS	4	9	ASW,ESN,GWD,MSL,CLM,PEL,PUR,CHS,PJL	15	shared	False	8	6	1	1	42	32	7	2	0	1	1	3	0	3	0	3	1	2	1	0	1	12	2	2	15	2	7	2	8	8	16	6	1	2
4131	chr3	151229305	INDEL	HG008N_absent_HPRC_other	exact_allele	absent: exact allele in HPRC	exact	AFR+AMR	2	6	ACB,ESN,GWD,MSL,YRI,PUR	13	shared	False	15	1	0	0	44	27	8	2	4	0	1	7	0	2	1	0	0	1	0	0	0	14	2	2	15	2	7	2	8	8	11	6	2	2
4133	chr3	151463523	INDEL	HG008N_absent_HPRC_other	exact_allele	absent: exact allele in HPRC	exact	AMR	1	1	PUR	1	one individual	False	0	1	0	0	27	25	6	0	0	0	0	0	0	0	0	0	0	1	0	0	0	8	1	1	12	1	3	1	6	6	13	5	1	0
4139	chr3	152969631	INDEL	HG008N_absent_HPRC_other	exact_allele	absent: exact allele in HPRC	exact	AFR+AMR+EAS	3	7	ACB,ASW,ESN,GWD,MSL,PUR,CHS	11	shared	False	9	1	1	0	38	30	8	2	1	1	1	3	0	3	0	0	0	1	1	0	0	12	2	1	14	2	5	2	7	7	16	6	2	2
4140	chr3	153046342	INDEL	HG008N_absent_HPRC_other	exact_allele	absent: exact allele in HPRC	exact	AFR+AMR	2	4	ACB,GWD,CLM,PEL	7	shared	False	5	4	0	0	41	31	8	2	3	0	0	2	0	0	0	2	2	0	0	0	0	12	2	2	14	2	7	2	8	8	15	6	2	2
4142	chr3	153185652	INDEL	other_ambiguous		ambiguous	exact	none	0	0		0	none	False	0	0	0	0	25	9	4	1	0	0	0	0	0	0	0	0	0	0	0	0	0	6	1	2	11	1	3	1	3	1	5	3	1	1
4144	chr3	153280500	INDEL	HG008N_absent_HPRC_other	exact_allele	absent: exact allele in HPRC	exact	AMR	1	2	CLM,PUR	2	one superpopulation	False	0	2	0	0	45	32	8	2	0	0	0	0	0	0	0	1	0	1	0	0	0	14	2	2	16	2	7	2	8	8	16	6	2	2
4145	chr3	153498727	INDEL	HG008N_absent_HPRC_other	exact_allele	absent: exact allele in HPRC	exact	EAS	1	2	CHS,KHV	2	one superpopulation	False	0	0	2	0	16	20	7	0	0	0	0	0	0	0	0	0	0	0	1	1	0	4	1	2	4	0	4	1	5	5	10	5	2	0
4151	chr3	154331364	INDEL	HG008N_absent_HPRC_other	exact_allele	absent: exact allele in HPRC	exact	AFR+AMR+EAS+SAS	4	13	ACB,ASW,ESN,GWD,MKK,MSL,YRI,CLM,PEL,PUR,CHS,KHV,PJL	34	shared	False	24	16	5	1	45	32	8	2	5	2	1	9	1	4	2	4	1	11	4	1	1	14	2	2	15	2	8	2	8	8	16	6	2	2
4160	chr3	155319975	INDEL	HG008N_absent_HPRC_other	exact_allele	absent: exact allele in HPRC	exact	AFR+AMR+EAS+SAS	4	6	ACB,CLM,PUR,CHS,KHV,PJL	8	shared	False	2	3	2	1	21	27	6	1	2	0	0	0	0	0	0	1	0	2	1	1	1	8	1	2	8	0	2	0	5	8	14	5	1	1
4168	chr3	155982966	INDEL	HG008N_absent_HPRC_other	exact_allele	absent: exact allele in HPRC	exact	AFR+AMR	2	6	ACB,GWD,MKK,MSL,YRI,PEL	14	shared	False	16	1	0	0	30	31	8	2	5	0	0	5	2	3	1	0	1	0	0	0	0	10	0	0	10	2	6	2	8	8	15	6	2	2
4172	chr3	156875992	INDEL	HG008N_absent_HPRC_other	exact_allele	absent: exact allele in HPRC	exact	AFR+AMR+EAS	3	7	ACB,GWD,MSL,YRI,PEL,PUR,CHS	16	shared	False	11	8	1	0	34	32	8	2	4	0	0	3	0	2	2	0	2	6	1	0	0	12	2	1	10	1	6	2	8	8	16	6	2	2
4175	chr3	157378306	INDEL	HG008N_present_broad	other_hap_only	HG008-N present, broad	exact	AFR+AMR+EAS	3	8	ACB,ESN,GWD,MSL,CLM,PEL,PUR,CHS	17	shared	False	12	4	1	0	24	21	5	0	4	0	1	5	0	2	0	1	1	2	1	0	0	6	1	1	10	2	2	2	6	4	11	3	2	0
4177	chr3	157481467	SNV	HG008N_absent_HPRC_other	element_set_other_allele	absent: only the nodes in HPRC	nodes	AFR+AMR+EAS	3	7	ACB,ASW,GWD,CLM,PEL,PUR,CHS	7	shared	True	3	3	1	0	26	21	5	2	1	1	0	1	0	0	0	1	1	1	1	0	0	9	1	1	8	0	7	0	7	6	8	4	1	2
4179	chr3	157660807	INDEL	HG008N_absent_HPRC_other	exact_allele	absent: exact allele in HPRC	exact	AFR+AMR	2	5	ACB,ASW,GWD,MSL,PUR	5	shared	True	4	1	0	0	31	28	8	2	1	1	0	1	0	1	0	0	0	1	0	0	0	10	2	1	9	2	6	1	5	8	15	6	2	2
4186	chr3	158096889	INDEL	HG008N_absent_HPRC_other	exact_allele	absent: exact allele in HPRC	exact	AFR+AMR+SAS	3	4	ACB,ESN,PUR,PJL	4	shared	False	2	1	0	2	24	23	4	2	1	0	1	0	0	0	0	0	0	1	0	0	2	8	1	1	9	1	4	0	6	6	11	3	1	2
4198	chr3	159432327	INDEL	HG008N_absent_HPRC_other	exact_allele	absent: exact allele in HPRC	exact	AMR	1	1	PUR	1	one individual	False	0	1	0	0	39	24	6	2	0	0	0	0	0	0	0	0	0	1	0	0	0	11	2	2	13	2	7	2	7	5	12	5	1	2
4209	chr3	161246933	INDEL	HG008N_absent_HPRC_other	exact_allele	absent: exact allele in HPRC	exact	AFR+AMR+EAS+SAS	4	6	YRI,CLM,PEL,PUR,CHS,PJL	10	shared	False	1	6	2	1	41	32	7	2	0	0	0	0	0	0	1	2	1	3	2	0	1	14	1	1	14	2	7	2	8	8	16	5	2	2
4220	chr3	161954848	INDEL	HG008N_absent_HPRC_other	exact_allele	absent: exact allele in HPRC	exact	AFR+AMR+EAS	3	8	ACB,ASW,GWD,MSL,CLM,PEL,PUR,CHS	17	shared	False	12	7	1	0	39	31	8	2	6	1	0	2	0	3	0	3	1	3	1	0	0	13	2	2	12	2	7	1	8	8	15	6	2	2
4224	chr3	162315583	INDEL	HG008N_absent_HPRC_other	exact_allele	absent: exact allele in HPRC	exact	AFR+AMR	2	5	ACB,YRI,CLM,PEL,PUR	9	shared	False	2	7	0	0	46	32	8	2	1	0	0	0	0	0	1	3	1	3	0	0	0	14	2	2	16	2	8	2	8	8	16	6	2	2
4227	chr3	162462131	INDEL	other_ambiguous		ambiguous	exact	none	0	0		0	none	False	0	0	0	0	40	31	7	2	0	0	0	0	0	0	0	0	0	0	0	0	0	11	2	1	14	2	8	2	8	8	15	5	2	2
4242	chr3	163439329	INDEL	HG008N_absent_HPRC_other	exact_allele	absent: exact allele in HPRC	exact	AFR+AMR	2	6	ACB,GWD,MKK,MSL,CLM,PUR	11	shared	True	5	6	0	0	45	30	7	2	2	0	0	1	1	1	0	3	0	3	0	0	0	13	2	2	16	2	8	2	7	8	15	5	2	2
4247	chr3	163533041	INDEL	other_ambiguous		ambiguous	exact	none	0	0		0	none	False	0	0	0	0	18	5	0	0	0	0	0	0	0	0	0	0	0	0	0	0	0	4	1	1	4	1	5	2	3	0	2	0	0	0
4249	chr3	163831016	INDEL	HG008N_absent_HPRC_other	exact_allele	absent: exact allele in HPRC	exact	AFR+AMR+EAS	3	9	ACB,GWD,MSL,YRI,CLM,PEL,PUR,CHS,KHV	22	shared	True	9	12	4	0	46	32	8	2	5	0	0	2	0	1	1	1	6	5	2	2	0	14	2	2	16	2	8	2	8	8	16	6	2	2
4251	chr3	163895787	INDEL	other_ambiguous		ambiguous	exact	none	0	0		0	none	False	0	0	0	0	31	18	6	0	0	0	0	0	0	0	0	0	0	0	0	0	0	11	0	1	12	2	4	1	5	4	9	5	1	0
4265	chr3	164729653	INDEL	HG008N_absent_HPRC_other	exact_allele	absent: exact allele in HPRC	exact	AFR+AMR	2	7	ACB,ASW,ESN,GWD,MKK,MSL,PUR	17	shared	False	19	2	0	0	42	31	8	2	5	1	1	9	1	2	0	0	0	2	0	0	0	13	2	2	15	1	7	2	8	8	15	6	2	2
4286	chr3	165269170	INDEL	HG008N_absent_HPRC_other	exact_allele	absent: exact allele in HPRC	exact	AFR	1	4	ACB,ESN,GWD,MSL	12	one superpopulation	False	14	0	0	0	43	25	8	2	3	0	2	7	0	2	0	0	0	0	0	0	0	13	2	2	15	1	8	2	4	8	13	6	2	2
4298	chr3	166065391	INDEL	HG008N_absent_HPRC_other	exact_allele	absent: exact allele in HPRC	exact	AFR+AMR+EAS	3	8	ACB,GWD,MKK,MSL,CLM,PEL,PUR,KHV	15	shared	False	11	7	1	0	39	28	8	1	3	0	0	3	2	3	0	3	1	3	0	1	0	10	1	2	15	2	7	2	8	8	12	6	2	1
4306	chr3	166670601	INDEL	HG008N_absent_HPRC_other	exact_allele	absent: exact allele in HPRC	exact	AFR+AMR	2	8	ACB,ASW,ESN,GWD,MSL,CLM,PEL,PUR	21	shared	False	18	10	0	0	42	32	8	1	6	2	1	6	0	3	0	2	3	5	0	0	0	13	2	2	14	2	7	2	8	8	16	6	2	1
4309	chr3	166897395	INDEL	HG008N_absent_HPRC_other	exact_allele	absent: exact allele in HPRC	exact	AFR+AMR	2	4	ACB,ESN,GWD,PUR	4	shared	False	3	2	0	0	41	32	8	2	1	0	1	1	0	0	0	0	0	2	0	0	0	11	1	2	16	2	7	2	8	8	16	6	2	2
4313	chr3	167150162	INDEL	HG008N_absent_HPRC_other	exact_allele	absent: exact allele in HPRC	exact	AFR+AMR+EAS+SAS	4	12	ACB,ASW,ESN,GWD,MKK,MSL,YRI,CLM,PEL,PUR,CHS,PJL	29	shared	False	21	16	3	1	45	22	7	2	3	1	1	7	2	6	1	5	4	7	3	0	1	13	2	2	16	2	8	2	8	6	8	6	1	2
4315	chr3	167323236	INDEL	HG008N_absent_HPRC_other	recombinant_pieces	absent: only the nodes in HPRC	nodes	none	0	0		0	none	False	0	0	0	0	34	22	8	2	0	0	0	0	0	0	0	0	0	0	0	0	0	9	1	1	12	2	7	2	6	7	9	6	2	2
4319	chr3	168537979	INDEL	HG008N_absent_HPRC_other	exact_allele	absent: exact allele in HPRC	exact	AFR+AMR+EAS	3	4	GWD,CLM,CHS,KHV	6	shared	False	2	1	3	0	23	28	6	2	0	0	0	2	0	0	0	1	0	0	2	1	0	8	1	0	8	0	5	1	7	6	15	4	2	2
4321	chr3	168920783	INDEL	HG008N_absent_HPRC_other	exact_allele	absent: exact allele in HPRC	exact	AFR	1	2	ACB,GWD	4	one superpopulation	False	4	0	0	0	40	31	8	2	3	0	0	1	0	0	0	0	0	0	0	0	0	12	2	1	14	2	7	2	8	8	15	6	2	2
4322	chr3	169149077	INDEL	HG008N_absent_HPRC_other	exact_allele	absent: exact allele in HPRC	exact	AFR+AMR	2	7	ACB,ASW,GWD,MKK,MSL,YRI,PUR	13	shared	False	13	1	0	0	42	32	8	2	1	1	0	7	1	2	1	0	0	1	0	0	0	14	2	2	14	2	6	2	8	8	16	6	2	2
4331	chr3	171347221	INDEL	HG008N_absent_HPRC_other	element_set_other_allele	absent: only the nodes in HPRC	nodes	AFR+AMR	2	4	ACB,GWD,CLM,PUR	12	shared	False	8	4	0	0	43	31	7	2	5	0	0	3	0	0	0	2	0	2	0	0	0	14	2	2	15	2	6	2	8	8	15	5	2	2
4332	chr3	171357551	INDEL	HG008N_absent_HPRC_other	exact_allele	absent: exact allele in HPRC	exact	AFR+AMR+EAS	3	9	ACB,ESN,GWD,MKK,MSL,PEL,PUR,CHS,KHV	11	shared	False	7	3	4	0	45	32	8	2	1	0	1	2	1	2	0	0	2	1	2	2	0	13	2	2	16	2	8	2	8	8	16	6	2	2
4337	chr3	172012099	INDEL	HG008N_absent_HPRC_other	exact_allele	absent: exact allele in HPRC	exact	AMR	1	1	CLM	1	one individual	False	0	1	0	0	31	24	8	0	0	0	0	0	0	0	0	1	0	0	0	0	0	11	1	0	11	1	5	2	5	7	12	6	2	0
4354	chr3	174030122	INDEL	HG008N_absent_HPRC_other	exact_allele	absent: exact allele in HPRC	exact	AFR+EAS	2	5	ACB,ESN,GWD,MSL,CHS	9	shared	False	10	0	1	0	39	29	8	2	2	0	2	5	0	1	0	0	0	0	1	0	0	11	2	2	14	2	7	1	8	8	13	6	2	2
4356	chr3	174066516	INDEL	HG008N_absent_HPRC_other	exact_allele	absent: exact allele in HPRC	exact	AFR+AMR+EAS	3	4	ACB,GWD,CLM,CHS	8	shared	False	5	3	1	0	35	27	8	1	3	0	0	2	0	0	0	3	0	0	1	0	0	12	2	2	11	2	5	1	8	5	14	6	2	1
4361	chr3	174302837	INDEL	HG008N_absent_HPRC_other	exact_allele	absent: exact allele in HPRC	exact	AFR+AMR+EAS+SAS	4	9	ACB,ASW,GWD,MSL,CLM,PEL,PUR,CHS,PJL	29	shared	False	20	12	2	1	43	30	7	1	6	1	0	10	0	3	0	2	4	6	2	0	1	13	2	2	16	1	8	1	8	7	15	5	2	1
4367	chr3	174657041	INDEL	HG008N_absent_HPRC_other	exact_allele	absent: exact allele in HPRC	exact	AFR+AMR	2	5	ACB,GWD,MSL,YRI,PUR	11	shared	False	11	4	0	0	45	32	8	1	6	0	0	1	0	2	2	0	0	4	0	0	0	14	2	1	16	2	8	2	8	8	16	6	2	1
4371	chr3	174885876	INDEL	HG008N_absent_HPRC_other	exact_allele	absent: exact allele in HPRC	exact	AFR+AMR	2	6	ACB,ASW,GWD,MSL,CLM,PUR	7	shared	False	5	2	0	0	18	12	6	1	1	1	0	1	0	2	0	1	0	1	0	0	0	5	1	0	5	2	5	0	4	2	6	5	1	1
4393	chr3	177112104	INDEL	other_ambiguous		ambiguous	exact	none	0	0		0	none	False	0	0	0	0	10	7	1	0	0	0	0	0	0	0	0	0	0	0	0	0	0	3	0	1	5	0	1	0	3	2	2	1	0	0
4394	chr3	177134945	INDEL	HG008N_absent_HPRC_other	exact_allele	absent: exact allele in HPRC	exact	AFR	1	1	GWD	1	one individual	False	1	0	0	0	18	21	6	1	0	0	0	1	0	0	0	0	0	0	0	0	0	4	1	1	6	2	2	2	5	5	11	5	1	1
4408	chr3	179023710	INDEL	HG008N_absent_HPRC_other	element_set_other_allele	absent: only the nodes in HPRC	nodes	AFR	1	2	GWD,MSL	2	one superpopulation	False	2	0	0	0	20	15	4	2	0	0	0	1	0	1	0	0	0	0	0	0	0	3	0	2	9	1	3	2	3	3	9	4	0	2
4410	chr3	179085349	INDEL	HG008N_absent_HPRC_other	exact_allele	absent: exact allele in HPRC	exact	AFR+AMR+SAS	3	6	ACB,GWD,MSL,PEL,PUR,PJL	14	shared	False	7	7	0	1	39	32	8	2	3	0	0	3	0	1	0	0	2	5	0	0	1	11	2	2	15	2	6	1	8	8	16	6	2	2
4431	chr3	180926506	INDEL	HG008N_absent_HPRC_other	exact_allele	absent: exact allele in HPRC	exact	AMR	1	2	PEL,PUR	3	one superpopulation	False	0	3	0	0	30	27	6	0	0	0	0	0	0	0	0	0	2	1	0	0	0	11	2	1	11	1	3	1	7	6	14	5	1	0
4433	chr3	181523326	INDEL	HG008N_absent_HPRC_other	exact_allele	absent: exact allele in HPRC	exact	AFR+AMR	2	6	ACB,GWD,MKK,MSL,PEL,PUR	13	shared	False	10	4	0	0	42	30	8	2	3	0	0	5	1	1	0	0	1	3	0	0	0	13	2	2	14	2	7	2	8	8	14	6	2	2
4454	chr3	185395357	INDEL	HG008N_absent_HPRC_other	exact_allele	absent: exact allele in HPRC	exact	AFR+AMR	2	5	ACB,GWD,MSL,CLM,PUR	9	shared	False	6	3	0	0	28	26	8	2	3	0	0	2	0	1	0	1	0	2	0	0	0	10	0	1	11	1	4	1	7	6	13	6	2	2
4463	chr3	186507431	INDEL	HG008N_absent_HPRC_other	exact_allele	absent: exact allele in HPRC	exact	AFR+AMR+EAS+SAS	4	10	ACB,ESN,GWD,MSL,CLM,PEL,PUR,CHS,KHV,PJL	29	shared	True	13	15	5	2	42	31	8	2	3	0	1	6	0	3	0	4	5	6	3	2	2	12	2	2	16	1	7	2	8	8	15	6	2	2
4466	chr3	187613887	INDEL	HG008N_absent_HPRC_other	exact_allele	absent: exact allele in HPRC	exact	AFR+AMR+EAS	3	8	ACB,ASW,GWD,YRI,CLM,PEL,PUR,CHS	14	shared	True	6	10	2	0	27	26	5	1	2	1	0	2	0	0	1	3	1	6	2	0	0	8	1	2	9	2	4	1	7	7	12	3	2	1
4469	chr3	188142523	INDEL	HG008N_absent_HPRC_other	element_set_other_allele	absent: only the nodes in HPRC	nodes	AMR	1	2	CLM,PUR	3	one superpopulation	False	0	3	0	0	22	19	5	1	0	0	0	0	0	0	0	1	0	2	0	0	0	8	0	1	9	1	2	1	5	4	10	4	1	1
4470	chr3	188142662	INDEL	HG008N_absent_HPRC_other	element_set_other_allele	absent: only the nodes in HPRC	nodes	AFR+AMR+EAS	3	6	ASW,ESN,MSL,CLM,PUR,CHS	7	shared	False	4	2	2	0	11	11	2	0	0	2	1	0	0	1	0	1	0	1	2	0	0	2	2	1	3	1	2	0	2	3	6	2	0	0
4472	chr3	188441612	INDEL	HG008N_absent_HPRC_other	exact_allele	absent: exact allele in HPRC	exact	AFR+AMR+EAS+SAS	4	7	MSL,CLM,PEL,PUR,CHS,KHV,PJL	14	shared	False	1	13	4	1	16	22	6	2	0	0	0	0	0	1	0	1	5	7	3	1	1	4	0	1	7	1	3	0	5	8	9	4	2	2
4525	chr3	198089706	INDEL	HG008N_absent_HPRC_other	element_set_other_allele	absent: only the nodes in HPRC	nodes	AFR	1	4	ACB,ESN,GWD,MSL	4	one superpopulation	False	4	0	0	0	20	16	1	2	1	0	1	1	0	1	0	0	0	0	0	0	0	9	1	1	6	0	2	1	3	3	10	1	0	2
4542	chr5	2088764	INDEL	HG008N_absent_HPRC_other	exact_allele	absent: exact allele in HPRC	exact	AFR+AMR+EAS+SAS	4	9	ACB,GWD,MKK,CLM,PEL,PUR,CHS,KHV,PJL	14	shared	False	5	5	3	1	33	24	8	2	1	0	0	3	1	0	0	2	1	2	2	1	1	7	2	1	15	2	4	2	7	6	11	6	2	2
4550	chr5	2461228	INDEL	HG008N_absent_HPRC_other	exact_allele	absent: exact allele in HPRC	exact	AFR+AMR+EAS	3	9	ACB,ESN,GWD,MKK,MSL,CLM,PEL,PUR,CHS	22	shared	True	12	15	1	0	45	31	8	2	4	0	1	5	1	1	0	4	5	6	1	0	0	13	2	2	16	2	8	2	8	8	15	6	2	2
4571	chr5	3679524	INDEL	HG008N_absent_HPRC_other	exact_allele	absent: exact allele in HPRC	exact	AFR+AMR	2	4	ACB,GWD,MSL,CLM	9	shared	False	9	1	0	0	42	31	8	2	3	0	0	5	0	1	0	1	0	0	0	0	0	13	2	2	15	1	7	2	8	8	15	6	2	2
4575	chr5	3857799	INDEL	HG008N_absent_HPRC_other	exact_allele	absent: exact allele in HPRC	exact	AFR+AMR+SAS	3	8	ACB,GWD,MKK,MSL,CLM,PEL,PUR,PJL	16	shared	False	7	11	0	2	41	29	7	2	2	0	0	3	1	1	0	1	3	7	0	0	2	10	2	2	15	2	8	2	8	8	13	5	2	2
4589	chr5	4643523	INDEL	HG008N_absent_HPRC_other	exact_allele	absent: exact allele in HPRC	exact	AFR+AMR+EAS+SAS	4	6	ACB,GWD,MKK,PUR,CHS,PJL	14	shared	False	8	2	4	1	45	32	8	2	5	0	0	2	1	0	0	0	0	2	4	0	1	13	2	2	16	2	8	2	8	8	16	6	2	2
4592	chr5	4811321	INDEL	HG008N_absent_HPRC_other	exact_allele	absent: exact allele in HPRC	exact	AFR+AMR	2	2	MKK,PEL	2	shared	False	1	1	0	0	11	17	7	1	0	0	0	0	1	0	0	0	1	0	0	0	0	3	1	1	5	1	0	0	5	2	10	5	2	1
4611	chr5	7673259	INDEL	HG008N_absent_HPRC_other	element_set_other_allele	absent: only the nodes in HPRC	nodes	AFR+AMR	2	6	ACB,GWD,MSL,CLM,PEL,PUR	14	shared	False	7	7	0	0	25	22	5	1	1	0	0	3	0	3	0	2	3	2	0	0	0	6	1	0	11	1	6	0	6	7	9	3	2	1
4614	chr5	8152261	INDEL	HG008N_absent_HPRC_other	exact_allele	absent: exact allele in HPRC	exact	AFR+AMR	2	7	ACB,ESN,GWD,MSL,CLM,PEL,PUR	24	shared	True	17	12	0	0	34	30	8	1	6	0	2	6	0	3	0	2	1	9	0	0	0	9	2	2	13	0	6	2	8	7	15	6	2	1
4630	chr5	9291761	INDEL	HG008N_absent_HPRC_other	exact_allele	absent: exact allele in HPRC	exact	AFR+AMR+EAS	3	10	ACB,ASW,GWD,MSL,YRI,CLM,PEL,PUR,CHS,KHV	14	shared	False	8	3	4	0	44	31	8	2	1	1	0	4	0	1	1	1	1	1	3	1	0	14	1	2	16	2	7	2	7	8	16	6	2	2
4631	chr5	9412591	INDEL	HG008N_absent_HPRC_other	exact_allele	absent: exact allele in HPRC	exact	AFR+AMR+EAS+SAS	4	10	ACB,ASW,GWD,MSL,CLM,PEL,PUR,CHS,KHV,PJL	28	shared	True	9	23	5	2	44	32	8	2	1	1	0	6	0	1	0	4	7	12	3	2	2	13	2	2	16	2	7	2	8	8	16	6	2	2
4635	chr5	9640497	INDEL	HG008N_absent_HPRC_other	exact_allele	absent: exact allele in HPRC	exact	AFR+AMR+EAS	3	10	ACB,ASW,ESN,GWD,MSL,YRI,CLM,PEL,PUR,CHS	13	shared	True	8	4	1	0	36	23	7	2	3	1	1	1	0	1	1	1	2	1	1	0	0	11	2	2	11	2	6	2	5	7	11	5	2	2
4650	chr5	11470954	INDEL	HG008N_absent_HPRC_other	recombinant_pieces	absent: only the nodes in HPRC	nodes	none	0	0		0	none	False	0	0	0	0	19	19	8	1	0	0	0	0	0	0	0	0	0	0	0	0	0	4	2	0	8	1	3	1	4	5	10	6	2	1
4651	chr5	11505197	INDEL	HG008N_absent_HPRC_other	exact_allele	absent: exact allele in HPRC	exact	AFR+AMR	2	8	ACB,ESN,GWD,MKK,MSL,YRI,CLM,PUR	23	shared	True	29	4	0	0	46	30	8	2	12	0	2	8	2	4	1	1	0	3	0	0	0	14	2	2	16	2	8	2	8	8	14	6	2	2
4652	chr5	11623800	INDEL	HG008N_absent_HPRC_other	exact_allele	absent: exact allele in HPRC	exact	AMR	1	1	PUR	1	one individual	True	0	1	0	0	23	24	7	2	0	0	0	0	0	0	0	0	0	1	0	0	0	7	2	1	10	0	3	0	7	8	9	5	2	2
4660	chr5	12254443	INDEL	HG008N_absent_HPRC_other	exact_allele	absent: exact allele in HPRC	exact	AFR+AMR	2	3	ACB,GWD,PUR	6	shared	False	6	1	0	0	40	29	8	2	3	0	0	3	0	0	0	0	0	1	0	0	0	9	2	2	15	2	8	2	8	8	13	6	2	2
4662	chr5	12359194	INDEL	HG008N_absent_HPRC_other	exact_allele	absent: exact allele in HPRC	exact	AFR+AMR+EAS+SAS	4	10	ACB,ESN,GWD,MSL,YRI,CLM,PEL,PUR,CHS,PJL	20	shared	True	13	8	2	1	44	28	8	2	5	0	1	4	0	2	1	1	5	2	2	0	1	13	2	2	16	1	8	2	6	8	14	6	2	2
4673	chr5	14045783	INDEL	HG008N_present_broad	other_hap_only	HG008-N present, broad	exact	AFR+AMR+EAS+SAS	4	11	ACB,ASW,GWD,MKK,MSL,YRI,CLM,PEL,PUR,CHS,PJL	29	shared	False	16	18	2	2	43	30	8	2	3	2	0	6	2	2	1	5	4	9	2	0	2	14	2	2	13	2	8	2	8	8	14	6	2	2
4680	chr5	15170858	INDEL	HG008N_absent_HPRC_other	exact_allele	absent: exact allele in HPRC	exact	AFR+AMR+EAS	3	6	ACB,GWD,MSL,CLM,PEL,CHS	9	shared	False	6	2	2	0	25	21	5	0	2	0	0	2	0	2	0	1	1	0	2	0	0	6	0	1	10	2	6	0	4	7	10	3	2	0
4695	chr5	16615399	INDEL	HG008N_present_broad	other_hap_only	HG008-N present, broad	exact	AFR+AMR+EAS	3	9	ACB,ESN,GWD,MSL,CLM,PEL,PUR,CHS,KHV	18	shared	False	8	12	2	0	42	31	8	2	2	0	1	3	0	2	0	3	3	6	1	1	0	11	2	2	16	1	8	2	7	8	16	6	2	2
4697	chr5	16858441	INDEL	HG008N_absent_HPRC_other	exact_allele	absent: exact allele in HPRC	exact	AFR+AMR+EAS	3	10	ACB,ASW,ESN,GWD,MSL,CLM,PEL,PUR,CHS,KHV	20	shared	False	11	10	3	0	33	30	8	2	3	2	1	4	0	1	0	2	3	5	2	1	0	12	2	1	11	2	4	1	7	8	15	6	2	2
4698	chr5	16942996	INDEL	HG008N_absent_HPRC_other	exact_allele	absent: exact allele in HPRC	exact	AFR+AMR+EAS	3	5	ESN,GWD,CLM,PUR,CHS	7	shared	False	3	4	1	0	35	31	8	2	0	0	1	2	0	0	0	1	0	3	1	0	0	8	2	2	14	2	5	2	7	8	16	6	2	2
4701	chr5	17207635	INDEL	HG008N_absent_HPRC_other	exact_allele	absent: exact allele in HPRC	exact	AFR+AMR+EAS+SAS	4	7	ACB,GWD,MSL,PUR,CHS,KHV,PJL	12	shared	False	7	3	2	2	39	21	8	2	1	0	0	5	0	1	0	0	0	3	1	1	2	11	1	1	15	2	7	2	7	3	11	6	2	2
4702	chr5	17221365	INDEL	HG008N_absent_HPRC_other	exact_allele	absent: exact allele in HPRC	exact	AFR+AMR+EAS	3	7	ACB,GWD,MKK,CLM,PEL,PUR,KHV	15	shared	False	8	6	1	0	39	31	7	2	3	0	0	4	1	0	0	1	2	3	0	1	0	11	2	2	14	2	6	2	7	8	16	5	2	2
4720	chr5	18487342	INDEL	HG008N_absent_HPRC_other	exact_allele	absent: exact allele in HPRC	exact	AFR+AMR+EAS+SAS	4	13	ACB,ASW,ESN,GWD,MKK,MSL,YRI,CLM,PEL,PUR,CHS,KHV,PJL	37	shared	False	29	18	4	2	42	27	7	2	12	1	2	8	1	4	1	4	4	10	3	1	2	14	2	2	14	2	6	2	7	8	12	5	2	2
4745	chr5	20012372	INDEL	HG008N_absent_HPRC_other	exact_allele	absent: exact allele in HPRC	exact	AFR+AMR+EAS+SAS	4	9	ACB,ASW,GWD,CLM,PEL,PUR,CHS,KHV,PJL	20	shared	False	8	11	3	1	44	29	8	2	2	1	0	5	0	0	0	4	2	5	1	2	1	13	2	2	15	2	8	2	8	6	15	6	2	2
4769	chr5	21895017	INDEL	HG008N_absent_HPRC_other	exact_allele	absent: exact allele in HPRC	exact	AFR+AMR+EAS+SAS	4	11	ACB,ASW,GWD,MKK,MSL,YRI,CLM,PEL,PUR,CHS,PJL	26	shared	False	17	11	3	1	45	32	8	2	6	1	0	7	1	1	1	1	5	5	3	0	1	13	2	2	16	2	8	2	8	8	16	6	2	2
4773	chr5	22085175	INDEL	HG008N_present_broad	other_hap_only	HG008-N present, broad	exact	AFR+AMR+SAS	3	10	ACB,ASW,ESN,GWD,MKK,MSL,CLM,PEL,PUR,PJL	24	shared	False	15	11	0	1	46	32	8	2	3	1	1	5	2	3	0	3	4	4	0	0	1	14	2	2	16	2	8	2	8	8	16	6	2	2
4782	chr5	22752556	INDEL	other_ambiguous		ambiguous	exact	none	0	0		0	none	False	0	0	0	0	32	17	5	2	0	0	0	0	0	0	0	0	0	0	0	0	0	10	1	2	11	2	5	1	5	1	11	3	2	2
4791	chr5	23414859	INDEL	HG008N_absent_HPRC_other	exact_allele	absent: exact allele in HPRC	exact	AFR+AMR	2	5	ACB,ESN,GWD,YRI,CLM	8	shared	False	6	2	0	0	38	30	7	2	2	0	1	2	0	0	1	2	0	0	0	0	0	13	2	2	10	1	8	2	8	7	15	6	1	2
4814	chr5	24762128	INDEL	HG008N_absent_HPRC_other	exact_allele	absent: exact allele in HPRC	exact	AFR+AMR+EAS	3	8	ACB,ESN,GWD,MSL,YRI,CLM,PUR,KHV	19	shared	False	24	3	1	0	38	31	8	2	6	0	2	10	0	5	1	2	0	1	0	1	0	12	2	2	13	2	6	1	8	8	15	6	2	2
4815	chr5	24851177	INDEL	HG008N_present_broad	other_hap_only	HG008-N present, broad	exact	AFR+AMR+EAS+SAS	4	13	ACB,ASW,ESN,GWD,MKK,MSL,YRI,CLM,PEL,PUR,CHS,KHV,PJL	39	shared	True	32	20	6	2	46	29	8	2	11	1	1	10	2	6	1	6	3	11	5	1	2	14	2	2	16	2	8	2	8	6	15	6	2	2
4818	chr5	25009641	INDEL	HG008N_absent_HPRC_other	exact_allele	absent: exact allele in HPRC	exact	AFR+AMR+EAS	3	6	ACB,YRI,PEL,PUR,CHS,KHV	8	shared	False	2	4	3	0	30	21	4	2	1	0	0	0	0	0	1	0	2	2	2	1	0	10	1	0	11	2	5	1	4	8	9	3	1	2
4825	chr5	25842766	SNV	other_ambiguous		ambiguous	exact	none	0	0		0	none	False	0	0	0	0	21	20	4	2	0	0	0	0	0	0	0	0	0	0	0	0	0	7	0	2	7	1	4	0	7	4	9	4	0	2
4833	chr5	26230650	INDEL	other_ambiguous		ambiguous	exact	none	0	0		0	none	False	0	0	0	0	22	11	4	1	0	0	0	0	0	0	0	0	0	0	0	0	0	6	2	0	9	1	3	1	3	1	7	4	0	1
4836	chr5	26340611	INDEL	HG008N_absent_HPRC_other	exact_allele	absent: exact allele in HPRC	exact	AFR+AMR+EAS+SAS	4	10	ACB,ESN,GWD,MKK,MSL,YRI,CLM,PUR,CHS,PJL	25	shared	True	22	6	1	1	46	32	8	2	7	0	2	6	2	4	1	1	0	5	1	0	1	14	2	2	16	2	8	2	8	8	16	6	2	2
4844	chr5	26771505	INDEL	HG008N_absent_HPRC_other	exact_allele	absent: exact allele in HPRC	exact	AFR+AMR+EAS	3	9	ACB,ASW,GWD,MSL,CLM,PEL,PUR,CHS,KHV	19	shared	True	9	14	5	0	37	30	8	2	4	1	0	3	0	1	0	3	6	5	3	2	0	12	2	2	12	2	6	1	7	8	15	6	2	2
4853	chr5	27274510	INDEL	HG008N_absent_HPRC_other	exact_allele	absent: exact allele in HPRC	exact	AFR+AMR+SAS	3	8	ACB,GWD,MKK,MSL,YRI,CLM,PUR,PJL	21	shared	False	20	4	0	1	46	32	8	2	6	0	0	7	1	5	1	3	0	1	0	0	1	14	2	2	16	2	8	2	8	8	16	6	2	2
4854	chr5	27320305	INDEL	HG008N_absent_HPRC_other	exact_allele	absent: exact allele in HPRC	exact	AFR+AMR	2	7	ACB,ESN,GWD,MKK,MSL,CLM,PUR	8	shared	False	5	3	0	0	35	29	6	1	1	0	1	1	1	1	0	1	0	2	0	0	0	11	1	2	14	1	5	1	7	7	15	4	2	1
4857	chr5	27431964	INDEL	HG008N_absent_HPRC_other	exact_allele	absent: exact allele in HPRC	exact	AFR+AMR	2	2	ASW,PUR	2	shared	False	1	1	0	0	20	19	6	0	0	1	0	0	0	0	0	0	0	1	0	0	0	6	1	1	9	0	2	1	6	2	11	4	2	0
4862	chr5	27627990	INDEL	HG008N_absent_HPRC_other	exact_allele	absent: exact allele in HPRC	exact	AFR+AMR	2	7	ACB,ASW,GWD,MSL,CLM,PEL,PUR	11	shared	False	5	7	0	0	40	29	8	1	1	1	0	2	0	1	0	1	1	5	0	0	0	11	2	1	14	2	8	2	7	7	15	6	2	1
4863	chr5	27659943	INDEL	HG008N_absent_HPRC_other	exact_allele	absent: exact allele in HPRC	exact	AFR+AMR+SAS	3	6	ACB,MKK,MSL,CLM,PUR,PJL	14	shared	False	6	10	0	1	46	32	8	2	4	0	0	0	1	1	0	2	0	8	0	0	1	14	2	2	16	2	8	2	8	8	16	6	2	2
4864	chr5	27669181	INDEL	HG008N_absent_HPRC_other	exact_allele	absent: exact allele in HPRC	exact	AFR+AMR	2	8	ACB,ESN,GWD,MKK,MSL,CLM,PEL,PUR	16	shared	False	12	6	0	0	44	31	8	2	5	0	1	4	1	1	0	3	2	1	0	0	0	14	2	2	15	2	8	1	8	8	15	6	2	2
4893	chr5	28930963	INDEL	other_ambiguous		ambiguous	exact	none	0	0		0	none	False	0	0	0	0	44	31	8	2	0	0	0	0	0	0	0	0	0	0	0	0	0	14	2	1	15	2	8	2	7	8	16	6	2	2
4907	chr5	29725447	INDEL	HG008N_absent_HPRC_other	element_set_other_allele	absent: only the nodes in HPRC	nodes	AFR+AMR+EAS	3	7	ACB,GWD,MSL,CLM,PEL,PUR,KHV	15	shared	False	6	9	1	0	36	23	7	2	3	0	0	2	0	1	0	2	5	2	0	1	0	9	1	2	14	2	6	2	6	5	12	5	2	2
4912	chr5	30086093	SNV	HG008N_absent_HPRC_other	element_set_other_allele	absent: only the nodes in HPRC	nodes	AFR+AMR	2	7	ACB,ASW,GWD,MKK,CLM,PEL,PUR	15	shared	False	5	12	0	0	41	27	5	1	1	1	0	1	2	0	0	2	3	7	0	0	0	12	2	2	14	2	7	2	7	7	13	3	2	1
4914	chr5	30258340	INDEL	HG008N_absent_HPRC_other	exact_allele	absent: exact allele in HPRC	exact	AFR+AMR	2	6	ACB,ESN,GWD,MSL,CLM,PUR	12	shared	False	11	2	0	0	38	29	8	2	1	0	1	7	0	2	0	1	0	1	0	0	0	11	1	2	14	1	7	2	8	7	14	6	2	2
4915	chr5	30358743	INDEL	HG008N_absent_HPRC_other	recombinant_pieces	absent: only the nodes in HPRC	nodes	none	0	0		0	none	False	0	0	0	0	30	28	8	0	0	0	0	0	0	0	0	0	0	0	0	0	0	7	2	2	8	1	8	2	7	8	13	6	2	0
4922	chr5	30876402	INDEL	HG008N_absent_HPRC_other	exact_allele	absent: exact allele in HPRC	exact	AFR+AMR+EAS+SAS	4	9	ACB,GWD,MSL,CLM,PEL,PUR,CHS,KHV,PJL	24	shared	False	10	14	4	1	41	26	8	2	3	0	0	6	0	1	0	6	3	5	2	2	1	14	2	2	13	2	6	2	8	4	14	6	2	2
4934	chr5	32011008	INDEL	HG008N_absent_HPRC_other	element_set_other_allele	absent: only the nodes in HPRC	nodes	AFR+AMR	2	4	ACB,GWD,PEL,PUR	10	shared	False	4	6	0	0	38	27	7	2	2	0	0	2	0	0	0	0	3	3	0	0	0	12	2	2	12	2	6	2	8	6	13	5	2	2
4936	chr5	32042407	INDEL	HG008N_absent_HPRC_other	exact_allele	absent: exact allele in HPRC	exact	AFR	1	3	ACB,GWD,MSL	3	one superpopulation	False	3	0	0	0	36	32	7	2	1	0	0	1	0	1	0	0	0	0	0	0	0	9	2	2	12	2	8	1	8	8	16	6	1	2
4948	chr5	33347358	INDEL	HG008N_absent_HPRC_other	exact_allele	absent: exact allele in HPRC	exact	AFR+AMR+EAS+SAS	4	11	ACB,ESN,GWD,MKK,YRI,CLM,PEL,PUR,CHS,KHV,PJL	20	shared	False	11	9	3	2	44	31	8	2	5	0	1	2	1	0	2	2	5	2	1	2	2	14	2	2	16	2	6	2	7	8	16	6	2	2
4964	chr5	35839189	INDEL	HG008N_absent_HPRC_other	element_set_other_allele	absent: only the nodes in HPRC	nodes	AFR+AMR	2	5	ACB,ESN,GWD,PEL,PUR	9	shared	False	4	5	0	0	22	20	6	1	2	0	1	1	0	0	0	0	2	3	0	0	0	7	2	1	5	0	6	1	5	5	10	4	2	1
4968	chr5	36290898	INDEL	HG008N_absent_HPRC_other	exact_allele	absent: exact allele in HPRC	exact	AFR+AMR+EAS	3	7	ACB,GWD,MSL,YRI,PEL,PUR,CHS	15	shared	False	10	5	2	0	32	30	6	1	4	0	0	3	0	1	2	0	3	2	2	0	0	9	2	1	13	1	4	2	7	8	15	5	1	1
4977	chr5	37707921	INDEL	HG008N_absent_HPRC_other	element_set_other_allele	absent: only the nodes in HPRC	nodes	AFR+AMR+EAS+SAS	4	11	ACB,GWD,MKK,MSL,YRI,CLM,PEL,PUR,CHS,KHV,PJL	27	shared	True	10	15	6	2	17	22	6	2	4	0	0	3	1	1	1	5	2	8	5	1	2	6	1	0	4	2	2	2	7	5	10	5	1	2
4998	chr5	40820230	INDEL	HG008N_absent_HPRC_other	exact_allele	absent: exact allele in HPRC	exact	AFR	1	1	ACB	1	one individual	False	1	0	0	0	31	28	6	2	1	0	0	0	0	0	0	0	0	0	0	0	0	11	1	2	11	1	4	1	7	6	15	5	1	2
5001	chr5	41016498	INDEL	HG008N_absent_HPRC_other	exact_allele	absent: exact allele in HPRC	exact	AFR+AMR+EAS	3	7	ACB,ESN,GWD,CLM,PEL,PUR,CHS	20	shared	True	6	15	2	0	39	25	8	0	3	0	1	2	0	0	0	3	3	9	2	0	0	14	2	2	12	2	5	2	6	6	13	6	2	0
5005	chr5	41666471	INDEL	HG008N_absent_HPRC_other	exact_allele	absent: exact allele in HPRC	exact	AFR+AMR	2	5	ACB,GWD,MSL,CLM,PUR	11	shared	False	6	6	0	0	38	29	8	2	2	0	0	2	0	2	0	2	0	4	0	0	0	12	0	2	15	1	7	1	7	6	16	6	2	2
5011	chr5	42579919	SNV	HG008N_absent_HPRC_other	exact_allele	absent: exact allele in HPRC	exact	AFR+AMR	2	7	ACB,GWD,MKK,MSL,CLM,PEL,PUR	24	shared	True	24	10	0	0	43	32	4	2	8	0	0	10	1	5	0	4	1	5	0	0	0	14	2	1	15	1	8	2	8	8	16	2	2	2
5012	chr5	42643720	INDEL	HG008N_absent_HPRC_other	exact_allele	absent: exact allele in HPRC	exact	AFR+AMR	2	8	ACB,ESN,GWD,MSL,YRI,CLM,PEL,PUR	20	shared	True	14	6	0	0	46	31	8	2	3	0	1	5	0	4	1	2	1	3	0	0	0	14	2	2	16	2	8	2	8	8	15	6	2	2
5027	chr5	44180615	INDEL	HG008N_absent_HPRC_other	exact_allele	absent: exact allele in HPRC	exact	AFR+AMR	2	5	ACB,GWD,MSL,CLM,PUR	13	shared	False	11	6	0	0	26	19	6	2	3	0	0	5	0	3	0	4	0	2	0	0	0	5	1	1	14	0	5	0	6	4	9	4	2	2
5040	chr5	45404498	INDEL	HG008N_absent_HPRC_other	exact_allele	absent: exact allele in HPRC	exact	AFR+AMR+EAS	3	11	ACB,ESN,GWD,MKK,MSL,YRI,CLM,PEL,PUR,CHS,KHV	34	shared	True	23	18	5	0	40	31	8	2	9	0	1	3	1	7	2	5	4	9	4	1	0	13	0	2	14	2	7	2	8	8	15	6	2	2
5052	chr5	50364184	INDEL	HG008N_absent_HPRC_other	exact_allele	absent: exact allele in HPRC	exact	AFR	1	3	ACB,GWD,MSL	6	one superpopulation	False	9	0	0	0	35	29	7	2	1	0	0	6	0	2	0	0	0	0	0	0	0	9	2	2	13	2	6	1	8	8	13	5	2	2
5075	chr5	53619486	INDEL	HG008N_absent_HPRC_other	exact_allele	absent: exact allele in HPRC	exact	AFR+AMR+EAS	3	10	ACB,ASW,GWD,MKK,MSL,YRI,CLM,PUR,CHS,KHV	12	shared	False	7	2	4	0	41	30	8	2	2	1	0	1	1	1	1	1	0	1	3	1	0	12	2	2	15	2	6	2	8	8	14	6	2	2
5078	chr5	53798063	INDEL	HG008N_absent_HPRC_other	exact_allele	absent: exact allele in HPRC	exact	AFR+AMR+SAS	3	6	ACB,ESN,GWD,MKK,PUR,PJL	9	shared	False	7	1	0	1	44	24	8	2	3	0	1	2	1	0	0	0	0	1	0	0	1	14	2	2	15	2	7	2	8	3	13	6	2	2
5080	chr5	55897000	INDEL	other_ambiguous		ambiguous	exact	none	0	0		0	none	False	0	0	0	0	9	8	2	1	0	0	0	0	0	0	0	0	0	0	0	0	0	1	2	0	4	0	2	0	5	0	3	0	2	1
5096	chr5	62196995	INDEL	HG008N_absent_HPRC_other	exact_allele	absent: exact allele in HPRC	exact	AFR+AMR	2	2	MSL,PUR	2	shared	True	1	1	0	0	44	30	8	2	0	0	0	0	0	1	0	0	0	1	0	0	0	13	1	2	16	2	8	2	8	8	14	6	2	2
5101	chr5	64427548	INDEL	HG008N_absent_HPRC_other	exact_allele	absent: exact allele in HPRC	exact	AFR+AMR	2	7	ACB,ESN,GWD,MSL,YRI,PEL,PUR	9	shared	False	8	2	0	0	22	24	6	1	2	0	1	2	0	2	1	0	1	1	0	0	0	8	1	1	7	0	4	1	7	5	12	5	1	1
5103	chr5	64528810	INDEL	HG008N_absent_HPRC_other	exact_allele	absent: exact allele in HPRC	exact	AFR+AMR	2	6	ACB,GWD,MSL,YRI,CLM,PUR	9	shared	False	8	2	0	0	34	28	8	0	3	0	0	3	0	1	1	1	0	1	0	0	0	10	2	1	14	1	5	1	7	7	14	6	2	0
5106	chr5	65486122	INDEL	HG008N_absent_HPRC_other	exact_allele	absent: exact allele in HPRC	exact	AFR+AMR	2	7	ACB,ASW,ESN,GWD,MSL,CLM,PUR	11	shared	False	9	3	0	0	45	31	8	2	1	2	1	4	0	1	0	1	0	2	0	0	0	14	2	2	16	2	7	2	7	8	16	6	2	2
5125	chr5	72419192	INDEL	HG008N_absent_HPRC_other	exact_allele	absent: exact allele in HPRC	exact	AFR+AMR	2	6	ACB,ASW,GWD,MSL,YRI,PUR	14	shared	False	13	1	0	0	45	32	8	2	3	1	0	6	0	2	1	0	0	1	0	0	0	13	2	2	16	2	8	2	8	8	16	6	2	2
5153	chr5	80118714	INDEL	HG008N_absent_HPRC_other	exact_allele	absent: exact allele in HPRC	exact	AFR+AMR+EAS+SAS	4	8	ACB,MSL,YRI,CLM,PEL,PUR,CHS,PJL	16	shared	False	8	6	2	1	30	19	8	2	6	0	0	0	0	1	1	1	2	3	2	0	1	8	2	1	10	2	6	1	5	6	8	6	2	2
5163	chr5	82124074	INDEL	HG008N_absent_HPRC_other	exact_allele	absent: exact allele in HPRC	exact	AFR+AMR+EAS+SAS	4	8	ACB,GWD,MKK,MSL,YRI,PUR,KHV,PJL	17	shared	True	16	4	1	1	45	32	8	2	2	0	0	6	2	4	2	0	0	4	0	1	1	13	2	2	16	2	8	2	8	8	16	6	2	2
5164	chr5	82299195	INDEL	HG008N_absent_HPRC_other	exact_allele	absent: exact allele in HPRC	exact	AFR+AMR	2	5	ACB,GWD,MSL,CLM,PUR	7	shared	False	6	3	0	0	40	28	8	2	1	0	0	4	0	1	0	2	0	1	0	0	0	12	2	2	14	0	8	2	7	8	13	6	2	2
5173	chr5	82917545	INDEL	HG008N_absent_HPRC_other	exact_allele	absent: exact allele in HPRC	exact	AFR+AMR	2	3	GWD,PEL,PUR	6	shared	False	3	4	0	0	18	22	5	1	0	0	0	3	0	0	0	0	1	3	0	0	0	4	1	1	6	2	2	2	5	5	12	4	1	1
5189	chr5	85075307	INDEL	HG008N_absent_HPRC_other	exact_allele	absent: exact allele in HPRC	exact	AFR+AMR+EAS	3	4	MKK,CLM,PUR,CHS	5	shared	False	1	2	2	0	40	20	6	1	0	0	0	0	1	0	0	1	0	1	2	0	0	12	2	1	15	1	8	1	6	2	12	5	1	1
5217	chr5	87476238	INDEL	HG008N_absent_HPRC_other	exact_allele	absent: exact allele in HPRC	exact	AFR+AMR+EAS	3	9	ACB,ESN,GWD,MKK,MSL,CLM,PEL,PUR,CHS	16	shared	False	12	6	1	0	42	31	8	2	1	0	2	6	2	1	0	1	2	3	1	0	0	12	2	2	15	2	8	1	8	7	16	6	2	2
5233	chr5	89568337	INDEL	HG008N_absent_HPRC_other	exact_allele	absent: exact allele in HPRC	exact	AFR+AMR+EAS	3	6	ACB,MKK,CLM,PEL,PUR,CHS	12	shared	False	2	10	2	0	32	29	7	2	1	0	0	0	1	0	0	2	2	6	2	0	0	10	1	2	12	2	4	1	8	7	14	6	1	2
5237	chr5	90085666	INDEL	HG008N_absent_HPRC_other	exact_allele	absent: exact allele in HPRC	exact	AFR	1	4	ACB,GWD,MSL,YRI	7	one superpopulation	False	7	0	0	0	43	32	8	2	1	0	0	4	0	1	1	0	0	0	0	0	0	14	2	2	13	2	8	2	8	8	16	6	2	2
5240	chr5	90993154	INDEL	HG008N_absent_HPRC_other	exact_allele	absent: exact allele in HPRC	exact	AFR+AMR+EAS	3	9	ACB,ASW,GWD,MSL,CLM,PEL,PUR,CHS,KHV	20	shared	False	13	7	5	0	40	28	8	2	4	1	0	5	0	3	0	3	2	2	4	1	0	9	2	2	15	2	8	2	8	7	13	6	2	2
5255	chr5	92757502	INDEL	HG008N_present_rare	other_hap_only:patient_frame	HG008-N present, rare	exact	none	0	0		0	none	False	0	0	0	0	24	14	6	1	0	0	0	0	0	0	0	0	0	0	0	0	0	8	1	0	11	1	3	0	3	6	5	4	2	1
5259	chr5	93358816	INDEL	HG008N_absent_HPRC_other	exact_allele	absent: exact allele in HPRC	exact	AFR+AMR+EAS	3	7	ACB,GWD,MSL,CLM,PEL,PUR,CHS	12	shared	False	6	5	1	0	42	29	8	2	2	0	0	2	0	2	0	1	1	3	1	0	0	12	2	2	15	2	7	2	7	8	14	6	2	2
5267	chr5	95257796	INDEL	HG008N_absent_HPRC_other	element_set_other_allele	absent: only the nodes in HPRC	nodes	AFR+AMR+EAS	3	8	ACB,ESN,GWD,MSL,YRI,PEL,PUR,CHS	15	shared	False	12	3	1	0	36	23	6	2	2	0	1	5	0	3	1	0	1	2	1	0	0	10	2	2	14	0	7	1	5	5	13	6	0	2
5273	chr5	97370870	INDEL	HG008N_absent_HPRC_other	exact_allele	absent: exact allele in HPRC	exact	AFR+AMR	2	6	ACB,GWD,MKK,MSL,YRI,PUR	9	shared	False	10	1	0	0	46	29	8	2	2	0	0	3	1	3	1	0	0	1	0	0	0	14	2	2	16	2	8	2	8	6	15	6	2	2
5274	chr5	97566298	INDEL	HG008N_absent_HPRC_other	exact_allele	absent: exact allele in HPRC	exact	AFR+AMR+EAS	3	6	ACB,GWD,MSL,PEL,PUR,CHS	12	shared	False	11	5	2	0	31	20	7	2	4	0	0	3	0	4	0	0	2	3	2	0	0	10	2	0	10	1	6	2	7	6	7	5	2	2
5279	chr5	98315186	INDEL	HG008N_absent_HPRC_other	exact_allele	absent: exact allele in HPRC	exact	AFR+AMR+EAS+SAS	4	10	ACB,ESN,GWD,MSL,YRI,CLM,PEL,PUR,CHS,PJL	25	shared	True	17	9	3	1	46	32	8	1	6	0	1	6	0	2	2	5	1	3	3	0	1	14	2	2	16	2	8	2	8	8	16	6	2	1
5284	chr5	99641115	INDEL	HG008N_absent_HPRC_other	exact_allele	absent: exact allele in HPRC	exact	AFR+AMR+EAS	3	6	ACB,MSL,CLM,PEL,PUR,CHS	9	shared	False	2	8	1	0	44	32	8	1	1	0	0	0	0	1	0	1	3	4	1	0	0	12	2	2	16	2	8	2	8	8	16	6	2	1
5285	chr5	99917848	INDEL	HG008N_absent_HPRC_other	exact_allele	absent: exact allele in HPRC	exact	AFR+AMR+EAS	3	6	ACB,MSL,CLM,PEL,PUR,CHS	10	shared	False	2	6	2	0	35	30	5	1	1	0	0	0	0	1	0	1	1	4	2	0	0	10	2	1	13	2	6	1	8	8	14	5	0	1
5309	chr5	103856283	INDEL	HG008N_absent_HPRC_other	exact_allele	absent: exact allele in HPRC	exact	AFR+AMR	2	6	ACB,GWD,MSL,YRI,CLM,PUR	11	shared	False	10	2	0	0	31	31	8	2	3	0	0	4	0	2	1	1	0	1	0	0	0	12	1	1	10	1	4	2	8	8	15	6	2	2
5311	chr5	104222447	SNV	HG008N_absent_HPRC_other	element_set_other_allele	absent: only the nodes in HPRC	nodes	AFR+AMR+EAS	3	11	ACB,ESN,GWD,MKK,MSL,YRI,CLM,PEL,PUR,CHS,KHV	23	shared	True	14	10	5	0	14	10	5	0	4	0	1	5	1	2	1	1	3	6	3	2	0	4	0	1	5	1	2	1	1	3	6	3	2	0
5316	chr5	104609146	INDEL	HG008N_absent_HPRC_other	exact_allele	absent: exact allele in HPRC	exact	AFR	1	4	ACB,ASW,GWD,MSL	8	one superpopulation	False	9	0	0	0	31	20	2	1	4	1	0	2	0	2	0	0	0	0	0	0	0	9	2	2	9	0	8	1	5	5	10	2	0	1
5317	chr5	104667572	INDEL	HG008N_absent_HPRC_other	exact_allele	absent: exact allele in HPRC	exact	AFR+SAS	2	3	GWD,YRI,PJL	3	shared	False	2	0	0	1	35	22	5	2	0	0	0	1	0	0	1	0	0	0	0	0	1	11	1	1	13	1	6	2	6	4	12	3	2	2
5327	chr5	105746180	INDEL	HG008N_absent_HPRC_other	exact_allele	absent: exact allele in HPRC	exact	AFR+AMR	2	5	ACB,ASW,GWD,MSL,PUR	8	shared	False	9	2	0	0	44	32	8	2	1	1	0	5	0	2	0	0	0	2	0	0	0	13	2	2	15	2	8	2	8	8	16	6	2	2
5343	chr5	110466616	INDEL	HG008N_absent_HPRC_other	exact_allele	absent: exact allele in HPRC	exact	AFR+AMR+EAS	3	10	ACB,ASW,ESN,GWD,MKK,MSL,YRI,PEL,PUR,CHS	28	shared	False	31	9	1	0	44	32	7	2	3	2	1	14	2	7	2	0	2	7	1	0	0	13	2	1	16	2	8	2	8	8	16	5	2	2
5347	chr5	111622299	INDEL	HG008N_absent_HPRC_other	exact_allele	absent: exact allele in HPRC	exact	AFR	1	2	ACB,MKK	2	one superpopulation	False	2	0	0	0	44	32	8	2	1	0	0	0	1	0	0	0	0	0	0	0	0	14	2	2	16	2	6	2	8	8	16	6	2	2
5357	chr5	114065846	INDEL	HG008N_absent_HPRC_other	exact_allele	absent: exact allele in HPRC	exact	AFR+AMR+EAS	3	9	ACB,ASW,ESN,GWD,MKK,MSL,PEL,PUR,CHS	14	shared	False	12	3	1	0	36	24	8	1	2	1	1	3	1	4	0	0	1	2	1	0	0	10	2	2	13	2	6	1	7	7	10	6	2	1
5362	chr5	115314518	INDEL	HG008N_absent_HPRC_other	exact_allele	absent: exact allele in HPRC	exact	AMR+EAS+SAS	3	3	PUR,CHS,PJL	3	shared	False	0	1	1	1	33	21	6	2	0	0	0	0	0	0	0	0	0	1	1	0	1	11	0	1	10	2	7	2	4	5	12	6	0	2
5368	chr5	117867938	SNV	HG008N_absent_HPRC_other	element_set_other_allele	absent: only the nodes in HPRC	nodes	AMR	1	1	PUR	1	one individual	False	0	1	0	0	20	11	5	1	0	0	0	0	0	0	0	0	0	1	0	0	0	6	1	1	9	1	2	0	1	6	4	4	1	1
5384	chr5	120655374	INDEL	HG008N_absent_HPRC_other	exact_allele	absent: exact allele in HPRC	exact	AFR+AMR	2	4	ACB,GWD,MSL,PEL	7	shared	False	5	2	0	0	41	31	6	1	2	0	0	2	0	1	0	0	2	0	0	0	0	13	2	1	15	2	6	2	7	8	16	4	2	1
5387	chr5	121223066	INDEL	HG008N_absent_HPRC_other	exact_allele	absent: exact allele in HPRC	exact	AFR+AMR	2	4	ACB,GWD,CLM,PUR	10	shared	False	5	5	0	0	33	12	7	1	3	0	0	2	0	0	0	1	0	4	0	0	0	9	2	2	11	1	6	2	1	4	7	5	2	1
5390	chr5	123303183	INDEL	HG008N_absent_HPRC_other	exact_allele	absent: exact allele in HPRC	exact	AFR+AMR+EAS+SAS	4	7	ACB,ASW,GWD,PEL,PUR,CHS,PJL	11	shared	False	5	5	1	1	33	25	7	1	2	1	0	2	0	0	0	0	2	3	1	0	1	7	1	2	13	2	7	1	6	7	12	5	2	1
5399	chr5	124245969	INDEL	HG008N_absent_HPRC_other	exact_allele	absent: exact allele in HPRC	exact	AFR+AMR	2	6	ACB,ASW,GWD,MSL,YRI,PUR	12	shared	False	13	1	0	0	41	31	8	1	1	2	0	6	0	3	1	0	0	1	0	0	0	13	2	1	15	2	6	2	7	8	16	6	2	1
5400	chr5	124604068	INDEL	other_ambiguous		ambiguous	exact	none	0	0		0	none	False	0	0	0	0	33	32	8	2	0	0	0	0	0	0	0	0	0	0	0	0	0	10	2	1	12	1	7	0	8	8	16	6	2	2
5402	chr5	124835872	INDEL	HG008N_absent_HPRC_other	exact_allele	absent: exact allele in HPRC	exact	AFR+AMR+EAS+SAS	4	7	ACB,GWD,MSL,CLM,PUR,CHS,PJL	12	shared	False	5	6	1	2	40	32	8	2	2	0	0	2	0	1	0	2	0	4	1	0	2	13	2	2	12	2	8	1	8	8	16	6	2	2
5403	chr5	125041443	INDEL	HG008N_absent_HPRC_other	exact_allele	absent: exact allele in HPRC	exact	AFR+AMR	2	5	ACB,GWD,MKK,MSL,PUR	11	shared	False	13	1	0	0	41	32	8	2	3	0	0	7	2	1	0	0	0	1	0	0	0	14	2	2	13	2	7	1	8	8	16	6	2	2
5407	chr5	126422199	INDEL	HG008N_absent_HPRC_other	exact_allele	absent: exact allele in HPRC	exact	AFR+AMR	2	7	ACB,GWD,MKK,MSL,YRI,CLM,PUR	15	shared	True	13	6	0	0	44	31	8	2	2	0	0	6	1	2	2	3	0	3	0	0	0	14	2	1	15	2	8	2	8	8	15	6	2	2
5410	chr5	127138533	INDEL	HG008N_absent_HPRC_other	exact_allele	absent: exact allele in HPRC	exact	AFR+AMR+SAS	3	5	ACB,GWD,MSL,PUR,PJL	8	shared	False	8	1	0	2	35	31	8	2	3	0	0	2	0	3	0	0	0	1	0	0	2	12	2	1	10	2	6	2	8	8	15	6	2	2
5412	chr5	127391573	INDEL	HG008N_absent_HPRC_other	exact_allele	absent: exact allele in HPRC	exact	AFR+AMR+SAS	3	5	GWD,MSL,CLM,PUR,PJL	9	shared	False	4	4	0	1	41	31	8	2	0	0	0	3	0	1	0	1	0	3	0	0	1	12	1	2	15	2	8	1	8	8	15	6	2	2
5414	chr5	128479982	SNV	HG008N_absent_HPRC_other	element_set_other_allele	absent: only the nodes in HPRC	nodes	AFR+AMR	2	3	GWD,CLM,PUR	4	shared	False	1	3	0	0	34	17	2	1	0	0	0	1	0	0	0	1	0	2	0	0	0	12	2	1	13	2	4	0	4	5	8	2	0	1
5432	chr5	131393817	INDEL	HG008N_absent_HPRC_other	exact_allele	absent: exact allele in HPRC	exact	AFR+AMR+EAS	3	6	YRI,CLM,PEL,PUR,CHS,KHV	6	shared	False	1	3	2	0	39	32	8	2	0	0	0	0	0	0	1	1	1	1	1	1	0	13	1	2	13	2	6	2	8	8	16	6	2	2
5435	chr5	132153003	INDEL	HG008N_absent_HPRC_other	exact_allele	absent: exact allele in HPRC	exact	AFR	1	3	ACB,ASW,GWD	7	one superpopulation	False	8	0	0	0	44	30	7	1	2	2	0	4	0	0	0	0	0	0	0	0	0	13	2	2	16	2	7	2	8	8	14	5	2	1
5450	chr5	137044650	SNV	HG008N_absent_HPRC_other	exact_allele	absent: exact allele in HPRC	exact	AFR+AMR+EAS	3	10	ACB,ESN,GWD,MSL,YRI,CLM,PEL,PUR,CHS,KHV	13	shared	False	6	5	2	0	46	32	8	2	2	0	1	1	0	1	1	2	2	1	1	1	0	14	2	2	16	2	8	2	8	8	16	6	2	2
5451	chr5	137815075	INDEL	HG008N_absent_HPRC_other	exact_allele	absent: exact allele in HPRC	exact	AFR+AMR+EAS	3	9	ACB,ESN,GWD,MKK,MSL,CLM,PEL,PUR,CHS	23	shared	False	23	11	1	0	45	31	8	2	6	0	2	9	1	5	0	1	3	7	1	0	0	14	2	2	16	2	7	2	8	8	15	6	2	2
5458	chr5	140714104	INDEL	HG008N_absent_HPRC_other	exact_allele	absent: exact allele in HPRC	exact	AFR+AMR+EAS+SAS	4	10	ACB,ASW,GWD,MSL,YRI,CLM,PEL,CHS,KHV,PJL	19	shared	False	11	7	2	1	39	29	7	2	4	1	0	3	0	2	1	6	1	0	1	1	1	12	2	1	14	2	6	2	7	7	15	5	2	2
5464	chr5	143787274	INDEL	other_ambiguous		ambiguous	exact	none	0	0		0	none	False	0	0	0	0	7	18	3	1	0	0	0	0	0	0	0	0	0	0	0	0	0	2	0	0	3	1	1	0	6	4	8	2	1	1
5467	chr5	144358090	INDEL	HG008N_absent_HPRC_other	exact_allele	absent: exact allele in HPRC	exact	AFR+EAS+SAS	3	7	ACB,GWD,MKK,MSL,YRI,CHS,PJL	14	shared	False	15	0	2	1	43	30	8	1	4	0	0	7	1	1	2	0	0	0	2	0	1	12	2	2	16	2	7	2	8	8	14	6	2	1
5472	chr5	145790721	INDEL	other_ambiguous		ambiguous	exact	none	0	0		0	none	False	0	0	0	0	32	27	6	2	0	0	0	0	0	0	0	0	0	0	0	0	0	10	1	2	10	1	6	2	5	8	14	5	1	2
5489	chr5	152553631	INDEL	HG008N_absent_HPRC_other	exact_allele	absent: exact allele in HPRC	exact	AFR+AMR+EAS	3	8	ACB,GWD,MKK,MSL,CLM,PEL,CHS,KHV	17	shared	True	12	5	5	0	40	30	8	2	4	0	0	6	1	1	0	2	3	0	4	1	0	11	2	2	14	2	7	2	8	7	15	6	2	2
5491	chr5	152562663	INDEL	HG008N_absent_HPRC_other	exact_allele	absent: exact allele in HPRC	exact	AFR+AMR+EAS	3	7	ACB,ASW,GWD,CLM,PEL,PUR,KHV	11	shared	False	5	5	1	0	45	32	8	2	3	1	0	1	0	0	0	1	1	3	0	1	0	13	2	2	16	2	8	2	8	8	16	6	2	2
5499	chr5	153650896	INDEL	HG008N_absent_HPRC_other	exact_allele	absent: exact allele in HPRC	exact	AFR+AMR+EAS+SAS	4	8	ACB,ESN,GWD,MKK,MSL,CLM,CHS,PJL	13	shared	False	12	2	1	1	30	22	8	2	6	0	1	2	2	1	0	2	0	0	1	0	1	12	0	2	8	2	5	1	7	6	9	6	2	2
5501	chr5	154529665	INDEL	HG008N_absent_HPRC_other	exact_allele	absent: exact allele in HPRC	exact	AFR+AMR	2	5	ACB,GWD,YRI,PEL,PUR	9	shared	False	7	4	0	0	38	25	7	2	2	0	0	4	0	0	1	0	1	3	0	0	0	11	2	1	15	2	5	2	5	7	13	6	1	2
5518	chr5	157012342	INDEL	HG008N_absent_HPRC_other	exact_allele	absent: exact allele in HPRC	exact	AFR+AMR+EAS	3	8	ACB,ESN,GWD,MSL,CLM,PUR,CHS,KHV	22	shared	False	13	11	4	0	31	28	8	2	4	0	1	5	0	3	0	3	0	8	3	1	0	9	0	2	12	2	5	1	5	8	15	6	2	2
5519	chr5	157147629	INDEL	HG008N_absent_HPRC_other	element_set_other_allele	absent: only the nodes in HPRC	nodes	AFR+AMR+EAS	3	8	ACB,GWD,MKK,MSL,YRI,PEL,PUR,CHS	16	shared	False	12	3	2	0	46	32	8	2	6	0	0	2	1	2	1	0	1	2	2	0	0	14	2	2	16	2	8	2	8	8	16	6	2	2
5521	chr5	157591205	INDEL	HG008N_absent_HPRC_other	exact_allele	absent: exact allele in HPRC	exact	AFR	1	3	ACB,GWD,MKK	4	one superpopulation	False	4	0	0	0	45	32	8	2	1	0	0	2	1	0	0	0	0	0	0	0	0	13	2	2	16	2	8	2	8	8	16	6	2	2
5531	chr5	159732752	INDEL	HG008N_absent_HPRC_other	exact_allele	absent: exact allele in HPRC	exact	AFR+AMR+EAS	3	7	ACB,ASW,GWD,MSL,CLM,PEL,CHS	8	shared	False	4	3	3	0	46	32	8	2	1	1	0	1	0	1	0	1	2	0	3	0	0	14	2	2	16	2	8	2	8	8	16	6	2	2
5533	chr5	160463177	INDEL	HG008N_absent_HPRC_other	exact_allele	absent: exact allele in HPRC	exact	AFR+AMR	2	4	GWD,MSL,CLM,PUR	8	shared	False	4	4	0	0	36	26	8	2	0	0	0	2	0	2	0	3	0	1	0	0	0	9	2	2	13	1	7	2	7	8	11	6	2	2
5538	chr5	161839895	INDEL	HG008N_absent_HPRC_other	exact_allele	absent: exact allele in HPRC	exact	AFR+AMR+EAS	3	6	ESN,MKK,MSL,CLM,PUR,CHS	8	shared	False	4	4	1	0	28	25	8	2	0	0	1	0	1	2	0	3	0	1	1	0	0	10	1	1	8	2	5	1	7	6	12	6	2	2
5540	chr5	161886348	INDEL	HG008N_absent_HPRC_other	exact_allele	absent: exact allele in HPRC	exact	AFR+AMR+EAS+SAS	4	11	ACB,ESN,GWD,MKK,MSL,YRI,CLM,PEL,PUR,CHS,PJL	28	shared	False	20	9	3	1	43	32	6	2	7	0	1	7	1	3	1	1	2	6	3	0	1	14	2	2	14	2	8	1	8	8	16	5	1	2
5549	chr5	163128307	INDEL	HG008N_absent_HPRC_other	exact_allele	absent: exact allele in HPRC	exact	AFR+AMR+SAS	3	7	ACB,ASW,GWD,MSL,CLM,PUR,PJL	10	shared	False	6	3	0	1	45	31	8	2	2	1	0	2	0	1	0	1	0	2	0	0	1	13	2	2	16	2	8	2	8	8	15	6	2	2
5552	chr5	163946784	INDEL	HG008N_absent_HPRC_other	exact_allele	absent: exact allele in HPRC	exact	AFR+AMR+EAS	3	7	ACB,ESN,GWD,MSL,CLM,PEL,CHS	12	shared	True	7	3	3	0	29	19	8	2	2	0	1	1	0	3	0	1	2	0	3	0	0	8	2	2	8	2	7	0	7	8	4	6	2	2
5557	chr5	164652358	INDEL	HG008N_absent_HPRC_other	exact_allele	absent: exact allele in HPRC	exact	AFR+AMR+EAS	3	8	ACB,ESN,GWD,MKK,MSL,YRI,PUR,KHV	17	shared	False	16	4	2	0	43	23	6	2	5	0	1	3	2	4	1	0	0	4	0	2	0	13	2	2	15	2	7	2	5	4	14	4	2	2
5570	chr5	165755085	INDEL	HG008N_absent_HPRC_other	exact_allele	absent: exact allele in HPRC	exact	AFR+AMR	2	4	ACB,GWD,MSL,PUR	4	shared	False	3	1	0	0	21	22	7	1	1	0	0	1	0	1	0	0	0	1	0	0	0	6	1	0	8	2	4	0	7	6	9	6	1	1
5573	chr5	166052553	INDEL	HG008N_absent_HPRC_other	exact_allele	absent: exact allele in HPRC	exact	AFR+AMR+SAS	3	7	ACB,ESN,GWD,MSL,YRI,PUR,PJL	10	shared	False	10	1	0	1	46	32	8	2	2	0	2	3	0	2	1	0	0	1	0	0	1	14	2	2	16	2	8	2	8	8	16	6	2	2
5577	chr5	166209775	INDEL	HG008N_present_rare	other_hap_only	HG008-N present, rare	exact	AFR+AMR+EAS+SAS	4	6	ACB,PEL,PUR,CHS,KHV,PJL	8	shared	False	1	3	5	1	46	32	8	2	1	0	0	0	0	0	0	0	1	2	3	2	1	14	2	2	16	2	8	2	8	8	16	6	2	2
5579	chr5	166355207	INDEL	HG008N_absent_HPRC_other	exact_allele	absent: exact allele in HPRC	exact	AFR+AMR+SAS	3	7	ACB,ESN,GWD,MSL,PEL,PUR,PJL	12	shared	False	9	3	0	1	43	31	7	2	2	0	2	2	0	3	0	0	1	2	0	0	1	11	2	2	16	2	8	2	7	8	16	5	2	2
5584	chr5	166687360	INDEL	HG008N_absent_HPRC_other	exact_allele	absent: exact allele in HPRC	exact	AFR+AMR+EAS	3	11	ACB,ASW,ESN,GWD,MKK,MSL,CLM,PEL,PUR,CHS,KHV	17	shared	False	7	10	3	0	21	21	6	1	2	1	1	1	1	1	0	4	3	3	2	1	0	6	1	1	6	1	4	2	4	8	9	5	1	1
5585	chr5	166833522	INDEL	HG008N_absent_HPRC_other	exact_allele	absent: exact allele in HPRC	exact	AFR+AMR+EAS+SAS	4	13	ACB,ASW,ESN,GWD,MKK,MSL,YRI,CLM,PEL,PUR,CHS,KHV,PJL	33	shared	False	24	11	3	1	46	32	8	2	7	2	2	7	1	4	1	2	4	5	2	1	1	14	2	2	16	2	8	2	8	8	16	6	2	2
5588	chr5	167452948	INDEL	other_ambiguous		ambiguous	exact	none	0	0		0	none	False	0	0	0	0	14	15	4	0	0	0	0	0	0	0	0	0	0	0	0	0	0	5	1	1	2	1	2	2	4	4	7	3	1	0
5592	chr5	168198188	INDEL	HG008N_absent_HPRC_other	exact_allele	absent: exact allele in HPRC	exact	AFR+AMR+EAS	3	12	ACB,ASW,ESN,GWD,MKK,MSL,YRI,CLM,PEL,PUR,CHS,KHV	26	shared	False	25	11	2	0	43	32	7	2	5	2	1	10	1	4	2	5	2	4	1	1	0	13	2	2	15	2	7	2	8	8	16	5	2	2
5600	chr5	169240579	INDEL	HG008N_absent_HPRC_other	exact_allele	absent: exact allele in HPRC	exact	AFR+AMR	2	7	ACB,ASW,GWD,MKK,MSL,CLM,PUR	11	shared	True	7	6	0	0	39	30	7	1	3	1	0	1	1	1	0	1	0	5	0	0	0	13	2	2	12	2	6	2	8	8	14	5	2	1
5605	chr5	170032027	INDEL	HG008N_absent_HPRC_other	exact_allele	absent: exact allele in HPRC	exact	AFR	1	2	GWD,MSL	3	one superpopulation	False	4	0	0	0	46	31	8	2	0	0	0	2	0	2	0	0	0	0	0	0	0	14	2	2	16	2	8	2	8	8	15	6	2	2
5607	chr5	170376150	INDEL	HG008N_absent_HPRC_other	exact_allele	absent: exact allele in HPRC	exact	AFR+AMR	2	5	ACB,GWD,MSL,YRI,PUR	11	shared	False	10	3	0	0	31	29	8	2	2	0	0	3	0	3	2	0	0	3	0	0	0	9	2	2	9	2	5	2	6	7	16	6	2	2
5611	chr5	170656996	INDEL	HG008N_absent_HPRC_other	exact_allele	absent: exact allele in HPRC	exact	AFR+AMR+EAS	3	8	ACB,GWD,MSL,YRI,CLM,PEL,PUR,CHS	23	shared	False	13	13	2	0	38	30	8	1	5	0	0	5	0	2	1	4	5	4	2	0	0	12	2	2	12	2	7	1	8	8	14	6	2	1
5617	chr5	171166426	INDEL	HG008N_absent_HPRC_other	exact_allele	absent: exact allele in HPRC	exact	AFR+AMR+EAS	3	5	ACB,GWD,MSL,PUR,CHS	9	shared	False	7	2	2	0	46	31	8	2	2	0	0	2	0	3	0	0	0	2	2	0	0	14	2	2	16	2	8	2	8	8	15	6	2	2
5624	chr5	172262446	INDEL	HG008N_absent_HPRC_other	exact_allele	absent: exact allele in HPRC	exact	AFR+AMR	2	7	ACB,ASW,GWD,MKK,CLM,PEL,PUR	14	shared	False	10	6	0	0	40	29	8	2	4	1	0	4	1	0	0	1	1	4	0	0	0	11	1	2	15	1	8	2	8	7	14	6	2	2
5636	chr5	176642865	INDEL	other_ambiguous		ambiguous	exact	none	0	0		0	none	False	0	0	0	0	18	29	6	1	0	0	0	0	0	0	0	0	0	0	0	0	0	5	0	1	6	0	6	0	7	8	14	4	2	1
5639	chr5	177031998	INDEL	HG008N_absent_HPRC_other	exact_allele	absent: exact allele in HPRC	exact	AFR+AMR+EAS+SAS	4	9	ACB,GWD,MSL,CLM,PEL,PUR,CHS,KHV,PJL	24	shared	False	8	18	4	2	40	31	8	2	3	0	0	4	0	1	0	3	5	10	2	2	2	13	2	1	13	2	8	1	7	8	16	6	2	2
5680	chr6	7813086	INDEL	HG008N_absent_HPRC_other	element_set_other_allele	absent: only the nodes in HPRC	nodes	AFR+AMR	2	2	ESN,PEL	2	shared	False	1	1	0	0	19	14	5	0	0	0	1	0	0	0	0	0	1	0	0	0	0	8	0	2	6	1	1	1	4	4	6	4	1	0
5692	chr6	10037507	INDEL	HG008N_absent_HPRC_other	exact_allele	absent: exact allele in HPRC	exact	AFR+AMR	2	6	ACB,ESN,GWD,MSL,CLM,PUR	10	shared	False	8	3	0	0	46	32	8	2	5	0	1	1	0	1	0	2	0	1	0	0	0	14	2	2	16	2	8	2	8	8	16	6	2	2
5693	chr6	10107964	INDEL	HG008N_absent_HPRC_other	exact_allele	absent: exact allele in HPRC	exact	AFR+AMR+EAS	3	8	ACB,ESN,GWD,MKK,MSL,CLM,CHS,KHV	14	shared	False	12	1	2	0	46	31	8	2	3	0	1	6	1	1	0	1	0	0	1	1	0	14	2	2	16	2	8	2	8	7	16	6	2	2
5697	chr6	10446566	INDEL	other_ambiguous		ambiguous	exact	none	0	0		0	none	False	0	0	0	0	43	31	8	2	0	0	0	0	0	0	0	0	0	0	0	0	0	13	1	2	15	2	8	2	7	8	16	6	2	2
5698	chr6	10506281	SNV	HG008N_absent_HPRC_other	exact_allele	absent: exact allele in HPRC	exact	AFR+AMR+EAS	3	5	ACB,GWD,PEL,PUR,CHS	6	shared	False	2	3	1	0	37	22	7	2	1	0	0	1	0	0	0	0	1	2	1	0	0	12	2	2	12	2	6	1	6	6	10	5	2	2
5701	chr6	10907353	INDEL	HG008N_absent_HPRC_other	exact_allele	absent: exact allele in HPRC	exact	AFR+AMR	2	6	ACB,ASW,GWD,MKK,MSL,PUR	14	shared	False	14	1	0	0	46	31	8	2	5	1	0	3	1	4	0	0	0	1	0	0	0	14	2	2	16	2	8	2	8	8	15	6	2	2
5706	chr6	12689846	INDEL	HG008N_present_rare	other_hap_only	HG008-N present, rare	exact	AFR+AMR	2	7	ESN,GWD,MKK,MSL,CLM,PEL,PUR	13	shared	False	8	6	0	0	43	31	8	1	0	0	1	4	1	2	0	1	3	2	0	0	0	12	2	2	15	2	8	2	8	7	16	6	2	1
5709	chr6	13019072	INDEL	HG008N_absent_HPRC_other	element_set_other_allele	absent: only the nodes in HPRC	nodes	AFR+AMR+EAS+SAS	4	8	ACB,GWD,MSL,CLM,PUR,CHS,KHV,PJL	12	shared	False	3	4	4	1	32	25	6	2	1	0	0	1	0	1	0	1	0	3	3	1	1	9	2	2	11	2	4	2	5	7	13	4	2	2
5715	chr6	14084230	SNV	HG008N_present_rare	other_hap_only:patient_frame	HG008-N present, rare	exact	AFR+AMR+EAS+SAS	4	9	ACB,ASW,GWD,YRI,CLM,PEL,PUR,KHV,PJL	12	shared	False	7	4	1	1	40	26	4	2	3	1	0	2	0	0	1	1	2	1	0	1	1	13	2	1	13	2	7	2	7	6	13	2	2	2
5722	chr6	15061590	INDEL	HG008N_absent_HPRC_other	exact_allele	absent: exact allele in HPRC	exact	AFR+AMR	2	7	ACB,GWD,MSL,YRI,CLM,PEL,PUR	21	shared	False	24	7	0	0	42	32	8	2	8	0	0	12	0	2	2	2	1	4	0	0	0	14	1	2	16	1	6	2	8	8	16	6	2	2
5729	chr6	17675155	INDEL	HG008N_absent_HPRC_other	exact_allele	absent: exact allele in HPRC	exact	AMR	1	1	PUR	1	one individual	True	0	1	0	0	46	31	8	2	0	0	0	0	0	0	0	0	0	1	0	0	0	14	2	2	16	2	8	2	7	8	16	6	2	2
5730	chr6	18870439	INDEL	HG008N_absent_HPRC_other	exact_allele	absent: exact allele in HPRC	exact	AFR+AMR+EAS	3	5	ACB,PEL,PUR,CHS,KHV	10	shared	True	3	4	5	0	36	28	8	2	3	0	0	0	0	0	0	0	3	1	4	1	0	11	2	2	12	2	5	2	7	8	13	6	2	2
5731	chr6	19155404	INDEL	HG008N_absent_HPRC_other	exact_allele	absent: exact allele in HPRC	exact	AFR+AMR+EAS	3	5	ACB,ASW,PUR,CHS,KHV	8	shared	False	4	3	4	0	10	4	4	0	3	1	0	0	0	0	0	0	0	3	2	2	0	6	1	0	1	0	2	0	0	0	4	2	2	0
5737	chr6	21633807	INDEL	HG008N_absent_HPRC_other	exact_allele	absent: exact allele in HPRC	exact	AFR+AMR	2	7	ACB,ASW,ESN,GWD,MSL,YRI,PUR	10	shared	False	8	2	0	0	40	28	8	2	2	1	1	2	0	1	1	0	0	2	0	0	0	11	2	1	14	2	8	2	6	8	14	6	2	2
5747	chr6	23406593	INDEL	HG008N_absent_HPRC_other	exact_allele	absent: exact allele in HPRC	exact	AFR+AMR	2	3	GWD,MSL,PUR	3	shared	False	2	1	0	0	27	20	5	1	0	0	0	1	0	1	0	0	0	1	0	0	0	8	2	0	11	1	4	1	4	7	9	4	1	1
5764	chr6	28643879	INDEL	other_ambiguous		ambiguous	exact	AFR+AMR+EAS	3	3	ACB,CLM,KHV	3	shared	False	1	1	1	0	43	24	6	1	1	0	0	0	0	0	0	1	0	0	0	1	0	13	2	2	15	2	8	1	6	5	13	5	1	1
5766	chr6	28823884	INDEL	HG008N_absent_HPRC_other	exact_allele	absent: exact allele in HPRC	exact	AFR+AMR+EAS	3	9	ACB,GWD,MKK,MSL,CLM,PEL,PUR,CHS,KHV	20	shared	False	10	9	4	0	26	27	7	2	3	0	0	3	2	2	0	3	3	3	3	1	0	10	1	1	6	2	4	2	7	8	12	5	2	2
5768	chr6	28834776	INDEL	HG008N_absent_HPRC_other	exact_allele	absent: exact allele in HPRC	exact	AFR+AMR+EAS+SAS	4	8	ACB,ESN,MSL,YRI,PEL,PUR,KHV,PJL	12	shared	True	6	5	1	1	36	27	6	2	3	0	1	0	0	1	1	0	2	3	0	1	1	12	1	2	12	0	7	2	7	5	15	4	2	2
5773	chr6	30459318	INDEL	HG008N_absent_HPRC_other	exact_allele	absent: exact allele in HPRC	exact	AFR+EAS	2	3	ACB,MKK,KHV	3	shared	True	2	0	1	0	26	17	3	1	1	0	0	0	1	0	0	0	0	0	0	1	0	10	0	2	8	2	3	1	5	4	8	2	1	1
5778	chr6	31798084	SNV	HG008N_absent_HPRC_other	exact_allele	absent: exact allele in HPRC	exact	AFR+AMR	2	7	ACB,ASW,GWD,MSL,CLM,PEL,PUR	14	shared	False	10	4	0	0	46	32	8	2	3	1	0	5	0	1	0	1	1	2	0	0	0	14	2	2	16	2	8	2	8	8	16	6	2	2
5782	chr6	32691473	INDEL	HG008N_absent_HPRC_other	exact_allele	absent: exact allele in HPRC	exact	AFR+AMR+EAS	3	5	ACB,GWD,MSL,PUR,CHS	7	shared	False	5	2	1	0	42	29	6	2	1	0	0	1	0	3	0	0	0	2	1	0	0	13	2	2	13	2	8	2	6	8	15	4	2	2
5784	chr6	33244256	INDEL	other_ambiguous		ambiguous	exact	AMR	1	1	PEL	1	one individual	False	0	1	0	0	15	7	2	1	0	0	0	0	0	0	0	0	1	0	0	0	0	6	1	1	2	0	4	1	1	3	3	2	0	1
5787	chr6	33379334	INDEL	HG008N_absent_HPRC_other	exact_allele	absent: exact allele in HPRC	exact	AFR+AMR+EAS	3	8	ACB,ESN,GWD,MSL,CLM,PEL,PUR,KHV	15	shared	False	11	3	1	0	40	29	6	2	5	0	1	3	0	2	0	1	1	1	0	1	0	14	2	2	13	1	6	2	8	8	13	4	2	2
5792	chr6	35829242	INDEL	HG008N_absent_HPRC_other	exact_allele	absent: exact allele in HPRC	exact	AFR+AMR+EAS	3	5	ACB,MSL,PEL,PUR,CHS	7	shared	False	3	4	2	0	40	32	8	2	2	0	0	0	0	1	0	0	1	3	2	0	0	13	2	2	13	2	6	2	8	8	16	6	2	2
5796	chr6	38302485	INDEL	HG008N_absent_HPRC_other	exact_allele	absent: exact allele in HPRC	exact	AFR+EAS	2	5	ACB,ASW,MSL,YRI,CHS	8	shared	False	7	0	3	0	15	13	3	0	3	2	0	0	0	1	1	0	0	0	3	0	0	4	2	1	5	0	1	2	4	2	7	3	0	0
5800	chr6	39968541	INDEL	HG008N_absent_HPRC_other	element_set_other_allele	absent: only the nodes in HPRC	nodes	AFR+AMR+EAS+SAS	4	11	ACB,ASW,ESN,GWD,MSL,CLM,PEL,PUR,CHS,KHV,PJL	33	shared	True	18	20	5	1	41	31	6	2	6	2	1	6	0	3	0	3	8	9	4	1	1	14	2	2	14	0	7	2	7	8	16	5	1	2
5815	chr6	45113827	INDEL	HG008N_absent_HPRC_other	exact_allele	absent: exact allele in HPRC	exact	AFR+AMR+EAS+SAS	4	12	ACB,ASW,ESN,GWD,MKK,MSL,CLM,PEL,PUR,CHS,KHV,PJL	29	shared	False	12	17	3	2	41	32	8	2	2	2	1	5	1	1	0	5	2	10	2	1	2	11	2	2	14	2	8	2	8	8	16	6	2	2
5818	chr6	45519792	SNV	HG008N_absent_HPRC_other	exact_allele	absent: exact allele in HPRC	exact	AFR+AMR	2	2	GWD,CLM	2	shared	False	1	1	0	0	35	26	7	1	0	0	0	1	0	0	0	1	0	0	0	0	0	10	2	2	14	2	4	1	7	6	13	6	1	1
5821	chr6	46339014	INDEL	HG008N_absent_HPRC_other	exact_allele	absent: exact allele in HPRC	exact	AFR+AMR+EAS	3	6	GWD,MSL,CLM,PEL,PUR,CHS	10	shared	False	2	5	4	0	36	29	7	2	0	0	0	1	0	1	0	1	1	3	4	0	0	13	1	2	12	1	6	1	7	8	14	5	2	2
5825	chr6	46749554	INDEL	HG008N_absent_HPRC_other	exact_allele	absent: exact allele in HPRC	exact	AFR	1	1	MSL	1	one individual	False	1	0	0	0	32	24	8	2	0	0	0	0	0	1	0	0	0	0	0	0	0	9	2	1	12	2	5	1	4	7	13	6	2	2
5830	chr6	48079970	INDEL	HG008N_absent_HPRC_other	exact_allele	absent: exact allele in HPRC	exact	AFR	1	3	ACB,GWD,MSL	10	one superpopulation	False	10	0	0	0	36	25	5	2	5	0	0	3	0	2	0	0	0	0	0	0	0	11	2	0	13	2	6	2	6	7	12	3	2	2
5831	chr6	48619671	INDEL	HG008N_absent_HPRC_other	exact_allele	absent: exact allele in HPRC	exact	AFR+AMR	2	5	ACB,ESN,GWD,CLM,PUR	14	shared	False	12	5	0	0	33	28	5	2	5	0	1	6	0	0	0	2	0	3	0	0	0	12	1	1	12	2	5	0	7	8	13	5	0	2
5832	chr6	48640543	SNV	HG008N_absent_HPRC_other	element_set_other_allele	absent: only the nodes in HPRC	nodes	AFR+AMR	2	4	ACB,ESN,GWD,CLM	9	shared	False	9	1	0	0	42	29	5	2	3	0	1	5	0	0	0	1	0	0	0	0	0	13	1	2	15	2	8	1	7	8	14	5	0	2
5838	chr6	49144692	INDEL	HG008N_absent_HPRC_other	exact_allele	absent: exact allele in HPRC	exact	AFR	1	1	GWD	1	one individual	False	1	0	0	0	33	22	5	2	0	0	0	1	0	0	0	0	0	0	0	0	0	10	2	2	13	1	4	1	5	7	10	4	1	2
5843	chr6	50547966	INDEL	HG008N_present_broad	other_hap_only	HG008-N present, broad	exact	AFR+AMR	2	7	ACB,GWD,MKK,MSL,CLM,PEL,PUR	17	shared	False	6	15	0	0	34	28	3	1	2	0	0	2	1	1	0	4	5	6	0	0	0	10	1	2	11	1	8	1	7	8	13	3	0	1
5849	chr6	53047464	INDEL	HG008N_absent_HPRC_other	exact_allele	absent: exact allele in HPRC	exact	AFR	1	3	ACB,GWD,MSL	5	one superpopulation	False	5	0	0	0	40	31	8	2	2	0	0	1	0	2	0	0	0	0	0	0	0	12	2	2	13	1	8	2	8	8	15	6	2	2
5850	chr6	53138278	INDEL	HG008N_absent_HPRC_other	exact_allele	absent: exact allele in HPRC	exact	AFR+AMR+EAS+SAS	4	11	ACB,ASW,GWD,MKK,MSL,YRI,CLM,PEL,PUR,CHS,PJL	25	shared	False	15	8	3	1	44	26	7	2	5	1	0	3	1	4	1	2	2	4	3	0	1	14	2	1	15	2	8	2	6	6	14	5	2	2
5856	chr6	54418128	SNV	HG008N_absent_HPRC_other	element_set_other_allele	absent: only the nodes in HPRC	nodes	AFR+AMR+EAS	3	7	ACB,GWD,CLM,PEL,PUR,CHS,KHV	13	shared	False	6	6	2	0	10	10	3	0	3	0	0	3	0	0	0	2	2	2	1	1	0	4	0	0	5	0	1	0	3	3	4	2	1	0
5864	chr6	56148338	INDEL	HG008N_absent_HPRC_other	exact_allele	absent: exact allele in HPRC	exact	AFR+AMR+EAS+SAS	4	5	ACB,PEL,PUR,CHS,PJL	10	shared	False	2	7	2	1	21	20	2	1	2	0	0	0	0	0	0	0	3	4	2	0	1	11	0	1	4	0	5	0	3	6	11	2	0	1
5869	chr6	57694521	INDEL	HG008N_absent_HPRC_other	exact_allele	absent: exact allele in HPRC	exact	AFR+AMR	2	6	ACB,ASW,MSL,YRI,CLM,PUR	9	shared	False	6	5	0	0	33	30	8	2	2	1	0	0	0	1	2	1	0	4	0	0	0	11	2	1	9	1	7	2	7	8	15	6	2	2
5876	chr6	60248138	INDEL	HG008N_absent_HPRC_other	element_set_other_allele	absent: only the nodes in HPRC	nodes	AFR+AMR+EAS	3	9	ACB,ASW,GWD,MKK,MSL,CLM,PEL,PUR,CHS	14	shared	False	7	5	3	0	42	31	8	2	2	1	0	2	1	1	0	1	2	2	3	0	0	13	2	1	14	2	8	2	8	8	15	6	2	2
5878	chr6	60434835	INDEL	HG008N_present_broad	other_hap_only	HG008-N present, broad	exact	AFR+AMR+EAS	3	10	ACB,ASW,ESN,GWD,MSL,YRI,CLM,PEL,PUR,CHS	30	shared	False	32	13	2	0	42	30	6	1	9	2	1	10	0	8	2	3	4	6	2	0	0	13	2	1	15	1	8	2	8	8	14	4	2	1
5879	chr6	60477395	INDEL	HG008N_present_broad	other_hap_only	HG008-N present, broad	exact	AFR+AMR+EAS+SAS	4	11	ACB,ASW,GWD,MKK,MSL,YRI,CLM,PEL,PUR,CHS,PJL	35	shared	False	33	17	4	1	43	32	8	2	10	2	0	9	2	8	2	5	4	8	4	0	1	14	2	1	14	2	8	2	8	8	16	6	2	2
5891	chr6	61631305	INDEL	other_ambiguous		ambiguous	exact	none	0	0		0	none	False	0	0	0	0	38	29	5	2	0	0	0	0	0	0	0	0	0	0	0	0	0	10	1	2	13	2	8	2	7	8	14	4	1	2
5920	chr6	63810315	INDEL	HG008N_absent_HPRC_other	exact_allele	absent: exact allele in HPRC	exact	AFR	1	2	GWD,YRI	2	one superpopulation	False	3	0	0	0	37	27	5	1	0	0	0	1	0	0	2	0	0	0	0	0	0	10	2	0	15	2	6	2	6	7	14	5	0	1
5922	chr6	63887314	INDEL	HG008N_absent_HPRC_other	exact_allele	absent: exact allele in HPRC	exact	AFR+AMR+EAS	3	7	ACB,GWD,MKK,MSL,CLM,PUR,CHS	10	shared	False	6	5	1	0	46	31	7	2	3	0	0	1	1	1	0	4	0	1	1	0	0	14	2	2	16	2	8	2	7	8	16	5	2	2
5925	chr6	64275451	INDEL	other_ambiguous		ambiguous	exact	none	0	0		0	none	False	0	0	0	0	40	30	8	2	0	0	0	0	0	0	0	0	0	0	0	0	0	12	2	2	13	2	7	2	8	8	14	6	2	2
5930	chr6	64703429	INDEL	HG008N_absent_HPRC_other	recombinant_pieces	absent: only the nodes in HPRC	nodes	none	0	0		0	none	False	0	0	0	0	16	23	6	1	0	0	0	0	0	0	0	0	0	0	0	0	0	4	1	1	5	1	4	0	6	6	11	5	1	1
5942	chr6	65279200	INDEL	other_ambiguous		ambiguous	exact	none	0	0		0	none	False	0	0	0	0	40	31	8	0	0	0	0	0	0	0	0	0	0	0	0	0	0	13	1	1	13	2	8	2	7	8	16	6	2	0
5945	chr6	65598230	INDEL	other_ambiguous		ambiguous	exact	none	0	0		0	none	False	0	0	0	0	30	27	3	2	0	0	0	0	0	0	0	0	0	0	0	0	0	8	2	0	12	1	6	1	7	8	12	2	1	2
5957	chr6	66761636	INDEL	HG008N_absent_HPRC_other	exact_allele	absent: exact allele in HPRC	exact	AFR+AMR+SAS	3	6	ACB,MSL,CLM,PEL,PUR,PJL	8	shared	False	2	6	0	1	29	26	5	2	1	0	0	0	0	1	0	1	4	1	0	0	1	11	2	1	10	0	4	1	4	7	15	4	1	2
5961	chr6	67033127	INDEL	other_ambiguous		ambiguous	exact	none	0	0		0	none	False	0	0	0	0	43	29	8	2	0	0	0	0	0	0	0	0	0	0	0	0	0	13	2	2	15	2	7	2	7	8	14	6	2	2
5967	chr6	67550305	INDEL	HG008N_absent_HPRC_other	exact_allele	absent: exact allele in HPRC	exact	AFR+AMR+EAS	3	7	ACB,MSL,CLM,PEL,PUR,CHS,KHV	9	shared	False	2	5	4	0	42	23	7	2	1	0	0	0	0	1	0	3	1	1	3	1	0	11	2	2	16	2	7	2	5	6	12	5	2	2
5975	chr6	68191783	INDEL	HG008N_absent_HPRC_other	exact_allele	absent: exact allele in HPRC	exact	AFR+AMR+EAS	3	9	ACB,ESN,GWD,MSL,YRI,CLM,PEL,PUR,KHV	10	shared	False	6	4	1	0	38	32	8	2	1	0	1	2	0	1	1	2	1	1	0	1	0	11	2	2	14	2	6	1	8	8	16	6	2	2
5977	chr6	68293917	INDEL	HG008N_absent_HPRC_other	exact_allele	absent: exact allele in HPRC	exact	AFR+AMR	2	5	ASW,GWD,MKK,MSL,PUR	8	shared	False	6	3	0	0	38	22	5	2	0	1	0	2	1	2	0	0	0	3	0	0	0	13	2	1	14	1	6	1	6	4	12	3	2	2
5979	chr6	68402734	INDEL	HG008N_absent_HPRC_other	element_set_other_allele	absent: only the nodes in HPRC	nodes	AFR+AMR	2	4	GWD,CLM,PEL,PUR	7	shared	False	1	7	0	0	21	22	7	2	0	0	0	1	0	0	0	2	2	3	0	0	0	6	1	1	8	1	3	1	7	4	11	6	1	2
5986	chr6	69069553	INDEL	HG008N_absent_HPRC_other	exact_allele	absent: exact allele in HPRC	exact	AFR+AMR+EAS+SAS	4	9	ACB,ESN,GWD,MSL,YRI,CLM,PUR,CHS,PJL	17	shared	True	11	5	2	2	18	13	4	2	5	0	1	3	0	1	1	1	0	4	2	0	2	8	0	1	6	0	2	1	5	1	7	3	1	2
5987	chr6	69069731	INDEL	HG008N_absent_HPRC_other	exact_allele	absent: exact allele in HPRC	exact	AFR	1	1	GWD	1	one individual	False	1	0	0	0	41	31	8	2	0	0	0	1	0	0	0	0	0	0	0	0	0	12	2	1	16	2	7	1	7	8	16	6	2	2
6009	chr6	71890596	INDEL	other_ambiguous		ambiguous	exact	none	0	0		0	none	False	0	0	0	0	27	19	1	2	0	0	0	0	0	0	0	0	0	0	0	0	0	8	2	2	8	2	4	1	3	5	11	1	0	2
6016	chr6	72038110	SNV	HG008N_absent_HPRC_other	recombinant_pieces	absent: only the nodes in HPRC	nodes	none	0	0		0	none	False	0	0	0	0	37	27	5	2	0	0	0	0	0	0	0	0	0	0	0	0	0	11	2	2	13	1	6	2	7	7	13	3	2	2
6024	chr6	74049014	INDEL	HG008N_absent_HPRC_other	exact_allele	absent: exact allele in HPRC	exact	AFR+AMR+EAS	3	10	ACB,ASW,ESN,GWD,MSL,CLM,PEL,PUR,CHS,KHV	18	shared	False	10	5	3	0	42	32	8	2	3	1	1	3	0	2	0	1	1	3	2	1	0	12	2	2	15	2	7	2	8	8	16	6	2	2
6031	chr6	74866012	INDEL	HG008N_absent_HPRC_other	exact_allele	absent: exact allele in HPRC	exact	AMR+EAS	2	4	CLM,PEL,PUR,CHS	6	shared	False	0	10	1	0	26	30	7	2	0	0	0	0	0	0	0	2	4	4	1	0	0	11	1	0	9	1	3	1	8	8	14	5	2	2
6041	chr6	78233363	INDEL	HG008N_absent_HPRC_other	exact_allele	absent: exact allele in HPRC	exact	AFR+AMR+EAS	3	10	ACB,ASW,ESN,GWD,MSL,YRI,CLM,PEL,PUR,CHS	18	shared	False	14	6	3	0	46	32	7	2	2	2	1	5	0	3	1	1	4	1	3	0	0	14	2	2	16	2	8	2	8	8	16	5	2	2
6042	chr6	78522161	INDEL	HG008N_present_broad	other_hap_only	HG008-N present, broad	exact	AFR+AMR+EAS	3	12	ACB,ASW,ESN,GWD,MKK,MSL,YRI,CLM,PEL,PUR,CHS,KHV	31	shared	False	19	17	7	0	31	26	8	2	4	1	1	8	1	2	2	5	6	6	5	2	0	8	2	2	9	2	6	2	8	6	12	6	2	2
6047	chr6	81070370	INDEL	HG008N_absent_HPRC_other	exact_allele	absent: exact allele in HPRC	exact	AFR+AMR+EAS	3	5	ACB,GWD,MSL,CLM,CHS	13	shared	False	11	1	1	0	45	31	5	2	1	0	0	6	0	4	0	1	0	0	1	0	0	14	2	2	16	1	8	2	8	7	16	4	1	2
6048	chr6	81158262	INDEL	HG008N_absent_HPRC_other	exact_allele	absent: exact allele in HPRC	exact	AFR+AMR	2	5	ACB,GWD,MKK,CLM,PUR	8	shared	False	5	4	0	0	29	29	7	2	2	0	0	2	1	0	0	2	0	2	0	0	0	10	2	1	11	2	3	0	7	7	15	5	2	2
6051	chr6	82456681	INDEL	HG008N_absent_HPRC_other	exact_allele	absent: exact allele in HPRC	exact	AFR	1	4	ACB,GWD,MKK,MSL	8	one superpopulation	False	11	0	0	0	45	32	8	2	4	0	0	5	1	1	0	0	0	0	0	0	0	14	2	2	16	2	7	2	8	8	16	6	2	2
6059	chr6	83737392	INDEL	HG008N_absent_HPRC_other	exact_allele	absent: exact allele in HPRC	exact	AFR+AMR+EAS+SAS	4	5	ACB,CLM,PUR,CHS,PJL	10	shared	False	1	6	2	1	36	32	8	2	1	0	0	0	0	0	0	3	0	3	2	0	1	12	2	2	12	2	4	2	8	8	16	6	2	2
6073	chr6	86101318	INDEL	HG008N_absent_HPRC_other	exact_allele	absent: exact allele in HPRC	exact	AFR+AMR+EAS	3	8	ACB,GWD,MSL,CLM,PEL,PUR,CHS,KHV	12	shared	False	7	6	3	0	35	31	8	2	3	0	0	3	0	1	0	2	2	2	2	1	0	10	2	2	13	1	5	2	8	8	15	6	2	2
6075	chr6	86227537	INDEL	HG008N_absent_HPRC_other	exact_allele	absent: exact allele in HPRC	exact	AFR+AMR+EAS+SAS	4	10	ACB,GWD,MKK,MSL,YRI,CLM,PEL,PUR,CHS,PJL	14	shared	False	7	6	2	1	19	13	5	1	1	0	0	3	1	1	1	1	1	4	2	0	1	4	2	0	5	1	6	1	1	5	7	4	1	1
6100	chr6	90763834	INDEL	HG008N_absent_HPRC_other	exact_allele	absent: exact allele in HPRC	exact	AFR+AMR	2	4	ACB,MSL,CLM,PUR	9	shared	False	4	5	0	0	24	20	4	1	2	0	0	0	0	2	0	2	0	3	0	0	0	9	1	0	7	1	4	2	5	5	10	3	1	1
6104	chr6	91767060	INDEL	HG008N_absent_HPRC_other	exact_allele	absent: exact allele in HPRC	exact	AFR+AMR+EAS	3	9	ACB,ASW,GWD,MSL,YRI,CLM,PUR,CHS,KHV	18	shared	True	15	4	4	0	43	26	8	2	5	1	0	4	0	3	2	1	0	3	3	1	0	14	2	2	13	2	8	2	6	5	15	6	2	2
6108	chr6	92206345	INDEL	HG008N_absent_HPRC_other	exact_allele	absent: exact allele in HPRC	exact	AFR+AMR	2	3	ACB,MKK,PUR	5	shared	False	4	1	0	0	22	19	4	2	3	0	0	0	1	0	0	0	0	1	0	0	0	8	0	1	8	1	3	1	5	3	11	3	1	2
6120	chr6	93789420	SNV	HG008N_absent_HPRC_other	element_set_other_allele	absent: only the nodes in HPRC	nodes	AFR+AMR+EAS	3	6	ACB,CLM,PEL,PUR,CHS,KHV	9	shared	False	1	8	4	0	7	17	5	2	1	0	0	0	0	0	0	1	2	5	3	1	0	3	1	0	2	0	1	0	4	5	8	4	1	2
6140	chr6	97144105	INDEL	HG008N_absent_HPRC_other	exact_allele	absent: exact allele in HPRC	exact	AMR+EAS+SAS	3	3	PUR,CHS,PJL	3	shared	False	0	1	1	1	23	24	8	1	0	0	0	0	0	0	0	0	0	1	1	0	1	6	1	0	8	2	4	2	7	8	9	6	2	1
6141	chr6	97284483	INDEL	HG008N_absent_HPRC_other	exact_allele	absent: exact allele in HPRC	exact	AFR+AMR+EAS+SAS	4	7	ACB,GWD,MSL,CLM,PEL,CHS,PJL	11	shared	False	7	4	1	1	34	27	6	1	4	0	0	1	0	2	0	1	3	0	1	0	1	10	2	1	12	2	5	2	7	8	12	5	1	1
6147	chr6	97984689	INDEL	HG008N_absent_HPRC_other	exact_allele	absent: exact allele in HPRC	exact	AFR+AMR+EAS	3	8	ACB,GWD,MSL,CLM,PEL,PUR,CHS,KHV	12	shared	False	6	4	3	0	43	31	7	2	3	0	0	1	0	2	0	1	1	2	2	1	0	14	2	1	15	2	7	2	8	8	15	5	2	2
6158	chr6	101075860	INDEL	other_ambiguous		ambiguous	exact	none	0	0		0	none	False	0	0	0	0	43	32	8	2	0	0	0	0	0	0	0	0	0	0	0	0	0	14	2	1	15	2	7	2	8	8	16	6	2	2
6159	chr6	101092682	INDEL	HG008N_absent_HPRC_other	exact_allele	absent: exact allele in HPRC	exact	AFR+AMR	2	7	ACB,ASW,GWD,MKK,YRI,PEL,PUR	14	shared	False	13	2	0	0	40	28	8	2	3	1	0	7	1	0	1	0	1	1	0	0	0	11	2	1	16	2	6	2	6	6	16	6	2	2
6160	chr6	101389384	INDEL	HG008N_absent_HPRC_other	exact_allele	absent: exact allele in HPRC	exact	AFR+AMR+EAS	3	6	GWD,CLM,PEL,PUR,CHS,KHV	9	shared	False	1	5	4	0	42	32	8	2	0	0	0	1	0	0	0	1	2	2	3	1	0	13	2	1	15	1	8	2	8	8	16	6	2	2
6165	chr6	101558669	INDEL	HG008N_absent_HPRC_other	exact_allele	absent: exact allele in HPRC	exact	AFR+AMR	2	5	ACB,GWD,MSL,YRI,PUR	10	shared	False	10	1	0	0	46	32	8	2	3	0	0	4	0	2	1	0	0	1	0	0	0	14	2	2	16	2	8	2	8	8	16	6	2	2
6170	chr6	101922141	INDEL	HG008N_present_rare	no_event_hap	HG008-N present, rare	exact	AFR+AMR+EAS+SAS	4	5	ACB,GWD,PUR,CHS,PJL	11	shared	False	5	7	1	1	33	31	7	2	1	0	0	4	0	0	0	0	0	7	1	0	1	10	0	1	11	2	7	2	7	8	16	5	2	2
6198	chr6	106914948	INDEL	other_ambiguous		ambiguous	exact	none	0	0		0	none	False	0	0	0	0	29	21	3	1	0	0	0	0	0	0	0	0	0	0	0	0	0	11	1	2	8	1	4	2	5	8	8	3	0	1
6200	chr6	107173122	INDEL	HG008N_absent_HPRC_other	exact_allele	absent: exact allele in HPRC	exact	AFR+AMR	2	6	ACB,GWD,MKK,MSL,CLM,PUR	8	shared	False	4	5	0	0	45	31	8	2	1	0	0	1	1	1	0	1	0	4	0	0	0	13	2	2	16	2	8	2	8	8	15	6	2	2
6201	chr6	107173572	INDEL	HG008N_absent_HPRC_other	exact_allele	absent: exact allele in HPRC	exact	AFR+AMR+EAS+SAS	4	10	ACB,ESN,GWD,MKK,MSL,CLM,PEL,CHS,KHV,PJL	18	shared	True	12	3	5	1	29	29	7	2	1	0	1	7	1	2	0	2	1	0	4	1	1	10	0	1	12	1	5	0	6	8	15	6	1	2
6215	chr6	114006590	INDEL	HG008N_absent_HPRC_other	exact_allele	absent: exact allele in HPRC	exact	AFR+AMR+EAS+SAS	4	8	ACB,GWD,MSL,PEL,PUR,CHS,KHV,PJL	17	shared	False	7	10	4	1	44	31	8	2	4	0	0	2	0	1	0	0	1	9	2	2	1	12	2	2	16	2	8	2	8	8	15	6	2	2
6224	chr6	117227129	INDEL	HG008N_absent_HPRC_other	exact_allele	absent: exact allele in HPRC	exact	AFR+AMR+EAS	3	9	ACB,ESN,GWD,MKK,MSL,YRI,CLM,PUR,CHS	17	shared	False	15	3	1	0	45	28	8	2	3	0	2	7	1	1	1	1	0	2	1	0	0	14	2	2	15	2	8	2	7	8	13	6	2	2
6229	chr6	118991751	INDEL	HG008N_absent_HPRC_other	exact_allele	absent: exact allele in HPRC	exact	AFR+AMR	2	7	ACB,GWD,MSL,YRI,CLM,PEL,PUR	17	shared	False	11	8	0	0	26	25	8	1	5	0	0	3	0	2	1	3	1	4	0	0	0	9	1	0	9	1	4	2	6	7	12	6	2	1
6235	chr6	120912414	INDEL	HG008N_absent_HPRC_other	exact_allele	absent: exact allele in HPRC	exact	AMR	1	2	CLM,PUR	3	one superpopulation	False	0	4	0	0	16	10	1	0	0	0	0	0	0	0	0	1	0	3	0	0	0	3	1	2	5	1	4	0	1	4	5	1	0	0
6247	chr6	122077615	SNV	HG008N_absent_HPRC_other	element_set_other_allele	absent: only the nodes in HPRC	nodes	AFR+AMR+EAS+SAS	4	12	ACB,ASW,ESN,GWD,MKK,MSL,CLM,PEL,PUR,CHS,KHV,PJL	39	shared	True	24	26	6	2	42	31	8	2	9	1	2	6	1	5	0	7	8	11	5	1	2	14	2	2	13	2	7	2	8	8	15	6	2	2
6258	chr6	123511989	INDEL	HG008N_absent_HPRC_other	exact_allele	absent: exact allele in HPRC	exact	AFR+AMR+EAS+SAS	4	11	ACB,ASW,GWD,MSL,YRI,CLM,PEL,PUR,CHS,KHV,PJL	25	shared	False	20	6	3	1	41	32	8	2	6	1	0	9	0	3	1	2	2	2	2	1	1	14	2	1	14	2	6	2	8	8	16	6	2	2
6269	chr6	124793680	SNV	other_ambiguous		ambiguous	exact	none	0	0		0	none	False	0	0	0	0	45	32	8	2	0	0	0	0	0	0	0	0	0	0	0	0	0	14	2	2	16	2	7	2	8	8	16	6	2	2
6273	chr6	125447503	INDEL	HG008N_absent_HPRC_other	exact_allele	absent: exact allele in HPRC	exact	AFR+AMR+EAS+SAS	4	10	ACB,ESN,GWD,MSL,YRI,CLM,PEL,PUR,KHV,PJL	20	shared	False	9	14	1	1	36	29	8	1	1	0	2	3	0	2	1	1	5	8	0	1	1	9	2	2	15	0	6	2	6	8	15	6	2	1
6295	chr6	130304926	INDEL	HG008N_absent_HPRC_other	exact_allele	absent: exact allele in HPRC	exact	AFR+AMR+SAS	3	7	ACB,GWD,MSL,CLM,PEL,PUR,PJL	15	shared	False	5	10	0	1	30	30	8	2	2	0	0	2	0	1	0	1	3	6	0	0	1	9	2	2	9	2	5	1	7	8	15	6	2	2
6297	chr6	130667980	INDEL	HG008N_absent_HPRC_other	exact_allele	absent: exact allele in HPRC	exact	AFR+AMR	2	3	MSL,CLM,PUR	5	shared	False	1	5	0	0	36	24	4	0	0	0	0	0	0	1	0	1	0	4	0	0	0	9	2	2	13	1	8	1	7	6	11	2	2	0
6302	chr6	131409626	INDEL	HG008N_absent_HPRC_other	exact_allele	absent: exact allele in HPRC	exact	EAS	1	1	CHS	1	one individual	False	0	0	1	0	26	26	6	2	0	0	0	0	0	0	0	0	0	0	1	0	0	8	2	0	8	2	6	0	7	7	12	4	2	2
6323	chr6	136310518	INDEL	HG008N_absent_HPRC_other	exact_allele	absent: exact allele in HPRC	exact	AFR+AMR+SAS	3	8	ACB,ESN,GWD,MSL,CLM,PEL,PUR,PJL	10	shared	False	5	4	0	1	25	19	5	1	2	0	1	1	0	1	0	2	1	1	0	0	1	12	2	2	7	0	2	0	6	5	8	4	1	1
6326	chr6	139285257	INDEL	HG008N_absent_HPRC_other	exact_allele	absent: exact allele in HPRC	exact	AFR+AMR+SAS	3	4	ACB,GWD,PUR,PJL	7	shared	False	5	1	0	1	19	21	7	2	2	0	0	3	0	0	0	0	0	1	0	0	1	7	1	0	8	0	2	1	6	6	9	5	2	2
6339	chr6	141363465	INDEL	HG008N_absent_HPRC_other	exact_allele	absent: exact allele in HPRC	exact	AFR+EAS	2	6	ACB,ASW,GWD,MSL,YRI,CHS	9	shared	False	8	0	2	0	34	26	7	2	4	1	0	1	0	1	1	0	0	0	2	0	0	9	2	2	10	2	7	2	6	8	12	6	1	2
6344	chr6	141782528	INDEL	HG008N_absent_HPRC_other	exact_allele	absent: exact allele in HPRC	exact	AFR+EAS	2	7	ACB,ASW,ESN,GWD,MSL,YRI,CHS	9	shared	False	9	0	1	0	37	31	8	1	2	1	1	3	0	1	1	0	0	0	1	0	0	10	2	1	13	2	7	2	8	8	15	6	2	1
6352	chr6	143405123	INDEL	HG008N_absent_HPRC_other	exact_allele	absent: exact allele in HPRC	exact	AFR+AMR+EAS+SAS	4	10	ACB,ASW,ESN,GWD,MSL,CLM,PEL,PUR,CHS,PJL	20	shared	False	16	4	1	1	42	24	7	1	5	1	2	6	0	2	0	2	1	1	1	0	1	13	2	2	14	2	7	2	7	6	11	5	2	1
6357	chr6	145422074	INDEL	HG008N_present_rare	other_hap_only:patient_frame	HG008-N present, rare	exact	none	0	0		0	none	False	0	0	0	0	40	29	7	2	0	0	0	0	0	0	0	0	0	0	0	0	0	14	2	1	15	1	5	2	7	8	14	5	2	2
6358	chr6	145422076	SNV	HG008N_present_rare	other_hap_only:patient_frame	HG008-N present, rare	exact	AFR+AMR	2	6	ACB,GWD,MSL,YRI,PEL,PUR	10	shared	False	8	2	0	0	40	29	7	2	3	0	0	3	0	1	1	0	1	1	0	0	0	14	2	1	15	1	5	2	7	8	14	5	2	2
6359	chr6	145512710	INDEL	HG008N_absent_HPRC_other	exact_allele	absent: exact allele in HPRC	exact	AFR	1	4	ACB,ESN,GWD,MSL	9	one superpopulation	False	10	0	0	0	43	30	6	2	4	0	1	3	0	2	0	0	0	0	0	0	0	12	2	1	16	2	8	2	8	6	16	4	2	2
6364	chr6	146706845	INDEL	HG008N_absent_HPRC_other	exact_allele	absent: exact allele in HPRC	exact	AFR+AMR+EAS	3	6	ASW,ESN,GWD,PEL,PUR,CHS	10	shared	False	6	4	3	0	33	24	7	2	0	1	2	3	0	0	0	0	2	2	3	0	0	7	2	2	11	2	7	2	3	7	14	6	1	2
6365	chr6	146807992	INDEL	HG008N_absent_HPRC_other	exact_allele	absent: exact allele in HPRC	exact	AFR+AMR+EAS	3	8	ACB,ASW,ESN,GWD,MSL,YRI,PUR,CHS	20	shared	False	15	6	1	0	38	31	5	2	6	1	1	4	0	2	1	0	0	6	1	0	0	11	2	1	14	2	6	2	8	8	15	4	1	2
6366	chr6	147185690	INDEL	HG008N_absent_HPRC_other	exact_allele	absent: exact allele in HPRC	exact	AFR+AMR+EAS	3	8	ACB,GWD,MSL,CLM,PEL,PUR,CHS,KHV	14	shared	False	5	7	4	0	31	31	8	2	2	0	0	2	0	1	0	3	1	3	2	2	0	9	2	0	11	2	5	2	8	8	15	6	2	2
6370	chr6	147899189	INDEL	HG008N_absent_HPRC_other	exact_allele	absent: exact allele in HPRC	exact	AFR+AMR+EAS	3	8	ACB,ASW,GWD,MSL,PEL,PUR,CHS,KHV	11	shared	False	5	5	2	0	24	23	7	1	1	1	0	2	0	1	0	0	1	4	1	1	0	6	2	1	10	1	3	1	6	5	12	5	2	1
6385	chr6	153185637	INDEL	HG008N_absent_HPRC_other	exact_allele	absent: exact allele in HPRC	exact	AFR+AMR+EAS	3	6	ACB,ESN,GWD,PUR,CHS,KHV	12	shared	False	10	2	2	0	43	31	6	2	6	0	1	3	0	0	0	0	0	2	1	1	0	14	1	2	16	1	8	1	8	8	15	4	2	2
6388	chr6	153235500	SNV	other_ambiguous		ambiguous	exact	none	0	0		0	none	False	0	0	0	0	44	32	8	2	0	0	0	0	0	0	0	0	0	0	0	0	0	13	2	1	16	2	8	2	8	8	16	6	2	2
6389	chr6	153656025	INDEL	other_ambiguous		ambiguous	exact	none	0	0		0	none	False	0	0	0	0	6	12	3	2	0	0	0	0	0	0	0	0	0	0	0	0	0	3	1	0	1	0	0	1	3	3	6	1	2	2
6398	chr6	156163803	INDEL	HG008N_absent_HPRC_other	exact_allele	absent: exact allele in HPRC	exact	AFR+AMR+SAS	3	6	ACB,GWD,MSL,CLM,PUR,PJL	8	shared	False	5	2	0	1	45	30	6	2	2	0	0	2	0	1	0	1	0	1	0	0	1	14	1	2	16	2	8	2	7	7	16	5	1	2
6406	chr6	158214660	INDEL	HG008N_absent_HPRC_other	exact_allele	absent: exact allele in HPRC	exact	AFR+AMR	2	2	GWD,PUR	2	shared	False	1	1	0	0	33	26	8	2	0	0	0	1	0	0	0	0	0	1	0	0	0	11	2	1	12	2	5	0	6	7	13	6	2	2
6413	chr6	160012764	INDEL	other_ambiguous		ambiguous	exact	none	0	0		0	none	False	0	0	0	0	32	27	3	2	0	0	0	0	0	0	0	0	0	0	0	0	0	8	2	1	10	2	7	2	7	7	13	2	1	2
6414	chr6	160467904	INDEL	HG008N_absent_HPRC_other	exact_allele	absent: exact allele in HPRC	exact	AMR	1	1	PEL	1	one individual	True	0	1	0	0	38	31	8	2	0	0	0	0	0	0	0	0	1	0	0	0	0	12	2	2	13	0	7	2	8	8	15	6	2	2
6417	chr6	160910531	INDEL	HG008N_absent_HPRC_other	exact_allele	absent: exact allele in HPRC	exact	AFR+AMR+EAS	3	8	ACB,ESN,GWD,MSL,PEL,PUR,CHS,KHV	11	shared	False	7	3	2	0	46	32	8	2	3	0	1	2	0	1	0	0	2	1	1	1	0	14	2	2	16	2	8	2	8	8	16	6	2	2
6424	chr6	161692947	INDEL	HG008N_absent_HPRC_other	exact_allele	absent: exact allele in HPRC	exact	AFR+AMR	2	6	ACB,ESN,GWD,MKK,MSL,PUR	10	shared	False	9	1	0	0	44	32	8	2	1	0	1	4	1	2	0	0	0	1	0	0	0	14	2	1	16	2	7	2	8	8	16	6	2	2
6432	chr6	162958878	INDEL	HG008N_absent_HPRC_other	exact_allele	absent: exact allele in HPRC	exact	AMR	1	1	PUR	1	one individual	False	0	1	0	0	15	7	5	2	0	0	0	0	0	0	0	0	0	1	0	0	0	5	1	0	4	1	3	1	3	1	3	3	2	2
6434	chr6	163193905	INDEL	other_ambiguous		ambiguous	exact	none	0	0		0	none	False	0	0	0	0	45	32	8	2	0	0	0	0	0	0	0	0	0	0	0	0	0	14	2	2	16	2	7	2	8	8	16	6	2	2
6437	chr6	163768690	INDEL	HG008N_absent_HPRC_other	exact_allele	absent: exact allele in HPRC	exact	AFR+AMR+EAS+SAS	4	10	ACB,ASW,GWD,MKK,MSL,CLM,PEL,PUR,KHV,PJL	32	shared	False	22	21	1	2	44	30	8	2	7	1	0	11	1	2	0	5	7	9	0	1	2	14	2	2	15	2	7	2	8	8	14	6	2	2
6438	chr6	163895583	INDEL	HG008N_absent_HPRC_other	exact_allele	absent: exact allele in HPRC	exact	AMR+SAS	2	2	PUR,PJL	3	shared	False	0	2	0	1	41	30	8	2	0	0	0	0	0	0	0	0	0	2	0	0	1	13	2	1	15	2	6	2	8	8	14	6	2	2
6444	chr6	164823127	INDEL	HG008N_absent_HPRC_other	exact_allele	absent: exact allele in HPRC	exact	AFR+AMR+EAS	3	8	ACB,ASW,GWD,MKK,MSL,YRI,PUR,KHV	19	shared	False	17	3	1	0	45	31	7	2	6	1	0	7	1	1	1	0	0	3	0	1	0	13	2	2	16	2	8	2	8	8	15	5	2	2
6462	chr6	169739208	INDEL	HG008N_absent_HPRC_other	exact_allele	absent: exact allele in HPRC	exact	AFR+AMR	2	7	ACB,ESN,MKK,YRI,CLM,PEL,PUR	8	shared	False	5	4	0	0	39	32	7	2	1	0	1	0	1	0	2	1	2	1	0	0	0	11	2	2	13	2	7	2	8	8	16	5	2	2
6468	chr7	1258930	INDEL	HG008N_absent_HPRC_other	exact_allele	absent: exact allele in HPRC	exact	AFR+AMR+EAS	3	9	ACB,ASW,GWD,MKK,MSL,YRI,PEL,PUR,KHV	9	shared	False	6	3	1	0	31	31	8	2	1	1	0	1	1	1	1	0	1	2	0	1	0	8	1	1	12	2	5	2	8	8	15	6	2	2
6482	chr7	2867476	SNV	HG008N_absent_HPRC_other	element_set_other_allele	absent: only the nodes in HPRC	nodes	AFR+AMR+EAS	3	6	ACB,ASW,GWD,PUR,CHS,KHV	8	shared	False	4	2	3	0	34	25	8	2	1	1	0	2	0	0	0	0	0	2	2	1	0	11	2	1	11	1	7	1	8	5	12	6	2	2
6484	chr7	3053089	INDEL	HG008N_absent_HPRC_other	exact_allele	absent: exact allele in HPRC	exact	AFR+AMR+EAS+SAS	4	9	ACB,ESN,GWD,MSL,CLM,PEL,PUR,CHS,PJL	23	shared	False	15	9	2	1	33	28	6	2	7	0	1	4	0	3	0	2	1	6	2	0	1	11	1	1	11	2	5	2	8	7	13	4	2	2
6485	chr7	3474091	INDEL	HG008N_absent_HPRC_other	exact_allele	absent: exact allele in HPRC	exact	AFR+AMR	2	5	ACB,GWD,MSL,CLM,PUR	7	shared	False	6	3	0	0	26	26	8	2	2	0	0	1	0	3	0	1	0	2	0	0	0	10	0	2	6	2	6	0	6	7	13	6	2	2
6508	chr7	6683458	INDEL	HG008N_absent_HPRC_other	exact_allele	absent: exact allele in HPRC	exact	AFR+AMR	2	5	ACB,GWD,CLM,PEL,PUR	7	shared	False	3	6	0	0	28	24	5	2	2	0	0	1	0	0	0	3	1	2	0	0	0	9	2	0	12	2	2	1	8	6	10	3	2	2
6523	chr7	9105657	INDEL	HG008N_present_rare	other_hap_only	HG008-N present, rare	exact	AFR+AMR+SAS	3	7	ACB,GWD,MSL,CLM,PEL,PUR,PJL	15	shared	False	9	5	0	1	42	32	8	2	5	0	0	3	0	1	0	2	1	2	0	0	1	14	2	1	13	2	8	2	8	8	16	6	2	2
6524	chr7	9164346	INDEL	HG008N_absent_HPRC_other	exact_allele	absent: exact allele in HPRC	exact	AFR	1	3	ACB,GWD,MKK	5	one superpopulation	True	5	0	0	0	46	32	8	2	1	0	0	3	1	0	0	0	0	0	0	0	0	14	2	2	16	2	8	2	8	8	16	6	2	2
6528	chr7	9253159	INDEL	HG008N_absent_HPRC_other	exact_allele	absent: exact allele in HPRC	exact	AFR+AMR+SAS	3	5	ACB,ASW,GWD,PEL,PJL	9	shared	False	6	2	0	1	37	27	6	2	3	1	0	2	0	0	0	0	2	0	0	0	1	13	1	2	11	2	6	2	8	8	11	4	2	2
6541	chr7	9816053	INDEL	HG008N_absent_HPRC_other	exact_allele	absent: exact allele in HPRC	exact	AFR+AMR+EAS	3	8	ACB,ASW,ESN,GWD,CLM,PEL,PUR,CHS	14	shared	False	7	6	1	0	35	28	6	1	1	1	1	4	0	0	0	2	1	3	1	0	0	12	2	2	10	2	6	1	7	8	13	4	2	1
6554	chr7	10496206	INDEL	HG008N_absent_HPRC_other	exact_allele	absent: exact allele in HPRC	exact	AFR+AMR+SAS	3	7	ACB,GWD,MSL,CLM,PEL,PUR,PJL	20	shared	True	10	12	0	1	45	31	6	2	3	0	0	6	0	1	0	1	3	8	0	0	1	14	2	2	15	2	8	2	8	7	16	4	2	2
6605	chr7	15072714	INDEL	HG008N_absent_HPRC_other	exact_allele	absent: exact allele in HPRC	exact	AFR+AMR	2	7	ACB,ASW,ESN,GWD,MKK,YRI,PUR	10	shared	False	12	1	0	0	34	29	8	2	1	1	2	6	1	0	1	0	0	1	0	0	0	9	1	2	12	2	6	2	7	8	14	6	2	2
6607	chr7	15241461	INDEL	HG008N_absent_HPRC_other	exact_allele	absent: exact allele in HPRC	exact	AFR+AMR+EAS	3	7	ACB,GWD,MSL,YRI,PEL,PUR,KHV	16	shared	False	9	7	1	0	32	26	8	2	2	0	0	4	0	2	1	0	3	4	0	1	0	10	1	0	11	1	7	2	8	6	12	6	2	2
6610	chr7	15342779	INDEL	HG008N_absent_HPRC_other	exact_allele	absent: exact allele in HPRC	exact	AFR+AMR	2	3	ACB,CLM,PUR	4	shared	False	1	4	0	0	28	31	8	2	1	0	0	0	0	0	0	2	0	2	0	0	0	7	1	1	10	2	6	1	8	7	16	6	2	2
6613	chr7	15430644	SNV	other_ambiguous		ambiguous	exact	none	0	0		0	none	False	0	0	0	0	30	31	7	2	0	0	0	0	0	0	0	0	0	0	0	0	0	9	1	2	10	1	6	1	8	7	16	5	2	2
6624	chr7	17609297	INDEL	HG008N_absent_HPRC_other	exact_allele	absent: exact allele in HPRC	exact	AFR+AMR+EAS	3	9	ACB,ASW,GWD,MKK,MSL,CLM,PUR,CHS,KHV	25	shared	False	25	6	5	0	38	28	8	2	7	2	0	9	1	6	0	1	0	5	3	2	0	10	2	2	13	2	8	1	6	8	14	6	2	2
6636	chr7	18568026	INDEL	other_ambiguous		ambiguous	exact	none	0	0		0	none	False	0	0	0	0	16	22	7	2	0	0	0	0	0	0	0	0	0	0	0	0	0	5	2	1	5	0	2	1	6	7	9	6	1	2
6637	chr7	18732701	INDEL	other_ambiguous		ambiguous	exact	none	0	0		0	none	False	0	0	0	0	19	27	5	1	0	0	0	0	0	0	0	0	0	0	0	0	0	7	1	0	5	1	4	1	8	6	13	4	1	1
6646	chr7	19268266	INDEL	HG008N_absent_HPRC_other	exact_allele	absent: exact allele in HPRC	exact	AMR	1	1	CLM	1	one individual	False	0	1	0	0	31	27	6	2	0	0	0	0	0	0	0	1	0	0	0	0	0	11	1	2	10	1	4	2	8	6	13	4	2	2
6654	chr7	19969968	INDEL	HG008N_absent_HPRC_other	exact_allele	absent: exact allele in HPRC	exact	AFR	1	3	ESN,GWD,YRI	4	one superpopulation	False	5	0	0	0	39	26	7	1	0	0	1	2	0	0	2	0	0	0	0	0	0	12	2	1	16	0	6	2	6	8	12	5	2	1
6656	chr7	20672327	INDEL	HG008N_absent_HPRC_other	exact_allele	absent: exact allele in HPRC	exact	AFR+AMR	2	9	ACB,ASW,ESN,GWD,MKK,MSL,YRI,PEL,PUR	20	shared	False	18	5	0	0	46	30	8	1	5	1	1	4	1	4	2	0	2	3	0	0	0	14	2	2	16	2	8	2	8	8	14	6	2	1
6658	chr7	20758300	INDEL	HG008N_absent_HPRC_other	exact_allele	absent: exact allele in HPRC	exact	AFR+AMR+SAS	3	4	ACB,GWD,PUR,PJL	6	shared	False	3	2	0	1	42	32	8	2	2	0	0	1	0	0	0	0	0	2	0	0	1	11	2	2	15	2	8	2	8	8	16	6	2	2
6659	chr7	20767598	SNV	HG008N_absent_HPRC_other	exact_allele	absent: exact allele in HPRC	exact	AFR+AMR+EAS	3	5	ACB,GWD,MSL,PUR,CHS	6	shared	True	3	1	2	0	17	24	8	2	1	0	0	1	0	1	0	0	0	1	2	0	0	6	2	1	4	0	4	0	6	7	11	6	2	2
6661	chr7	20994754	INDEL	HG008N_absent_HPRC_other	exact_allele	absent: exact allele in HPRC	exact	AFR+AMR+EAS	3	9	ACB,ASW,GWD,MKK,CLM,PEL,PUR,CHS,KHV	12	shared	True	6	5	3	0	34	25	6	1	2	1	0	2	1	0	0	2	1	2	1	2	0	9	2	2	12	2	5	2	7	6	12	4	2	1
6667	chr7	21880084	INDEL	HG008N_absent_HPRC_other	exact_allele	absent: exact allele in HPRC	exact	AFR+AMR+EAS+SAS	4	9	ACB,GWD,YRI,CLM,PEL,PUR,CHS,KHV,PJL	18	shared	False	5	12	4	1	42	29	8	2	1	0	0	3	0	0	1	1	6	5	3	1	1	13	2	2	14	2	7	2	7	8	14	6	2	2
6669	chr7	22000749	INDEL	HG008N_absent_HPRC_other	exact_allele	absent: exact allele in HPRC	exact	AMR	1	1	PEL	1	one individual	False	0	1	0	0	31	28	7	1	0	0	0	0	0	0	0	0	1	0	0	0	0	12	2	2	8	1	4	2	7	8	13	5	2	1
6677	chr7	22644867	INDEL	HG008N_absent_HPRC_other	exact_allele	absent: exact allele in HPRC	exact	AFR+AMR+EAS	3	4	GWD,CLM,PEL,CHS	4	shared	False	1	2	1	0	10	12	6	0	0	0	0	1	0	0	0	1	1	0	1	0	0	1	2	0	4	1	1	1	3	4	5	4	2	0
6685	chr7	24240646	INDEL	HG008N_absent_HPRC_other	exact_allele	absent: exact allele in HPRC	exact	AFR+AMR+EAS+SAS	4	9	ACB,ESN,GWD,MSL,CLM,PUR,CHS,KHV,PJL	16	shared	False	6	8	2	1	33	30	7	2	3	0	1	1	0	1	0	3	0	5	1	1	1	9	2	1	10	2	7	2	8	7	15	5	2	2
6695	chr7	26175778	INDEL	HG008N_absent_HPRC_other	exact_allele	absent: exact allele in HPRC	exact	AFR+AMR+EAS	3	8	ACB,GWD,MKK,MSL,PEL,PUR,CHS,KHV	10	shared	False	5	3	3	0	41	32	8	2	1	0	0	2	1	1	0	0	2	1	2	1	0	11	2	1	15	2	8	2	8	8	16	6	2	2
6709	chr7	27069408	INDEL	HG008N_absent_HPRC_other	exact_allele	absent: exact allele in HPRC	exact	AFR+AMR+SAS	3	9	ACB,ASW,GWD,MKK,MSL,CLM,PEL,PUR,PJL	17	shared	True	12	6	0	1	38	19	5	1	5	1	0	4	1	1	0	1	2	3	0	0	1	11	2	2	14	2	6	1	2	6	11	3	2	1
6715	chr7	27703941	INDEL	HG008N_absent_HPRC_other	exact_allele	absent: exact allele in HPRC	exact	AFR+AMR+EAS	3	3	ACB,CLM,KHV	3	shared	True	1	1	1	0	44	28	8	2	1	0	0	0	0	0	0	1	0	0	0	1	0	13	2	2	15	2	8	2	8	4	16	6	2	2
6720	chr7	28543578	INDEL	HG008N_absent_HPRC_other	exact_allele	absent: exact allele in HPRC	exact	AFR+AMR	2	8	ACB,ASW,ESN,GWD,YRI,CLM,PEL,PUR	16	shared	False	10	9	0	0	43	32	8	2	3	1	2	3	0	0	1	1	1	7	0	0	0	13	2	2	14	2	8	2	8	8	16	6	2	2
6725	chr7	29293362	INDEL	HG008N_absent_HPRC_other	exact_allele	absent: exact allele in HPRC	exact	AFR+AMR	2	4	ACB,ESN,MSL,PUR	5	shared	False	6	1	0	0	27	28	8	2	2	0	1	0	0	3	0	0	0	1	0	0	0	9	2	1	7	1	5	2	6	7	15	6	2	2
6728	chr7	29708264	INDEL	HG008N_absent_HPRC_other	exact_allele	absent: exact allele in HPRC	exact	AFR+AMR+EAS	3	7	ACB,GWD,CLM,PEL,PUR,CHS,KHV	14	shared	False	4	6	4	0	27	19	6	1	2	0	0	2	0	0	0	2	2	2	3	1	0	8	1	0	10	2	4	2	4	5	10	5	1	1
6729	chr7	30108067	INDEL	HG008N_absent_HPRC_other	exact_allele	absent: exact allele in HPRC	exact	AFR+AMR+EAS	3	6	ACB,GWD,MSL,PEL,PUR,CHS	10	shared	False	7	4	2	0	39	27	8	2	2	0	0	4	0	1	0	0	1	3	2	0	0	12	1	2	13	2	7	2	8	8	11	6	2	2
6736	chr7	31588631	INDEL	HG008N_absent_HPRC_other	exact_allele	absent: exact allele in HPRC	exact	AFR+AMR+SAS	3	8	ACB,GWD,MKK,MSL,CLM,PEL,PUR,PJL	20	shared	False	16	8	0	1	45	30	8	2	4	0	0	8	2	2	0	1	3	4	0	0	1	14	2	2	15	2	8	2	7	8	15	6	2	2
6738	chr7	31705986	INDEL	HG008N_absent_HPRC_other	exact_allele	absent: exact allele in HPRC	exact	AFR+AMR	2	4	ACB,CLM,PEL,PUR	8	shared	False	3	6	0	0	29	26	4	2	3	0	0	0	0	0	0	1	1	4	0	0	0	7	2	2	10	2	5	1	7	8	11	3	1	2
6769	chr7	35134007	INDEL	other_ambiguous		ambiguous	exact	none	0	0		0	none	True	0	0	0	0	11	14	2	0	0	0	0	0	0	0	0	0	0	0	0	0	0	3	1	0	5	1	0	1	3	6	5	0	2	0
6780	chr7	36319327	INDEL	HG008N_absent_HPRC_other	exact_allele	absent: exact allele in HPRC	exact	AFR+AMR+EAS	3	11	ACB,ASW,ESN,GWD,MSL,YRI,CLM,PEL,PUR,CHS,KHV	25	shared	True	18	9	5	0	46	27	6	2	7	1	1	7	0	1	1	2	3	4	3	2	0	14	2	2	16	2	8	2	7	5	15	4	2	2
6787	chr7	37191188	INDEL	other_ambiguous		ambiguous	exact	AFR+AMR+EAS+SAS	4	11	ACB,ASW,ESN,GWD,MSL,CLM,PEL,PUR,CHS,KHV,PJL	26	shared	False	12	16	3	1	45	29	6	2	2	1	2	4	0	3	0	4	2	10	2	1	1	14	2	2	15	2	8	2	8	5	16	4	2	2
6788	chr7	37215992	INDEL	HG008N_absent_HPRC_other	exact_allele	absent: exact allele in HPRC	exact	AFR+AMR+SAS	3	8	ACB,GWD,MKK,MSL,YRI,CLM,PUR,PJL	15	shared	True	10	5	0	1	41	30	8	2	5	0	0	2	1	1	1	3	0	2	0	0	1	13	2	2	13	2	7	2	7	8	15	6	2	2
6810	chr7	40111336	INDEL	HG008N_absent_HPRC_other	exact_allele	absent: exact allele in HPRC	exact	AFR	1	1	ESN	1	one individual	False	1	0	0	0	27	23	1	1	0	0	1	0	0	0	0	0	0	0	0	0	0	9	1	1	9	1	4	2	7	5	11	1	0	1
6813	chr7	40245434	INDEL	other_ambiguous		ambiguous	exact	none	0	0		0	none	False	0	0	0	0	18	9	0	0	0	0	0	0	0	0	0	0	0	0	0	0	0	7	1	1	4	0	3	2	1	3	5	0	0	0
6816	chr7	40562298	INDEL	HG008N_absent_HPRC_other	exact_allele	absent: exact allele in HPRC	exact	AFR+AMR+EAS	3	7	ACB,ASW,MSL,YRI,PEL,PUR,CHS	10	shared	True	7	3	1	0	34	31	8	2	2	1	0	0	0	3	1	0	2	1	1	0	0	13	2	1	8	1	7	2	8	8	15	6	2	2
6819	chr7	41171959	INDEL	HG008N_absent_HPRC_other	exact_allele	absent: exact allele in HPRC	exact	AFR	1	1	ACB	1	one individual	False	1	0	0	0	23	25	3	2	1	0	0	0	0	0	0	0	0	0	0	0	0	8	2	0	10	1	2	0	5	8	12	3	0	2
6824	chr7	41376086	INDEL	HG008N_absent_HPRC_other	exact_allele	absent: exact allele in HPRC	exact	AFR+AMR+EAS	3	10	ACB,ASW,ESN,GWD,MKK,MSL,YRI,CLM,PUR,CHS	26	shared	False	29	4	2	0	35	26	8	2	7	2	2	8	2	6	2	2	0	2	2	0	0	11	2	2	8	2	8	2	8	7	11	6	2	2
6829	chr7	41817779	INDEL	HG008N_absent_HPRC_other	exact_allele	absent: exact allele in HPRC	exact	AFR+AMR	2	5	ACB,GWD,MSL,YRI,CLM	10	shared	False	10	1	0	0	40	30	8	2	3	0	0	4	0	1	2	1	0	0	0	0	0	13	2	2	13	2	6	2	8	8	14	6	2	2
6834	chr7	42115133	INDEL	HG008N_absent_HPRC_other	exact_allele	absent: exact allele in HPRC	exact	AFR+AMR+EAS	3	11	ACB,ASW,ESN,GWD,MSL,YRI,CLM,PEL,PUR,CHS,KHV	23	shared	True	15	11	4	0	32	28	8	1	5	1	1	5	0	2	1	3	2	6	2	2	0	11	2	1	8	1	7	2	8	8	12	6	2	1
6836	chr7	42337972	INDEL	HG008N_absent_HPRC_other	exact_allele	absent: exact allele in HPRC	exact	AFR+AMR+EAS+SAS	4	9	ACB,ASW,GWD,MKK,MSL,PEL,PUR,CHS,PJL	20	shared	False	16	5	1	1	33	28	7	2	5	1	0	5	1	4	0	0	1	4	1	0	1	12	2	1	10	2	6	0	7	6	15	5	2	2
6839	chr7	42442674	INDEL	HG008N_absent_HPRC_other	exact_allele	absent: exact allele in HPRC	exact	AFR+AMR	2	6	ACB,GWD,MSL,CLM,PEL,PUR	8	shared	False	5	3	0	0	29	31	8	2	1	0	0	2	0	2	0	1	1	1	0	0	0	11	1	0	9	2	6	0	8	8	15	6	2	2
6848	chr7	44597544	INDEL	HG008N_absent_HPRC_other	exact_allele	absent: exact allele in HPRC	exact	AFR+AMR+EAS	3	6	ACB,GWD,CLM,PEL,PUR,CHS	10	shared	True	5	5	1	0	43	25	5	1	4	0	0	1	0	0	0	2	1	2	1	0	0	12	2	2	16	2	7	2	5	7	13	3	2	1
6851	chr7	44857515	INDEL	HG008N_absent_HPRC_other	exact_allele	absent: exact allele in HPRC	exact	AFR+AMR	2	3	GWD,MSL,PUR	5	shared	False	4	1	0	0	24	15	6	1	0	0	0	2	0	2	0	0	0	1	0	0	0	6	1	2	8	1	5	1	4	4	7	5	1	1
6857	chr7	46247298	INDEL	HG008N_absent_HPRC_other	exact_allele	absent: exact allele in HPRC	exact	AFR+AMR	2	7	ACB,ASW,ESN,GWD,MSL,YRI,PUR	16	shared	False	16	2	0	0	44	27	7	2	5	1	1	6	0	2	1	0	0	2	0	0	0	13	2	2	15	2	8	2	8	4	15	5	2	2
6858	chr7	46289314	INDEL	HG008N_absent_HPRC_other	exact_allele	absent: exact allele in HPRC	exact	AFR+AMR	2	8	ACB,ESN,GWD,MSL,YRI,CLM,PEL,PUR	14	shared	True	9	6	0	0	44	28	6	1	3	0	1	3	0	1	1	2	1	3	0	0	0	13	2	2	16	2	7	2	7	6	15	6	0	1
6863	chr7	46802914	INDEL	HG008N_absent_HPRC_other	exact_allele	absent: exact allele in HPRC	exact	AFR+AMR+EAS	3	8	ACB,GWD,MKK,MSL,CLM,PEL,PUR,CHS	16	shared	True	6	10	3	0	29	20	6	2	1	0	0	2	1	2	0	3	1	6	3	0	0	7	2	1	10	2	6	1	3	5	12	4	2	2
6865	chr7	46815144	INDEL	HG008N_absent_HPRC_other	exact_allele	absent: exact allele in HPRC	exact	AFR+AMR+EAS	3	9	ACB,ASW,GWD,MSL,CLM,PEL,PUR,CHS,KHV	25	shared	False	14	11	4	0	35	30	8	2	3	1	0	6	0	4	0	1	5	5	3	1	0	11	2	0	12	2	6	2	7	8	15	6	2	2
6871	chr7	48759056	INDEL	HG008N_absent_HPRC_other	exact_allele	absent: exact allele in HPRC	exact	AFR+AMR+EAS	3	7	ACB,GWD,MSL,CLM,PUR,CHS,KHV	10	shared	False	6	3	2	0	36	25	6	1	1	0	0	2	0	3	0	1	0	2	1	1	0	12	1	2	11	2	7	1	7	5	13	4	2	1
6873	chr7	48840254	SNV	HG008N_absent_HPRC_other	element_set_other_allele	absent: only the nodes in HPRC	nodes	AFR+AMR+EAS+SAS	4	13	ACB,ASW,ESN,GWD,MKK,MSL,YRI,CLM,PEL,PUR,CHS,KHV,PJL	43	shared	True	32	27	8	2	37	31	8	2	11	1	1	11	2	5	1	8	6	13	6	2	2	12	2	1	13	2	5	2	8	8	15	6	2	2
6874	chr7	48856894	INDEL	HG008N_absent_HPRC_other	exact_allele	absent: exact allele in HPRC	exact	AFR+AMR+EAS+SAS	4	13	ACB,ASW,ESN,GWD,MKK,MSL,YRI,CLM,PEL,PUR,CHS,KHV,PJL	39	shared	False	33	21	5	1	41	27	8	1	11	1	1	12	2	5	1	5	4	12	4	1	1	13	2	2	14	2	6	2	5	7	15	6	2	1
6905	chr7	52847632	INDEL	HG008N_absent_HPRC_other	exact_allele	absent: exact allele in HPRC	exact	AFR+AMR	2	6	ACB,GWD,MSL,YRI,CLM,PEL	8	shared	False	7	2	0	0	44	26	7	2	2	0	0	2	0	2	1	1	1	0	0	0	0	13	2	2	15	2	8	2	7	7	12	5	2	2
6914	chr7	54088145	INDEL	HG008N_absent_HPRC_other	exact_allele	absent: exact allele in HPRC	exact	AFR+AMR+EAS+SAS	4	8	ACB,ASW,GWD,MKK,PUR,CHS,KHV,PJL	9	shared	False	4	2	2	1	33	31	8	2	1	1	0	1	1	0	0	0	0	2	1	1	1	12	2	1	11	1	4	2	8	8	15	6	2	2
6918	chr7	54578119	INDEL	HG008N_absent_HPRC_other	exact_allele	absent: exact allele in HPRC	exact	AFR+AMR	2	6	ACB,ASW,GWD,YRI,CLM,PUR	7	shared	False	5	3	0	0	40	31	4	2	1	1	0	2	0	0	1	1	0	2	0	0	0	12	2	1	15	1	7	2	7	8	16	2	2	2
6923	chr7	55061612	INDEL	HG008N_absent_HPRC_other	exact_allele	absent: exact allele in HPRC	exact	AFR+AMR+EAS	3	6	GWD,MSL,CLM,PEL,PUR,KHV	14	shared	False	3	10	1	0	24	23	4	2	0	0	0	2	0	1	0	1	4	5	0	1	0	7	1	1	9	0	4	2	5	6	12	3	1	2
6924	chr7	55323225	INDEL	other_ambiguous		ambiguous	exact	none	0	0		0	none	False	0	0	0	0	27	27	2	1	0	0	0	0	0	0	0	0	0	0	0	0	0	8	2	1	9	2	4	1	6	8	13	1	1	1
6926	chr7	55414983	INDEL	HG008N_absent_HPRC_other	element_set_other_allele	absent: only the nodes in HPRC	nodes	AFR+AMR+EAS	3	8	ACB,ESN,GWD,MSL,CLM,PEL,PUR,CHS	21	shared	False	9	14	2	0	36	30	8	0	4	0	1	2	0	2	0	2	4	8	2	0	0	12	2	1	13	1	6	1	7	7	16	6	2	0
6929	chr7	55865972	INDEL	HG008N_absent_HPRC_other	exact_allele	absent: exact allele in HPRC	exact	AFR+AMR+EAS+SAS	4	11	ACB,ASW,ESN,GWD,MKK,MSL,CLM,PEL,PUR,CHS,PJL	26	shared	False	19	6	3	1	43	32	8	1	5	1	1	5	1	6	0	3	1	2	3	0	1	12	2	2	15	2	8	2	8	8	16	6	2	1
6961	chr7	62082995	INDEL	HG008N_absent_HPRC_other	exact_allele	absent: exact allele in HPRC	exact	AFR	1	1	MSL	1	one individual	False	1	0	0	0	17	16	2	2	0	0	0	0	0	1	0	0	0	0	0	0	0	5	0	1	5	1	5	0	6	4	6	2	0	2
6976	chr7	63587530	INDEL	HG008N_absent_HPRC_other	exact_allele	absent: exact allele in HPRC	exact	AFR+AMR+EAS+SAS	4	8	ACB,ASW,GWD,CLM,PEL,PUR,KHV,PJL	13	shared	False	3	9	2	2	38	31	8	2	1	1	0	1	0	0	0	2	2	5	0	2	2	13	2	2	10	2	7	2	8	7	16	6	2	2
6993	chr7	66628736	INDEL	HG008N_absent_HPRC_other	exact_allele	absent: exact allele in HPRC	exact	AFR+AMR+SAS	3	8	ACB,GWD,MKK,YRI,CLM,PEL,PUR,PJL	14	shared	True	8	7	0	1	40	24	4	1	3	0	0	2	1	0	2	3	3	1	0	0	1	14	2	1	14	2	5	2	5	7	12	4	0	1
7005	chr7	68203968	SNV	HG008N_absent_HPRC_other	element_set_other_allele	absent: only the nodes in HPRC	nodes	AFR+AMR+EAS+SAS	4	10	ACB,GWD,MKK,MSL,CLM,PEL,PUR,CHS,KHV,PJL	17	shared	False	10	8	2	1	36	30	5	1	2	0	0	2	1	5	0	2	4	2	1	1	1	11	0	2	12	2	8	1	8	8	14	3	2	1
7006	chr7	68232636	INDEL	other_ambiguous		ambiguous	exact	none	0	0		0	none	False	0	0	0	0	28	28	8	1	0	0	0	0	0	0	0	0	0	0	0	0	0	7	2	0	10	1	6	2	8	7	13	6	2	1
7007	chr7	68422570	INDEL	HG008N_absent_HPRC_other	exact_allele	absent: exact allele in HPRC	exact	AFR+AMR	2	4	GWD,MSL,CLM,PUR	7	shared	False	6	3	0	0	35	25	6	1	0	0	0	1	0	5	0	1	0	2	0	0	0	12	2	1	11	1	7	1	7	6	12	4	2	1
7016	chr7	69266448	INDEL	other_ambiguous		ambiguous	exact	none	0	0		0	none	False	0	0	0	0	46	32	8	2	0	0	0	0	0	0	0	0	0	0	0	0	0	14	2	2	16	2	8	2	8	8	16	6	2	2
7017	chr7	69306666	INDEL	HG008N_absent_HPRC_other	exact_allele	absent: exact allele in HPRC	exact	AFR+AMR+EAS+SAS	4	9	ACB,ESN,MSL,CLM,PEL,PUR,CHS,KHV,PJL	13	shared	False	3	9	2	1	40	31	8	2	1	0	1	0	0	1	0	2	3	4	1	1	1	13	2	2	13	1	7	2	8	8	15	6	2	2
7019	chr7	69659451	INDEL	HG008N_absent_HPRC_other	exact_allele	absent: exact allele in HPRC	exact	AFR+AMR+EAS	3	9	ACB,ESN,GWD,MKK,MSL,CLM,PEL,PUR,KHV	20	shared	False	16	5	1	0	41	31	8	2	3	0	1	7	2	3	0	1	1	3	0	1	0	13	2	2	14	2	6	2	8	8	15	6	2	2
7026	chr7	70685472	INDEL	HG008N_absent_HPRC_other	exact_allele	absent: exact allele in HPRC	exact	AFR+AMR+SAS	3	8	ASW,GWD,MSL,YRI,CLM,PEL,PUR,PJL	11	shared	False	5	6	0	1	33	29	8	2	0	1	0	2	0	1	1	1	4	1	0	0	1	8	2	2	11	2	6	2	7	8	14	6	2	2
7033	chr7	71544850	INDEL	HG008N_absent_HPRC_other	exact_allele	absent: exact allele in HPRC	exact	AFR+AMR+EAS+SAS	4	10	ACB,ESN,GWD,MSL,CLM,PEL,PUR,CHS,KHV,PJL	17	shared	False	6	7	6	1	46	32	8	2	3	0	1	1	0	1	0	1	4	2	4	2	1	14	2	2	16	2	8	2	8	8	16	6	2	2
7035	chr7	71849436	INDEL	HG008N_absent_HPRC_other	exact_allele	absent: exact allele in HPRC	exact	AFR+AMR+EAS	3	11	ACB,ESN,GWD,MKK,MSL,YRI,CLM,PEL,PUR,CHS,KHV	24	shared	False	18	7	5	0	45	31	8	1	3	0	1	7	1	5	1	2	3	2	3	2	0	14	2	2	16	1	8	2	8	8	15	6	2	1
7041	chr7	73277041	INDEL	HG008N_absent_HPRC_other	exact_allele	absent: exact allele in HPRC	exact	AFR+AMR	2	6	ACB,GWD,MSL,CLM,PEL,PUR	10	shared	False	6	7	0	0	29	26	4	1	1	0	0	3	0	2	0	2	4	1	0	0	0	10	2	1	11	0	3	2	7	7	12	4	0	1
7074	chr7	79597956	INDEL	HG008N_absent_HPRC_other	exact_allele	absent: exact allele in HPRC	exact	AFR+AMR	2	3	ACB,GWD,PEL	7	shared	False	6	2	0	0	33	23	6	2	2	0	0	4	0	0	0	0	2	0	0	0	0	10	2	1	11	2	6	1	5	6	12	5	1	2
7078	chr7	79871275	INDEL	HG008N_absent_HPRC_other	exact_allele	absent: exact allele in HPRC	exact	AFR+AMR+EAS+SAS	4	8	ACB,ESN,GWD,CLM,PEL,PUR,CHS,PJL	16	shared	False	6	13	1	1	25	27	5	1	3	0	1	2	0	0	0	2	5	6	1	0	1	7	1	1	8	2	5	1	6	8	13	3	2	1
7100	chr7	85706988	INDEL	HG008N_absent_HPRC_other	exact_allele	absent: exact allele in HPRC	exact	AFR+AMR+EAS	3	9	ACB,ASW,ESN,GWD,MSL,YRI,PEL,PUR,CHS	13	shared	False	12	3	2	0	44	31	8	2	2	2	1	4	0	2	1	0	1	2	2	0	0	14	2	2	15	2	7	2	8	8	15	6	2	2
7109	chr7	87105166	INDEL	HG008N_absent_HPRC_other	exact_allele	absent: exact allele in HPRC	exact	AFR+AMR+EAS	3	9	ACB,ASW,GWD,MKK,MSL,CLM,PEL,PUR,CHS	17	shared	False	11	4	5	0	30	32	8	2	3	1	0	4	1	2	0	2	1	1	5	0	0	9	1	1	10	2	5	2	8	8	16	6	2	2
7114	chr7	88500606	INDEL	HG008N_absent_HPRC_other	exact_allele	absent: exact allele in HPRC	exact	AFR+EAS	2	3	GWD,MSL,CHS	3	shared	False	2	0	1	0	26	20	5	2	0	0	0	1	0	1	0	0	0	0	1	0	0	5	1	2	10	2	4	2	4	8	8	3	2	2
7129	chr7	91444489	INDEL	HG008N_absent_HPRC_other	exact_allele	absent: exact allele in HPRC	exact	AFR+AMR+EAS	3	5	ACB,MSL,CLM,PUR,CHS	7	shared	False	3	3	1	0	33	29	6	1	2	0	0	0	0	1	0	1	0	2	1	0	0	11	2	2	10	1	6	1	7	8	14	4	2	1
7138	chr7	93888664	INDEL	HG008N_absent_HPRC_other	exact_allele	absent: exact allele in HPRC	exact	AMR+EAS	2	4	CLM,PEL,PUR,KHV	7	shared	True	0	8	2	0	42	28	8	2	0	0	0	0	0	0	0	3	1	4	0	2	0	14	2	1	14	1	8	2	6	6	16	6	2	2
7149	chr7	97876429	INDEL	HG008N_absent_HPRC_other	exact_allele	absent: exact allele in HPRC	exact	AFR+AMR	2	8	ACB,ESN,GWD,MKK,MSL,YRI,CLM,PUR	16	shared	False	20	2	0	0	42	32	8	2	3	0	2	8	1	4	2	1	0	1	0	0	0	13	2	2	16	1	6	2	8	8	16	6	2	2
7150	chr7	97896737	INDEL	other_ambiguous		ambiguous	exact	none	0	0		0	none	False	0	0	0	0	17	18	3	1	0	0	0	0	0	0	0	0	0	0	0	0	0	4	1	1	6	0	4	1	3	5	10	2	1	1
7151	chr7	97896739	SNV	HG008N_absent_HPRC_other	element_set_other_allele	absent: only the nodes in HPRC	nodes	AFR+AMR+EAS+SAS	4	8	ACB,GWD,YRI,CLM,PEL,PUR,CHS,PJL	14	shared	False	4	9	2	1	17	18	3	1	1	0	0	2	0	0	1	1	4	4	2	0	1	4	1	1	6	0	4	1	3	5	10	2	1	1
7156	chr7	98669279	INDEL	HG008N_absent_HPRC_other	exact_allele	absent: exact allele in HPRC	exact	AMR+EAS	2	2	PUR,KHV	3	shared	False	0	3	1	0	25	24	7	2	0	0	0	0	0	0	0	0	0	3	0	1	0	9	2	1	5	0	6	2	5	6	13	5	2	2
7159	chr7	98787233	INDEL	HG008N_absent_HPRC_other	exact_allele	absent: exact allele in HPRC	exact	AFR+AMR+EAS	3	8	ACB,ASW,ESN,GWD,YRI,CLM,PEL,CHS	11	shared	False	9	2	1	0	21	25	6	2	3	1	1	3	0	0	1	1	1	0	1	0	0	8	1	1	8	0	2	1	5	6	14	4	2	2
7164	chr7	101054057	INDEL	HG008N_absent_HPRC_other	exact_allele	absent: exact allele in HPRC	exact	AFR+AMR	2	6	ACB,ASW,GWD,MSL,YRI,CLM	13	shared	False	13	1	0	0	20	19	7	0	4	1	0	3	0	4	1	1	0	0	0	0	0	7	1	0	6	1	4	1	5	5	9	5	2	0
7169	chr7	101394585	INDEL	HG008N_absent_HPRC_other	exact_allele	absent: exact allele in HPRC	exact	AFR+AMR+SAS	3	7	ACB,ASW,GWD,CLM,PEL,PUR,PJL	16	shared	False	3	20	0	1	24	27	7	2	1	1	0	1	0	0	0	4	7	9	0	0	1	7	1	0	11	1	4	0	6	8	13	5	2	2
7179	chr7	104417884	INDEL	HG008N_absent_HPRC_other	exact_allele	absent: exact allele in HPRC	exact	AFR+AMR+EAS	3	9	ACB,ESN,GWD,MKK,MSL,YRI,PEL,PUR,KHV	20	shared	False	18	5	1	0	27	24	6	2	6	0	1	7	1	2	1	0	3	2	0	1	0	10	0	1	8	1	6	1	5	6	13	5	1	2
7183	chr7	105596106	INDEL	HG008N_absent_HPRC_other	exact_allele	absent: exact allele in HPRC	exact	AFR	1	2	GWD,MSL	2	one superpopulation	False	2	0	0	0	42	32	7	2	0	0	0	1	0	1	0	0	0	0	0	0	0	14	2	2	16	2	4	2	8	8	16	5	2	2
7185	chr7	108364728	INDEL	HG008N_absent_HPRC_other	exact_allele	absent: exact allele in HPRC	exact	AFR+AMR+EAS+SAS	4	9	ACB,GWD,MSL,YRI,CLM,PEL,PUR,CHS,PJL	16	shared	False	7	7	3	1	42	32	8	2	2	0	0	1	0	3	1	1	2	4	3	0	1	14	1	2	14	2	7	2	8	8	16	6	2	2
7189	chr7	108982926	INDEL	HG008N_absent_HPRC_other	exact_allele	absent: exact allele in HPRC	exact	AFR+AMR+EAS	3	7	ACB,ESN,GWD,CLM,PEL,PUR,CHS	7	shared	False	4	4	1	0	37	31	8	2	1	0	2	1	0	0	0	2	1	1	1	0	0	10	2	2	13	2	6	2	8	7	16	6	2	2
7190	chr7	108985769	INDEL	HG008N_absent_HPRC_other	exact_allele	absent: exact allele in HPRC	exact	AFR+AMR+EAS+SAS	4	8	ACB,GWD,MSL,PEL,PUR,CHS,KHV,PJL	12	shared	True	4	5	3	1	45	32	8	2	1	0	0	2	0	1	0	0	3	2	2	1	1	13	2	2	16	2	8	2	8	8	16	6	2	2
7194	chr7	109228292	INDEL	HG008N_absent_HPRC_other	exact_allele	absent: exact allele in HPRC	exact	AFR+AMR	2	7	ACB,ESN,GWD,MSL,YRI,CLM,PUR	21	shared	False	18	8	0	0	44	32	8	2	7	0	1	5	0	4	1	3	0	5	0	0	0	13	2	2	16	2	7	2	8	8	16	6	2	2
7196	chr7	109541640	INDEL	HG008N_absent_HPRC_other	exact_allele	absent: exact allele in HPRC	exact	AFR+AMR+EAS	3	8	ACB,GWD,MSL,YRI,PEL,PUR,CHS,KHV	12	shared	False	5	4	3	0	26	14	6	0	2	0	0	1	0	1	1	0	1	3	2	1	0	8	1	2	8	1	5	1	4	3	7	4	2	0
7198	chr7	109774039	INDEL	HG008N_absent_HPRC_other	exact_allele	absent: exact allele in HPRC	exact	AFR+AMR+EAS	3	5	ACB,GWD,MSL,PUR,KHV	7	shared	True	3	3	1	0	36	27	8	2	1	0	0	1	0	1	0	0	0	3	0	1	0	12	2	1	12	2	5	2	6	7	14	6	2	2
7200	chr7	110041985	INDEL	HG008N_absent_HPRC_other	exact_allele	absent: exact allele in HPRC	exact	AFR+AMR+EAS+SAS	4	4	ACB,PUR,CHS,PJL	7	shared	False	2	2	3	1	33	30	6	2	2	0	0	0	0	0	0	0	0	2	3	0	1	13	1	2	9	2	5	1	8	7	15	5	1	2
7202	chr7	110561853	INDEL	HG008N_absent_HPRC_other	exact_allele	absent: exact allele in HPRC	exact	AFR+AMR+EAS+SAS	4	9	ACB,GWD,MSL,CLM,PEL,PUR,CHS,KHV,PJL	16	shared	False	5	7	5	1	36	30	7	1	2	0	0	2	0	1	0	1	4	2	4	1	1	12	2	2	11	0	7	2	7	8	15	5	2	1
7208	chr7	113207988	INDEL	HG008N_absent_HPRC_other	exact_allele	absent: exact allele in HPRC	exact	AFR+AMR+EAS	3	7	ACB,GWD,MSL,CLM,PEL,PUR,CHS	10	shared	False	4	7	2	0	35	27	4	1	2	0	0	1	0	1	0	2	3	2	2	0	0	6	2	2	15	1	7	2	6	7	14	4	0	1
7212	chr7	113921924	INDEL	HG008N_absent_HPRC_other	exact_allele	absent: exact allele in HPRC	exact	AFR+AMR+EAS+SAS	4	6	ACB,CLM,PUR,CHS,KHV,PJL	12	shared	False	3	7	4	1	33	30	6	2	3	0	0	0	0	0	0	4	0	3	3	1	1	11	2	2	9	1	6	2	8	8	14	5	1	2
7221	chr7	115645874	INDEL	HG008N_present_broad	other_hap_only	HG008-N present, broad	exact	AFR+AMR+EAS+SAS	4	13	ACB,ASW,ESN,GWD,MKK,MSL,YRI,CLM,PEL,PUR,CHS,KHV,PJL	36	shared	True	24	25	3	2	41	32	8	2	8	2	2	7	2	2	1	7	6	12	1	2	2	14	2	2	13	2	6	2	8	8	16	6	2	2
7231	chr7	118242484	INDEL	HG008N_present_broad	other_hap_only	HG008-N present, broad	exact	AFR+AMR+EAS+SAS	4	8	ACB,ASW,ESN,CLM,PEL,PUR,CHS,PJL	14	shared	True	6	11	1	1	46	32	8	2	3	1	2	0	0	0	0	2	2	7	1	0	1	14	2	2	16	2	8	2	8	8	16	6	2	2
7233	chr7	118505277	INDEL	HG008N_absent_HPRC_other	exact_allele	absent: exact allele in HPRC	exact	AFR+AMR+EAS+SAS	4	7	GWD,CLM,PEL,PUR,CHS,KHV,PJL	7	shared	False	1	4	3	1	36	31	7	2	0	0	0	1	0	0	0	1	2	1	2	1	1	10	2	2	14	2	4	2	8	8	15	5	2	2
7237	chr7	119056906	SNV	HG008N_absent_HPRC_other	exact_allele	absent: exact allele in HPRC	exact	AMR	1	3	CLM,PEL,PUR	4	one superpopulation	False	0	4	0	0	38	30	8	2	0	0	0	0	0	0	0	1	2	1	0	0	0	11	2	2	13	2	7	1	8	8	14	6	2	2
7242	chr7	119711829	INDEL	other_ambiguous		ambiguous	exact	none	0	0		0	none	False	0	0	0	0	36	27	7	2	0	0	0	0	0	0	0	0	0	0	0	0	0	10	2	1	12	2	8	1	8	7	12	5	2	2
7254	chr7	121074509	INDEL	HG008N_absent_HPRC_other	exact_allele	absent: exact allele in HPRC	exact	AFR+AMR+EAS	3	9	ACB,ASW,GWD,MKK,MSL,CLM,PEL,PUR,CHS	15	shared	False	6	11	1	0	32	31	8	2	2	1	0	1	1	1	0	6	2	3	1	0	0	11	1	2	10	2	5	1	8	8	15	6	2	2
7256	chr7	121600354	INDEL	HG008N_absent_HPRC_other	exact_allele	absent: exact allele in HPRC	exact	AFR+AMR+EAS	3	6	ACB,GWD,MKK,PEL,PUR,CHS	10	shared	False	6	3	1	0	31	30	8	2	3	0	0	2	1	0	0	0	1	2	1	0	0	12	1	1	10	2	3	2	8	8	14	6	2	2
7257	chr7	121981140	INDEL	HG008N_absent_HPRC_other	exact_allele	absent: exact allele in HPRC	exact	AFR+AMR+EAS	3	10	ACB,GWD,MKK,MSL,YRI,CLM,PEL,PUR,CHS,KHV	25	shared	False	11	16	3	0	44	32	7	2	5	0	0	2	1	2	1	5	3	8	1	2	0	12	2	2	16	2	8	2	8	8	16	5	2	2
7261	chr7	123047690	INDEL	HG008N_absent_HPRC_other	exact_allele	absent: exact allele in HPRC	exact	AFR+AMR+EAS+SAS	4	8	ACB,GWD,MSL,CLM,PEL,PUR,CHS,PJL	10	shared	False	5	4	1	1	43	32	8	2	3	0	0	1	0	1	0	1	1	2	1	0	1	13	2	2	14	2	8	2	8	8	16	6	2	2
7284	chr7	127283075	INDEL	HG008N_absent_HPRC_other	exact_allele	absent: exact allele in HPRC	exact	AMR	1	2	PEL,PUR	3	one superpopulation	False	0	4	0	0	35	27	6	2	0	0	0	0	0	0	0	0	3	1	0	0	0	14	1	2	8	2	7	1	8	8	11	4	2	2
7285	chr7	128382388	INDEL	HG008N_absent_HPRC_other	exact_allele	absent: exact allele in HPRC	exact	AFR+AMR+EAS+SAS	4	9	ACB,ASW,GWD,MSL,PEL,PUR,CHS,KHV,PJL	21	shared	False	17	5	5	2	39	25	8	2	8	2	0	4	0	3	0	0	1	4	3	2	2	12	2	2	13	1	8	1	5	7	13	6	2	2
7300	chr7	132635170	INDEL	HG008N_absent_HPRC_other	exact_allele	absent: exact allele in HPRC	exact	AFR+AMR+EAS	3	6	ACB,GWD,CLM,PEL,PUR,KHV	10	shared	False	8	3	2	0	43	26	6	2	5	0	0	3	0	0	0	1	1	1	0	2	0	14	2	2	14	2	7	2	6	7	13	4	2	2
7302	chr7	133243116	INDEL	HG008N_absent_HPRC_other	exact_allele	absent: exact allele in HPRC	exact	AMR+EAS+SAS	3	5	CLM,PEL,PUR,KHV,PJL	6	shared	False	0	6	1	1	23	21	5	2	0	0	0	0	0	0	0	3	2	1	0	1	1	5	1	2	6	1	6	2	5	5	11	3	2	2
7305	chr7	134178934	INDEL	HG008N_absent_HPRC_other	exact_allele	absent: exact allele in HPRC	exact	AFR+AMR+EAS	3	7	GWD,MSL,CLM,PEL,PUR,CHS,KHV	11	shared	False	2	6	3	0	35	24	6	2	0	0	0	1	0	1	0	2	2	2	2	1	0	11	1	1	11	2	7	2	5	5	14	5	1	2
7307	chr7	134562832	INDEL	HG008N_absent_HPRC_other	exact_allele	absent: exact allele in HPRC	exact	AFR+AMR+SAS	3	8	ACB,GWD,MKK,MSL,CLM,PEL,PUR,PJL	11	shared	False	6	5	0	2	34	24	8	2	2	0	0	1	1	2	0	1	1	3	0	0	2	11	0	2	12	2	5	2	6	6	12	6	2	2
7311	chr7	135892732	INDEL	other_ambiguous		ambiguous	exact	none	0	0		0	none	False	0	0	0	0	38	30	7	2	0	0	0	0	0	0	0	0	0	0	0	0	0	11	2	1	13	2	7	2	8	8	14	5	2	2
7318	chr7	136968721	INDEL	HG008N_present_broad	other_hap_only	HG008-N present, broad	exact	AFR+AMR+EAS	3	9	ACB,ESN,GWD,MKK,MSL,CLM,PEL,PUR,CHS	28	shared	False	20	10	2	0	37	30	8	2	6	0	1	11	1	1	0	1	4	5	2	0	0	10	1	2	15	2	5	2	8	7	15	6	2	2
7325	chr7	138409611	INDEL	HG008N_absent_HPRC_other	exact_allele	absent: exact allele in HPRC	exact	AFR+AMR	2	4	ACB,GWD,MSL,CLM	8	shared	False	7	1	0	0	36	31	8	2	2	0	0	4	0	1	0	1	0	0	0	0	0	13	1	1	12	2	5	2	8	8	15	6	2	2
7327	chr7	138456178	INDEL	HG008N_absent_HPRC_other	exact_allele	absent: exact allele in HPRC	exact	AFR+AMR+EAS+SAS	4	11	ACB,ASW,ESN,GWD,MSL,CLM,PEL,PUR,CHS,KHV,PJL	35	shared	False	21	16	5	2	35	31	8	2	5	1	1	8	0	6	0	4	5	7	4	1	2	10	1	1	12	2	7	2	8	8	15	6	2	2
7331	chr7	139986795	INDEL	HG008N_absent_HPRC_other	element_set_other_allele	absent: only the nodes in HPRC	nodes	AFR+AMR	2	2	GWD,PEL	2	shared	False	1	1	0	0	11	14	7	1	0	0	0	1	0	0	0	0	1	0	0	0	0	4	0	1	3	2	0	1	4	6	4	5	2	1
7335	chr7	141018064	INDEL	HG008N_absent_HPRC_other	exact_allele	absent: exact allele in HPRC	exact	AFR+AMR+EAS	3	7	ACB,ASW,GWD,MSL,CLM,PUR,CHS	12	shared	False	9	4	1	0	46	32	8	2	2	1	0	5	0	1	0	1	0	3	1	0	0	14	2	2	16	2	8	2	8	8	16	6	2	2
7340	chr7	144780041	INDEL	HG008N_absent_HPRC_other	exact_allele	absent: exact allele in HPRC	exact	AFR+AMR+EAS	3	10	ACB,ASW,GWD,MKK,MSL,YRI,PEL,PUR,CHS,KHV	25	shared	False	24	7	2	0	42	31	8	0	4	1	0	11	1	5	2	0	1	6	1	1	0	13	2	2	15	1	7	2	7	8	16	6	2	0
7360	chr7	146947412	SNV	HG008N_absent_HPRC_other	exact_allele	absent: exact allele in HPRC	exact	AFR+AMR+EAS+SAS	4	6	ASW,GWD,CLM,PUR,CHS,PJL	8	shared	False	4	3	1	1	31	24	5	2	0	1	0	3	0	0	0	1	0	2	1	0	1	9	1	1	12	1	5	2	7	7	10	4	1	2
7363	chr7	147638841	INDEL	HG008N_absent_HPRC_other	exact_allele	absent: exact allele in HPRC	exact	AFR+AMR	2	8	ACB,ASW,GWD,MKK,MSL,YRI,CLM,PUR	23	shared	False	22	7	0	0	46	32	7	2	7	1	0	8	1	3	2	2	0	5	0	0	0	14	2	2	16	2	8	2	8	8	16	5	2	2
7383	chr7	152007413	INDEL	HG008N_absent_HPRC_other	exact_allele	absent: exact allele in HPRC	exact	AFR+AMR	2	6	ACB,GWD,MKK,MSL,PEL,PUR	10	shared	False	6	4	0	0	34	29	8	2	2	0	0	2	1	1	0	0	2	2	0	0	0	12	2	2	9	1	6	2	7	8	14	6	2	2
7386	chr7	153004980	INDEL	HG008N_absent_HPRC_other	exact_allele	absent: exact allele in HPRC	exact	AFR+AMR+EAS	3	6	ACB,GWD,MSL,PEL,PUR,CHS	9	shared	False	5	4	1	0	45	32	8	2	2	0	0	1	0	2	0	0	3	1	1	0	0	14	2	2	16	2	8	1	8	8	16	6	2	2
7388	chr7	153038218	INDEL	HG008N_absent_HPRC_other	exact_allele	absent: exact allele in HPRC	exact	AFR+AMR+SAS	3	8	ACB,GWD,MSL,YRI,CLM,PEL,PUR,PJL	19	shared	True	18	4	0	1	40	27	7	2	6	0	0	7	0	4	1	1	1	2	0	0	1	13	2	1	12	2	8	2	6	8	13	5	2	2
7398	chr7	154301809	INDEL	other_ambiguous		ambiguous	exact	none	0	0		0	none	False	0	0	0	0	40	29	7	2	0	0	0	0	0	0	0	0	0	0	0	0	0	13	2	2	15	2	4	2	8	8	13	6	1	2
7407	chr7	155305145	INDEL	HG008N_absent_HPRC_other	exact_allele	absent: exact allele in HPRC	exact	AFR+EAS	2	7	ACB,ESN,GWD,MKK,MSL,YRI,CHS	11	shared	False	13	0	2	0	40	32	8	2	1	0	1	7	1	2	1	0	0	0	2	0	0	13	2	2	14	2	6	1	8	8	16	6	2	2
7408	chr7	155507471	INDEL	HG008N_absent_HPRC_other	exact_allele	absent: exact allele in HPRC	exact	AFR+AMR+SAS	3	5	ACB,GWD,MSL,PUR,PJL	9	shared	False	6	2	0	1	22	28	8	2	3	0	0	2	0	1	0	0	0	2	0	0	1	10	0	0	6	2	4	0	7	8	13	6	2	2
7416	chr7	158715796	INDEL	HG008N_absent_HPRC_other	exact_allele	absent: exact allele in HPRC	exact	AFR+AMR	2	6	ACB,GWD,MSL,CLM,PEL,PUR	9	shared	False	5	4	0	0	38	32	8	2	1	0	0	3	0	1	0	1	1	2	0	0	0	12	2	2	11	2	7	2	8	8	16	6	2	2
7422	chr8	736421	INDEL	HG008N_absent_HPRC_other	exact_allele	absent: exact allele in HPRC	exact	AFR+AMR+EAS+SAS	4	8	ACB,ASW,GWD,YRI,CLM,PEL,KHV,PJL	10	shared	False	6	2	1	1	34	22	7	2	2	1	0	2	0	0	1	1	1	0	0	1	1	13	2	1	10	2	5	1	4	7	11	6	1	2
7426	chr8	1582313	INDEL	HG008N_absent_HPRC_other	element_set_other_allele	absent: only the nodes in HPRC	nodes	AFR+AMR+EAS+SAS	4	12	ACB,ESN,GWD,MKK,MSL,YRI,CLM,PEL,PUR,CHS,KHV,PJL	34	shared	True	22	20	3	1	30	31	7	1	6	0	2	8	2	3	1	7	3	10	2	1	1	8	1	2	10	2	6	1	8	8	15	6	1	1
7430	chr8	2730544	INDEL	HG008N_absent_HPRC_other	exact_allele	absent: exact allele in HPRC	exact	AFR+AMR	2	5	ACB,ASW,GWD,MSL,PUR	12	shared	False	12	2	0	0	29	23	5	2	4	1	0	6	0	1	0	0	0	2	0	0	0	7	2	2	12	2	3	1	7	4	12	3	2	2
7436	chr8	3394000	INDEL	other_ambiguous		ambiguous	exact	none	0	0		0	none	False	0	0	0	0	21	14	5	1	0	0	0	0	0	0	0	0	0	0	0	0	0	7	1	0	8	0	4	1	3	3	8	4	1	1
7446	chr8	4557429	INDEL	HG008N_absent_HPRC_other	exact_allele	absent: exact allele in HPRC	exact	AFR+AMR	2	6	ACB,ASW,GWD,MSL,CLM,PUR	9	shared	False	6	3	0	0	44	32	8	2	2	1	0	2	0	1	0	1	0	2	0	0	0	14	2	1	15	2	8	2	8	8	16	6	2	2
7448	chr8	4912135	INDEL	HG008N_absent_HPRC_other	exact_allele	absent: exact allele in HPRC	exact	AFR+AMR+SAS	3	6	ACB,MSL,CLM,PEL,PUR,PJL	7	shared	False	2	4	0	1	27	18	6	1	1	0	0	0	0	1	0	1	1	2	0	0	1	9	1	2	9	2	3	1	4	8	6	5	1	1
7449	chr8	4924722	INDEL	HG008N_absent_HPRC_other	exact_allele	absent: exact allele in HPRC	exact	AFR+AMR+EAS	3	7	ACB,GWD,MSL,CLM,PEL,PUR,CHS	11	shared	False	6	5	1	0	36	31	6	2	3	0	0	2	0	1	0	1	1	3	1	0	0	12	2	2	11	2	5	2	8	8	15	4	2	2
7473	chr8	7487944	INDEL	other_ambiguous		ambiguous	exact	AFR+AMR+EAS+SAS	4	9	ACB,GWD,MKK,MSL,CLM,PEL,PUR,CHS,PJL	21	shared	False	9	11	2	1	28	28	8	2	3	0	0	4	1	1	0	2	4	5	2	0	1	7	2	0	12	1	5	1	7	8	13	6	2	2
7481	chr8	11147654	INDEL	HG008N_absent_HPRC_other	exact_allele	absent: exact allele in HPRC	exact	AFR+AMR+SAS	3	5	GWD,MSL,CLM,PUR,PJL	14	shared	True	4	11	0	2	33	29	8	2	0	0	0	3	0	1	0	4	0	7	0	0	2	11	0	1	12	1	6	2	8	8	13	6	2	2
7498	chr8	14024646	INDEL	HG008N_absent_HPRC_other	exact_allele	absent: exact allele in HPRC	exact	AFR+AMR	2	7	ACB,ASW,GWD,MSL,CLM,PEL,PUR	15	shared	False	9	7	0	0	39	29	8	2	3	1	0	3	0	2	0	2	2	3	0	0	0	11	1	2	15	2	6	2	7	8	14	6	2	2
7501	chr8	14823055	INDEL	HG008N_absent_HPRC_other	exact_allele	absent: exact allele in HPRC	exact	AFR	1	2	GWD,MSL	4	one superpopulation	False	4	0	0	0	30	25	3	2	0	0	0	2	0	2	0	0	0	0	0	0	0	12	1	1	8	1	5	2	5	6	14	1	2	2
7503	chr8	14946005	INDEL	HG008N_absent_HPRC_other	exact_allele	absent: exact allele in HPRC	exact	AFR+AMR+EAS	3	5	ACB,GWD,CLM,PUR,CHS	8	shared	False	5	3	1	0	29	20	7	2	1	0	0	4	0	0	0	2	0	1	1	0	0	7	1	0	11	2	7	1	4	6	10	5	2	2
7506	chr8	15075225	INDEL	HG008N_absent_HPRC_other	exact_allele	absent: exact allele in HPRC	exact	AFR+AMR	2	6	ACB,GWD,MSL,YRI,CLM,PUR	12	shared	False	9	4	0	0	43	32	8	2	4	0	0	2	0	2	1	1	0	3	0	0	0	13	2	2	14	2	8	2	8	8	16	6	2	2
7513	chr8	16292823	INDEL	HG008N_absent_HPRC_other	exact_allele	absent: exact allele in HPRC	exact	AFR+AMR+EAS	3	9	ACB,ESN,GWD,MSL,YRI,CLM,PEL,PUR,CHS	24	shared	False	12	15	3	0	32	29	8	2	5	0	1	3	0	2	1	3	5	7	3	0	0	12	2	1	11	1	3	2	7	7	15	6	2	2
7519	chr8	19339495	INDEL	HG008N_absent_HPRC_other	exact_allele	absent: exact allele in HPRC	exact	AFR	1	4	ACB,ASW,GWD,MSL	8	one superpopulation	False	9	0	0	0	45	30	8	2	1	1	0	5	0	2	0	0	0	0	0	0	0	14	2	1	16	2	8	2	8	8	14	6	2	2
7529	chr8	20949807	INDEL	HG008N_absent_HPRC_other	exact_allele	absent: exact allele in HPRC	exact	AFR+AMR+EAS	3	8	ACB,ESN,GWD,MSL,PEL,PUR,CHS,KHV	9	shared	False	4	3	2	0	38	21	7	2	1	0	1	1	0	1	0	0	1	2	1	1	0	12	2	1	13	1	7	2	5	6	10	5	2	2
7530	chr8	21027733	INDEL	HG008N_absent_HPRC_other	exact_allele	absent: exact allele in HPRC	exact	AFR+AMR+EAS	3	12	ACB,ASW,ESN,GWD,MKK,MSL,YRI,CLM,PEL,PUR,CHS,KHV	31	shared	False	27	8	6	0	34	26	8	2	8	1	1	8	2	5	2	3	3	2	5	1	0	10	1	2	11	2	6	2	6	6	14	6	2	2
7542	chr8	24128213	INDEL	HG008N_absent_HPRC_other	exact_allele	absent: exact allele in HPRC	exact	AFR+AMR+EAS	3	12	ACB,ASW,ESN,GWD,MKK,MSL,YRI,CLM,PEL,PUR,CHS,KHV	26	shared	False	19	13	5	0	45	29	8	2	5	1	1	5	2	4	1	5	2	6	3	2	0	14	2	1	16	2	8	2	7	8	14	6	2	2
7543	chr8	24628820	INDEL	HG008N_absent_HPRC_other	exact_allele	absent: exact allele in HPRC	exact	AFR+AMR+EAS	3	6	ACB,ASW,ESN,GWD,PUR,CHS	8	shared	False	6	1	1	0	34	32	8	2	1	1	1	3	0	0	0	0	0	1	1	0	0	11	1	1	14	1	5	1	8	8	16	6	2	2
7548	chr8	25907419	INDEL	HG008N_absent_HPRC_other	exact_allele	absent: exact allele in HPRC	exact	AFR+AMR+EAS+SAS	4	6	GWD,CLM,PEL,PUR,KHV,PJL	9	shared	False	2	5	2	1	18	19	8	2	0	0	0	2	0	0	0	1	2	2	0	2	1	6	1	1	5	0	4	1	3	6	10	6	2	2
7549	chr8	26005547	INDEL	HG008N_absent_HPRC_other	recombinant_pieces	absent: only the nodes in HPRC	nodes	none	0	0		0	none	True	0	0	0	0	31	21	5	0	0	0	0	0	0	0	0	0	0	0	0	0	0	10	0	2	11	2	4	2	5	5	11	3	2	0
7550	chr8	26005561	INDEL	HG008N_absent_HPRC_other	exact_allele	absent: exact allele in HPRC	exact	AFR+AMR	2	6	ACB,GWD,MSL,YRI,PEL,PUR	8	shared	False	4	4	0	0	32	21	5	0	1	0	0	1	0	1	1	0	3	1	0	0	0	10	0	2	12	2	4	2	5	5	11	3	2	0
7555	chr8	27900789	INDEL	HG008N_absent_HPRC_other	exact_allele	absent: exact allele in HPRC	exact	AFR+AMR+EAS	3	5	GWD,MKK,MSL,PUR,CHS	7	shared	True	5	2	1	0	39	32	8	2	0	0	0	3	1	1	0	0	0	2	1	0	0	12	2	2	15	1	5	2	8	8	16	6	2	2
7559	chr8	29748996	INDEL	HG008N_absent_HPRC_other	recombinant_pieces	absent: only the nodes in HPRC	nodes	none	0	0		0	none	False	0	0	0	0	20	13	0	0	0	0	0	0	0	0	0	0	0	0	0	0	0	8	0	0	6	1	5	0	4	4	5	0	0	0
7568	chr8	32608101	INDEL	HG008N_absent_HPRC_other	exact_allele	absent: exact allele in HPRC	exact	AFR	1	2	ACB,MSL	2	one superpopulation	False	2	0	0	0	31	24	7	2	1	0	0	0	0	1	0	0	0	0	0	0	0	11	2	1	6	2	7	2	3	8	13	6	1	2
7575	chr8	33579695	INDEL	HG008N_absent_HPRC_other	exact_allele	absent: exact allele in HPRC	exact	AFR+AMR+EAS+SAS	4	6	MKK,CLM,PEL,PUR,KHV,PJL	8	shared	False	1	6	1	1	23	27	3	2	0	0	0	0	1	0	0	2	1	3	0	1	1	7	1	1	7	2	4	1	7	7	13	1	2	2
7595	chr8	35599142	INDEL	HG008N_absent_HPRC_other	exact_allele	absent: exact allele in HPRC	exact	AFR+AMR+EAS	3	9	ACB,GWD,MSL,YRI,CLM,PEL,PUR,CHS,KHV	23	shared	False	21	5	2	0	46	32	8	2	8	0	0	8	0	4	1	2	2	1	1	1	0	14	2	2	16	2	8	2	8	8	16	6	2	2
7603	chr8	36702232	INDEL	HG008N_absent_HPRC_other	exact_allele	absent: exact allele in HPRC	exact	AFR+EAS	2	6	ACB,ESN,GWD,MSL,YRI,CHS	11	shared	False	13	0	1	0	44	29	7	2	5	0	2	4	0	1	1	0	0	0	1	0	0	12	2	2	16	2	8	2	6	8	15	5	2	2
7621	chr8	41057617	INDEL	HG008N_absent_HPRC_other	exact_allele	absent: exact allele in HPRC	exact	AFR+AMR	2	6	ACB,ESN,GWD,MSL,YRI,CLM	16	shared	False	17	2	0	0	41	29	8	2	6	0	1	5	0	4	1	2	0	0	0	0	0	12	1	2	15	1	8	2	7	8	14	6	2	2
7627	chr8	42054250	INDEL	other_ambiguous		ambiguous	exact	none	0	0		0	none	False	0	0	0	0	25	23	6	1	0	0	0	0	0	0	0	0	0	0	0	0	0	3	2	2	9	1	6	2	5	6	12	4	2	1
7629	chr8	42836223	INDEL	HG008N_absent_HPRC_other	exact_allele	absent: exact allele in HPRC	exact	AFR+AMR+EAS	3	5	ACB,GWD,CLM,PEL,CHS	8	shared	False	5	4	1	0	42	31	8	2	3	0	0	2	0	0	0	3	1	0	1	0	0	13	2	2	15	2	7	1	8	8	15	6	2	2
7649	chr8	47685517	INDEL	other_ambiguous		ambiguous	exact	none	0	0		0	none	False	0	0	0	0	39	27	6	2	0	0	0	0	0	0	0	0	0	0	0	0	0	13	1	2	13	2	7	1	7	8	12	4	2	2
7655	chr8	48112894	INDEL	HG008N_absent_HPRC_other	exact_allele	absent: exact allele in HPRC	exact	AFR	1	2	GWD,MSL	2	one superpopulation	False	2	0	0	0	39	32	8	2	0	0	0	1	0	1	0	0	0	0	0	0	0	13	2	2	15	1	5	1	8	8	16	6	2	2
7665	chr8	48916154	INDEL	HG008N_absent_HPRC_other	exact_allele	absent: exact allele in HPRC	exact	AFR+AMR	2	3	ACB,PEL,PUR	3	shared	True	2	2	0	0	45	31	7	2	2	0	0	0	0	0	0	0	1	1	0	0	0	14	2	2	15	2	8	2	8	7	16	5	2	2
7674	chr8	49969385	INDEL	other_ambiguous		ambiguous	exact	none	0	0		0	none	False	0	0	0	0	26	31	8	2	0	0	0	0	0	0	0	0	0	0	0	0	0	9	2	1	8	2	4	0	8	8	15	6	2	2
7676	chr8	49987649	INDEL	HG008N_absent_HPRC_other	exact_allele	absent: exact allele in HPRC	exact	AFR+AMR	2	7	ACB,GWD,MSL,YRI,CLM,PEL,PUR	12	shared	False	9	4	0	0	42	31	8	2	4	0	0	2	0	2	1	1	2	1	0	0	0	14	2	1	15	2	6	2	8	8	15	6	2	2
7677	chr8	50376754	INDEL	HG008N_absent_HPRC_other	exact_allele	absent: exact allele in HPRC	exact	AFR+AMR	2	4	GWD,MSL,PEL,PUR	5	shared	False	2	4	0	0	36	28	7	1	0	0	0	1	0	1	0	0	2	2	0	0	0	12	2	2	11	1	6	2	8	8	12	5	2	1
7684	chr8	51039215	INDEL	HG008N_absent_HPRC_other	exact_allele	absent: exact allele in HPRC	exact	AFR+AMR	2	6	ACB,ESN,GWD,MSL,YRI,PUR	10	shared	False	9	2	0	0	41	26	8	2	2	0	1	3	0	2	1	0	0	2	0	0	0	11	2	2	14	2	8	2	5	8	13	6	2	2
7696	chr8	51739875	INDEL	HG008N_absent_HPRC_other	exact_allele	absent: exact allele in HPRC	exact	AFR+AMR+EAS+SAS	4	6	ACB,CLM,PEL,PUR,KHV,PJL	8	shared	False	2	4	1	1	33	29	4	2	2	0	0	0	0	0	0	1	1	2	0	1	1	9	2	1	13	2	5	1	7	7	15	3	1	2
7698	chr8	52236611	INDEL	HG008N_absent_HPRC_other	exact_allele	absent: exact allele in HPRC	exact	AFR+AMR	2	7	ACB,ESN,GWD,MKK,CLM,PEL,PUR	18	shared	False	10	10	0	0	46	27	8	2	3	0	1	5	1	0	0	3	4	3	0	0	0	14	2	2	16	2	8	2	8	8	11	6	2	2
7701	chr8	52785529	INDEL	other_ambiguous		ambiguous	exact	none	0	0		0	none	False	0	0	0	0	46	32	8	2	0	0	0	0	0	0	0	0	0	0	0	0	0	14	2	2	16	2	8	2	8	8	16	6	2	2
7706	chr8	53163698	INDEL	HG008N_absent_HPRC_other	exact_allele	absent: exact allele in HPRC	exact	AFR+AMR	2	8	ACB,ASW,ESN,GWD,MSL,YRI,PEL,PUR	14	shared	False	13	3	0	0	18	21	8	2	3	1	1	4	0	3	1	0	1	2	0	0	0	5	2	1	4	0	5	1	3	7	11	6	2	2
7712	chr8	54131487	INDEL	HG008N_absent_HPRC_other	exact_allele	absent: exact allele in HPRC	exact	AFR+AMR+EAS	3	8	ACB,ESN,GWD,MSL,CLM,PEL,CHS,KHV	16	shared	False	10	4	5	0	45	32	8	2	4	0	1	2	0	3	0	3	1	0	3	2	0	14	2	2	16	2	7	2	8	8	16	6	2	2
7730	chr8	55438588	INDEL	other_ambiguous		ambiguous	exact	AFR+AMR	2	4	ACB,GWD,MSL,PUR	8	shared	False	7	1	0	0	45	31	8	2	3	0	0	2	0	2	0	0	0	1	0	0	0	13	2	2	16	2	8	2	8	7	16	6	2	2
7731	chr8	55438589	SNV	other_ambiguous		ambiguous	exact	AFR+AMR+EAS+SAS	4	8	ACB,ESN,GWD,MSL,CLM,PUR,CHS,PJL	20	shared	True	11	8	1	2	45	31	8	2	4	0	1	5	0	1	0	3	0	5	1	0	2	13	2	2	16	2	8	2	8	7	16	6	2	2
7735	chr8	55726979	SNV	HG008N_absent_HPRC_other	exact_allele	absent: exact allele in HPRC	exact	AFR+AMR	2	5	ACB,GWD,MSL,YRI,PUR	8	shared	False	7	1	0	0	44	31	8	2	1	0	0	2	0	3	1	0	0	1	0	0	0	13	2	2	16	2	7	2	8	8	15	6	2	2
7736	chr8	55769018	INDEL	other_ambiguous		ambiguous	exact	none	0	0		0	none	False	0	0	0	0	29	29	6	1	0	0	0	0	0	0	0	0	0	0	0	0	0	8	1	1	13	1	4	1	7	8	14	4	2	1
7746	chr8	56661752	INDEL	HG008N_absent_HPRC_other	recombinant_pieces	absent: only the nodes in HPRC	nodes	none	0	0		0	none	False	0	0	0	0	20	22	3	0	0	0	0	0	0	0	0	0	0	0	0	0	0	6	2	2	6	1	3	0	7	6	9	2	1	0
7753	chr8	57475108	INDEL	HG008N_absent_HPRC_other	exact_allele	absent: exact allele in HPRC	exact	AFR	1	2	GWD,MSL	2	one superpopulation	False	2	0	0	0	38	28	5	2	0	0	0	1	0	1	0	0	0	0	0	0	0	13	2	2	13	1	7	0	6	8	14	5	0	2
7756	chr8	57795530	INDEL	other_ambiguous		ambiguous	exact	none	0	0		0	none	True	0	0	0	0	37	23	7	2	0	0	0	0	0	0	0	0	0	0	0	0	0	13	2	2	12	1	6	1	5	6	12	5	2	2
7757	chr8	57804921	INDEL	HG008N_absent_HPRC_other	exact_allele	absent: exact allele in HPRC	exact	AFR+AMR+EAS+SAS	4	11	ACB,ASW,ESN,GWD,MSL,CLM,PEL,PUR,CHS,KHV,PJL	19	shared	False	11	7	2	2	43	29	8	2	2	1	1	6	0	1	0	3	1	3	1	1	2	13	2	2	15	2	7	2	6	8	15	6	2	2
7773	chr8	59682162	INDEL	HG008N_absent_HPRC_other	exact_allele	absent: exact allele in HPRC	exact	AFR+AMR+SAS	3	3	GWD,PUR,PJL	5	shared	False	1	3	0	1	23	15	3	2	0	0	0	1	0	0	0	0	0	3	0	0	1	7	0	1	9	2	3	1	4	6	5	3	0	2
7774	chr8	59930666	INDEL	HG008N_absent_HPRC_other	exact_allele	absent: exact allele in HPRC	exact	AFR+AMR+EAS+SAS	4	12	ACB,ESN,GWD,MKK,MSL,YRI,CLM,PEL,PUR,CHS,KHV,PJL	25	shared	True	16	7	5	1	45	29	8	2	3	0	1	6	1	3	2	1	1	5	4	1	1	14	1	2	16	2	8	2	8	8	13	6	2	2
7781	chr8	60516120	INDEL	HG008N_absent_HPRC_other	exact_allele	absent: exact allele in HPRC	exact	AFR+AMR+EAS+SAS	4	9	ACB,GWD,MSL,YRI,CLM,PEL,PUR,CHS,PJL	15	shared	False	8	6	2	1	39	32	8	2	4	0	0	2	0	1	1	2	2	2	2	0	1	11	2	1	15	1	8	1	8	8	16	6	2	2
7809	chr8	64783541	INDEL	HG008N_absent_HPRC_other	exact_allele	absent: exact allele in HPRC	exact	AFR+AMR	2	5	ASW,GWD,MSL,YRI,PUR	9	shared	False	6	3	0	0	41	29	8	2	0	1	0	3	0	1	1	0	0	3	0	0	0	13	2	1	14	1	8	2	8	8	13	6	2	2
7813	chr8	65222650	INDEL	HG008N_present_broad	other_hap_only	HG008-N present, broad	exact	AFR+AMR+EAS+SAS	4	12	ACB,ASW,ESN,GWD,MSL,YRI,CLM,PEL,PUR,CHS,KHV,PJL	35	shared	True	19	22	8	2	43	31	8	2	8	1	1	6	0	2	1	4	7	11	6	2	2	14	2	2	14	1	8	2	8	8	15	6	2	2
7820	chr8	65798206	INDEL	HG008N_absent_HPRC_other	exact_allele	absent: exact allele in HPRC	exact	AMR+EAS	2	2	PUR,CHS	2	shared	False	0	1	1	0	29	22	8	1	0	0	0	0	0	0	0	0	0	1	1	0	0	7	2	1	10	2	5	2	6	8	8	6	2	1
7831	chr8	67236363	SNV	HG008N_absent_HPRC_other	element_set_other_allele	absent: only the nodes in HPRC	nodes	AFR	1	1	ACB	1	one individual	False	2	0	0	0	15	8	1	0	2	0	0	0	0	0	0	0	0	0	0	0	0	5	0	0	7	0	3	0	3	2	3	0	1	0
7845	chr8	68937050	INDEL	HG008N_absent_HPRC_other	exact_allele	absent: exact allele in HPRC	exact	AFR+AMR+EAS	3	7	ACB,GWD,MKK,CLM,PEL,PUR,KHV	10	shared	False	5	5	2	0	35	24	6	1	1	0	0	2	2	0	0	1	2	2	0	2	0	10	2	1	13	2	6	1	6	6	12	4	2	1
7858	chr8	70046322	INDEL	other_ambiguous		ambiguous	exact	none	0	0		0	none	False	0	0	0	0	40	31	8	2	0	0	0	0	0	0	0	0	0	0	0	0	0	11	1	2	14	2	8	2	7	8	16	6	2	2
7883	chr8	72837828	INDEL	other_ambiguous		ambiguous	exact	none	0	0		0	none	False	0	0	0	0	45	30	8	2	0	0	0	0	0	0	0	0	0	0	0	0	0	14	2	2	16	2	7	2	8	8	14	6	2	2
7888	chr8	74002066	INDEL	HG008N_absent_HPRC_other	element_set_other_allele	absent: only the nodes in HPRC	nodes	EAS	1	1	CHS	1	one individual	False	0	0	1	0	7	2	3	0	0	0	0	0	0	0	0	0	0	0	1	0	0	3	1	0	1	0	1	1	1	0	1	3	0	0
7889	chr8	74002093	INDEL	HG008N_absent_HPRC_other	element_set_other_allele	absent: only the nodes in HPRC	nodes	AFR+AMR	2	4	ACB,GWD,CLM,PUR	5	shared	False	2	3	0	0	13	6	4	0	1	0	0	1	0	0	0	1	0	2	0	0	0	5	1	0	3	2	1	1	3	1	2	3	1	0
7905	chr8	75226286	INDEL	HG008N_absent_HPRC_other	exact_allele	absent: exact allele in HPRC	exact	AFR+AMR+EAS	3	6	ESN,YRI,CLM,PEL,PUR,CHS	10	shared	False	2	8	1	0	45	31	8	2	0	0	1	0	0	0	1	2	2	4	1	0	0	14	2	2	16	2	7	2	8	8	15	6	2	2
7906	chr8	75545239	INDEL	HG008N_absent_HPRC_other	exact_allele	absent: exact allele in HPRC	exact	AFR+AMR+SAS	3	6	ACB,GWD,MSL,PEL,PUR,PJL	6	shared	False	3	3	0	2	27	28	8	2	1	0	0	1	0	1	0	0	1	2	0	0	2	4	2	1	13	0	6	1	6	7	15	6	2	2
7912	chr8	75674573	INDEL	HG008N_absent_HPRC_other	exact_allele	absent: exact allele in HPRC	exact	AFR+AMR	2	4	GWD,MSL,CLM,PUR	6	shared	False	3	3	0	0	29	20	5	1	0	0	0	1	0	2	0	1	0	2	0	0	0	8	2	0	11	0	8	0	5	6	9	4	1	1
7917	chr8	76047168	INDEL	HG008N_present_broad	other_hap_only	HG008-N present, broad	exact	AFR+AMR+EAS+SAS	4	10	ACB,ASW,GWD,MSL,YRI,CLM,PEL,PUR,CHS,PJL	36	shared	False	30	17	2	2	45	31	8	2	10	2	0	11	0	6	1	5	3	9	2	0	2	14	2	2	15	2	8	2	8	7	16	6	2	2
7923	chr8	76822452	INDEL	HG008N_absent_HPRC_other	exact_allele	absent: exact allele in HPRC	exact	SAS	1	1	PJL	1	one individual	False	0	0	0	1	31	32	8	2	0	0	0	0	0	0	0	0	0	0	0	0	1	11	1	1	11	1	4	2	8	8	16	6	2	2
7949	chr8	78375985	INDEL	HG008N_absent_HPRC_other	exact_allele	absent: exact allele in HPRC	exact	AMR+EAS	2	3	PUR,CHS,KHV	3	shared	False	0	1	4	0	32	29	8	2	0	0	0	0	0	0	0	0	0	1	2	2	0	8	2	2	11	1	7	1	6	8	15	6	2	2
7953	chr8	78552329	INDEL	HG008N_absent_HPRC_other	exact_allele	absent: exact allele in HPRC	exact	AFR+AMR	2	5	ACB,GWD,MSL,YRI,PEL	9	shared	False	9	2	0	0	42	29	8	2	2	0	0	2	0	4	1	0	2	0	0	0	0	14	1	2	14	2	7	2	8	8	13	6	2	2
7954	chr8	78680286	INDEL	HG008N_absent_HPRC_other	exact_allele	absent: exact allele in HPRC	exact	AFR+AMR	2	6	ACB,ASW,GWD,MSL,CLM,PUR	10	shared	False	4	7	0	0	34	31	8	2	1	1	0	1	0	1	0	3	0	4	0	0	0	12	2	1	9	2	6	2	8	8	15	6	2	2
7960	chr8	79134233	INDEL	HG008N_absent_HPRC_other	exact_allele	absent: exact allele in HPRC	exact	AFR+AMR+EAS	3	5	GWD,PEL,PUR,CHS,KHV	7	shared	False	1	4	3	0	44	30	8	1	0	0	0	1	0	0	0	0	3	1	2	1	0	14	2	1	15	2	8	2	8	7	15	6	2	1
7965	chr8	79755088	INDEL	HG008N_absent_HPRC_other	exact_allele	absent: exact allele in HPRC	exact	AFR+AMR	2	7	ACB,ASW,ESN,GWD,MKK,MSL,PUR	19	shared	False	20	3	0	0	46	31	8	2	5	2	1	8	2	2	0	0	0	3	0	0	0	14	2	2	16	2	8	2	8	7	16	6	2	2
7978	chr8	82409115	INDEL	HG008N_absent_HPRC_other	exact_allele	absent: exact allele in HPRC	exact	AFR+AMR+EAS	3	11	ACB,ASW,ESN,GWD,MKK,MSL,CLM,PEL,PUR,CHS,KHV	28	shared	False	27	9	4	0	42	29	8	2	6	1	1	14	1	4	0	2	1	6	2	2	0	13	2	2	16	2	7	0	8	8	13	6	2	2
7985	chr8	82968598	INDEL	HG008N_absent_HPRC_other	exact_allele	absent: exact allele in HPRC	exact	AFR+AMR+EAS+SAS	4	8	ACB,GWD,YRI,CLM,PEL,PUR,CHS,PJL	14	shared	False	6	10	1	2	37	31	8	2	3	0	0	2	0	0	1	5	2	3	1	0	2	12	1	1	14	2	5	2	8	8	15	6	2	2
7995	chr8	83472619	INDEL	HG008N_absent_HPRC_other	exact_allele	absent: exact allele in HPRC	exact	AFR+AMR+EAS+SAS	4	9	ACB,GWD,MSL,CLM,PEL,PUR,CHS,KHV,PJL	24	shared	True	9	18	4	1	45	32	8	2	5	0	0	3	0	1	0	4	7	7	3	1	1	14	1	2	16	2	8	2	8	8	16	6	2	2
8003	chr8	84089999	INDEL	HG008N_absent_HPRC_other	element_set_other_allele	absent: only the nodes in HPRC	nodes	AFR+AMR+SAS	3	7	ACB,ASW,ESN,GWD,CLM,PUR,PJL	14	shared	False	9	4	0	1	43	32	8	2	2	1	1	5	0	0	0	2	0	2	0	0	1	14	2	2	15	1	8	1	8	8	16	6	2	2
8007	chr8	84224661	INDEL	HG008N_absent_HPRC_other	exact_allele	absent: exact allele in HPRC	exact	AFR+AMR+EAS+SAS	4	9	ACB,ESN,GWD,MSL,YRI,CLM,PUR,KHV,PJL	17	shared	False	10	7	1	1	37	29	8	1	2	0	2	3	0	2	1	2	0	5	0	1	1	12	2	2	12	2	6	1	7	7	15	6	2	1
8008	chr8	84254746	INDEL	HG008N_absent_HPRC_other	exact_allele	absent: exact allele in HPRC	exact	AFR+AMR	2	4	ACB,GWD,CLM,PUR	8	shared	False	6	3	0	0	44	30	8	2	2	0	0	4	0	0	0	2	0	1	0	0	0	13	2	2	16	2	7	2	8	8	14	6	2	2
8016	chr8	84669487	INDEL	HG008N_absent_HPRC_other	exact_allele	absent: exact allele in HPRC	exact	AFR+AMR+EAS+SAS	4	10	ACB,ESN,GWD,MSL,CLM,PEL,PUR,CHS,KHV,PJL	17	shared	True	12	8	4	1	34	24	7	2	3	0	2	4	0	3	0	2	4	2	2	2	1	12	1	2	11	1	6	1	5	7	12	5	2	2
8033	chr8	87220499	INDEL	HG008N_absent_HPRC_other	exact_allele	absent: exact allele in HPRC	exact	AFR+AMR+SAS	3	5	ACB,GWD,MSL,CLM,PJL	9	shared	False	7	1	0	1	40	30	6	2	3	0	0	3	0	1	0	1	0	0	0	0	1	12	2	2	13	2	7	2	8	8	14	4	2	2
8037	chr8	87685188	INDEL	HG008N_absent_HPRC_other	exact_allele	absent: exact allele in HPRC	exact	AFR+AMR+EAS+SAS	4	10	ACB,ASW,ESN,GWD,MSL,CLM,PUR,CHS,KHV,PJL	17	shared	False	12	6	2	1	35	25	6	2	5	2	1	2	0	2	0	1	0	5	1	1	1	10	2	2	13	1	6	1	6	5	14	4	2	2
8047	chr8	88025273	INDEL	HG008N_absent_HPRC_other	exact_allele	absent: exact allele in HPRC	exact	AFR+AMR+EAS	3	6	ACB,GWD,YRI,CLM,PUR,CHS	12	shared	False	6	5	1	0	46	30	8	2	4	0	0	1	0	0	1	2	0	3	1	0	0	14	2	2	16	2	8	2	7	7	16	6	2	2
8053	chr8	88336004	INDEL	HG008N_absent_HPRC_other	exact_allele	absent: exact allele in HPRC	exact	AFR+AMR+EAS+SAS	4	11	ACB,ESN,GWD,MSL,YRI,CLM,PEL,PUR,CHS,KHV,PJL	40	shared	True	23	27	8	2	44	31	8	2	6	0	2	10	0	3	2	8	7	12	6	2	2	13	1	2	16	2	8	2	8	8	15	6	2	2
8055	chr8	88419224	INDEL	HG008N_absent_HPRC_other	exact_allele	absent: exact allele in HPRC	exact	AFR+AMR+EAS	3	10	ACB,ASW,ESN,GWD,MKK,MSL,CLM,PUR,CHS,KHV	20	shared	False	16	4	2	0	42	32	8	2	6	1	1	4	1	3	0	1	0	3	1	1	0	13	1	2	16	2	6	2	8	8	16	6	2	2
8064	chr8	88910033	INDEL	HG008N_absent_HPRC_other	exact_allele	absent: exact allele in HPRC	exact	AFR+AMR	2	3	GWD,CLM,PUR	3	shared	False	1	2	0	0	35	28	8	2	0	0	0	1	0	0	0	1	0	1	0	0	0	11	0	1	15	2	5	1	7	6	15	6	2	2
8068	chr8	89289158	INDEL	HG008N_absent_HPRC_other	exact_allele	absent: exact allele in HPRC	exact	AFR+AMR+EAS	3	9	ACB,ASW,GWD,MKK,MSL,CLM,PEL,PUR,KHV	18	shared	False	13	5	1	0	37	30	8	2	3	1	0	5	1	3	0	1	1	3	0	1	0	11	2	1	14	2	5	2	8	8	14	6	2	2
8069	chr8	89302647	INDEL	HG008N_absent_HPRC_other	exact_allele	absent: exact allele in HPRC	exact	AFR	1	6	ACB,ASW,ESN,GWD,MSL,YRI	11	one superpopulation	False	11	0	0	0	36	32	7	2	3	1	1	3	0	2	1	0	0	0	0	0	0	11	2	1	13	2	5	2	8	8	16	5	2	2
8078	chr8	91494427	INDEL	HG008N_absent_HPRC_other	exact_allele	absent: exact allele in HPRC	exact	AFR+AMR+EAS	3	10	ACB,ASW,ESN,GWD,MKK,MSL,YRI,CLM,PUR,CHS	23	shared	True	26	3	1	0	42	31	8	2	9	1	1	7	1	6	1	1	0	2	1	0	0	13	2	2	14	2	7	2	8	8	15	6	2	2
8084	chr8	92357755	INDEL	HG008N_absent_HPRC_other	element_set_other_allele	absent: only the nodes in HPRC	nodes	AFR+AMR	2	5	ACB,ASW,GWD,YRI,PUR	7	shared	False	7	1	0	0	32	30	6	1	2	2	0	2	0	0	1	0	0	1	0	0	0	11	2	1	10	1	6	1	6	8	16	4	2	1
8091	chr8	92647983	INDEL	HG008N_absent_HPRC_other	exact_allele	absent: exact allele in HPRC	exact	AFR+AMR+EAS	3	10	ACB,ASW,ESN,GWD,MKK,MSL,CLM,PEL,PUR,KHV	20	shared	False	13	9	1	0	45	32	8	2	4	1	1	4	1	2	0	1	1	7	0	1	0	14	2	2	15	2	8	2	8	8	16	6	2	2
8097	chr8	93508669	INDEL	other_ambiguous		ambiguous	exact	none	0	0		0	none	False	0	0	0	0	34	25	8	2	0	0	0	0	0	0	0	0	0	0	0	0	0	9	2	0	11	2	8	2	6	7	12	6	2	2
8101	chr8	95677207	INDEL	HG008N_absent_HPRC_other	exact_allele	absent: exact allele in HPRC	exact	AFR+AMR	2	3	ACB,GWD,PUR	5	shared	False	4	1	0	0	34	28	6	1	2	0	0	2	0	0	0	0	0	1	0	0	0	11	2	0	11	2	7	1	8	7	13	4	2	1
8115	chr8	97234356	INDEL	HG008N_absent_HPRC_other	exact_allele	absent: exact allele in HPRC	exact	AFR+AMR+SAS	3	5	ACB,ESN,GWD,CLM,PJL	10	shared	False	8	1	0	1	45	32	8	2	4	0	1	3	0	0	0	1	0	0	0	0	1	14	2	2	16	2	7	2	8	8	16	6	2	2
8124	chr8	99640022	SNV	HG008N_absent_HPRC_other	element_set_other_allele	absent: only the nodes in HPRC	nodes	AFR+AMR+EAS	3	12	ACB,ASW,ESN,GWD,MKK,MSL,YRI,CLM,PEL,PUR,CHS,KHV	34	shared	True	24	25	2	0	27	25	3	0	4	2	2	10	2	3	1	6	7	12	1	1	0	4	2	2	12	2	3	2	6	7	12	2	1	0
8135	chr8	100836495	INDEL	HG008N_absent_HPRC_other	recombinant_pieces	absent: only the nodes in HPRC	nodes	none	0	0		0	none	False	0	0	0	0	16	7	2	0	0	0	0	0	0	0	0	0	0	0	0	0	0	5	0	0	6	1	4	0	0	0	7	2	0	0
8136	chr8	100961165	INDEL	HG008N_absent_HPRC_other	exact_allele	absent: exact allele in HPRC	exact	AFR+AMR+EAS+SAS	4	9	ACB,ESN,GWD,MSL,CLM,PEL,PUR,CHS,PJL	21	shared	False	8	11	3	1	37	29	8	2	1	0	1	3	0	3	0	1	3	7	3	0	1	10	1	2	14	2	7	1	8	8	13	6	2	2
8139	chr8	101571490	INDEL	HG008N_absent_HPRC_other	exact_allele	absent: exact allele in HPRC	exact	AFR+AMR+EAS	3	8	ACB,ESN,GWD,YRI,PEL,PUR,CHS,KHV	10	shared	False	6	4	2	0	45	32	7	2	2	0	1	1	0	0	2	0	3	1	1	1	0	14	2	2	16	2	7	2	8	8	16	6	1	2
8140	chr8	101669254	INDEL	HG008N_absent_HPRC_other	element_set_other_allele	absent: only the nodes in HPRC	nodes	AFR+AMR+EAS	3	8	ACB,GWD,MSL,CLM,PEL,PUR,CHS,KHV	19	shared	True	9	12	2	0	36	30	7	2	3	0	0	5	0	1	0	1	6	5	1	1	0	11	2	1	14	1	5	2	8	8	14	6	1	2
8144	chr8	102801788	INDEL	HG008N_absent_HPRC_other	exact_allele	absent: exact allele in HPRC	exact	AFR+AMR+EAS+SAS	4	12	ACB,ESN,GWD,MKK,MSL,YRI,CLM,PEL,PUR,CHS,KHV,PJL	28	shared	True	13	17	3	2	40	29	8	2	5	0	1	3	1	2	1	5	7	5	2	1	2	11	2	2	16	1	7	1	7	8	14	6	2	2
8157	chr8	104339199	INDEL	HG008N_absent_HPRC_other	exact_allele	absent: exact allele in HPRC	exact	AFR+AMR+EAS+SAS	4	8	ACB,GWD,MSL,CLM,PEL,PUR,CHS,PJL	18	shared	True	4	15	2	1	44	31	8	2	1	0	0	2	0	1	0	6	4	5	2	0	1	12	2	2	16	2	8	2	8	8	15	6	2	2
8165	chr8	104907211	INDEL	HG008N_absent_HPRC_other	exact_allele	absent: exact allele in HPRC	exact	AFR+AMR+EAS+SAS	4	10	ACB,ASW,ESN,GWD,MSL,PEL,PUR,CHS,KHV,PJL	27	shared	False	16	10	5	1	46	32	8	2	6	1	1	5	0	3	0	0	3	7	4	1	1	14	2	2	16	2	8	2	8	8	16	6	2	2
8169	chr8	105345425	INDEL	HG008N_absent_HPRC_other	exact_allele	absent: exact allele in HPRC	exact	AMR+EAS	2	5	CLM,PEL,PUR,CHS,KHV	8	shared	False	0	7	3	0	36	28	7	1	0	0	0	0	0	0	0	1	3	3	1	2	0	12	2	1	12	2	5	2	7	8	13	5	2	1
8175	chr8	105937915	INDEL	HG008N_absent_HPRC_other	exact_allele	absent: exact allele in HPRC	exact	AFR+AMR+EAS	3	8	GWD,MKK,MSL,YRI,CLM,PEL,PUR,CHS	10	shared	False	6	3	1	0	42	30	8	2	0	0	0	3	1	1	1	1	1	1	1	0	0	12	2	1	15	2	8	2	7	8	15	6	2	2
8182	chr8	106982224	INDEL	HG008N_absent_HPRC_other	exact_allele	absent: exact allele in HPRC	exact	AFR	1	5	ACB,ASW,ESN,GWD,MSL	10	one superpopulation	False	13	0	0	0	46	32	8	2	5	1	1	5	0	1	0	0	0	0	0	0	0	14	2	2	16	2	8	2	8	8	16	6	2	2
8186	chr8	107192194	INDEL	HG008N_absent_HPRC_other	exact_allele	absent: exact allele in HPRC	exact	AFR+AMR	2	2	ASW,PUR	2	shared	False	1	1	0	0	28	26	7	1	0	1	0	0	0	0	0	0	0	1	0	0	0	4	2	2	11	2	6	1	6	8	12	5	2	1
8195	chr8	107889834	INDEL	HG008N_present_rare	other_hap_only	HG008-N present, rare	exact	AFR+AMR+EAS	3	6	ACB,ESN,GWD,PEL,PUR,CHS	7	shared	False	4	3	1	0	35	32	7	2	1	0	2	1	0	0	0	0	2	1	1	0	0	11	2	2	12	2	5	1	8	8	16	5	2	2
8199	chr8	108404104	INDEL	HG008N_absent_HPRC_other	exact_allele	absent: exact allele in HPRC	exact	AFR+AMR+EAS+SAS	4	10	ACB,ASW,ESN,GWD,MKK,MSL,PEL,PUR,KHV,PJL	21	shared	False	19	7	2	1	41	29	7	2	7	1	2	6	2	1	0	0	1	6	0	2	1	14	2	2	15	2	5	1	8	8	13	5	2	2
8201	chr8	108519978	INDEL	HG008N_absent_HPRC_other	exact_allele	absent: exact allele in HPRC	exact	AFR+AMR+EAS+SAS	4	12	ACB,ASW,ESN,GWD,MKK,MSL,YRI,CLM,PEL,PUR,KHV,PJL	26	shared	False	22	7	2	1	39	31	8	2	7	1	1	5	2	4	2	1	1	5	0	2	1	12	2	2	13	2	6	2	8	8	15	6	2	2
8207	chr8	109125789	INDEL	HG008N_present_rare	other_hap_only	HG008-N present, rare	exact	AFR+AMR	2	8	ACB,ASW,ESN,GWD,MKK,MSL,CLM,PUR	11	shared	False	10	2	0	0	43	29	3	2	2	1	1	4	1	1	0	1	0	1	0	0	0	13	2	2	15	2	7	2	8	7	14	3	0	2
8248	chr8	112211788	INDEL	HG008N_absent_HPRC_other	exact_allele	absent: exact allele in HPRC	exact	AFR+AMR+EAS	3	9	ACB,ASW,ESN,GWD,MSL,YRI,PUR,CHS,KHV	20	shared	False	21	1	3	0	30	28	8	2	6	2	1	5	0	5	2	0	0	1	2	1	0	10	2	1	9	1	5	2	8	8	12	6	2	2
8267	chr8	114235782	INDEL	HG008N_absent_HPRC_other	exact_allele	absent: exact allele in HPRC	exact	AFR+AMR+EAS+SAS	4	8	ACB,GWD,MKK,MSL,PEL,PUR,KHV,PJL	19	shared	False	16	6	1	1	44	29	8	2	7	0	0	5	1	3	0	0	2	4	0	1	1	14	2	1	15	2	8	2	7	8	14	6	2	2
8273	chr8	114786521	INDEL	HG008N_absent_HPRC_other	exact_allele	absent: exact allele in HPRC	exact	AFR+AMR	2	6	ACB,ESN,GWD,MSL,YRI,PUR	13	shared	False	11	2	0	0	42	30	8	1	1	0	1	5	0	3	1	0	0	2	0	0	0	12	2	2	14	2	8	2	8	8	14	6	2	1
8285	chr8	115580234	INDEL	HG008N_absent_HPRC_other	exact_allele	absent: exact allele in HPRC	exact	AFR	1	5	ACB,GWD,MKK,MSL,YRI	9	one superpopulation	False	11	0	0	0	35	23	8	2	4	0	0	2	1	2	2	0	0	0	0	0	0	11	1	2	11	2	6	2	7	4	12	6	2	2
8301	chr8	116627909	INDEL	other_ambiguous		ambiguous	exact	none	0	0		0	none	False	0	0	0	0	44	28	7	2	0	0	0	0	0	0	0	0	0	0	0	0	0	14	2	2	16	2	6	2	7	6	15	6	1	2
8303	chr8	116792312	INDEL	HG008N_absent_HPRC_other	exact_allele	absent: exact allele in HPRC	exact	AMR+SAS	2	4	CLM,PEL,PUR,PJL	7	shared	False	0	8	0	1	40	27	2	2	0	0	0	0	0	0	0	2	5	1	0	0	1	12	1	2	15	2	7	1	7	6	14	1	1	2
8304	chr8	116835032	INDEL	HG008N_absent_HPRC_other	exact_allele	absent: exact allele in HPRC	exact	AFR+AMR+EAS	3	8	ACB,ASW,ESN,GWD,MSL,PUR,CHS,KHV	22	shared	False	19	4	4	0	45	31	7	2	5	1	1	8	0	4	0	0	0	4	2	2	0	14	2	1	16	2	8	2	8	8	15	5	2	2
8307	chr8	116958841	INDEL	HG008N_absent_HPRC_other	exact_allele	absent: exact allele in HPRC	exact	AFR+AMR+EAS+SAS	4	11	ACB,ESN,GWD,MKK,MSL,CLM,PEL,PUR,CHS,KHV,PJL	21	shared	True	15	11	4	2	34	29	6	2	4	0	1	5	2	3	0	4	1	6	3	1	2	11	2	2	11	2	5	1	8	8	13	4	2	2
8316	chr8	118002381	INDEL	HG008N_absent_HPRC_other	exact_allele	absent: exact allele in HPRC	exact	AFR+AMR+EAS+SAS	4	8	ACB,ASW,ESN,GWD,CLM,PEL,CHS,PJL	11	shared	False	7	2	1	1	45	32	8	2	3	1	1	2	0	0	0	1	1	0	1	0	1	13	2	2	16	2	8	2	8	8	16	6	2	2
8325	chr8	119542144	INDEL	HG008N_absent_HPRC_other	exact_allele	absent: exact allele in HPRC	exact	AFR+AMR	2	5	ACB,ESN,GWD,MSL,PUR	9	shared	False	8	2	0	0	38	27	6	1	4	0	1	2	0	1	0	0	0	2	0	0	0	11	2	2	12	1	8	2	5	8	14	4	2	1
8327	chr8	119712961	INDEL	HG008N_present_broad	other_hap_only	HG008-N present, broad	exact	AFR+AMR+EAS	3	10	ACB,ASW,GWD,MKK,MSL,YRI,CLM,PEL,PUR,KHV	25	shared	False	10	19	2	0	42	31	8	2	2	1	0	2	1	2	2	3	5	11	0	2	0	13	1	2	14	2	8	2	8	8	15	6	2	2
8333	chr8	120298597	INDEL	HG008N_absent_HPRC_other	exact_allele	absent: exact allele in HPRC	exact	AFR+EAS	2	2	YRI,CHS	2	shared	True	1	0	1	0	24	16	5	0	0	0	0	0	0	0	1	0	0	0	1	0	0	6	2	2	7	1	5	1	4	5	7	4	1	0
8347	chr8	122359441	INDEL	HG008N_absent_HPRC_other	exact_allele	absent: exact allele in HPRC	exact	AFR+AMR+EAS+SAS	4	8	ACB,MKK,MSL,CLM,PUR,CHS,KHV,PJL	14	shared	True	3	11	3	2	46	32	8	2	1	0	0	0	1	1	0	4	0	7	2	1	2	14	2	2	16	2	8	2	8	8	16	6	2	2
8348	chr8	122387147	INDEL	HG008N_absent_HPRC_other	exact_allele	absent: exact allele in HPRC	exact	AFR+AMR+EAS+SAS	4	6	ACB,GWD,PUR,CHS,KHV,PJL	9	shared	False	4	2	3	1	36	32	7	2	3	0	0	1	0	0	0	0	0	2	2	1	1	10	2	1	13	2	6	2	8	8	16	5	2	2
8351	chr8	122858638	SNV	HG008N_absent_HPRC_other	element_set_other_allele	absent: only the nodes in HPRC	nodes	AFR+AMR+EAS	3	8	ACB,GWD,MKK,CLM,PEL,PUR,CHS,KHV	15	shared	True	7	8	3	0	38	32	8	1	1	0	0	5	1	0	0	3	1	4	2	1	0	12	2	1	14	2	5	2	8	8	16	6	2	1
8352	chr8	124015607	INDEL	HG008N_absent_HPRC_other	exact_allele	absent: exact allele in HPRC	exact	AFR+AMR	2	4	ACB,GWD,MSL,PUR	9	shared	False	6	3	0	0	20	19	6	2	2	0	0	2	0	2	0	0	0	3	0	0	0	7	0	0	7	0	5	1	5	4	10	5	1	2
8354	chr8	124384632	SNV	HG008N_absent_HPRC_other	exact_allele	absent: exact allele in HPRC	exact	AFR+AMR	2	3	ESN,YRI,PUR	3	shared	False	2	1	0	0	46	31	8	2	0	0	1	0	0	0	1	0	0	1	0	0	0	14	2	2	16	2	8	2	8	8	15	6	2	2
8357	chr8	125286774	INDEL	HG008N_absent_HPRC_other	exact_allele	absent: exact allele in HPRC	exact	AFR+AMR+EAS+SAS	4	8	ACB,ESN,GWD,PEL,PUR,CHS,KHV,PJL	15	shared	False	6	6	2	1	46	32	8	2	3	0	1	2	0	0	0	0	1	5	1	1	1	14	2	2	16	2	8	2	8	8	16	6	2	2
8362	chr8	126542263	INDEL	HG008N_absent_HPRC_other	exact_allele	absent: exact allele in HPRC	exact	AFR+AMR	2	6	ACB,GWD,MSL,YRI,PEL,PUR	12	shared	False	10	3	0	0	33	32	8	2	2	0	0	4	0	3	1	0	1	2	0	0	0	9	1	0	12	2	8	1	8	8	16	6	2	2
8366	chr8	127831155	INDEL	HG008N_absent_HPRC_other	exact_allele	absent: exact allele in HPRC	exact	AFR+AMR	2	6	ACB,ESN,GWD,MSL,YRI,PEL	12	shared	False	16	1	0	0	31	30	6	2	5	0	2	4	0	4	1	0	1	0	0	0	0	10	0	2	11	1	6	1	8	8	14	4	2	2
8370	chr8	128662565	SNV	HG008N_absent_HPRC_other	element_set_other_allele	absent: only the nodes in HPRC	nodes	AFR+AMR+EAS+SAS	4	11	ACB,ESN,GWD,MSL,YRI,CLM,PEL,PUR,CHS,KHV,PJL	31	shared	True	18	17	5	1	21	19	5	1	7	0	1	6	0	3	1	6	5	6	3	2	1	7	0	1	7	1	4	1	7	5	7	3	2	1
8371	chr8	128662567	SNV	HG008N_absent_HPRC_other	element_set_other_allele	absent: only the nodes in HPRC	nodes	AFR+AMR+EAS+SAS	4	10	ACB,GWD,MSL,YRI,CLM,PEL,PUR,CHS,KHV,PJL	26	shared	True	14	15	5	1	21	19	5	1	5	0	0	5	0	3	1	6	5	4	3	2	1	7	0	1	7	1	4	1	7	5	7	3	2	1
8372	chr8	128662569	SNV	HG008N_absent_HPRC_other	element_set_other_allele	absent: only the nodes in HPRC	nodes	AFR+AMR+EAS+SAS	4	9	ACB,GWD,MSL,YRI,CLM,PUR,CHS,KHV,PJL	20	shared	True	10	7	5	1	21	19	5	1	3	0	0	4	0	2	1	4	0	3	3	2	1	7	0	1	7	1	4	1	7	5	7	3	2	1
8373	chr8	128662571	SNV	HG008N_absent_HPRC_other	element_set_other_allele	absent: only the nodes in HPRC	nodes	AFR+AMR+EAS+SAS	4	5	ACB,CLM,CHS,KHV,PJL	6	shared	False	1	2	3	1	21	19	5	1	1	0	0	0	0	0	0	2	0	0	2	1	1	7	0	1	7	1	4	1	7	5	7	3	2	1
8374	chr8	128662609	INDEL	HG008N_absent_HPRC_other	element_set_other_allele	absent: only the nodes in HPRC	nodes	AFR	1	1	MSL	1	one individual	False	1	0	0	0	21	19	5	1	0	0	0	0	0	1	0	0	0	0	0	0	0	7	0	1	7	1	4	1	7	5	7	3	2	1
8381	chr8	130722587	INDEL	HG008N_absent_HPRC_other	exact_allele	absent: exact allele in HPRC	exact	AFR	1	1	ACB	1	one individual	False	1	0	0	0	19	7	5	0	1	0	0	0	0	0	0	0	0	0	0	0	0	6	1	1	7	0	3	1	2	3	2	5	0	0
8386	chr8	131095536	INDEL	HG008N_absent_HPRC_other	element_set_other_allele	absent: only the nodes in HPRC	nodes	AFR	1	2	ACB,MSL	3	one superpopulation	False	3	0	0	0	15	16	4	1	2	0	0	0	0	1	0	0	0	0	0	0	0	2	0	0	7	0	5	1	7	7	2	4	0	1
8396	chr8	131919595	INDEL	HG008N_absent_HPRC_other	exact_allele	absent: exact allele in HPRC	exact	AFR+AMR+EAS+SAS	4	9	ACB,GWD,MSL,CLM,PEL,PUR,CHS,KHV,PJL	16	shared	False	7	6	4	1	36	32	8	2	4	0	0	1	0	2	0	3	1	2	3	1	1	12	2	2	11	2	5	2	8	8	16	6	2	2
8402	chr8	132392790	INDEL	HG008N_absent_HPRC_other	exact_allele	absent: exact allele in HPRC	exact	AFR+AMR+EAS	3	8	ACB,GWD,MSL,CLM,PEL,PUR,CHS,KHV	15	shared	False	10	6	2	0	33	26	6	2	3	0	0	4	0	3	0	1	3	2	1	1	0	9	1	0	12	2	7	2	7	7	12	4	2	2
8415	chr8	133541120	SNV	HG008N_absent_HPRC_other	exact_allele	absent: exact allele in HPRC	exact	AMR+EAS	2	3	CLM,PEL,CHS	5	shared	False	0	5	1	0	20	16	5	0	0	0	0	0	0	0	0	1	4	0	1	0	0	6	1	2	5	1	3	2	5	6	5	4	1	0
8418	chr8	134136507	INDEL	HG008N_absent_HPRC_other	exact_allele	absent: exact allele in HPRC	exact	AFR+AMR	2	6	ACB,GWD,MKK,MSL,YRI,PUR	14	shared	False	14	2	0	0	45	29	6	2	4	0	0	6	1	2	1	0	0	2	0	0	0	13	2	2	16	2	8	2	7	8	14	4	2	2
8426	chr8	134854275	INDEL	other_ambiguous		ambiguous	exact	none	0	0		0	none	False	0	0	0	0	31	30	7	2	0	0	0	0	0	0	0	0	0	0	0	0	0	8	1	2	12	2	4	2	7	7	16	5	2	2
8428	chr8	135265117	INDEL	HG008N_absent_HPRC_other	exact_allele	absent: exact allele in HPRC	exact	AFR+AMR+EAS	3	7	ACB,GWD,CLM,PEL,PUR,CHS,KHV	18	shared	False	3	19	5	0	22	22	6	2	2	0	0	1	0	0	0	5	8	6	4	1	0	11	1	0	6	0	2	2	6	8	8	4	2	2
8429	chr8	135333084	INDEL	HG008N_absent_HPRC_other	exact_allele	absent: exact allele in HPRC	exact	AFR+AMR+EAS+SAS	4	11	ACB,ESN,GWD,MKK,MSL,CLM,PEL,PUR,CHS,KHV,PJL	33	shared	False	19	24	7	1	44	31	8	2	6	0	1	5	1	6	0	6	7	11	6	1	1	13	2	2	15	2	8	2	8	7	16	6	2	2
8435	chr8	135713829	INDEL	other_ambiguous		ambiguous	exact	none	0	0		0	none	False	0	0	0	0	27	26	6	2	0	0	0	0	0	0	0	0	0	0	0	0	0	10	1	1	10	1	3	1	7	8	11	4	2	2
8437	chr8	135924188	INDEL	HG008N_absent_HPRC_other	exact_allele	absent: exact allele in HPRC	exact	AFR+AMR	2	4	GWD,MKK,YRI,PUR	4	shared	False	3	1	0	0	18	16	5	2	0	0	0	1	1	0	1	0	0	1	0	0	0	4	0	0	6	1	6	1	4	5	7	5	0	2
8470	chr8	138901364	INDEL	HG008N_absent_HPRC_other	exact_allele	absent: exact allele in HPRC	exact	AFR+AMR+SAS	3	6	GWD,MSL,CLM,PEL,PUR,PJL	9	shared	False	5	5	0	1	38	30	8	2	0	0	0	1	0	4	0	1	3	1	0	0	1	8	2	2	14	2	8	2	8	8	14	6	2	2
8474	chr8	139103661	INDEL	HG008N_absent_HPRC_other	exact_allele	absent: exact allele in HPRC	exact	AFR+AMR	2	4	ACB,MSL,PEL,PUR	6	shared	False	3	4	0	0	21	24	8	2	1	0	0	0	0	2	0	0	1	3	0	0	0	7	0	0	7	0	6	1	7	7	10	6	2	2
8485	chr8	141644950	INDEL	HG008N_absent_HPRC_other	element_set_other_allele	absent: only the nodes in HPRC	nodes	AFR+AMR+EAS+SAS	4	9	ACB,ESN,GWD,CLM,PEL,PUR,CHS,KHV,PJL	22	shared	True	5	15	6	2	18	22	7	2	1	0	1	3	0	0	0	2	6	7	5	1	2	6	1	2	8	0	1	0	6	7	9	5	2	2
8497	chr8	143863761	INDEL	other_ambiguous		ambiguous	exact	none	0	0		0	none	False	0	0	0	0	30	21	5	2	0	0	0	0	0	0	0	0	0	0	0	0	0	12	0	1	9	0	6	2	5	6	10	3	2	2
8502	chr10	862279	INDEL	other_ambiguous		ambiguous	exact	none	0	0		0	none	False	0	0	0	0	34	25	8	2	0	0	0	0	0	0	0	0	0	0	0	0	0	13	1	1	11	1	5	2	6	6	13	6	2	2
8514	chr10	3081977	INDEL	HG008N_absent_HPRC_other	exact_allele	absent: exact allele in HPRC	exact	AFR+AMR+SAS	3	7	ACB,ASW,GWD,MSL,CLM,PUR,PJL	13	shared	False	9	5	0	1	23	21	5	2	2	2	0	4	0	1	0	1	0	4	0	0	1	5	2	1	10	1	3	1	7	3	11	3	2	2
8523	chr10	4432348	INDEL	other_ambiguous		ambiguous	exact	none	0	0		0	none	False	0	0	0	0	9	6	2	0	0	0	0	0	0	0	0	0	0	0	0	0	0	3	0	1	3	0	1	1	2	0	4	2	0	0
8524	chr10	4432348	INDEL	other_ambiguous		ambiguous	exact	none	0	0		0	none	False	0	0	0	0	9	6	2	0	0	0	0	0	0	0	0	0	0	0	0	0	0	3	0	1	3	0	1	1	2	0	4	2	0	0
8532	chr10	5580069	INDEL	other_ambiguous		ambiguous	exact	none	0	0		0	none	False	0	0	0	0	23	17	8	1	0	0	0	0	0	0	0	0	0	0	0	0	0	3	1	1	9	1	6	2	4	6	7	6	2	1
8536	chr10	5880175	INDEL	HG008N_absent_HPRC_other	exact_allele	absent: exact allele in HPRC	exact	AFR+AMR+EAS	3	10	ACB,ESN,GWD,MKK,MSL,YRI,CLM,PUR,CHS,KHV	28	shared	True	22	10	3	0	40	30	7	1	6	0	2	8	1	4	1	3	0	7	2	1	0	12	1	2	14	1	8	2	8	8	14	5	2	1
8542	chr10	6628672	INDEL	HG008N_absent_HPRC_other	exact_allele	absent: exact allele in HPRC	exact	AFR+AMR	2	4	ACB,GWD,MSL,PUR	8	shared	False	8	1	0	0	31	18	3	1	4	0	0	2	0	2	0	0	0	1	0	0	0	11	1	2	10	1	5	1	4	3	11	1	2	1
8550	chr10	7327135	INDEL	HG008N_absent_HPRC_other	exact_allele	absent: exact allele in HPRC	exact	AFR+AMR+EAS+SAS	4	11	ACB,ASW,ESN,GWD,MSL,CLM,PEL,PUR,CHS,KHV,PJL	19	shared	False	9	7	2	1	44	31	8	2	3	1	1	1	0	3	0	1	1	5	1	1	1	13	2	2	16	1	8	2	8	8	15	6	2	2
8560	chr10	8414084	INDEL	HG008N_absent_HPRC_other	exact_allele	absent: exact allele in HPRC	exact	AFR+AMR+EAS	3	9	ACB,ESN,GWD,MKK,MSL,CLM,PEL,PUR,CHS	14	shared	False	7	7	2	0	32	29	7	2	2	0	1	1	1	2	0	2	3	2	2	0	0	11	2	2	10	1	4	2	7	7	15	5	2	2
8561	chr10	8493258	INDEL	HG008N_absent_HPRC_other	exact_allele	absent: exact allele in HPRC	exact	AFR+AMR+SAS	3	5	ACB,GWD,MSL,PEL,PJL	12	shared	False	10	1	0	1	36	29	8	1	2	0	0	5	0	3	0	0	1	0	0	0	1	11	2	1	13	2	5	2	7	6	16	6	2	1
8565	chr10	8730875	INDEL	HG008N_absent_HPRC_other	exact_allele	absent: exact allele in HPRC	exact	AFR+AMR	2	4	ACB,GWD,CLM,PUR	4	shared	False	3	2	0	0	43	29	8	1	2	0	0	1	0	0	0	1	0	1	0	0	0	13	2	2	14	2	8	2	8	8	13	6	2	1
8584	chr10	10084358	INDEL	HG008N_absent_HPRC_other	exact_allele	absent: exact allele in HPRC	exact	AFR+AMR	2	2	GWD,PUR	2	shared	True	1	1	0	0	46	30	8	2	0	0	0	1	0	0	0	0	0	1	0	0	0	14	2	2	16	2	8	2	7	8	15	6	2	2
8590	chr10	10795239	INDEL	HG008N_absent_HPRC_other	exact_allele	absent: exact allele in HPRC	exact	AFR+AMR+EAS+SAS	4	10	ACB,ASW,GWD,MSL,CLM,PEL,PUR,CHS,KHV,PJL	21	shared	True	6	16	3	2	46	32	8	2	1	1	0	3	0	1	0	3	7	6	2	1	2	14	2	2	16	2	8	2	8	8	16	6	2	2
8594	chr10	11079741	INDEL	HG008N_present_rare	other_hap_only	HG008-N present, rare	exact	AFR+AMR	2	3	ACB,GWD,PUR	3	shared	False	2	1	0	0	35	31	8	2	1	0	0	1	0	0	0	0	0	1	0	0	0	10	0	2	14	2	6	1	8	7	16	6	2	2
8597	chr10	11229598	INDEL	HG008N_absent_HPRC_other	exact_allele	absent: exact allele in HPRC	exact	AMR+EAS	2	3	CLM,PUR,CHS	4	shared	True	0	4	2	0	44	32	8	2	0	0	0	0	0	0	0	1	0	3	2	0	0	13	2	2	16	2	7	2	8	8	16	6	2	2
8602	chr10	11721609	INDEL	HG008N_absent_HPRC_other	exact_allele	absent: exact allele in HPRC	exact	AFR+EAS	2	2	MSL,CHS	2	shared	False	1	0	1	0	36	30	7	2	0	0	0	0	0	1	0	0	0	0	1	0	0	11	2	2	13	1	5	2	7	8	15	5	2	2
8617	chr10	13992952	INDEL	HG008N_absent_HPRC_other	exact_allele	absent: exact allele in HPRC	exact	AFR+AMR	2	5	ACB,GWD,CLM,PEL,PUR	10	shared	False	3	8	0	0	41	28	5	0	1	0	0	2	0	0	0	3	1	4	0	0	0	12	2	2	14	2	7	2	8	8	12	4	1	0
8620	chr10	14191804	INDEL	other_ambiguous		ambiguous	exact	none	0	0		0	none	False	0	0	0	0	42	28	5	2	0	0	0	0	0	0	0	0	0	0	0	0	0	14	2	2	15	2	6	1	6	8	14	3	2	2
8621	chr10	14218955	INDEL	HG008N_absent_HPRC_other	exact_allele	absent: exact allele in HPRC	exact	AFR+AMR+SAS	3	6	GWD,MSL,CLM,PEL,PUR,PJL	8	shared	True	3	5	0	1	22	27	7	2	0	0	0	2	0	1	0	1	2	2	0	0	1	3	0	0	11	2	4	2	8	8	11	5	2	2
8625	chr10	15507958	INDEL	HG008N_present_broad	other_hap_only	HG008-N present, broad	exact	AFR+AMR+EAS	3	9	ACB,ASW,GWD,MSL,YRI,CLM,PEL,PUR,CHS	26	shared	False	22	10	1	0	34	30	6	0	7	2	0	8	0	4	1	2	5	3	1	0	0	11	2	1	13	1	5	1	8	8	14	5	1	0
8630	chr10	15720865	INDEL	HG008N_absent_HPRC_other	exact_allele	absent: exact allele in HPRC	exact	AMR	1	2	CLM,PUR	2	one superpopulation	False	0	2	0	0	29	26	8	2	0	0	0	0	0	0	0	1	0	1	0	0	0	8	1	2	10	1	5	2	6	7	13	6	2	2
8646	chr10	16949464	INDEL	other_ambiguous		ambiguous	exact	none	0	0		0	none	False	0	0	0	0	37	17	6	1	0	0	0	0	0	0	0	0	0	0	0	0	0	10	2	1	14	1	7	2	5	3	9	4	2	1
8649	chr10	17190433	INDEL	HG008N_absent_HPRC_other	exact_allele	absent: exact allele in HPRC	exact	AFR+AMR	2	4	ACB,ESN,MSL,PUR	8	shared	False	7	2	0	0	46	32	8	2	4	0	1	0	0	2	0	0	0	2	0	0	0	14	2	2	16	2	8	2	8	8	16	6	2	2
8652	chr10	17248973	INDEL	HG008N_absent_HPRC_other	exact_allele	absent: exact allele in HPRC	exact	AFR+AMR+EAS	3	7	ACB,ASW,GWD,MSL,PEL,PUR,CHS	12	shared	False	5	5	3	0	33	32	7	2	1	1	0	2	0	1	0	0	4	1	3	0	0	9	2	2	11	2	5	2	8	8	16	5	2	2
8654	chr10	17333717	INDEL	HG008N_absent_HPRC_other	element_set_other_allele	absent: only the nodes in HPRC	nodes	AFR	1	1	MSL	1	one individual	False	1	0	0	0	22	15	4	1	0	0	0	0	0	1	0	0	0	0	0	0	0	6	2	1	5	1	5	2	4	6	5	2	2	1
8655	chr10	17356389	INDEL	HG008N_absent_HPRC_other	exact_allele	absent: exact allele in HPRC	exact	AFR+AMR+EAS	3	9	ACB,ASW,GWD,MSL,CLM,PEL,PUR,CHS,KHV	16	shared	False	9	6	2	0	46	31	8	2	2	1	0	4	0	2	0	1	2	3	1	1	0	14	2	2	16	2	8	2	8	7	16	6	2	2
8658	chr10	17560149	INDEL	HG008N_absent_HPRC_other	exact_allele	absent: exact allele in HPRC	exact	AFR+AMR	2	9	ACB,ASW,ESN,GWD,MSL,YRI,CLM,PEL,PUR	17	shared	False	13	8	0	0	38	28	7	2	1	1	1	6	0	3	1	1	3	4	0	0	0	10	2	1	14	1	8	2	7	8	13	5	2	2
8659	chr10	17796654	INDEL	HG008N_present_broad	other_hap_only	HG008-N present, broad	exact	AFR+AMR+EAS	3	9	ACB,ESN,GWD,MSL,YRI,CLM,PEL,PUR,CHS	25	shared	False	15	13	3	0	39	32	8	2	5	0	1	6	0	1	2	3	2	8	3	0	0	12	2	2	12	2	7	2	8	8	16	6	2	2
8667	chr10	18058949	INDEL	HG008N_absent_HPRC_other	exact_allele	absent: exact allele in HPRC	exact	AFR+AMR+EAS	3	8	ACB,ASW,GWD,MSL,YRI,CLM,PUR,KHV	21	shared	False	21	2	1	0	46	31	8	2	5	1	0	9	0	5	1	1	0	1	0	1	0	14	2	2	16	2	8	2	7	8	16	6	2	2
8677	chr10	19312378	INDEL	HG008N_absent_HPRC_other	exact_allele	absent: exact allele in HPRC	exact	AFR+AMR	2	3	ASW,MSL,CLM	3	shared	False	2	1	0	0	35	30	8	1	0	1	0	0	0	1	0	1	0	0	0	0	0	11	2	1	14	0	5	2	8	8	14	6	2	1
8700	chr10	20706552	SNV	HG008N_absent_HPRC_other	exact_allele	absent: exact allele in HPRC	exact	AFR+AMR+SAS	3	7	ACB,ASW,GWD,CLM,PEL,PUR,PJL	11	shared	False	4	6	0	1	42	32	8	2	1	1	0	2	0	0	0	2	1	3	0	0	1	13	2	2	15	1	7	2	8	8	16	6	2	2
8701	chr10	21288851	SNV	HG008N_absent_HPRC_other	element_set_other_allele	absent: only the nodes in HPRC	nodes	AFR+AMR	2	4	ESN,GWD,PEL,PUR	5	shared	False	2	3	0	0	13	15	1	1	0	0	1	1	0	0	0	0	1	2	0	0	0	2	1	2	3	2	3	0	4	4	7	1	0	1
8703	chr10	21443394	INDEL	HG008N_absent_HPRC_other	exact_allele	absent: exact allele in HPRC	exact	AFR+AMR+EAS	3	6	ACB,ESN,GWD,MSL,PUR,CHS	14	shared	False	11	4	1	0	43	31	8	2	4	0	1	4	0	2	0	0	0	4	1	0	0	13	1	2	15	2	8	2	8	8	15	6	2	2
8716	chr10	23824649	INDEL	HG008N_absent_HPRC_other	element_set_other_allele	absent: only the nodes in HPRC	nodes	AFR+AMR	2	4	ESN,MKK,PEL,PUR	6	shared	True	2	4	0	0	21	23	4	0	0	0	1	0	1	0	0	0	1	3	0	0	0	7	1	1	10	1	1	0	8	7	8	4	0	0
8717	chr10	23824656	SNV	HG008N_absent_HPRC_other	element_set_other_allele	absent: only the nodes in HPRC	nodes	AFR+AMR	2	3	ASW,PEL,PUR	3	shared	False	1	2	0	0	21	23	4	0	0	1	0	0	0	0	0	0	1	1	0	0	0	7	1	1	10	1	1	0	8	7	8	4	0	0
8730	chr10	25411933	INDEL	HG008N_absent_HPRC_other	exact_allele	absent: exact allele in HPRC	exact	AFR+AMR	2	7	ACB,ESN,GWD,MSL,YRI,PEL,PUR	17	shared	True	13	9	0	0	31	23	3	0	4	0	1	4	0	3	1	0	1	8	0	0	0	9	2	1	11	1	5	2	3	6	14	3	0	0
8733	chr10	25753391	INDEL	HG008N_absent_HPRC_other	recombinant_pieces	absent: only the nodes in HPRC	nodes	none	0	0		0	none	False	0	0	0	0	8	6	0	2	0	0	0	0	0	0	0	0	0	0	0	0	0	5	0	0	1	0	2	0	0	2	4	0	0	2
8735	chr10	26077233	INDEL	HG008N_absent_HPRC_other	exact_allele	absent: exact allele in HPRC	exact	AFR+AMR+EAS+SAS	4	8	ACB,MSL,CLM,PEL,PUR,CHS,KHV,PJL	12	shared	False	5	5	4	1	26	24	7	1	2	0	0	0	0	3	0	1	2	2	3	1	1	8	2	1	11	0	4	0	7	6	11	5	2	1
8736	chr10	26145179	INDEL	HG008N_absent_HPRC_other	exact_allele	absent: exact allele in HPRC	exact	AFR+AMR+EAS	3	9	ACB,ASW,GWD,MKK,MSL,CLM,PEL,PUR,CHS	14	shared	False	7	7	1	0	35	28	7	1	2	1	0	1	2	1	0	2	3	2	1	0	0	13	2	1	11	2	4	2	8	8	12	5	2	1
8738	chr10	26483092	INDEL	HG008N_absent_HPRC_other	exact_allele	absent: exact allele in HPRC	exact	AFR+AMR+EAS+SAS	4	12	ACB,ESN,GWD,MKK,MSL,YRI,CLM,PEL,PUR,CHS,KHV,PJL	22	shared	False	15	6	3	2	43	30	7	2	4	0	1	4	2	3	1	1	3	2	2	1	2	14	2	2	14	2	7	2	7	7	16	5	2	2
8745	chr10	26853234	INDEL	HG008N_absent_HPRC_other	exact_allele	absent: exact allele in HPRC	exact	AFR+AMR+EAS	3	10	ACB,ASW,GWD,MSL,YRI,CLM,PEL,PUR,CHS,KHV	22	shared	True	12	12	3	0	40	29	8	1	6	1	0	3	0	1	1	1	3	8	2	1	0	11	2	1	16	2	6	2	7	8	14	6	2	1
8746	chr10	26889384	INDEL	HG008N_absent_HPRC_other	exact_allele	absent: exact allele in HPRC	exact	AFR+SAS	2	3	GWD,YRI,PJL	3	shared	False	2	0	0	1	38	32	6	2	0	0	0	1	0	0	1	0	0	0	0	0	1	11	2	2	12	2	7	2	8	8	16	4	2	2
8755	chr10	28628000	INDEL	HG008N_absent_HPRC_other	exact_allele	absent: exact allele in HPRC	exact	AFR+AMR+EAS+SAS	4	10	ACB,ASW,ESN,GWD,MSL,CLM,PEL,PUR,CHS,PJL	30	shared	False	25	12	1	2	43	31	7	2	7	1	1	11	0	5	0	1	6	5	1	0	2	12	2	2	16	2	8	1	7	8	16	5	2	2
8761	chr10	30252774	INDEL	HG008N_absent_HPRC_other	exact_allele	absent: exact allele in HPRC	exact	AFR+AMR+EAS	3	5	GWD,CLM,PEL,PUR,CHS	9	shared	True	2	8	2	0	35	31	7	2	0	0	0	2	0	0	0	1	3	4	2	0	0	11	2	1	12	2	5	2	8	8	15	6	1	2
8774	chr10	32645503	INDEL	HG008N_absent_HPRC_other	exact_allele	absent: exact allele in HPRC	exact	AFR+AMR+EAS	3	5	ACB,GWD,MKK,PUR,CHS	6	shared	True	3	1	3	0	45	32	8	2	1	0	0	1	1	0	0	0	0	1	3	0	0	13	2	2	16	2	8	2	8	8	16	6	2	2
8776	chr10	33237487	INDEL	HG008N_absent_HPRC_other	exact_allele	absent: exact allele in HPRC	exact	AFR+AMR+EAS	3	3	GWD,PUR,CHS	3	shared	False	1	1	1	0	35	27	8	1	0	0	0	1	0	0	0	0	0	1	1	0	0	8	2	2	14	1	7	1	6	8	13	6	2	1
8786	chr10	35878926	INDEL	HG008N_present_broad	other_hap_only	HG008-N present, broad	exact	AFR+AMR+EAS	3	7	ACB,MKK,MSL,PEL,PUR,CHS,KHV	11	shared	True	4	5	5	0	31	23	7	2	1	0	0	0	1	2	0	0	3	2	4	1	0	9	1	1	12	2	5	1	6	7	10	6	1	2
8794	chr10	36543026	INDEL	HG008N_absent_HPRC_other	exact_allele	absent: exact allele in HPRC	exact	AFR	1	1	ACB	2	one population	False	2	0	0	0	26	25	8	0	2	0	0	0	0	0	0	0	0	0	0	0	0	9	2	1	8	2	2	2	7	8	10	6	2	0
8795	chr10	36628539	INDEL	HG008N_present_broad	other_hap_only	HG008-N present, broad	exact	AFR+AMR+EAS+SAS	4	7	ACB,GWD,CLM,PEL,PUR,CHS,PJL	14	shared	False	2	12	1	2	40	28	8	2	1	0	0	1	0	0	0	5	3	4	1	0	2	13	2	2	13	2	6	2	8	8	12	6	2	2
8799	chr10	36775522	INDEL	HG008N_absent_HPRC_other	exact_allele	absent: exact allele in HPRC	exact	AFR+AMR+EAS+SAS	4	10	ACB,GWD,MSL,YRI,CLM,PEL,PUR,CHS,KHV,PJL	21	shared	True	11	6	8	1	45	32	8	2	5	0	0	4	0	1	1	1	2	3	6	2	1	14	2	2	16	2	7	2	8	8	16	6	2	2
8802	chr10	36941676	INDEL	HG008N_absent_HPRC_other	exact_allele	absent: exact allele in HPRC	exact	AFR+AMR+EAS+SAS	4	8	GWD,MSL,CLM,PEL,PUR,CHS,KHV,PJL	14	shared	True	4	7	5	1	39	29	7	2	0	0	0	3	0	1	0	2	1	4	3	2	1	11	2	2	13	2	7	2	7	7	15	5	2	2
8832	chr10	43770039	INDEL	HG008N_absent_HPRC_other	exact_allele	absent: exact allele in HPRC	exact	AFR+AMR+EAS+SAS	4	10	ACB,ASW,GWD,MKK,MSL,YRI,CLM,PUR,CHS,PJL	20	shared	False	17	6	1	2	40	30	5	2	6	1	0	6	1	2	1	1	0	5	1	0	2	12	2	1	15	2	7	1	8	7	15	4	1	2
8835	chr10	44003038	INDEL	other_ambiguous		ambiguous	exact	AFR+AMR+EAS+SAS	4	9	ACB,GWD,MSL,CLM,PEL,PUR,CHS,KHV,PJL	12	shared	False	5	4	2	1	29	23	7	1	2	0	0	1	0	2	0	1	1	2	1	1	1	10	2	0	8	2	6	1	5	8	10	6	1	1
8836	chr10	44003049	INDEL	HG008N_absent_HPRC_other	recombinant_pieces	absent: only the nodes in HPRC	nodes	none	0	0		0	none	False	0	0	0	0	29	23	7	1	0	0	0	0	0	0	0	0	0	0	0	0	0	10	2	0	8	2	6	1	5	8	10	6	1	1
8838	chr10	44498225	SNV	HG008N_absent_HPRC_other	element_set_other_allele	absent: only the nodes in HPRC	nodes	AFR+SAS	2	5	ACB,ESN,GWD,YRI,PJL	5	shared	True	4	0	0	1	36	29	8	2	1	0	1	1	0	0	1	0	0	0	0	0	1	12	1	2	13	1	5	2	7	8	14	6	2	2
8851	chr10	47738579	INDEL	HG008N_absent_HPRC_other	exact_allele	absent: exact allele in HPRC	exact	AFR+AMR	2	6	ACB,ASW,GWD,MSL,YRI,PUR	12	shared	False	12	2	0	0	44	24	8	2	2	1	0	6	0	2	1	0	0	2	0	0	0	14	2	2	14	2	8	2	5	4	15	6	2	2
8855	chr10	48356841	INDEL	HG008N_absent_HPRC_other	exact_allele	absent: exact allele in HPRC	exact	AFR+AMR+EAS+SAS	4	7	ASW,GWD,YRI,PEL,PUR,CHS,PJL	13	shared	True	5	5	6	1	30	21	7	2	0	1	0	3	0	0	1	0	3	2	6	0	1	7	2	2	10	2	5	2	7	7	7	6	1	2
8876	chr10	51647150	INDEL	HG008N_absent_HPRC_other	exact_allele	absent: exact allele in HPRC	exact	AFR+AMR+EAS+SAS	4	11	ACB,ESN,GWD,MSL,YRI,CLM,PEL,PUR,CHS,KHV,PJL	25	shared	True	9	17	6	1	40	29	8	1	3	0	1	2	0	2	1	5	5	7	5	1	1	12	1	2	13	2	8	2	7	8	14	6	2	1
8888	chr10	53478626	INDEL	HG008N_absent_HPRC_other	exact_allele	absent: exact allele in HPRC	exact	AFR+AMR+EAS	3	12	ACB,ASW,ESN,GWD,MKK,MSL,YRI,CLM,PEL,PUR,CHS,KHV	31	shared	False	18	16	6	0	42	31	8	2	3	1	1	4	2	6	1	3	7	6	5	1	0	11	2	2	15	2	8	2	8	8	15	6	2	2
8891	chr10	53626869	INDEL	HG008N_absent_HPRC_other	exact_allele	absent: exact allele in HPRC	exact	AFR+AMR	2	8	ACB,ASW,GWD,MSL,YRI,CLM,PEL,PUR	20	shared	False	18	7	0	0	28	26	7	1	5	1	0	8	0	3	1	1	1	5	0	0	0	8	2	0	11	0	6	1	8	7	11	5	2	1
8894	chr10	53641929	SNV	HG008N_absent_HPRC_other	element_set_other_allele	absent: only the nodes in HPRC	nodes	AFR+AMR+EAS+SAS	4	13	ACB,ASW,ESN,GWD,MKK,MSL,YRI,CLM,PEL,PUR,CHS,KHV,PJL	41	shared	True	26	30	8	2	26	30	8	2	8	2	1	9	1	4	1	8	8	14	6	2	2	8	2	1	9	1	4	1	8	8	14	6	2	2
8907	chr10	54655428	INDEL	HG008N_absent_HPRC_other	exact_allele	absent: exact allele in HPRC	exact	AFR+AMR+EAS	3	6	ASW,GWD,MSL,CLM,PUR,CHS	9	shared	True	5	2	3	0	25	19	6	0	0	2	0	2	0	1	0	1	0	1	3	0	0	6	2	1	10	1	4	1	4	4	11	5	1	0
8919	chr10	55336124	INDEL	HG008N_absent_HPRC_other	exact_allele	absent: exact allele in HPRC	exact	AFR+AMR+EAS	3	6	GWD,MSL,CLM,PEL,PUR,CHS	11	shared	True	6	4	2	0	38	24	7	2	0	0	0	5	0	1	0	2	1	1	2	0	0	13	2	1	13	2	5	2	7	4	13	5	2	2
8925	chr10	55642202	INDEL	HG008N_absent_HPRC_other	exact_allele	absent: exact allele in HPRC	exact	AFR+AMR+EAS	3	7	ACB,ASW,GWD,MSL,CLM,PEL,CHS	15	shared	False	12	4	1	0	36	26	8	2	5	1	0	3	0	3	0	2	2	0	1	0	0	12	1	1	12	2	6	2	6	7	13	6	2	2
8948	chr10	57425494	INDEL	HG008N_absent_HPRC_other	exact_allele	absent: exact allele in HPRC	exact	AFR+AMR+EAS	3	7	GWD,MKK,MSL,CLM,PEL,PUR,CHS	10	shared	False	3	6	1	0	40	31	7	2	0	0	0	1	1	1	0	1	2	3	1	0	0	13	2	2	15	2	4	2	8	8	15	5	2	2
8955	chr10	58555306	INDEL	HG008N_absent_HPRC_other	exact_allele	absent: exact allele in HPRC	exact	AFR+AMR	2	5	ACB,ASW,ESN,GWD,PUR	10	shared	False	9	1	0	0	30	29	8	2	5	1	1	2	0	0	0	0	0	1	0	0	0	8	2	1	11	1	6	1	6	8	15	6	2	2
8958	chr10	59416569	INDEL	HG008N_absent_HPRC_other	exact_allele	absent: exact allele in HPRC	exact	AFR	1	3	ACB,GWD,MSL	5	one superpopulation	False	6	0	0	0	45	29	6	2	1	0	0	4	0	1	0	0	0	0	0	0	0	14	2	2	16	2	7	2	8	8	13	5	1	2
8965	chr10	61061409	INDEL	HG008N_absent_HPRC_other	exact_allele	absent: exact allele in HPRC	exact	AFR+AMR	2	6	ACB,GWD,MSL,YRI,PEL,PUR	11	shared	False	8	7	0	0	41	31	7	2	3	0	0	2	0	1	2	0	1	6	0	0	0	13	2	2	13	2	7	2	8	8	15	6	1	2
8966	chr10	61242392	INDEL	HG008N_absent_HPRC_other	exact_allele	absent: exact allele in HPRC	exact	AFR+AMR	2	5	ACB,ESN,GWD,MSL,PUR	9	shared	False	8	1	0	0	45	31	8	2	2	0	1	4	0	1	0	0	0	1	0	0	0	13	2	2	16	2	8	2	8	7	16	6	2	2
8968	chr10	61417465	INDEL	HG008N_absent_HPRC_other	exact_allele	absent: exact allele in HPRC	exact	AFR+AMR+EAS+SAS	4	8	ACB,ASW,CLM,PEL,PUR,CHS,KHV,PJL	10	shared	False	2	5	4	1	41	31	8	2	1	1	0	0	0	0	0	1	2	2	2	2	1	14	2	2	13	2	6	2	7	8	16	6	2	2
8980	chr10	62889771	INDEL	HG008N_absent_HPRC_other	exact_allele	absent: exact allele in HPRC	exact	AFR+AMR	2	2	ASW,PUR	2	shared	False	1	1	0	0	3	12	5	1	0	1	0	0	0	0	0	0	0	1	0	0	0	0	1	0	0	1	1	0	4	4	4	3	2	1
8983	chr10	63050142	INDEL	HG008N_absent_HPRC_other	exact_allele	absent: exact allele in HPRC	exact	AFR+AMR+EAS	3	7	ACB,GWD,MSL,YRI,PUR,CHS,KHV	9	shared	False	7	1	2	0	40	31	8	2	2	0	0	2	0	2	1	0	0	1	1	1	0	11	1	2	14	2	8	2	8	8	15	6	2	2
8987	chr10	63714202	INDEL	HG008N_absent_HPRC_other	exact_allele	absent: exact allele in HPRC	exact	AFR+AMR+SAS	3	8	ACB,ASW,GWD,MSL,CLM,PEL,PUR,PJL	9	shared	False	5	3	0	1	40	30	6	1	2	1	0	1	0	1	0	1	1	1	0	0	1	13	2	2	12	2	7	2	7	8	15	5	1	1
9005	chr10	65266701	INDEL	HG008N_absent_HPRC_other	exact_allele	absent: exact allele in HPRC	exact	AFR+AMR+EAS+SAS	4	7	ACB,GWD,MSL,PEL,PUR,CHS,PJL	13	shared	False	7	5	2	2	29	21	5	2	2	0	0	3	0	2	0	0	2	3	2	0	2	7	1	1	11	1	7	1	2	4	15	3	2	2
9008	chr10	65555929	INDEL	HG008N_present_broad	other_hap_only	HG008-N present, broad	exact	AFR+AMR+EAS	3	8	ACB,MKK,MSL,CLM,PEL,PUR,CHS,KHV	19	shared	False	5	15	4	0	38	32	8	2	3	0	0	0	1	1	0	6	4	5	3	1	0	12	1	2	13	2	6	2	8	8	16	6	2	2
9024	chr10	67237122	INDEL	HG008N_absent_HPRC_other	exact_allele	absent: exact allele in HPRC	exact	AMR	1	1	PUR	1	one individual	False	0	2	0	0	26	22	5	0	0	0	0	0	0	0	0	0	0	2	0	0	0	7	2	2	7	2	5	1	6	6	10	3	2	0
9043	chr10	69530824	SNV	other_ambiguous		ambiguous	exact	none	0	0		0	none	False	0	0	0	0	10	3	1	0	0	0	0	0	0	0	0	0	0	0	0	0	0	3	1	0	5	0	1	0	1	0	2	1	0	0
9053	chr10	71199658	INDEL	HG008N_absent_HPRC_other	exact_allele	absent: exact allele in HPRC	exact	AFR+AMR	2	6	ACB,ASW,GWD,MKK,MSL,PUR	9	shared	False	8	2	0	0	40	29	8	2	1	1	0	3	1	2	0	0	0	2	0	0	0	11	2	1	15	2	7	2	8	8	13	6	2	2
9063	chr10	72257850	INDEL	HG008N_absent_HPRC_other	exact_allele	absent: exact allele in HPRC	exact	AFR+AMR+EAS	3	5	ACB,GWD,MSL,PUR,CHS	10	shared	False	5	4	3	0	29	29	8	2	3	0	0	1	0	1	0	0	0	4	3	0	0	10	1	1	12	2	3	0	7	8	14	6	2	2
9066	chr10	72500298	INDEL	HG008N_absent_HPRC_other	recombinant_pieces	absent: only the nodes in HPRC	nodes	none	0	0		0	none	False	0	0	0	0	16	14	2	1	0	0	0	0	0	0	0	0	0	0	0	0	0	8	0	0	6	0	1	1	5	2	7	1	1	1
9075	chr10	74512402	INDEL	HG008N_absent_HPRC_other	exact_allele	absent: exact allele in HPRC	exact	AFR+AMR+EAS+SAS	4	11	ACB,ASW,GWD,MKK,MSL,CLM,PEL,PUR,CHS,KHV,PJL	28	shared	True	16	18	5	2	39	31	8	2	6	1	0	5	2	2	0	5	3	10	3	2	2	14	1	0	13	2	8	1	8	7	16	6	2	2
9076	chr10	74737668	INDEL	other_ambiguous		ambiguous	exact	none	0	0		0	none	False	0	0	0	0	22	22	6	2	0	0	0	0	0	0	0	0	0	0	0	0	0	8	1	2	7	2	2	0	8	4	10	5	1	2
9077	chr10	74737677	SNV	other_ambiguous		ambiguous	exact	none	0	0		0	none	False	0	0	0	0	22	22	6	2	0	0	0	0	0	0	0	0	0	0	0	0	0	8	1	2	7	2	2	0	8	4	10	5	1	2
9112	chr10	80028752	INDEL	HG008N_absent_HPRC_other	exact_allele	absent: exact allele in HPRC	exact	AFR+AMR+EAS	3	6	ACB,GWD,MSL,PEL,PUR,KHV	10	shared	False	5	6	1	0	40	30	8	2	2	0	0	2	0	1	0	0	4	2	0	1	0	14	1	2	13	2	6	2	7	8	15	6	2	2
9116	chr10	80612198	INDEL	other_ambiguous		ambiguous	exact	none	0	0		0	none	False	0	0	0	0	39	28	8	2	0	0	0	0	0	0	0	0	0	0	0	0	0	11	2	2	14	2	6	2	7	8	13	6	2	2
9129	chr10	81360187	SNV	other_ambiguous		ambiguous	exact	none	0	0		0	none	False	0	0	0	0	18	10	0	1	0	0	0	0	0	0	0	0	0	0	0	0	0	6	1	1	7	2	1	0	1	1	8	0	0	1
9136	chr10	81650194	INDEL	HG008N_absent_HPRC_other	exact_allele	absent: exact allele in HPRC	exact	AFR+AMR+EAS	3	8	ACB,GWD,MSL,CLM,PEL,PUR,CHS,KHV	17	shared	False	10	6	6	0	46	32	8	2	7	0	0	2	0	1	0	3	1	2	4	2	0	14	2	2	16	2	8	2	8	8	16	6	2	2
9168	chr10	84949178	INDEL	HG008N_absent_HPRC_other	exact_allele	absent: exact allele in HPRC	exact	AFR+AMR+EAS+SAS	4	8	ACB,GWD,MKK,MSL,YRI,PUR,CHS,PJL	11	shared	False	7	1	2	1	46	32	8	2	1	0	0	2	1	2	1	0	0	1	2	0	1	14	2	2	16	2	8	2	8	8	16	6	2	2
9170	chr10	85159904	SNV	other_ambiguous		ambiguous	exact	none	0	0		0	none	False	0	0	0	0	34	32	8	2	0	0	0	0	0	0	0	0	0	0	0	0	0	12	2	2	11	1	5	1	8	8	16	6	2	2
9193	chr10	88470617	INDEL	HG008N_absent_HPRC_other	exact_allele	absent: exact allele in HPRC	exact	AFR+AMR+EAS	3	7	ACB,GWD,MSL,CLM,PEL,PUR,CHS	14	shared	True	4	12	2	0	45	32	8	2	1	0	0	2	0	1	0	3	3	6	2	0	0	14	2	2	16	2	7	2	8	8	16	6	2	2
9202	chr10	90201194	INDEL	HG008N_absent_HPRC_other	exact_allele	absent: exact allele in HPRC	exact	AFR+AMR	2	3	ACB,CLM,PUR	9	shared	False	2	8	0	0	28	14	6	1	2	0	0	0	0	0	0	4	0	4	0	0	0	10	1	1	11	0	4	1	4	4	6	4	2	1
9204	chr10	90211783	INDEL	other_ambiguous		ambiguous	exact	none	0	0		0	none	False	0	0	0	0	14	22	4	2	0	0	0	0	0	0	0	0	0	0	0	0	0	8	0	0	3	2	1	0	8	3	11	2	2	2
9216	chr10	91677776	INDEL	HG008N_absent_HPRC_other	exact_allele	absent: exact allele in HPRC	exact	AFR+AMR+EAS+SAS	4	12	ACB,ASW,ESN,GWD,MKK,MSL,YRI,CLM,PEL,PUR,KHV,PJL	35	shared	True	28	16	1	1	40	32	8	2	9	2	1	10	1	4	1	5	5	6	0	1	1	13	2	2	14	2	6	1	8	8	16	6	2	2
9222	chr10	91959718	INDEL	HG008N_absent_HPRC_other	exact_allele	absent: exact allele in HPRC	exact	AMR	1	1	CLM	1	one individual	False	0	1	0	0	26	30	8	2	0	0	0	0	0	0	0	1	0	0	0	0	0	10	1	1	7	1	6	0	8	7	15	6	2	2
9226	chr10	92439525	SNV	HG008N_absent_HPRC_other	element_set_other_allele	absent: only the nodes in HPRC	nodes	AFR+AMR+EAS	3	11	ACB,ASW,GWD,MKK,MSL,YRI,CLM,PEL,PUR,CHS,KHV	28	shared	True	19	15	3	0	31	30	6	2	7	1	0	7	2	1	1	5	3	7	2	1	0	10	1	1	12	2	4	1	8	8	14	5	1	2
9227	chr10	92445033	INDEL	other_ambiguous		ambiguous	exact	none	0	0		0	none	False	0	0	0	0	43	26	8	2	0	0	0	0	0	0	0	0	0	0	0	0	0	14	2	2	14	2	7	2	5	6	15	6	2	2
9228	chr10	92445038	SNV	HG008N_absent_HPRC_other	element_set_other_allele	absent: only the nodes in HPRC	nodes	AFR+AMR+EAS+SAS	4	10	ACB,ASW,GWD,MKK,YRI,CLM,PEL,PUR,CHS,PJL	28	shared	False	18	11	3	1	43	26	8	2	7	1	0	8	1	0	1	1	5	5	3	0	1	14	2	2	14	2	7	2	5	6	15	6	2	2
9235	chr10	95001546	INDEL	HG008N_absent_HPRC_other	exact_allele	absent: exact allele in HPRC	exact	AFR+AMR	2	6	ASW,ESN,MSL,CLM,PEL,PUR	10	shared	False	3	7	0	0	40	32	8	1	0	1	1	0	0	1	0	3	1	3	0	0	0	11	2	2	15	1	7	2	8	8	16	6	2	1
9238	chr10	95364442	SNV	HG008N_absent_HPRC_other	exact_allele	absent: exact allele in HPRC	exact	AFR+AMR+EAS	3	7	ACB,ESN,GWD,MKK,MSL,PUR,CHS	11	shared	False	9	1	2	0	39	29	3	2	3	0	2	2	1	1	0	0	0	1	2	0	0	9	2	2	14	2	8	2	8	7	14	3	0	2
9242	chr10	96459704	INDEL	other_ambiguous		ambiguous	exact	none	0	0		0	none	False	0	0	0	0	20	18	6	1	0	0	0	0	0	0	0	0	0	0	0	0	0	9	0	1	6	0	3	1	3	5	10	4	2	1
9250	chr10	97102422	INDEL	HG008N_absent_HPRC_other	exact_allele	absent: exact allele in HPRC	exact	AFR+AMR	2	7	ACB,ASW,GWD,MSL,CLM,PEL,PUR	12	shared	False	9	4	0	0	39	25	8	2	4	1	0	2	0	2	0	1	2	1	0	0	0	12	2	2	12	2	8	1	7	7	11	6	2	2
9252	chr10	97527171	INDEL	HG008N_absent_HPRC_other	exact_allele	absent: exact allele in HPRC	exact	AFR+AMR+EAS	3	8	ACB,ASW,GWD,MSL,CLM,PEL,PUR,CHS	14	shared	False	11	6	2	0	40	32	8	2	5	2	0	2	0	2	0	3	2	1	2	0	0	14	2	2	11	1	8	2	8	8	16	6	2	2
9262	chr10	99244568	INDEL	HG008N_absent_HPRC_other	exact_allele	absent: exact allele in HPRC	exact	AFR+AMR	2	7	ACB,GWD,MSL,YRI,CLM,PEL,PUR	16	shared	False	11	6	0	0	44	32	8	2	3	0	0	3	0	4	1	1	1	4	0	0	0	12	2	2	16	2	8	2	8	8	16	6	2	2
9264	chr10	99529579	INDEL	HG008N_absent_HPRC_other	exact_allele	absent: exact allele in HPRC	exact	AFR+AMR+EAS+SAS	4	11	ACB,ASW,GWD,MSL,YRI,CLM,PEL,PUR,CHS,KHV,PJL	26	shared	True	17	10	6	1	39	32	8	2	6	1	0	5	0	4	1	3	3	4	5	1	1	12	2	1	12	2	8	2	8	8	16	6	2	2
9268	chr10	99862812	INDEL	HG008N_absent_HPRC_other	exact_allele	absent: exact allele in HPRC	exact	AFR+AMR+EAS+SAS	4	7	ASW,GWD,MSL,CLM,PUR,CHS,PJL	8	shared	False	5	2	1	1	42	31	8	2	0	1	0	3	0	1	0	1	0	1	1	0	1	11	2	2	16	2	7	2	8	8	15	6	2	2
9271	chr10	100494825	INDEL	HG008N_absent_HPRC_other	exact_allele	absent: exact allele in HPRC	exact	AFR+AMR+EAS	3	7	ACB,ASW,GWD,CLM,PEL,PUR,CHS	16	shared	True	6	9	1	0	43	32	8	2	2	1	0	3	0	0	0	1	2	6	1	0	0	14	2	1	15	2	7	2	8	8	16	6	2	2
9274	chr10	100640736	INDEL	HG008N_absent_HPRC_other	exact_allele	absent: exact allele in HPRC	exact	AFR+AMR	2	4	ACB,GWD,MSL,CLM	6	shared	False	5	1	0	0	29	28	7	2	2	0	0	2	0	1	0	1	0	0	0	0	0	10	1	1	10	2	4	1	7	7	14	5	2	2
9283	chr10	102070798	INDEL	HG008N_absent_HPRC_other	exact_allele	absent: exact allele in HPRC	exact	AFR+AMR+EAS	3	9	ASW,ESN,GWD,MKK,MSL,CLM,PEL,PUR,CHS	14	shared	False	7	7	1	0	41	31	8	2	0	1	1	2	1	2	0	3	2	2	1	0	0	14	2	2	13	2	6	2	8	7	16	6	2	2
9289	chr10	103286335	INDEL	HG008N_absent_HPRC_other	exact_allele	absent: exact allele in HPRC	exact	AFR+AMR+EAS+SAS	4	7	ACB,GWD,CLM,PEL,PUR,CHS,PJL	17	shared	False	7	10	4	1	45	30	8	2	2	0	0	5	0	0	0	6	1	3	4	0	1	13	2	2	16	2	8	2	8	7	15	6	2	2
9300	chr10	104733520	INDEL	HG008N_absent_HPRC_other	exact_allele	absent: exact allele in HPRC	exact	AFR+AMR	2	4	ACB,GWD,MSL,PUR	8	shared	False	8	1	0	0	38	30	8	1	3	0	0	2	0	3	0	0	0	1	0	0	0	12	2	2	13	2	6	1	8	7	15	6	2	1
9303	chr10	104977730	INDEL	HG008N_absent_HPRC_other	exact_allele	absent: exact allele in HPRC	exact	AFR+AMR	2	5	ACB,GWD,MSL,CLM,PUR	17	shared	False	13	6	0	0	26	30	8	2	4	0	0	5	0	4	0	1	0	5	0	0	0	9	0	1	9	1	6	0	6	8	16	6	2	2
9307	chr10	105390175	INDEL	HG008N_absent_HPRC_other	exact_allele	absent: exact allele in HPRC	exact	AFR+AMR	2	5	ACB,GWD,CLM,PEL,PUR	8	shared	False	2	6	0	0	37	29	8	1	1	0	0	1	0	0	0	2	2	2	0	0	0	10	2	1	15	2	6	1	8	8	13	6	2	1
9320	chr10	106167989	INDEL	other_ambiguous		ambiguous	exact	none	0	0		0	none	False	0	0	0	0	29	28	7	2	0	0	0	0	0	0	0	0	0	0	0	0	0	10	2	2	9	2	4	0	8	5	15	5	2	2
9333	chr10	106995313	INDEL	HG008N_absent_HPRC_other	exact_allele	absent: exact allele in HPRC	exact	AFR+AMR+EAS+SAS	4	8	ACB,GWD,MKK,MSL,CLM,PUR,KHV,PJL	18	shared	True	12	8	1	1	46	32	8	2	4	0	0	4	2	2	0	3	0	5	0	1	1	14	2	2	16	2	8	2	8	8	16	6	2	2
9338	chr10	107264795	INDEL	HG008N_absent_HPRC_other	exact_allele	absent: exact allele in HPRC	exact	AFR+AMR+EAS+SAS	4	10	ACB,GWD,MSL,YRI,CLM,PEL,PUR,CHS,KHV,PJL	20	shared	True	8	16	2	1	39	32	8	2	2	0	0	3	0	2	1	3	1	12	1	1	1	12	2	2	14	2	5	2	8	8	16	6	2	2
9346	chr10	107834039	INDEL	HG008N_present_broad	other_hap_only	HG008-N present, broad	exact	AFR+AMR+EAS+SAS	4	12	ACB,ASW,ESN,GWD,MKK,MSL,YRI,CLM,PEL,PUR,CHS,PJL	33	shared	True	27	13	2	1	42	27	7	2	5	2	1	12	1	4	2	3	2	8	2	0	1	10	2	2	16	2	8	2	8	7	12	5	2	2
9354	chr10	108709499	INDEL	HG008N_absent_HPRC_other	exact_allele	absent: exact allele in HPRC	exact	AFR+AMR+EAS+SAS	4	10	ACB,ESN,GWD,MSL,YRI,CLM,PEL,PUR,CHS,PJL	23	shared	False	17	9	3	1	44	32	8	2	5	0	1	6	0	4	1	1	6	2	3	0	1	14	2	2	16	2	6	2	8	8	16	6	2	2
9359	chr10	109280119	INDEL	HG008N_absent_HPRC_other	exact_allele	absent: exact allele in HPRC	exact	AFR+AMR	2	6	ACB,ASW,GWD,MSL,YRI,CLM	8	shared	False	9	1	0	0	43	32	8	2	3	2	0	2	0	1	1	1	0	0	0	0	0	12	2	2	16	2	7	2	8	8	16	6	2	2
9372	chr10	111260680	INDEL	other_ambiguous		ambiguous	exact	none	0	0		0	none	False	0	0	0	0	26	21	7	1	0	0	0	0	0	0	0	0	0	0	0	0	0	9	2	2	7	1	4	1	6	4	11	5	2	1
9379	chr10	111973647	INDEL	HG008N_absent_HPRC_other	exact_allele	absent: exact allele in HPRC	exact	AFR+AMR+EAS	3	5	ACB,CLM,PUR,CHS,KHV	12	shared	False	2	11	3	0	21	20	5	2	2	0	0	0	0	0	0	5	0	6	2	1	0	9	0	0	9	0	2	1	6	4	10	3	2	2
9383	chr10	112471367	INDEL	HG008N_absent_HPRC_other	exact_allele	absent: exact allele in HPRC	exact	AFR+AMR+EAS	3	10	ACB,ASW,GWD,MKK,MSL,YRI,CLM,PEL,PUR,CHS	16	shared	False	10	4	2	0	41	32	8	2	3	1	0	2	1	2	1	2	1	1	2	0	0	12	2	2	15	2	6	2	8	8	16	6	2	2
9384	chr10	112496185	INDEL	HG008N_absent_HPRC_other	exact_allele	absent: exact allele in HPRC	exact	AFR+AMR+EAS	3	7	ACB,GWD,MSL,CLM,PEL,PUR,CHS	11	shared	False	4	4	3	0	31	19	6	1	1	0	0	1	0	2	0	2	1	1	3	0	0	9	1	0	12	2	5	2	6	6	7	6	0	1
9385	chr10	112576019	INDEL	HG008N_absent_HPRC_other	exact_allele	absent: exact allele in HPRC	exact	AFR+AMR	2	4	MSL,CLM,PEL,PUR	5	shared	False	1	4	0	0	29	30	8	2	0	0	0	0	0	1	0	1	2	1	0	0	0	6	1	1	13	1	6	1	8	8	14	6	2	2
9389	chr10	113637006	INDEL	HG008N_absent_HPRC_other	exact_allele	absent: exact allele in HPRC	exact	AFR+AMR+EAS+SAS	4	9	ACB,ASW,ESN,GWD,MSL,CLM,PUR,CHS,PJL	29	shared	True	21	11	2	1	46	32	8	2	6	1	1	9	0	4	0	2	0	9	2	0	1	14	2	2	16	2	8	2	8	8	16	6	2	2
9391	chr10	113948657	INDEL	HG008N_absent_HPRC_other	recombinant_pieces	absent: only the nodes in HPRC	nodes	none	0	0		0	none	False	0	0	0	0	24	14	3	1	0	0	0	0	0	0	0	0	0	0	0	0	0	10	0	0	7	1	4	2	3	3	8	3	0	1
9399	chr10	115350342	INDEL	HG008N_absent_HPRC_other	exact_allele	absent: exact allele in HPRC	exact	AFR	1	1	ASW	1	one individual	False	1	0	0	0	29	21	8	0	0	1	0	0	0	0	0	0	0	0	0	0	0	11	1	2	8	0	6	1	5	7	9	6	2	0
9404	chr10	115774425	INDEL	HG008N_absent_HPRC_other	exact_allele	absent: exact allele in HPRC	exact	AFR+AMR+EAS+SAS	4	10	ACB,ESN,GWD,MSL,CLM,PEL,PUR,CHS,KHV,PJL	20	shared	False	10	6	5	1	29	20	7	2	3	0	1	4	0	2	0	1	2	3	4	1	1	8	1	2	9	2	5	2	3	7	10	6	1	2
9411	chr10	116228980	INDEL	HG008N_absent_HPRC_other	exact_allele	absent: exact allele in HPRC	exact	AFR+AMR+EAS	3	5	ACB,CLM,PEL,PUR,CHS	9	shared	False	2	6	1	0	27	22	6	2	2	0	0	0	0	0	0	1	3	2	1	0	0	10	0	2	10	1	3	1	4	7	11	4	2	2
9417	chr10	117258766	INDEL	HG008N_absent_HPRC_other	exact_allele	absent: exact allele in HPRC	exact	AFR+AMR+EAS	3	6	ACB,ESN,MSL,PEL,CHS,KHV	8	shared	False	3	4	3	0	46	31	8	1	1	0	1	0	0	1	0	0	4	0	2	1	0	14	2	2	16	2	8	2	8	7	16	6	2	1
9425	chr10	119161437	INDEL	HG008N_absent_HPRC_other	element_set_other_allele	absent: only the nodes in HPRC	nodes	AFR+EAS	2	6	ACB,ASW,GWD,MKK,MSL,KHV	11	shared	False	10	0	1	0	45	29	8	2	3	1	0	3	1	2	0	0	0	0	0	1	0	14	2	2	15	2	8	2	7	7	15	6	2	2
9428	chr10	120083369	INDEL	HG008N_absent_HPRC_other	exact_allele	absent: exact allele in HPRC	exact	AFR+AMR+EAS+SAS	4	10	ACB,ASW,ESN,GWD,YRI,CLM,PEL,PUR,CHS,PJL	20	shared	False	12	6	4	1	41	25	8	1	4	1	1	5	0	0	1	3	1	2	4	0	1	12	2	2	14	2	8	1	6	7	12	6	2	1
9435	chr10	121125264	INDEL	HG008N_absent_HPRC_other	exact_allele	absent: exact allele in HPRC	exact	AFR+AMR+EAS	3	8	ACB,ESN,MKK,CLM,PEL,PUR,CHS,KHV	15	shared	True	8	9	4	0	28	28	8	2	6	0	1	0	1	0	0	1	4	4	2	2	0	11	1	2	5	2	5	2	6	8	14	6	2	2
9436	chr10	121604703	INDEL	HG008N_absent_HPRC_other	exact_allele	absent: exact allele in HPRC	exact	AFR+AMR	2	5	ACB,MKK,MSL,CLM,PUR	9	shared	False	3	6	0	0	45	30	8	2	1	0	0	0	1	1	0	2	0	4	0	0	0	13	2	2	16	2	8	2	8	8	14	6	2	2
9440	chr10	122176115	SNV	HG008N_absent_HPRC_other	element_set_other_allele	absent: only the nodes in HPRC	nodes	AFR+AMR+EAS	3	9	ACB,GWD,MKK,MSL,YRI,CLM,PUR,CHS,KHV	21	shared	True	17	7	7	0	19	15	7	0	5	0	0	5	1	4	2	2	0	5	5	2	0	6	0	0	5	1	5	2	4	1	10	5	2	0
9446	chr10	122513628	INDEL	HG008N_absent_HPRC_other	exact_allele	absent: exact allele in HPRC	exact	AFR+AMR+EAS	3	7	ACB,GWD,CLM,PEL,PUR,CHS,KHV	13	shared	True	3	8	5	0	37	28	7	0	2	0	0	1	0	0	0	2	4	2	3	2	0	11	1	1	14	2	7	1	7	8	13	5	2	0
9450	chr10	123353078	INDEL	HG008N_absent_HPRC_other	exact_allele	absent: exact allele in HPRC	exact	AFR+AMR+EAS	3	10	ACB,ASW,ESN,GWD,MKK,MSL,CLM,PEL,PUR,CHS	21	shared	False	13	7	2	0	45	32	8	2	4	1	1	3	2	2	0	2	1	4	2	0	0	14	2	2	16	2	8	1	8	8	16	6	2	2
9458	chr10	123878296	INDEL	other_ambiguous		ambiguous	exact	none	0	0		0	none	False	0	0	0	0	39	25	5	2	0	0	0	0	0	0	0	0	0	0	0	0	0	13	2	2	14	1	6	1	8	5	12	4	1	2
9459	chr10	123878305	SNV	other_ambiguous		ambiguous	exact	none	0	0		0	none	False	0	0	0	0	39	25	5	2	0	0	0	0	0	0	0	0	0	0	0	0	0	13	2	2	14	1	6	1	8	5	12	4	1	2
9471	chr10	126549744	INDEL	HG008N_absent_HPRC_other	exact_allele	absent: exact allele in HPRC	exact	AFR	1	4	ACB,ESN,GWD,MSL	12	one superpopulation	False	14	0	0	0	44	31	8	2	3	0	1	5	0	5	0	0	0	0	0	0	0	13	2	2	15	2	8	2	7	8	16	6	2	2
9475	chr10	126714230	INDEL	HG008N_absent_HPRC_other	exact_allele	absent: exact allele in HPRC	exact	AFR+AMR+EAS	3	4	GWD,CLM,PUR,CHS	5	shared	True	1	2	2	0	42	32	7	2	0	0	0	1	0	0	0	1	0	1	2	0	0	11	2	1	16	2	8	2	8	8	16	5	2	2
9476	chr10	126757518	INDEL	HG008N_absent_HPRC_other	exact_allele	absent: exact allele in HPRC	exact	AFR+AMR+EAS	3	7	ACB,GWD,YRI,CLM,PEL,PUR,CHS	14	shared	False	5	8	1	0	42	28	8	2	1	0	0	3	0	0	1	2	1	5	1	0	0	13	2	2	15	1	7	2	8	5	15	6	2	2
9494	chr10	129354768	INDEL	HG008N_absent_HPRC_other	exact_allele	absent: exact allele in HPRC	exact	AFR+AMR	2	7	ESN,GWD,MKK,MSL,CLM,PEL,PUR	11	shared	False	5	6	0	0	43	31	6	2	0	0	1	2	1	1	0	2	2	2	0	0	0	11	2	2	16	2	8	2	8	8	15	4	2	2
9507	chr10	130894806	INDEL	HG008N_absent_HPRC_other	exact_allele	absent: exact allele in HPRC	exact	AFR+AMR+EAS	3	9	ACB,ASW,ESN,GWD,MSL,CLM,PEL,PUR,KHV	27	shared	False	14	17	1	0	42	32	8	2	3	2	1	5	0	3	0	4	3	10	0	1	0	13	2	1	15	2	8	1	8	8	16	6	2	2
9517	chr10	131467207	SNV	HG008N_absent_HPRC_other	element_set_other_allele	absent: only the nodes in HPRC	nodes	AFR	1	2	ACB,MKK	3	one superpopulation	False	3	0	0	0	19	9	1	1	2	0	0	0	1	0	0	0	0	0	0	0	0	8	0	2	4	1	3	1	2	4	3	0	1	1
9519	chr10	131606502	INDEL	HG008N_absent_HPRC_other	exact_allele	absent: exact allele in HPRC	exact	AFR+AMR	2	5	ACB,ESN,GWD,MSL,PUR	7	shared	False	7	2	0	0	36	30	8	2	2	0	2	2	0	1	0	0	0	2	0	0	0	11	2	2	12	2	5	2	8	8	14	6	2	2
9521	chr10	132110835	SNV	HG008N_absent_HPRC_other	exact_allele	absent: exact allele in HPRC	exact	AFR+AMR+EAS+SAS	4	8	ACB,ASW,GWD,MSL,PUR,CHS,KHV,PJL	12	shared	False	6	1	4	1	46	31	8	2	2	1	0	1	0	2	0	0	0	1	3	1	1	14	2	2	16	2	8	2	8	8	15	6	2	2
9555	chr11	3426401	INDEL	HG008N_absent_HPRC_other	exact_allele	absent: exact allele in HPRC	exact	AFR+AMR+EAS+SAS	4	9	ACB,ASW,ESN,GWD,CLM,PEL,PUR,CHS,PJL	15	shared	True	6	8	3	1	40	31	8	2	2	1	2	1	0	0	0	4	1	3	3	0	1	12	2	2	13	2	7	2	8	8	15	6	2	2
9558	chr11	3592579	INDEL	HG008N_absent_HPRC_other	exact_allele	absent: exact allele in HPRC	exact	AFR+AMR	2	8	ACB,ASW,ESN,GWD,MKK,MSL,YRI,PUR	12	shared	False	9	3	0	0	41	23	7	2	1	1	1	3	1	1	1	0	0	3	0	0	0	10	2	2	16	2	7	2	7	3	13	6	1	2
9564	chr11	4333915	INDEL	HG008N_absent_HPRC_other	exact_allele	absent: exact allele in HPRC	exact	AFR+AMR+SAS	3	4	ACB,MSL,PEL,PJL	8	shared	False	5	2	0	1	35	29	7	2	3	0	0	0	0	2	0	0	2	0	0	0	1	11	2	2	12	2	5	1	8	7	14	5	2	2
9571	chr11	5026936	SNV	HG008N_absent_HPRC_other	exact_allele	absent: exact allele in HPRC	exact	AFR+AMR+SAS	3	5	ACB,GWD,CLM,PUR,PJL	8	shared	True	4	3	0	2	46	27	7	2	1	0	0	3	0	0	0	2	0	1	0	0	2	14	2	2	16	2	8	2	5	7	15	6	1	2
9576	chr11	5276336	INDEL	HG008N_absent_HPRC_other	exact_allele	absent: exact allele in HPRC	exact	AFR+AMR+EAS	3	8	ACB,GWD,YRI,CLM,PEL,PUR,CHS,KHV	22	shared	False	6	19	7	0	41	29	7	2	3	0	0	2	0	0	1	6	7	6	6	1	0	11	2	2	14	2	8	2	8	7	14	6	1	2
9580	chr11	5669080	INDEL	HG008N_absent_HPRC_other	exact_allele	absent: exact allele in HPRC	exact	AFR+AMR+EAS	3	6	ACB,GWD,CLM,PEL,PUR,CHS	16	shared	False	8	10	1	0	42	30	8	2	5	0	0	3	0	0	0	3	3	4	1	0	0	13	2	2	15	2	6	2	8	8	14	6	2	2
9593	chr11	7270832	INDEL	HG008N_present_broad	other_hap_only	HG008-N present, broad	exact	AFR+AMR+EAS+SAS	4	8	ACB,ASW,MSL,CLM,PEL,PUR,CHS,PJL	19	shared	True	4	18	3	1	29	28	5	1	1	1	0	0	0	2	0	2	6	10	3	0	1	10	1	1	7	2	6	2	7	8	13	4	1	1
9599	chr11	8509116	INDEL	HG008N_absent_HPRC_other	exact_allele	absent: exact allele in HPRC	exact	AFR+AMR	2	10	ACB,ASW,ESN,GWD,MKK,MSL,YRI,CLM,PEL,PUR	18	shared	True	17	6	0	0	44	28	8	2	6	2	2	2	1	3	1	3	1	2	0	0	0	13	2	2	16	2	7	2	7	8	13	6	2	2
9600	chr11	8670013	SNV	HG008N_absent_HPRC_other	element_set_other_allele	absent: only the nodes in HPRC	nodes	AFR+AMR+EAS+SAS	4	8	ACB,ESN,GWD,MKK,CLM,PUR,CHS,PJL	13	shared	False	6	4	3	1	37	29	7	2	2	0	1	2	1	0	0	1	0	3	3	0	1	10	1	1	13	2	8	2	8	7	14	6	1	2
9611	chr11	10223399	INDEL	HG008N_absent_HPRC_other	exact_allele	absent: exact allele in HPRC	exact	AMR	1	3	CLM,PEL,PUR	3	one superpopulation	False	0	4	0	0	29	17	7	2	0	0	0	0	0	0	0	2	1	1	0	0	0	10	1	1	11	0	4	2	5	7	5	5	2	2
9615	chr11	11294609	INDEL	HG008N_absent_HPRC_other	exact_allele	absent: exact allele in HPRC	exact	SAS	1	1	PJL	1	one individual	False	0	0	0	1	40	31	8	1	0	0	0	0	0	0	0	0	0	0	0	0	1	13	2	2	16	0	5	2	7	8	16	6	2	1
9618	chr11	11385298	INDEL	HG008N_absent_HPRC_other	exact_allele	absent: exact allele in HPRC	exact	AFR+AMR+EAS	3	10	ACB,ASW,ESN,GWD,MKK,MSL,YRI,CLM,PUR,CHS	19	shared	False	9	8	3	0	42	30	8	2	1	1	1	1	1	3	1	3	0	5	3	0	0	12	2	2	14	2	8	2	8	6	16	6	2	2
9625	chr11	12313961	INDEL	HG008N_absent_HPRC_other	exact_allele	absent: exact allele in HPRC	exact	AFR+AMR	2	9	ACB,ASW,ESN,GWD,MKK,MSL,YRI,CLM,PUR	14	shared	False	12	4	0	0	37	30	8	2	1	2	1	4	2	1	1	1	0	3	0	0	0	11	2	2	13	2	6	1	7	8	15	6	2	2
9629	chr11	13735224	INDEL	HG008N_absent_HPRC_other	exact_allele	absent: exact allele in HPRC	exact	AFR+AMR+EAS	3	7	ACB,GWD,MSL,CLM,PEL,PUR,CHS	13	shared	False	5	7	1	0	39	28	7	2	2	0	0	2	0	1	0	3	1	3	1	0	0	12	1	1	15	0	8	2	8	7	13	6	1	2
9635	chr11	15213140	INDEL	HG008N_present_broad	other_hap_only	HG008-N present, broad	exact	AFR+AMR+EAS+SAS	4	10	ACB,ASW,GWD,MSL,CLM,PEL,PUR,CHS,KHV,PJL	20	shared	False	9	9	4	1	45	32	8	2	3	1	0	2	0	3	0	2	5	2	3	1	1	14	2	2	16	1	8	2	8	8	16	6	2	2
9638	chr11	15391467	INDEL	HG008N_absent_HPRC_other	exact_allele	absent: exact allele in HPRC	exact	AFR+AMR+SAS	3	6	ACB,ESN,MSL,CLM,PUR,PJL	8	shared	True	5	2	0	1	45	32	8	2	3	0	1	0	0	1	0	1	0	1	0	0	1	14	2	2	15	2	8	2	8	8	16	6	2	2
9646	chr11	17240194	INDEL	HG008N_absent_HPRC_other	exact_allele	absent: exact allele in HPRC	exact	AFR+AMR+EAS+SAS	4	10	ACB,ASW,GWD,MKK,MSL,CLM,PEL,PUR,CHS,PJL	20	shared	True	10	9	2	2	33	28	8	2	2	1	0	2	1	4	0	5	1	3	2	0	2	9	2	1	11	2	6	2	7	8	13	6	2	2
9647	chr11	17259400	INDEL	HG008N_absent_HPRC_other	exact_allele	absent: exact allele in HPRC	exact	AFR	1	2	ACB,YRI	2	one superpopulation	False	3	0	0	0	21	18	1	2	1	0	0	0	0	0	2	0	0	0	0	0	0	8	1	0	8	1	1	2	5	3	10	1	0	2
9661	chr11	19295154	INDEL	HG008N_absent_HPRC_other	exact_allele	absent: exact allele in HPRC	exact	AFR+AMR+EAS+SAS	4	13	ACB,ASW,ESN,GWD,MKK,MSL,YRI,CLM,PEL,PUR,CHS,KHV,PJL	40	shared	False	41	15	4	2	42	32	8	2	14	1	2	13	2	7	2	4	2	9	3	1	2	14	1	2	14	2	7	2	8	8	16	6	2	2
9664	chr11	20122088	INDEL	HG008N_absent_HPRC_other	exact_allele	absent: exact allele in HPRC	exact	AFR+AMR+EAS	3	8	ACB,GWD,MKK,MSL,CLM,PEL,PUR,CHS	11	shared	False	8	4	1	0	42	32	8	2	4	0	0	1	1	2	0	2	1	1	1	0	0	12	1	2	15	2	8	2	8	8	16	6	2	2
9666	chr11	20755548	INDEL	other_ambiguous		ambiguous	exact	none	0	0		0	none	False	0	0	0	0	23	25	4	1	0	0	0	0	0	0	0	0	0	0	0	0	0	8	1	2	5	2	3	2	5	6	14	2	2	1
9671	chr11	20930804	INDEL	HG008N_absent_HPRC_other	exact_allele	absent: exact allele in HPRC	exact	AFR+AMR	2	4	ACB,GWD,MSL,PUR	9	shared	False	8	2	0	0	45	32	8	2	3	0	0	4	0	1	0	0	0	2	0	0	0	14	2	2	15	2	8	2	8	8	16	6	2	2
9686	chr11	22360537	INDEL	other_ambiguous		ambiguous	exact	none	0	0		0	none	False	0	0	0	0	42	31	8	2	0	0	0	0	0	0	0	0	0	0	0	0	0	12	2	2	15	1	8	2	8	8	15	6	2	2
9688	chr11	22507202	INDEL	HG008N_absent_HPRC_other	exact_allele	absent: exact allele in HPRC	exact	AFR+AMR+SAS	3	10	ACB,ASW,GWD,MKK,MSL,YRI,CLM,PEL,PUR,PJL	13	shared	True	10	4	0	1	37	30	8	2	2	1	0	3	1	1	2	1	2	1	0	0	1	11	2	2	11	2	7	2	8	8	14	6	2	2
9694	chr11	22841203	INDEL	HG008N_absent_HPRC_other	exact_allele	absent: exact allele in HPRC	exact	AFR+AMR	2	3	GWD,MSL,PUR	3	shared	False	2	1	0	0	30	15	6	2	0	0	0	1	0	1	0	0	0	1	0	0	0	8	2	1	12	1	4	2	4	4	7	4	2	2
9708	chr11	24267032	INDEL	HG008N_absent_HPRC_other	exact_allele	absent: exact allele in HPRC	exact	AFR+AMR	2	4	ACB,GWD,MSL,CLM	7	shared	False	7	1	0	0	43	32	8	2	1	0	0	4	0	2	0	1	0	0	0	0	0	12	2	2	15	2	8	2	8	8	16	6	2	2
9711	chr11	24427043	INDEL	HG008N_absent_HPRC_other	exact_allele	absent: exact allele in HPRC	exact	AFR+AMR	2	9	ACB,ASW,GWD,MKK,MSL,YRI,CLM,PEL,PUR	26	shared	False	21	12	0	0	43	30	8	2	5	1	0	8	1	5	1	1	4	7	0	0	0	13	2	2	16	1	7	2	8	8	14	6	2	2
9715	chr11	25273964	INDEL	HG008N_absent_HPRC_other	exact_allele	absent: exact allele in HPRC	exact	AFR+AMR+SAS	3	8	ACB,GWD,MKK,MSL,YRI,CLM,PUR,PJL	14	shared	False	10	4	0	1	42	28	8	1	3	0	0	3	1	2	1	2	0	2	0	0	1	13	2	2	13	2	8	2	8	7	13	6	2	1
9724	chr11	25664597	INDEL	HG008N_absent_HPRC_other	exact_allele	absent: exact allele in HPRC	exact	AFR+AMR+EAS	3	4	ACB,GWD,PUR,KHV	7	shared	False	2	4	1	0	30	21	6	1	1	0	0	1	0	0	0	0	0	4	0	1	0	10	2	1	10	2	4	1	6	3	12	4	2	1
9731	chr11	27077615	INDEL	HG008N_present_broad	other_hap_only	HG008-N present, broad	exact	AFR+AMR+EAS	3	9	ACB,ASW,GWD,MSL,CLM,PEL,PUR,CHS,KHV	26	shared	True	8	20	8	0	38	29	8	2	2	1	0	3	0	2	0	4	7	9	6	2	0	11	2	1	13	2	7	2	7	8	14	6	2	2
9739	chr11	29045070	INDEL	HG008N_absent_HPRC_other	exact_allele	absent: exact allele in HPRC	exact	AFR+AMR+EAS+SAS	4	8	ACB,GWD,YRI,CLM,PEL,PUR,CHS,PJL	20	shared	False	6	12	2	1	43	30	5	2	2	0	0	3	0	0	1	3	3	6	2	0	1	14	2	1	15	1	8	2	7	8	15	4	1	2
9741	chr11	29314659	INDEL	other_ambiguous		ambiguous	exact	none	0	0		0	none	False	0	0	0	0	16	5	2	0	0	0	0	0	0	0	0	0	0	0	0	0	0	6	1	0	5	0	4	0	0	2	3	2	0	0
9749	chr11	29908258	INDEL	HG008N_absent_HPRC_other	exact_allele	absent: exact allele in HPRC	exact	AFR+AMR+EAS+SAS	4	8	ACB,ESN,GWD,YRI,PUR,CHS,KHV,PJL	14	shared	True	11	1	3	1	42	31	8	2	3	0	1	6	0	0	1	0	0	1	2	1	1	13	2	2	15	1	7	2	8	8	15	6	2	2
9750	chr11	30003890	INDEL	HG008N_absent_HPRC_other	exact_allele	absent: exact allele in HPRC	exact	AFR+AMR+EAS	3	6	ACB,GWD,MSL,CLM,PUR,CHS	9	shared	False	6	3	1	0	34	26	6	2	3	0	0	1	0	2	0	1	0	2	1	0	0	10	1	1	14	0	6	2	7	7	12	5	1	2
9751	chr11	30018467	INDEL	HG008N_absent_HPRC_other	exact_allele	absent: exact allele in HPRC	exact	AFR+AMR	2	4	ACB,GWD,MSL,PUR	9	shared	False	9	2	0	0	44	31	8	2	3	0	0	4	0	2	0	0	0	2	0	0	0	14	2	2	15	2	7	2	8	7	16	6	2	2
9756	chr11	30401860	INDEL	HG008N_absent_HPRC_other	exact_allele	absent: exact allele in HPRC	exact	AFR+AMR	2	8	ACB,ASW,ESN,GWD,MSL,YRI,CLM,PUR	18	shared	False	19	3	0	0	41	24	6	0	6	2	1	6	0	3	1	2	0	1	0	0	0	11	2	2	14	2	8	2	5	7	12	4	2	0
9759	chr11	30897582	INDEL	HG008N_absent_HPRC_other	exact_allele	absent: exact allele in HPRC	exact	AFR+AMR	2	5	ACB,GWD,MKK,MSL,PUR	10	shared	False	9	2	0	0	39	27	8	2	3	0	0	3	1	2	0	0	0	2	0	0	0	12	2	1	13	2	8	1	4	7	16	6	2	2
9762	chr11	31004681	INDEL	HG008N_absent_HPRC_other	exact_allele	absent: exact allele in HPRC	exact	AFR+AMR	2	7	ACB,ESN,GWD,MKK,MSL,YRI,PUR	15	shared	False	14	2	0	0	33	29	8	2	4	0	1	4	1	3	1	0	0	2	0	0	0	7	0	2	14	2	6	2	7	7	15	6	2	2
9766	chr11	31279248	SNV	HG008N_absent_HPRC_other	exact_allele	absent: exact allele in HPRC	exact	AFR+AMR	2	5	ACB,ASW,GWD,MSL,PEL	14	shared	False	14	1	0	0	41	31	8	2	6	2	0	4	0	2	0	0	1	0	0	0	0	11	2	2	16	1	7	2	8	8	15	6	2	2
9769	chr11	31456876	INDEL	HG008N_absent_HPRC_other	exact_allele	absent: exact allele in HPRC	exact	AFR+AMR+EAS	3	9	ACB,ASW,ESN,GWD,MSL,YRI,CLM,PUR,CHS	16	shared	False	15	4	1	0	39	29	8	2	3	1	1	4	0	4	2	1	0	3	1	0	0	12	2	1	12	2	8	2	8	8	13	6	2	2
9775	chr11	32076337	INDEL	HG008N_absent_HPRC_other	exact_allele	absent: exact allele in HPRC	exact	AFR+AMR+EAS	3	10	ACB,ASW,GWD,MSL,YRI,CLM,PEL,PUR,CHS,KHV	30	shared	False	26	10	3	0	41	32	8	2	9	2	0	8	0	6	1	2	3	5	2	1	0	13	2	1	13	2	8	2	8	8	16	6	2	2
9788	chr11	33614573	INDEL	HG008N_absent_HPRC_other	element_set_other_allele	absent: only the nodes in HPRC	nodes	AFR+EAS	2	2	ACB,CHS	3	shared	False	1	0	3	0	25	13	7	1	1	0	0	0	0	0	0	0	0	0	3	0	0	7	2	1	8	2	4	1	4	1	8	5	2	1
9790	chr11	33649860	INDEL	HG008N_absent_HPRC_other	exact_allele	absent: exact allele in HPRC	exact	AFR+AMR	2	6	ACB,GWD,MKK,MSL,YRI,CLM	15	shared	False	14	1	0	0	42	32	8	2	4	0	0	6	1	2	1	1	0	0	0	0	0	14	1	2	15	1	7	2	8	8	16	6	2	2
9800	chr11	35556923	INDEL	HG008N_absent_HPRC_other	exact_allele	absent: exact allele in HPRC	exact	AFR+AMR+EAS	3	8	ACB,ESN,GWD,MSL,CLM,PEL,PUR,KHV	19	shared	False	14	6	1	0	41	18	1	2	6	0	1	4	0	3	0	4	1	1	0	1	0	13	1	1	15	2	8	1	5	2	11	0	1	2
9802	chr11	35885406	INDEL	HG008N_absent_HPRC_other	exact_allele	absent: exact allele in HPRC	exact	AFR+AMR+EAS	3	4	GWD,YRI,PUR,CHS	4	shared	False	2	1	1	0	33	30	6	2	0	0	0	1	0	0	1	0	0	1	1	0	0	10	2	1	12	1	5	2	8	7	15	5	1	2
9808	chr11	37347683	INDEL	HG008N_absent_HPRC_other	exact_allele	absent: exact allele in HPRC	exact	AFR+AMR+EAS+SAS	4	9	ACB,GWD,MSL,YRI,CLM,PEL,PUR,KHV,PJL	10	shared	False	5	3	1	1	32	25	7	2	1	0	0	2	0	1	1	1	1	1	0	1	1	7	1	1	13	2	7	1	7	7	11	5	2	2
9812	chr11	38056859	INDEL	HG008N_absent_HPRC_other	exact_allele	absent: exact allele in HPRC	exact	AFR+AMR+SAS	3	5	GWD,MKK,CLM,PUR,PJL	9	shared	False	3	6	0	1	39	30	8	2	0	0	0	2	1	0	0	5	0	1	0	0	1	13	2	2	13	2	5	2	8	8	14	6	2	2
9826	chr11	40083200	INDEL	HG008N_present_broad	other_hap_only	HG008-N present, broad	exact	AFR+AMR+EAS+SAS	4	13	ACB,ASW,ESN,GWD,MKK,MSL,YRI,CLM,PEL,PUR,CHS,KHV,PJL	40	shared	False	38	15	6	2	41	32	8	2	12	2	2	12	2	6	2	3	5	7	5	1	2	14	2	2	13	2	6	2	8	8	16	6	2	2
9837	chr11	40901999	INDEL	HG008N_absent_HPRC_other	exact_allele	absent: exact allele in HPRC	exact	AFR+AMR+EAS+SAS	4	6	ACB,GWD,YRI,PUR,KHV,PJL	14	shared	False	10	4	1	1	33	20	6	2	4	0	0	5	0	0	1	0	0	4	0	1	1	10	1	0	13	2	5	2	6	3	11	4	2	2
9841	chr11	41059210	INDEL	HG008N_absent_HPRC_other	exact_allele	absent: exact allele in HPRC	exact	AFR+AMR+EAS	3	6	ACB,ESN,MSL,CLM,CHS,KHV	7	shared	True	4	1	3	0	35	29	8	2	2	0	1	0	0	1	0	1	0	0	2	1	0	10	2	2	12	2	6	1	7	7	15	6	2	2
9843	chr11	41389639	INDEL	HG008N_absent_HPRC_other	exact_allele	absent: exact allele in HPRC	exact	AFR+AMR+EAS	3	8	ACB,GWD,MSL,CLM,PEL,PUR,CHS,KHV	13	shared	False	3	8	5	0	33	31	7	2	1	0	0	1	0	1	0	4	1	3	4	1	0	10	1	2	9	2	7	2	8	8	15	5	2	2
9859	chr11	42288834	INDEL	other_ambiguous		ambiguous	exact	none	0	0		0	none	False	0	0	0	0	39	29	8	2	0	0	0	0	0	0	0	0	0	0	0	0	0	13	1	2	14	2	6	1	7	8	14	6	2	2
9868	chr11	43270463	SNV	other_ambiguous		ambiguous	exact	none	0	0		0	none	False	0	0	0	0	23	10	5	2	0	0	0	0	0	0	0	0	0	0	0	0	0	6	2	1	8	1	4	1	3	1	6	4	1	2
9869	chr11	43270464	SNV	HG008N_absent_HPRC_other	recombinant_pieces	absent: only the nodes in HPRC	nodes	none	0	0		0	none	False	0	0	0	0	23	10	5	2	0	0	0	0	0	0	0	0	0	0	0	0	0	6	2	1	8	1	4	1	3	1	6	4	1	2
9870	chr11	43270466	SNV	other_ambiguous		ambiguous	exact	none	0	0		0	none	False	0	0	0	0	23	10	5	2	0	0	0	0	0	0	0	0	0	0	0	0	0	6	2	1	8	1	4	1	3	1	6	4	1	2
9872	chr11	43270499	SNV	HG008N_absent_HPRC_other	element_set_other_allele	absent: only the nodes in HPRC	nodes	AFR+AMR+EAS+SAS	4	11	ACB,GWD,MKK,MSL,YRI,CLM,PEL,PUR,CHS,KHV,PJL	22	shared	False	15	5	5	2	23	10	5	2	4	0	0	7	1	2	1	2	1	2	4	1	2	6	2	1	8	1	4	1	3	1	6	4	1	2
9873	chr11	43270502	SNV	HG008N_absent_HPRC_other	element_set_other_allele	absent: only the nodes in HPRC	nodes	AFR+AMR+EAS+SAS	4	11	ACB,GWD,MKK,MSL,YRI,CLM,PEL,PUR,CHS,KHV,PJL	21	shared	False	15	4	5	2	23	10	5	2	4	0	0	7	1	2	1	2	1	1	4	1	2	6	2	1	8	1	4	1	3	1	6	4	1	2
9882	chr11	46179150	INDEL	HG008N_absent_HPRC_other	exact_allele	absent: exact allele in HPRC	exact	AFR+AMR	2	2	MKK,PUR	3	shared	True	1	2	0	0	44	32	6	2	0	0	0	0	1	0	0	0	0	2	0	0	0	14	2	2	16	2	6	2	8	8	16	5	1	2
9891	chr11	47549820	INDEL	HG008N_present_broad	other_hap_only	HG008-N present, broad	exact	AFR+AMR+EAS	3	7	ACB,MKK,YRI,CLM,PEL,PUR,CHS	15	shared	False	4	13	2	0	43	31	8	2	2	0	0	0	1	0	1	3	5	5	2	0	0	14	2	2	15	2	6	2	8	8	15	6	2	2
9908	chr11	49807851	SNV	HG008N_absent_HPRC_other	exact_allele	absent: exact allele in HPRC	exact	AFR+AMR	2	4	ACB,GWD,MSL,PUR	7	shared	False	6	1	0	0	39	29	8	1	3	0	0	2	0	1	0	0	0	1	0	0	0	12	1	2	13	2	8	1	6	8	15	6	2	1
9912	chr11	49971770	INDEL	other_ambiguous		ambiguous	exact	none	0	0		0	none	False	0	0	0	0	38	29	8	2	0	0	0	0	0	0	0	0	0	0	0	0	0	12	1	2	12	2	7	2	8	6	15	6	2	2
9946	chr11	57403476	INDEL	HG008N_absent_HPRC_other	element_set_other_allele	absent: only the nodes in HPRC	nodes	AFR	1	1	GWD	2	one population	False	2	0	0	0	28	20	7	1	0	0	0	2	0	0	0	0	0	0	0	0	0	10	1	1	11	2	3	0	6	6	8	5	2	1
9952	chr11	58468068	INDEL	HG008N_absent_HPRC_other	exact_allele	absent: exact allele in HPRC	exact	AFR+AMR+EAS	3	6	ACB,GWD,MSL,PEL,PUR,CHS	13	shared	False	10	3	1	0	34	26	6	1	3	0	0	6	0	1	0	0	2	1	1	0	0	9	1	2	14	2	4	2	5	8	13	4	2	1
9954	chr11	58496311	INDEL	HG008N_absent_HPRC_other	exact_allele	absent: exact allele in HPRC	exact	AFR+AMR	2	4	GWD,MSL,YRI,PUR	8	shared	False	8	2	0	0	45	32	8	2	0	0	0	6	0	1	1	0	0	2	0	0	0	14	2	1	16	2	8	2	8	8	16	6	2	2
9956	chr11	58628106	INDEL	HG008N_absent_HPRC_other	exact_allele	absent: exact allele in HPRC	exact	AMR	1	1	PEL	2	one population	False	0	3	0	0	26	26	6	2	0	0	0	0	0	0	0	0	3	0	0	0	0	8	2	2	8	2	4	0	6	7	13	5	1	2
9973	chr11	60562970	INDEL	HG008N_absent_HPRC_other	exact_allele	absent: exact allele in HPRC	exact	AFR+AMR+EAS+SAS	4	10	ACB,ASW,GWD,MKK,MSL,YRI,CLM,PUR,CHS,PJL	23	shared	False	17	8	1	1	38	28	8	1	4	2	0	7	1	2	1	4	0	4	1	0	1	12	2	2	12	2	7	1	7	8	13	6	2	1
9991	chr11	63799641	SNV	HG008N_absent_HPRC_other	exact_allele	absent: exact allele in HPRC	exact	AFR+AMR+EAS+SAS	4	9	ACB,ESN,GWD,MSL,CLM,PEL,PUR,CHS,PJL	13	shared	False	5	7	3	1	40	31	8	2	1	0	2	1	0	1	0	2	2	3	3	0	1	11	2	2	14	2	8	1	7	8	16	6	2	2
10008	chr11	67937271	INDEL	HG008N_absent_HPRC_other	exact_allele	absent: exact allele in HPRC	exact	AFR+AMR	2	9	ACB,ASW,ESN,GWD,MKK,MSL,YRI,CLM,PUR	26	shared	False	20	11	0	0	46	31	8	2	5	1	1	8	1	2	2	4	0	7	0	0	0	14	2	2	16	2	8	2	8	8	15	6	2	2
10009	chr11	67965747	INDEL	HG008N_absent_HPRC_other	element_set_other_allele	absent: only the nodes in HPRC	nodes	AFR+AMR+EAS	3	7	ACB,GWD,MKK,MSL,CLM,PUR,CHS	10	shared	False	7	3	1	0	30	30	5	1	4	0	0	1	1	1	0	1	0	2	1	0	0	12	1	1	10	1	4	1	7	8	15	4	1	1
10030	chr11	70251602	INDEL	HG008N_absent_HPRC_other	recombinant_pieces	absent: only the nodes in HPRC	nodes	none	0	0		0	none	False	0	0	0	0	33	14	3	1	0	0	0	0	0	0	0	0	0	0	0	0	0	13	1	2	11	0	5	1	4	2	8	2	1	1
10044	chr11	72467256	INDEL	HG008N_absent_HPRC_other	exact_allele	absent: exact allele in HPRC	exact	AFR+AMR+EAS	3	8	ACB,GWD,MKK,MSL,CLM,PEL,PUR,CHS	21	shared	False	7	16	2	0	39	30	7	2	4	0	0	1	1	1	0	4	4	8	2	0	0	13	2	2	15	2	4	1	8	8	14	5	2	2
10046	chr11	72851101	INDEL	HG008N_absent_HPRC_other	exact_allele	absent: exact allele in HPRC	exact	AFR+AMR+EAS	3	12	ACB,ASW,ESN,GWD,MKK,MSL,YRI,CLM,PEL,PUR,CHS,KHV	26	shared	False	15	12	4	0	41	26	7	2	3	1	1	3	1	5	1	3	1	8	2	2	0	10	2	2	16	2	7	2	7	6	13	5	2	2
10047	chr11	73051868	INDEL	HG008N_absent_HPRC_other	exact_allele	absent: exact allele in HPRC	exact	AFR+AMR+EAS+SAS	4	8	ACB,GWD,MSL,CLM,PEL,PUR,CHS,PJL	15	shared	True	9	5	3	1	38	25	6	2	1	0	0	6	0	2	0	1	3	1	3	0	1	13	2	1	13	1	7	1	7	8	10	5	1	2
10049	chr11	73351327	INDEL	HG008N_absent_HPRC_other	exact_allele	absent: exact allele in HPRC	exact	AFR+AMR+EAS	3	9	ACB,ASW,ESN,GWD,MKK,MSL,YRI,PUR,CHS	19	shared	False	22	1	1	0	45	32	8	2	5	1	1	7	1	5	2	0	0	1	1	0	0	14	2	2	16	2	7	2	8	8	16	6	2	2
10057	chr11	76037539	INDEL	HG008N_absent_HPRC_other	exact_allele	absent: exact allele in HPRC	exact	AFR+AMR+EAS+SAS	4	6	ACB,ASW,MSL,CLM,CHS,PJL	8	shared	False	6	1	1	1	44	32	8	2	4	1	0	0	0	1	0	1	0	0	1	0	1	12	2	2	16	2	8	2	8	8	16	6	2	2
10069	chr11	77788142	INDEL	HG008N_absent_HPRC_other	exact_allele	absent: exact allele in HPRC	exact	AFR+AMR+EAS	3	6	ACB,GWD,MSL,PEL,PUR,CHS	12	shared	False	6	6	3	0	27	23	6	0	1	0	0	3	0	2	0	0	2	4	3	0	0	7	1	1	9	2	7	0	1	8	14	4	2	0
10070	chr11	77939848	INDEL	HG008N_absent_HPRC_other	exact_allele	absent: exact allele in HPRC	exact	AFR+AMR+EAS	3	10	ACB,ASW,ESN,GWD,MSL,CLM,PEL,PUR,CHS,KHV	18	shared	False	9	8	4	0	46	32	8	2	2	1	1	4	0	1	0	1	4	3	3	1	0	14	2	2	16	2	8	2	8	8	16	6	2	2
10074	chr11	79207865	INDEL	HG008N_absent_HPRC_other	exact_allele	absent: exact allele in HPRC	exact	AFR+AMR+EAS+SAS	4	9	ACB,ESN,GWD,MSL,CLM,PEL,PUR,CHS,PJL	17	shared	False	11	7	2	1	42	30	7	2	3	0	1	4	0	3	0	2	2	3	2	0	1	13	2	2	14	2	8	1	7	8	15	6	1	2
10095	chr11	81287287	INDEL	HG008N_absent_HPRC_other	exact_allele	absent: exact allele in HPRC	exact	AFR+AMR	2	7	ACB,GWD,MKK,MSL,YRI,PEL,PUR	10	shared	False	9	2	0	0	43	32	8	2	2	0	0	4	1	1	1	0	1	1	0	0	0	12	2	2	15	2	8	2	8	8	16	6	2	2
10109	chr11	82363006	INDEL	HG008N_absent_HPRC_other	exact_allele	absent: exact allele in HPRC	exact	AFR+AMR+EAS	3	9	ACB,ASW,ESN,GWD,MKK,MSL,YRI,PUR,CHS	26	shared	False	26	4	3	0	42	20	7	0	8	1	1	11	1	3	1	0	0	4	3	0	0	11	2	2	16	2	7	2	5	5	10	5	2	0
10111	chr11	82461307	INDEL	HG008N_absent_HPRC_other	element_set_other_allele	absent: only the nodes in HPRC	nodes	AMR+SAS	2	2	PEL,PJL	2	shared	False	0	1	0	1	32	24	7	2	0	0	0	0	0	0	0	0	1	0	0	0	1	10	2	2	10	2	5	1	6	7	11	6	1	2
10117	chr11	82871177	INDEL	HG008N_absent_HPRC_other	exact_allele	absent: exact allele in HPRC	exact	AFR+AMR+EAS+SAS	4	9	ACB,ASW,MSL,CLM,PEL,PUR,CHS,KHV,PJL	18	shared	False	7	12	3	1	44	31	8	2	3	1	0	0	0	3	0	4	4	4	1	2	1	14	2	2	14	2	8	2	7	8	16	6	2	2
10122	chr11	83577559	INDEL	HG008N_absent_HPRC_other	exact_allele	absent: exact allele in HPRC	exact	AFR+AMR+EAS	3	6	ESN,GWD,CLM,PEL,PUR,CHS	10	shared	False	2	8	1	0	26	23	4	0	0	0	1	1	0	0	0	1	4	3	1	0	0	9	1	1	9	0	5	1	5	7	11	2	2	0
10137	chr11	84788100	INDEL	HG008N_absent_HPRC_other	exact_allele	absent: exact allele in HPRC	exact	AFR+AMR	2	9	ACB,ASW,GWD,MKK,MSL,YRI,CLM,PEL,PUR	16	shared	False	12	8	0	0	43	29	8	2	4	2	0	2	2	1	1	4	2	2	0	0	0	13	2	2	15	2	7	2	7	7	15	6	2	2
10144	chr11	85561331	INDEL	HG008N_absent_HPRC_other	exact_allele	absent: exact allele in HPRC	exact	AFR+AMR+EAS+SAS	4	8	ESN,GWD,MSL,CLM,PEL,PUR,CHS,PJL	10	shared	False	3	7	2	1	31	23	7	1	0	0	1	1	0	1	0	1	3	3	2	0	1	10	2	2	11	1	4	1	6	7	10	5	2	1
10162	chr11	87419191	INDEL	HG008N_absent_HPRC_other	exact_allele	absent: exact allele in HPRC	exact	AFR+AMR+EAS	3	6	ACB,ASW,CLM,PEL,PUR,CHS	13	shared	True	6	8	1	0	44	32	8	2	5	1	0	0	0	0	0	1	1	6	1	0	0	14	2	2	14	2	8	2	8	8	16	6	2	2
10165	chr11	87598296	INDEL	HG008N_absent_HPRC_other	exact_allele	absent: exact allele in HPRC	exact	AFR+AMR	2	5	ACB,GWD,MSL,CLM,PEL	9	shared	False	7	2	0	0	37	31	8	2	4	0	0	1	0	2	0	1	1	0	0	0	0	14	2	0	12	2	6	1	8	8	15	6	2	2
10183	chr11	89780056	INDEL	HG008N_absent_HPRC_other	exact_allele	absent: exact allele in HPRC	exact	AFR+AMR	2	5	ACB,GWD,MKK,MSL,PUR	7	shared	False	7	1	0	0	22	19	5	2	1	0	0	3	1	2	0	0	0	1	0	0	0	8	2	1	5	1	5	0	5	4	10	4	1	2
10195	chr11	90713401	INDEL	HG008N_absent_HPRC_other	exact_allele	absent: exact allele in HPRC	exact	AFR+AMR	2	5	ESN,GWD,MSL,YRI,PUR	12	shared	False	13	1	0	0	37	26	8	1	0	0	1	8	0	3	1	0	0	1	0	0	0	11	1	1	14	1	7	2	5	6	15	6	2	1
10202	chr11	91026578	INDEL	HG008N_absent_HPRC_other	exact_allele	absent: exact allele in HPRC	exact	AFR+AMR	2	4	ACB,ESN,MSL,PUR	9	shared	False	4	6	0	0	28	30	6	2	1	0	1	0	0	2	0	0	0	6	0	0	0	8	2	1	9	1	7	0	8	8	14	4	2	2
10203	chr11	91114229	INDEL	other_ambiguous		ambiguous	exact	none	0	0		0	none	False	0	0	0	0	36	29	8	2	0	0	0	0	0	0	0	0	0	0	0	0	0	12	2	1	12	1	6	2	8	8	13	6	2	2
10211	chr11	92106290	INDEL	other_ambiguous		ambiguous	exact	none	0	0		0	none	False	0	0	0	0	32	27	8	2	0	0	0	0	0	0	0	0	0	0	0	0	0	11	2	1	10	2	5	1	7	8	12	6	2	2
10215	chr11	92416219	INDEL	HG008N_absent_HPRC_other	exact_allele	absent: exact allele in HPRC	exact	AFR+AMR+EAS	3	9	ACB,ESN,GWD,MKK,MSL,CLM,PEL,PUR,KHV	15	shared	False	11	5	1	0	41	32	8	2	2	0	1	3	2	3	0	1	1	3	0	1	0	14	2	1	15	2	6	1	8	8	16	6	2	2
10217	chr11	92605719	INDEL	HG008N_absent_HPRC_other	exact_allele	absent: exact allele in HPRC	exact	AFR+AMR	2	4	ACB,GWD,MSL,PUR	9	shared	False	9	2	0	0	44	30	8	2	3	0	0	5	0	1	0	0	0	2	0	0	0	14	2	2	14	2	8	2	8	8	14	6	2	2
10223	chr11	93085907	INDEL	HG008N_absent_HPRC_other	exact_allele	absent: exact allele in HPRC	exact	AFR+AMR	2	5	ACB,GWD,CLM,PEL,PUR	11	shared	False	3	11	0	0	21	23	6	1	2	0	0	1	0	0	0	3	3	5	0	0	0	9	2	0	6	1	2	1	5	6	12	5	1	1
10235	chr11	94396869	INDEL	HG008N_absent_HPRC_other	exact_allele	absent: exact allele in HPRC	exact	AFR+AMR+EAS+SAS	4	12	ACB,ASW,GWD,MKK,MSL,YRI,CLM,PEL,PUR,CHS,KHV,PJL	23	shared	False	10	16	3	1	40	31	8	2	2	1	0	2	1	3	1	4	6	6	2	1	1	13	2	2	13	2	7	1	7	8	16	6	2	2
10250	chr11	96697379	INDEL	HG008N_absent_HPRC_other	exact_allele	absent: exact allele in HPRC	exact	AFR+AMR+EAS+SAS	4	12	ACB,ESN,GWD,MKK,MSL,YRI,CLM,PEL,PUR,CHS,KHV,PJL	30	shared	False	26	10	3	1	46	32	8	2	6	0	2	8	1	7	2	2	1	7	2	1	1	14	2	2	16	2	8	2	8	8	16	6	2	2
10253	chr11	97351391	INDEL	HG008N_absent_HPRC_other	exact_allele	absent: exact allele in HPRC	exact	AFR+AMR+EAS+SAS	4	12	ACB,ASW,ESN,GWD,MKK,MSL,CLM,PEL,PUR,CHS,KHV,PJL	37	shared	True	24	22	8	2	38	32	8	2	10	1	1	8	2	2	0	6	5	11	6	2	2	12	2	2	14	2	5	1	8	8	16	6	2	2
10255	chr11	97523197	INDEL	HG008N_absent_HPRC_other	exact_allele	absent: exact allele in HPRC	exact	AFR+AMR+EAS+SAS	4	10	ACB,ESN,GWD,MKK,MSL,YRI,CLM,PUR,CHS,PJL	22	shared	False	18	7	1	1	35	30	8	2	6	0	1	7	1	1	2	2	0	5	1	0	1	11	2	2	12	2	4	2	8	8	14	6	2	2
10262	chr11	97972326	INDEL	HG008N_absent_HPRC_other	exact_allele	absent: exact allele in HPRC	exact	AFR+AMR+EAS	3	5	ACB,GWD,MSL,PUR,CHS	8	shared	False	6	1	2	0	30	28	8	2	2	0	0	3	0	1	0	0	0	1	2	0	0	10	2	1	11	1	4	1	7	8	13	6	2	2
10273	chr11	98596265	INDEL	HG008N_absent_HPRC_other	exact_allele	absent: exact allele in HPRC	exact	AFR+AMR+EAS	3	7	ACB,GWD,MSL,CLM,PEL,PUR,CHS	23	shared	False	20	7	1	0	46	32	8	2	6	0	0	11	0	3	0	1	2	4	1	0	0	14	2	2	16	2	8	2	8	8	16	6	2	2
10278	chr11	98702726	INDEL	HG008N_absent_HPRC_other	exact_allele	absent: exact allele in HPRC	exact	AFR+AMR+EAS	3	6	ACB,GWD,MSL,PEL,PUR,CHS	10	shared	False	9	2	1	0	23	15	4	2	2	0	0	4	0	3	0	0	1	1	1	0	0	7	1	2	7	1	5	0	5	3	7	2	2	2
10302	chr11	99772071	INDEL	HG008N_present_broad	other_hap_only	HG008-N present, broad	exact	AFR+AMR+EAS+SAS	4	13	ACB,ASW,ESN,GWD,MKK,MSL,YRI,CLM,PEL,PUR,CHS,KHV,PJL	42	shared	True	40	24	8	2	44	29	8	2	11	2	1	15	2	7	2	5	7	12	6	2	2	14	2	2	15	2	7	2	7	8	14	6	2	2
10317	chr11	101506015	INDEL	HG008N_absent_HPRC_other	exact_allele	absent: exact allele in HPRC	exact	AFR+AMR+SAS	3	8	ACB,ESN,GWD,MSL,YRI,CLM,PUR,PJL	18	shared	False	15	5	0	1	43	30	8	1	5	0	1	5	0	2	2	1	0	4	0	0	1	13	2	2	15	2	7	2	8	8	14	6	2	1
10318	chr11	101526861	INDEL	HG008N_absent_HPRC_other	exact_allele	absent: exact allele in HPRC	exact	AFR+AMR+EAS+SAS	4	10	ACB,ASW,ESN,GWD,MSL,CLM,PEL,PUR,CHS,PJL	16	shared	False	11	7	1	1	30	29	8	1	2	1	2	3	0	3	0	1	1	5	1	0	1	9	2	2	8	2	7	0	8	8	13	6	2	1
10321	chr11	102204229	INDEL	HG008N_absent_HPRC_other	exact_allele	absent: exact allele in HPRC	exact	AFR+AMR+SAS	3	6	ESN,MKK,CLM,PEL,PUR,PJL	7	shared	False	2	6	0	1	44	32	8	2	0	0	1	0	1	0	0	2	2	2	0	0	1	13	2	2	15	2	8	2	8	8	16	6	2	2
10339	chr11	105290388	INDEL	HG008N_absent_HPRC_other	recombinant_pieces	absent: only the nodes in HPRC	nodes	none	0	0		0	none	False	0	0	0	0	36	24	8	2	0	0	0	0	0	0	0	0	0	0	0	0	0	10	2	1	15	2	5	1	5	6	13	6	2	2
10360	chr11	107602726	INDEL	HG008N_absent_HPRC_other	exact_allele	absent: exact allele in HPRC	exact	AFR+AMR+EAS+SAS	4	11	ACB,ESN,GWD,MKK,MSL,CLM,PEL,PUR,CHS,KHV,PJL	24	shared	False	11	14	7	1	41	30	8	2	4	0	1	2	2	2	0	2	6	6	5	2	1	14	2	2	13	2	8	0	8	8	14	6	2	2
10364	chr11	108986879	INDEL	HG008N_absent_HPRC_other	element_set_other_allele	absent: only the nodes in HPRC	nodes	AFR+EAS	2	6	ACB,ESN,GWD,MKK,MSL,KHV	12	shared	False	12	0	1	0	45	31	7	2	4	0	1	4	1	2	0	0	0	0	0	1	0	13	2	2	16	2	8	2	8	8	15	5	2	2
10366	chr11	109289116	INDEL	HG008N_absent_HPRC_other	exact_allele	absent: exact allele in HPRC	exact	AFR+AMR+EAS	3	10	ACB,ESN,GWD,MKK,MSL,YRI,CLM,PEL,PUR,CHS	19	shared	False	20	4	1	0	46	32	8	2	7	0	1	7	2	2	1	1	1	2	1	0	0	14	2	2	16	2	8	2	8	8	16	6	2	2
10369	chr11	110726024	INDEL	HG008N_absent_HPRC_other	exact_allele	absent: exact allele in HPRC	exact	AFR+AMR+EAS	3	8	ACB,ESN,GWD,MSL,CLM,PEL,PUR,CHS	18	shared	True	15	4	2	0	45	32	8	2	6	0	1	5	0	3	0	1	1	2	2	0	0	14	2	2	15	2	8	2	8	8	16	6	2	2
10380	chr11	113173591	INDEL	HG008N_absent_HPRC_other	element_set_other_allele	absent: only the nodes in HPRC	nodes	AFR+AMR+EAS+SAS	4	13	ACB,ASW,ESN,GWD,MKK,MSL,YRI,CLM,PEL,PUR,CHS,KHV,PJL	38	shared	False	24	26	5	1	33	27	5	1	7	1	2	8	1	3	2	7	5	14	4	1	1	11	2	2	11	1	4	2	7	6	14	4	1	1
10386	chr11	114146848	INDEL	HG008N_absent_HPRC_other	exact_allele	absent: exact allele in HPRC	exact	AFR+AMR+EAS+SAS	4	10	ACB,ESN,GWD,MSL,CLM,PEL,PUR,CHS,KHV,PJL	22	shared	False	8	15	2	2	45	32	8	2	2	0	1	3	0	2	0	3	5	7	1	1	2	13	2	2	16	2	8	2	8	8	16	6	2	2
10396	chr11	115922396	INDEL	HG008N_absent_HPRC_other	exact_allele	absent: exact allele in HPRC	exact	AFR+AMR+EAS+SAS	4	13	ACB,ASW,ESN,GWD,MKK,MSL,YRI,CLM,PEL,PUR,CHS,KHV,PJL	34	shared	False	28	16	4	1	42	30	7	2	10	1	2	7	2	4	2	4	6	6	2	2	1	13	1	2	14	2	8	2	7	8	15	5	2	2
10405	chr11	117889870	SNV	HG008N_absent_HPRC_other	element_set_other_allele	absent: only the nodes in HPRC	nodes	AFR+AMR	2	7	ACB,GWD,MKK,MSL,CLM,PEL,PUR	14	shared	True	9	6	0	0	29	26	5	0	3	0	0	2	1	3	0	1	2	3	0	0	0	6	2	2	9	2	6	2	4	6	16	3	2	0
10418	chr11	122476274	INDEL	HG008N_absent_HPRC_other	exact_allele	absent: exact allele in HPRC	exact	AFR+AMR	2	5	ACB,GWD,MKK,CLM,PUR	9	shared	False	9	2	0	0	46	28	8	2	5	0	0	3	1	0	0	1	0	1	0	0	0	14	2	2	16	2	8	2	7	6	15	6	2	2
10423	chr11	123160279	INDEL	HG008N_absent_HPRC_other	exact_allele	absent: exact allele in HPRC	exact	AFR+AMR+EAS+SAS	4	9	ACB,ESN,GWD,MSL,YRI,PEL,PUR,CHS,PJL	13	shared	False	10	3	1	1	39	31	8	2	4	0	1	2	0	2	1	0	1	2	1	0	1	11	2	1	15	2	6	2	7	8	16	6	2	2
10430	chr11	125542627	INDEL	HG008N_absent_HPRC_other	exact_allele	absent: exact allele in HPRC	exact	AFR+AMR+EAS	3	7	ACB,GWD,MSL,YRI,CLM,PUR,KHV	16	shared	True	12	6	1	0	42	19	7	2	6	0	0	4	0	1	1	3	0	3	0	1	0	12	2	2	16	1	7	2	6	4	9	6	1	2
10434	chr11	126170735	INDEL	HG008N_absent_HPRC_other	exact_allele	absent: exact allele in HPRC	exact	AMR	1	1	PUR	4	one population	False	0	4	0	0	19	25	3	0	0	0	0	0	0	0	0	0	0	4	0	0	0	6	1	2	6	0	3	1	6	7	12	2	1	0
10436	chr11	127089896	INDEL	HG008N_present_broad	other_hap_only	HG008-N present, broad	exact	AFR+AMR+EAS+SAS	4	13	ACB,ASW,ESN,GWD,MKK,MSL,YRI,CLM,PEL,PUR,CHS,KHV,PJL	39	shared	False	31	17	7	2	37	31	8	2	11	1	2	8	2	5	2	2	7	8	5	2	2	13	2	2	11	2	5	2	8	8	15	6	2	2
10440	chr11	127528989	INDEL	HG008N_absent_HPRC_other	exact_allele	absent: exact allele in HPRC	exact	AFR+AMR+EAS	3	9	ACB,ASW,ESN,GWD,MSL,CLM,PEL,PUR,CHS	24	shared	False	18	8	3	0	39	32	8	2	7	1	1	4	0	5	0	4	2	2	3	0	0	12	2	1	15	2	6	1	8	8	16	6	2	2
10447	chr11	127874913	SNV	HG008N_absent_HPRC_other	exact_allele	absent: exact allele in HPRC	exact	AFR	1	2	ASW,MSL	2	one superpopulation	False	2	0	0	0	23	24	8	2	0	1	0	0	0	1	0	0	0	0	0	0	0	8	2	1	5	1	4	2	7	8	9	6	2	2
10449	chr11	127874959	SNV	HG008N_absent_HPRC_other	element_set_other_allele	absent: only the nodes in HPRC	nodes	AFR	1	3	ACB,GWD,MSL	5	one superpopulation	False	5	0	0	0	31	24	6	2	2	0	0	2	0	1	0	0	0	0	0	0	0	10	2	1	9	1	6	2	7	8	9	4	2	2
10453	chr11	128151706	INDEL	HG008N_absent_HPRC_other	exact_allele	absent: exact allele in HPRC	exact	AFR+AMR+SAS	3	7	ACB,GWD,MKK,CLM,PEL,PUR,PJL	10	shared	False	4	5	0	2	38	32	8	2	1	0	0	2	1	0	0	3	1	1	0	0	2	10	2	2	14	2	6	2	8	8	16	6	2	2
10464	chr11	130041651	INDEL	HG008N_absent_HPRC_other	exact_allele	absent: exact allele in HPRC	exact	AFR+AMR+EAS+SAS	4	11	ACB,ASW,GWD,MKK,MSL,YRI,CLM,PEL,PUR,CHS,PJL	25	shared	False	13	13	3	2	39	25	7	2	4	1	0	2	1	4	1	4	3	6	3	0	2	13	2	0	12	2	8	2	6	7	12	5	2	2
10466	chr11	130052370	INDEL	HG008N_absent_HPRC_other	exact_allele	absent: exact allele in HPRC	exact	AFR+AMR+EAS	3	6	ACB,ASW,GWD,CLM,PUR,CHS	17	shared	False	13	7	1	0	41	31	6	2	5	1	0	7	0	0	0	3	0	4	1	0	0	14	1	2	14	2	7	1	8	7	16	5	1	2
10474	chr11	130990355	INDEL	HG008N_absent_HPRC_other	exact_allele	absent: exact allele in HPRC	exact	AFR+AMR+EAS	3	7	ACB,ESN,GWD,CLM,PEL,PUR,CHS	17	shared	False	8	10	3	0	22	29	8	2	2	0	2	4	0	0	0	3	4	3	3	0	0	7	1	2	7	1	3	1	7	8	14	6	2	2
10477	chr11	131321890	INDEL	HG008N_absent_HPRC_other	exact_allele	absent: exact allele in HPRC	exact	AFR+AMR+EAS	3	6	GWD,CLM,PEL,PUR,CHS,KHV	13	shared	False	2	10	3	0	38	30	8	1	0	0	0	2	0	0	0	1	2	7	2	1	0	10	2	2	16	1	5	2	8	7	15	6	2	1
10491	chr11	132782917	INDEL	HG008N_present_broad	other_hap_only	HG008-N present, broad	exact	AFR+AMR+EAS+SAS	4	9	ACB,GWD,MSL,YRI,CLM,PEL,PUR,KHV,PJL	23	shared	True	10	16	1	1	27	27	7	2	2	0	0	4	0	3	1	4	4	8	0	1	1	9	0	1	10	1	5	1	8	6	13	5	2	2
10493	chr11	133201305	INDEL	HG008N_absent_HPRC_other	exact_allele	absent: exact allele in HPRC	exact	AFR+AMR+EAS	3	7	ACB,GWD,MSL,CLM,PEL,PUR,CHS	14	shared	False	6	8	2	0	43	32	8	2	3	0	0	2	0	1	0	2	4	2	2	0	0	13	2	2	16	2	7	1	8	8	16	6	2	2
10497	chr11	133499859	INDEL	HG008N_absent_HPRC_other	element_set_other_allele	absent: only the nodes in HPRC	nodes	AFR+AMR	2	4	MSL,YRI,PEL,PUR	4	shared	False	2	2	0	0	30	31	8	1	0	0	0	0	0	1	1	0	1	1	0	0	0	10	2	2	9	2	3	2	8	8	15	6	2	1
10498	chr11	133499876	SNV	HG008N_absent_HPRC_other	element_set_other_allele	absent: only the nodes in HPRC	nodes	AFR+AMR+EAS	3	12	ACB,ASW,ESN,GWD,MKK,MSL,YRI,CLM,PEL,PUR,CHS,KHV	28	shared	False	18	15	4	0	31	31	8	1	3	1	2	6	1	3	2	4	4	7	3	1	0	10	2	2	10	2	3	2	8	8	15	6	2	1
10516	chr12	1445222	INDEL	HG008N_absent_HPRC_other	exact_allele	absent: exact allele in HPRC	exact	AFR+AMR	2	4	GWD,MSL,CLM,PUR	5	shared	True	2	4	0	0	38	29	8	2	0	0	0	1	0	1	0	3	0	1	0	0	0	11	2	1	15	2	5	2	8	8	13	6	2	2
10518	chr12	1626569	INDEL	HG008N_absent_HPRC_other	exact_allele	absent: exact allele in HPRC	exact	AFR+AMR	2	6	ACB,GWD,MKK,MSL,YRI,PUR	11	shared	False	11	1	0	0	45	32	8	2	4	0	0	3	1	2	1	0	0	1	0	0	0	14	2	2	15	2	8	2	8	8	16	6	2	2
10519	chr12	1687085	INDEL	HG008N_absent_HPRC_other	exact_allele	absent: exact allele in HPRC	exact	AFR+AMR	2	3	ACB,GWD,PUR	4	shared	False	2	3	0	0	35	30	7	2	1	0	0	1	0	0	0	0	0	3	0	0	0	11	0	2	14	2	5	1	7	8	15	6	1	2
10527	chr12	3490546	INDEL	HG008N_absent_HPRC_other	exact_allele	absent: exact allele in HPRC	exact	AFR+AMR+EAS	3	6	ACB,GWD,MSL,YRI,CLM,KHV	12	shared	False	11	1	1	0	34	29	7	1	3	0	0	5	0	2	1	1	0	0	0	1	0	11	2	1	11	1	7	1	7	8	14	5	2	1
10540	chr12	4882307	INDEL	HG008N_present_broad	other_hap_only	HG008-N present, broad	exact	AFR+AMR+EAS	3	10	ACB,ASW,ESN,GWD,MKK,MSL,CLM,PEL,PUR,CHS	23	shared	True	12	12	3	0	40	32	7	2	4	1	1	3	2	1	0	5	1	6	3	0	0	13	2	2	13	2	7	1	8	8	16	5	2	2
10567	chr12	8103376	INDEL	HG008N_absent_HPRC_other	exact_allele	absent: exact allele in HPRC	exact	AFR	1	3	ACB,GWD,MSL	3	one superpopulation	False	3	0	0	0	32	30	6	2	1	0	0	1	0	1	0	0	0	0	0	0	0	9	1	0	15	2	5	0	8	7	15	4	2	2
10568	chr12	8272600	INDEL	HG008N_absent_HPRC_other	exact_allele	absent: exact allele in HPRC	exact	AFR	1	5	ACB,ASW,GWD,MKK,MSL	14	one superpopulation	False	14	0	0	0	27	26	4	0	5	1	0	5	1	2	0	0	0	0	0	0	0	9	1	1	10	1	5	0	6	7	13	4	0	0
10569	chr12	8331878	INDEL	HG008N_absent_HPRC_other	exact_allele	absent: exact allele in HPRC	exact	AFR+EAS	2	5	ACB,ASW,GWD,MSL,KHV	10	shared	False	9	0	1	0	44	31	8	2	3	1	0	4	0	1	0	0	0	0	0	1	0	13	2	2	15	2	8	2	7	8	16	6	2	2
10593	chr12	11206411	INDEL	HG008N_absent_HPRC_other	exact_allele	absent: exact allele in HPRC	exact	AMR	1	1	PUR	1	one individual	False	0	1	0	0	24	20	3	1	0	0	0	0	0	0	0	0	0	1	0	0	0	7	2	2	10	1	2	0	5	4	11	3	0	1
10600	chr12	11927175	INDEL	HG008N_absent_HPRC_other	recombinant_pieces	absent: only the nodes in HPRC	nodes	none	0	0		0	none	False	0	0	0	0	28	21	6	2	0	0	0	0	0	0	0	0	0	0	0	0	0	12	0	1	12	1	1	1	6	3	12	5	1	2
10605	chr12	12647210	INDEL	HG008N_absent_HPRC_other	exact_allele	absent: exact allele in HPRC	exact	AFR+AMR+EAS	3	8	ACB,GWD,MSL,CLM,PEL,PUR,CHS,KHV	12	shared	False	8	3	2	0	32	20	6	1	3	0	0	3	0	2	0	1	1	1	1	1	0	13	1	0	10	1	5	2	6	4	10	4	2	1
10615	chr12	13928302	INDEL	HG008N_absent_HPRC_other	exact_allele	absent: exact allele in HPRC	exact	AFR+SAS	2	5	ACB,ESN,GWD,MSL,PJL	8	shared	False	8	0	0	1	44	32	8	2	2	0	2	2	0	2	0	0	0	0	0	0	1	13	2	2	16	2	7	2	8	8	16	6	2	2
10617	chr12	14325324	INDEL	HG008N_absent_HPRC_other	exact_allele	absent: exact allele in HPRC	exact	AFR+AMR+EAS	3	10	ACB,ESN,GWD,MSL,YRI,CLM,PEL,PUR,CHS,KHV	27	shared	False	17	12	3	0	46	32	8	2	5	0	1	5	0	5	1	2	3	7	2	1	0	14	2	2	16	2	8	2	8	8	16	6	2	2
10618	chr12	14750890	INDEL	HG008N_absent_HPRC_other	exact_allele	absent: exact allele in HPRC	exact	AFR+AMR+EAS	3	5	GWD,CLM,PEL,PUR,CHS	12	shared	False	1	11	1	0	36	31	6	2	0	0	0	1	0	0	0	2	5	4	1	0	0	11	1	2	13	2	7	0	8	8	15	4	2	2
10625	chr12	15514451	INDEL	HG008N_absent_HPRC_other	exact_allele	absent: exact allele in HPRC	exact	AFR+AMR	2	6	ACB,ASW,GWD,MSL,CLM,PUR	12	shared	False	8	4	0	0	40	30	7	2	1	1	0	5	0	1	0	1	0	3	0	0	0	13	2	2	13	2	7	1	8	8	14	6	1	2
10627	chr12	15791701	INDEL	HG008N_absent_HPRC_other	exact_allele	absent: exact allele in HPRC	exact	AFR+AMR	2	6	ACB,GWD,MSL,YRI,CLM,PUR	8	shared	False	6	4	0	0	44	32	8	2	3	0	0	1	0	1	1	2	0	2	0	0	0	14	2	2	15	2	7	2	8	8	16	6	2	2
10633	chr12	17217486	INDEL	HG008N_absent_HPRC_other	exact_allele	absent: exact allele in HPRC	exact	AFR+AMR	2	6	ACB,ASW,GWD,MKK,MSL,PUR	10	shared	False	9	1	0	0	39	32	7	2	3	1	0	2	1	2	0	0	0	1	0	0	0	13	1	2	12	2	8	1	8	8	16	6	1	2
10634	chr12	17261604	INDEL	HG008N_absent_HPRC_other	exact_allele	absent: exact allele in HPRC	exact	AFR+AMR+EAS	3	7	ACB,ASW,GWD,MKK,MSL,PEL,CHS	15	shared	False	17	2	1	0	39	31	8	2	4	2	0	3	1	7	0	0	2	0	1	0	0	12	2	2	12	1	8	2	8	8	15	6	2	2
10639	chr12	17873597	INDEL	HG008N_absent_HPRC_other	exact_allele	absent: exact allele in HPRC	exact	AFR+AMR+EAS	3	8	ACB,GWD,MKK,MSL,CLM,PEL,PUR,KHV	17	shared	False	11	7	1	0	41	30	8	1	3	0	0	4	2	2	0	1	2	4	0	1	0	11	2	2	16	2	8	0	7	8	15	6	2	1
10644	chr12	18839556	INDEL	HG008N_absent_HPRC_other	exact_allele	absent: exact allele in HPRC	exact	EAS	1	1	CHS	1	one individual	False	0	0	1	0	12	23	8	2	0	0	0	0	0	0	0	0	0	0	1	0	0	4	1	0	6	0	0	1	6	8	9	6	2	2
10645	chr12	18919356	SNV	HG008N_absent_HPRC_other	element_set_other_allele	absent: only the nodes in HPRC	nodes	AFR+AMR+EAS	3	8	ACB,ASW,ESN,GWD,MSL,CLM,PUR,CHS	15	shared	False	11	4	1	0	41	32	8	2	5	1	1	3	0	1	0	1	0	3	1	0	0	12	2	2	13	2	8	2	8	8	16	6	2	2
10646	chr12	18931630	INDEL	HG008N_absent_HPRC_other	exact_allele	absent: exact allele in HPRC	exact	AFR+AMR+EAS	3	10	ACB,ASW,GWD,MKK,MSL,YRI,CLM,PEL,PUR,CHS	24	shared	False	18	9	2	0	41	31	8	2	5	1	0	6	1	3	2	2	4	3	2	0	0	12	2	2	14	1	8	2	8	8	15	6	2	2
10654	chr12	20033423	INDEL	HG008N_absent_HPRC_other	exact_allele	absent: exact allele in HPRC	exact	AFR+AMR+EAS+SAS	4	7	ACB,GWD,PEL,PUR,CHS,KHV,PJL	10	shared	False	4	3	3	1	44	28	8	2	2	0	0	2	0	0	0	0	1	2	2	1	1	13	2	2	16	2	7	2	8	7	13	6	2	2
10660	chr12	20353912	INDEL	HG008N_absent_HPRC_other	exact_allele	absent: exact allele in HPRC	exact	AFR+AMR+SAS	3	9	ACB,ASW,ESN,GWD,MKK,MSL,PEL,PUR,PJL	19	shared	False	15	5	0	1	42	25	6	1	3	1	1	7	1	2	0	0	1	4	0	0	1	13	2	1	15	2	7	2	7	3	15	4	2	1
10662	chr12	20404826	INDEL	HG008N_absent_HPRC_other	exact_allele	absent: exact allele in HPRC	exact	AFR+AMR+EAS	3	8	ACB,ESN,GWD,MSL,CLM,PEL,PUR,CHS	18	shared	False	9	8	1	0	38	32	8	2	2	0	1	5	0	1	0	3	1	4	1	0	0	13	2	1	14	1	5	2	8	8	16	6	2	2
10667	chr12	20709887	INDEL	HG008N_absent_HPRC_other	exact_allele	absent: exact allele in HPRC	exact	AFR+AMR+EAS	3	7	ACB,ASW,GWD,MKK,YRI,PEL,CHS	9	shared	False	5	3	1	0	7	10	3	0	1	1	0	1	1	0	1	0	3	0	1	0	0	1	1	0	2	1	0	2	2	6	2	3	0	0
10685	chr12	22187124	INDEL	other_ambiguous		ambiguous	exact	none	0	0		0	none	False	0	0	0	0	26	24	7	1	0	0	0	0	0	0	0	0	0	0	0	0	0	8	0	1	10	1	4	2	4	8	12	5	2	1
10686	chr12	22249220	INDEL	HG008N_absent_HPRC_other	exact_allele	absent: exact allele in HPRC	exact	AFR+AMR	2	8	ACB,ESN,GWD,MKK,MSL,YRI,CLM,PUR	20	shared	False	17	5	0	0	41	26	8	2	6	0	1	6	1	2	1	2	0	3	0	0	0	14	0	2	13	2	8	2	7	7	12	6	2	2
10701	chr12	23570930	INDEL	HG008N_absent_HPRC_other	exact_allele	absent: exact allele in HPRC	exact	AFR+EAS	2	2	ACB,KHV	2	shared	False	1	0	1	0	28	23	5	1	1	0	0	0	0	0	0	0	0	0	0	1	0	9	1	2	9	2	3	2	5	6	12	3	2	1
10720	chr12	24754420	INDEL	HG008N_absent_HPRC_other	element_set_other_allele	absent: only the nodes in HPRC	nodes	AFR+AMR	2	3	ACB,MSL,CLM	5	shared	False	3	3	0	0	19	16	4	2	1	0	0	0	0	2	0	3	0	0	0	0	0	4	1	1	7	0	5	1	6	1	9	4	0	2
10724	chr12	24867337	INDEL	HG008N_absent_HPRC_other	exact_allele	absent: exact allele in HPRC	exact	AFR+AMR+EAS	3	11	ACB,ASW,GWD,MKK,MSL,YRI,CLM,PEL,PUR,CHS,KHV	15	shared	False	8	6	3	0	44	32	8	2	2	1	0	1	2	1	1	2	2	2	2	1	0	12	2	2	16	2	8	2	8	8	16	6	2	2
10727	chr12	24952296	INDEL	HG008N_absent_HPRC_other	exact_allele	absent: exact allele in HPRC	exact	AFR+AMR+EAS	3	9	ACB,ESN,GWD,MSL,CLM,PEL,PUR,CHS,KHV	22	shared	False	13	11	3	0	44	32	7	0	5	0	2	4	0	2	0	3	3	5	2	1	0	14	2	2	15	1	8	2	8	8	16	5	2	0
10732	chr12	25045848	INDEL	HG008N_present_rare	other_hap_only	HG008-N present, rare	exact	AFR+AMR+EAS	3	8	ACB,ASW,GWD,MSL,CLM,PUR,CHS,KHV	15	shared	False	9	4	3	0	43	32	7	2	1	1	0	4	0	3	0	1	0	3	1	2	0	12	2	2	15	2	8	2	8	8	16	5	2	2
10740	chr12	26137657	INDEL	other_ambiguous		ambiguous	exact	AMR+EAS	2	3	CLM,PUR,CHS	7	shared	False	0	7	1	0	23	27	6	1	0	0	0	0	0	0	0	3	0	4	1	0	0	8	1	1	9	2	2	0	6	7	14	5	1	1
10745	chr12	27596071	INDEL	HG008N_present_rare	other_hap_only:patient_frame	HG008-N present, rare	exact	EAS	1	1	CHS	1	one individual	False	0	0	1	0	40	31	7	2	0	0	0	0	0	0	0	0	0	0	1	0	0	12	1	2	15	2	6	2	8	8	15	5	2	2
10765	chr12	29685367	INDEL	HG008N_absent_HPRC_other	exact_allele	absent: exact allele in HPRC	exact	AFR+AMR+EAS+SAS	4	8	ESN,MKK,MSL,CLM,PEL,PUR,CHS,PJL	13	shared	False	4	7	3	1	45	32	8	2	0	0	1	0	2	1	0	1	3	3	3	0	1	14	2	2	15	2	8	2	8	8	16	6	2	2
10768	chr12	29891419	INDEL	HG008N_absent_HPRC_other	exact_allele	absent: exact allele in HPRC	exact	AFR+AMR+EAS+SAS	4	9	ACB,GWD,MSL,YRI,CLM,PEL,PUR,CHS,PJL	12	shared	False	6	6	1	1	45	31	6	1	2	0	0	1	0	2	1	1	3	2	1	0	1	13	2	2	16	2	8	2	8	8	15	5	1	1
10784	chr12	31632059	INDEL	HG008N_absent_HPRC_other	exact_allele	absent: exact allele in HPRC	exact	AFR+AMR	2	6	ACB,ASW,GWD,MSL,YRI,PUR	18	shared	False	18	4	0	0	42	32	8	2	5	2	0	7	0	3	1	0	0	4	0	0	0	13	2	2	15	2	7	1	8	8	16	6	2	2
10789	chr12	33166462	INDEL	HG008N_absent_HPRC_other	exact_allele	absent: exact allele in HPRC	exact	AFR+AMR+EAS	3	8	ACB,ASW,ESN,GWD,MSL,YRI,PUR,KHV	13	shared	False	11	2	1	0	42	28	8	2	1	1	1	4	0	2	2	0	0	2	0	1	0	13	2	2	14	2	7	2	6	7	15	6	2	2
10791	chr12	33327531	INDEL	HG008N_absent_HPRC_other	exact_allele	absent: exact allele in HPRC	exact	AFR+AMR	2	7	ACB,ASW,GWD,YRI,CLM,PEL,PUR	15	shared	False	8	8	0	0	46	32	8	2	3	1	0	3	0	0	1	4	2	2	0	0	0	14	2	2	16	2	8	2	8	8	16	6	2	2
10797	chr12	34096575	INDEL	HG008N_absent_HPRC_other	element_set_other_allele	absent: only the nodes in HPRC	nodes	AMR	1	2	CLM,PUR	3	one superpopulation	False	0	3	0	0	16	11	5	2	0	0	0	0	0	0	0	2	0	1	0	0	0	4	0	0	7	1	4	0	5	2	4	5	0	2
10798	chr12	34096585	SNV	HG008N_absent_HPRC_other	recombinant_pieces	absent: only the nodes in HPRC	nodes	none	0	0		0	none	False	0	0	0	0	14	14	5	2	0	0	0	0	0	0	0	0	0	0	0	0	0	4	0	0	4	1	5	0	6	2	6	5	0	2
10803	chr12	34280147	INDEL	HG008N_present_broad	other_hap_only	HG008-N present, broad	exact	AFR+AMR	2	6	ACB,GWD,MKK,MSL,CLM,PUR	22	shared	True	15	10	0	0	46	31	8	2	5	0	0	5	1	4	0	4	0	6	0	0	0	14	2	2	16	2	8	2	8	8	15	6	2	2
10805	chr12	37319392	INDEL	HG008N_absent_HPRC_other	exact_allele	absent: exact allele in HPRC	exact	AFR+AMR+SAS	3	4	ESN,PEL,PUR,PJL	10	shared	False	1	9	0	1	46	30	8	2	0	0	1	0	0	0	0	0	4	5	0	0	1	14	2	2	16	2	8	2	8	8	14	6	2	2
10808	chr12	37586126	INDEL	HG008N_absent_HPRC_other	element_set_other_allele	absent: only the nodes in HPRC	nodes	AFR+AMR	2	4	ASW,GWD,MSL,PUR	9	shared	False	7	3	0	0	46	32	8	2	0	2	0	3	0	2	0	0	0	3	0	0	0	14	2	2	16	2	8	2	8	8	16	6	2	2
10809	chr12	38290846	INDEL	HG008N_present_broad	other_hap_only	HG008-N present, broad	exact	AFR+AMR	2	9	ACB,ESN,GWD,MKK,MSL,YRI,CLM,PEL,PUR	19	shared	True	13	9	0	0	45	31	8	2	6	0	1	2	1	1	2	2	1	6	0	0	0	14	2	2	16	2	7	2	8	8	15	6	2	2
10820	chr12	40539300	INDEL	HG008N_absent_HPRC_other	exact_allele	absent: exact allele in HPRC	exact	AFR+AMR	2	2	ACB,CLM	2	shared	False	1	1	0	0	11	6	3	0	1	0	0	0	0	0	0	1	0	0	0	0	0	3	1	1	3	0	2	1	2	2	2	1	2	0
10826	chr12	40947782	INDEL	HG008N_absent_HPRC_other	element_set_other_allele	absent: only the nodes in HPRC	nodes	AFR+AMR+EAS	3	7	ACB,GWD,MKK,MSL,CLM,PUR,CHS	23	shared	True	24	7	2	0	34	25	5	2	8	0	0	13	1	2	0	3	0	4	2	0	0	12	0	1	14	2	5	0	5	7	13	5	0	2
10827	chr12	40947786	SNV	other_ambiguous		ambiguous	exact	none	0	0		0	none	False	0	0	0	0	34	25	5	2	0	0	0	0	0	0	0	0	0	0	0	0	0	12	0	1	14	2	5	0	5	7	13	5	0	2
10831	chr12	41166749	INDEL	HG008N_absent_HPRC_other	exact_allele	absent: exact allele in HPRC	exact	AFR+AMR+EAS	3	5	ACB,GWD,MSL,PUR,CHS	7	shared	False	5	2	1	0	43	31	7	2	1	0	0	2	0	2	0	0	0	2	1	0	0	14	2	2	13	2	8	2	8	8	15	5	2	2
10843	chr12	44973851	SNV	HG008N_absent_HPRC_other	exact_allele	absent: exact allele in HPRC	exact	AFR+AMR	2	4	GWD,MSL,YRI,PUR	6	shared	False	4	3	0	0	33	24	8	2	0	0	0	2	0	1	1	0	0	3	0	0	0	7	1	1	14	2	6	2	6	7	11	6	2	2
10845	chr12	45117155	INDEL	other_ambiguous		ambiguous	exact	none	0	0		0	none	False	0	0	0	0	19	18	5	0	0	0	0	0	0	0	0	0	0	0	0	0	0	8	0	1	7	1	2	0	1	7	10	5	0	0
10853	chr12	48075055	INDEL	HG008N_absent_HPRC_other	exact_allele	absent: exact allele in HPRC	exact	AFR+AMR	2	6	ACB,ESN,GWD,MSL,YRI,PUR	10	shared	False	10	1	0	0	46	32	8	2	2	0	1	5	0	1	1	0	0	1	0	0	0	14	2	2	16	2	8	2	8	8	16	6	2	2
10857	chr12	50123032	INDEL	HG008N_absent_HPRC_other	exact_allele	absent: exact allele in HPRC	exact	AFR+AMR+EAS	3	10	ACB,ASW,GWD,MKK,MSL,YRI,CLM,PEL,PUR,CHS	31	shared	True	28	13	2	0	43	32	8	2	9	1	0	12	1	4	1	4	1	8	2	0	0	14	2	1	15	2	7	2	8	8	16	6	2	2
10866	chr12	52865072	SNV	HG008N_absent_HPRC_other	element_set_other_allele	absent: only the nodes in HPRC	nodes	AFR+AMR+EAS+SAS	4	4	MSL,PUR,CHS,PJL	6	shared	False	1	2	2	1	22	17	6	1	0	0	0	0	0	1	0	0	0	2	2	0	1	6	0	1	6	1	6	2	3	4	10	4	2	1
10869	chr12	53418042	SNV	HG008N_present_broad	other_hap_only	HG008-N present, broad	exact	AFR+AMR+EAS+SAS	4	11	ACB,ASW,GWD,MKK,MSL,YRI,CLM,PUR,CHS,KHV,PJL	24	shared	False	27	4	2	1	46	30	8	2	7	2	0	9	2	5	2	1	0	3	1	1	1	14	2	2	16	2	8	2	7	8	15	6	2	2
10874	chr12	54506796	INDEL	HG008N_absent_HPRC_other	element_set_other_allele	absent: only the nodes in HPRC	nodes	AMR+EAS	2	2	PEL,CHS	3	shared	False	0	1	2	0	33	20	6	1	0	0	0	0	0	0	0	0	1	0	2	0	0	11	1	2	11	2	4	2	5	4	11	5	1	1
10876	chr12	54783050	INDEL	HG008N_absent_HPRC_other	exact_allele	absent: exact allele in HPRC	exact	AFR+AMR+EAS	3	7	ACB,ASW,GWD,MSL,CLM,PUR,CHS	9	shared	True	6	2	1	0	32	24	8	2	2	1	0	1	0	2	0	1	0	1	1	0	0	9	1	1	14	2	4	1	7	8	9	6	2	2
10889	chr12	59050281	INDEL	other_ambiguous		ambiguous	exact	none	0	0		0	none	False	0	0	0	0	34	27	8	2	0	0	0	0	0	0	0	0	0	0	0	0	0	8	2	2	11	2	7	2	5	7	15	6	2	2
10891	chr12	59128010	INDEL	other_ambiguous		ambiguous	exact	none	0	0		0	none	False	0	0	0	0	24	11	4	0	0	0	0	0	0	0	0	0	0	0	0	0	0	6	2	0	9	2	4	1	2	2	7	3	1	0
10892	chr12	59128022	SNV	other_ambiguous		ambiguous	exact	none	0	0		0	none	False	0	0	0	0	24	11	4	0	0	0	0	0	0	0	0	0	0	0	0	0	0	6	2	0	9	2	4	1	2	2	7	3	1	0
10896	chr12	60460510	INDEL	HG008N_absent_HPRC_other	exact_allele	absent: exact allele in HPRC	exact	AFR	1	2	GWD,MSL	3	one superpopulation	False	3	0	0	0	40	31	8	2	0	0	0	2	0	1	0	0	0	0	0	0	0	12	2	2	14	1	7	2	8	7	16	6	2	2
10909	chr12	62946489	INDEL	other_ambiguous		ambiguous	exact	none	0	0		0	none	False	0	0	0	0	45	25	6	2	0	0	0	0	0	0	0	0	0	0	0	0	0	14	2	2	16	2	7	2	7	7	11	4	2	2
10910	chr12	62946490	SNV	HG008N_absent_HPRC_other	exact_allele	absent: exact allele in HPRC	exact	AFR+EAS	2	5	ACB,GWD,MSL,CHS,KHV	5	shared	False	3	0	2	0	45	25	6	2	1	0	0	1	0	1	0	0	0	0	1	1	0	14	2	2	16	2	7	2	7	7	11	4	2	2
10913	chr12	63441942	SNV	HG008N_absent_HPRC_other	element_set_other_allele	absent: only the nodes in HPRC	nodes	AFR+AMR+EAS+SAS	4	10	ACB,ASW,GWD,MKK,CLM,PEL,PUR,CHS,KHV,PJL	16	shared	True	9	7	2	1	19	15	3	1	4	2	0	1	2	0	0	1	1	5	1	1	1	7	2	0	5	2	2	1	2	2	11	2	1	1
10916	chr12	64392064	INDEL	HG008N_absent_HPRC_other	exact_allele	absent: exact allele in HPRC	exact	AFR+AMR	2	9	ASW,ESN,GWD,MKK,MSL,YRI,CLM,PEL,PUR	13	shared	False	10	6	0	0	45	32	8	2	0	2	1	3	1	2	1	1	1	4	0	0	0	13	2	2	16	2	8	2	8	8	16	6	2	2
10964	chr12	73851042	SNV	HG008N_absent_HPRC_other	element_set_other_allele	absent: only the nodes in HPRC	nodes	AFR+AMR+EAS+SAS	4	12	ACB,ESN,GWD,MKK,MSL,YRI,CLM,PEL,PUR,CHS,KHV,PJL	35	shared	True	27	20	6	1	34	22	7	1	10	0	1	8	1	6	1	6	3	11	4	2	1	12	0	2	12	1	6	1	6	3	13	5	2	1
10975	chr12	76306226	INDEL	HG008N_present_broad	other_hap_only	HG008-N present, broad	exact	AFR+AMR+EAS+SAS	4	11	ACB,ESN,GWD,MSL,YRI,CLM,PEL,PUR,CHS,KHV,PJL	29	shared	True	14	19	6	2	45	32	8	2	6	0	1	5	0	1	1	6	5	8	4	2	2	14	2	1	16	2	8	2	8	8	16	6	2	2
10984	chr12	78729589	INDEL	HG008N_absent_HPRC_other	exact_allele	absent: exact allele in HPRC	exact	AFR+AMR	2	4	ACB,GWD,MSL,PUR	6	shared	False	5	1	0	0	38	31	8	2	2	0	0	2	0	1	0	0	0	1	0	0	0	11	2	2	12	2	8	1	8	8	15	6	2	2
11006	chr12	81971550	INDEL	HG008N_absent_HPRC_other	exact_allele	absent: exact allele in HPRC	exact	AFR+AMR+EAS+SAS	4	7	ACB,ASW,GWD,MSL,PUR,CHS,PJL	14	shared	False	14	1	1	1	46	32	8	2	6	1	0	6	0	1	0	0	0	1	1	0	1	14	2	2	16	2	8	2	8	8	16	6	2	2
11016	chr12	84034061	INDEL	HG008N_absent_HPRC_other	exact_allele	absent: exact allele in HPRC	exact	AFR+AMR	2	6	ACB,ASW,GWD,MSL,YRI,CLM	13	shared	False	14	1	0	0	42	29	6	2	4	1	0	7	0	1	1	1	0	0	0	0	0	11	2	1	16	2	8	2	8	7	14	4	2	2
11024	chr12	85576263	INDEL	HG008N_absent_HPRC_other	exact_allele	absent: exact allele in HPRC	exact	AFR+AMR+SAS	3	8	ACB,GWD,MKK,MSL,CLM,PEL,PUR,PJL	13	shared	False	8	5	0	1	29	24	6	2	4	0	0	1	1	2	0	1	2	2	0	0	1	8	2	2	8	2	7	0	7	7	10	4	2	2
11035	chr12	87273547	SNV	other_ambiguous		ambiguous	exact	none	0	0		0	none	False	0	0	0	0	41	31	5	2	0	0	0	0	0	0	0	0	0	0	0	0	0	13	2	2	15	2	5	2	8	8	15	4	1	2
11045	chr12	90510496	INDEL	HG008N_absent_HPRC_other	exact_allele	absent: exact allele in HPRC	exact	AFR+AMR	2	7	ACB,GWD,MKK,MSL,YRI,CLM,PUR	12	shared	False	12	2	0	0	35	29	7	1	1	0	0	7	1	1	2	1	0	1	0	0	0	11	2	1	13	1	5	2	7	8	14	6	1	1
11046	chr12	90640585	INDEL	HG008N_absent_HPRC_other	exact_allele	absent: exact allele in HPRC	exact	AFR+AMR+EAS	3	10	ACB,ASW,ESN,GWD,MSL,YRI,CLM,PUR,CHS,KHV	17	shared	False	13	4	3	0	39	19	3	0	3	1	2	4	0	2	1	1	0	3	2	1	0	11	2	2	14	2	6	2	5	4	10	2	1	0
11047	chr12	90705167	INDEL	HG008N_absent_HPRC_other	exact_allele	absent: exact allele in HPRC	exact	AFR+AMR	2	7	ACB,ASW,ESN,GWD,MKK,MSL,PUR	11	shared	False	11	2	0	0	43	31	8	2	2	1	1	4	2	1	0	0	0	2	0	0	0	11	2	2	16	2	8	2	8	8	15	6	2	2
11052	chr12	91660409	INDEL	HG008N_absent_HPRC_other	exact_allele	absent: exact allele in HPRC	exact	AFR+AMR+EAS	3	7	ACB,GWD,CLM,PEL,PUR,CHS,KHV	16	shared	False	3	15	3	0	30	29	6	1	2	0	0	1	0	0	0	4	5	6	2	1	0	10	1	1	11	1	5	1	7	7	15	5	1	1
11053	chr12	92122590	SNV	HG008N_absent_HPRC_other	exact_allele	absent: exact allele in HPRC	exact	AFR+AMR	2	3	GWD,CLM,PUR	3	shared	False	1	2	0	0	27	23	6	1	0	0	0	1	0	0	0	1	0	1	0	0	0	10	2	1	10	1	2	1	6	2	15	5	1	1
11054	chr12	92220225	INDEL	HG008N_absent_HPRC_other	exact_allele	absent: exact allele in HPRC	exact	AFR+AMR+EAS	3	5	GWD,CLM,PEL,PUR,CHS	11	shared	False	3	9	3	0	11	22	7	2	0	0	0	3	0	0	0	3	2	4	3	0	0	4	0	1	6	0	0	0	5	7	10	5	2	2
11055	chr12	93643761	INDEL	HG008N_absent_HPRC_other	exact_allele	absent: exact allele in HPRC	exact	AFR+AMR+EAS	3	5	GWD,CLM,PEL,CHS,KHV	8	shared	False	1	7	2	0	46	32	8	2	0	0	0	1	0	0	0	1	6	0	1	1	0	14	2	2	16	2	8	2	8	8	16	6	2	2
11064	chr12	97090777	INDEL	HG008N_absent_HPRC_other	exact_allele	absent: exact allele in HPRC	exact	AFR+AMR+EAS+SAS	4	12	ACB,ASW,ESN,GWD,MKK,MSL,YRI,PEL,PUR,CHS,KHV,PJL	24	shared	False	19	6	4	1	43	31	8	1	5	1	2	6	1	3	1	0	4	2	3	1	1	13	2	2	15	2	7	2	7	8	16	6	2	1
11068	chr12	97989005	INDEL	HG008N_absent_HPRC_other	exact_allele	absent: exact allele in HPRC	exact	AMR	1	2	PEL,PUR	2	one superpopulation	False	0	2	0	0	26	13	4	1	0	0	0	0	0	0	0	0	1	1	0	0	0	9	1	0	9	2	3	2	2	4	7	3	1	1
11069	chr12	98026335	INDEL	HG008N_absent_HPRC_other	exact_allele	absent: exact allele in HPRC	exact	AFR+AMR	2	7	ACB,ASW,GWD,MKK,MSL,PEL,PUR	13	shared	False	13	2	0	0	46	32	8	2	3	1	0	5	1	3	0	0	1	1	0	0	0	14	2	2	16	2	8	2	8	8	16	6	2	2
11072	chr12	98653691	INDEL	other_ambiguous		ambiguous	exact	none	0	0		0	none	False	0	0	0	0	15	11	0	1	0	0	0	0	0	0	0	0	0	0	0	0	0	4	1	0	6	1	3	0	4	1	6	0	0	1
11078	chr12	99484764	INDEL	HG008N_absent_HPRC_other	element_set_other_allele	absent: only the nodes in HPRC	nodes	AFR+AMR	2	8	ACB,ASW,GWD,MSL,YRI,CLM,PEL,PUR	23	shared	True	17	7	0	0	41	31	8	2	5	1	0	6	0	4	1	2	4	1	0	0	0	13	2	2	14	2	6	2	8	8	15	6	2	2
11083	chr12	99982333	INDEL	HG008N_absent_HPRC_other	exact_allele	absent: exact allele in HPRC	exact	AFR+AMR+EAS+SAS	4	7	ACB,MKK,CLM,PEL,PUR,CHS,PJL	14	shared	False	2	10	2	2	39	31	8	2	1	0	0	0	1	0	0	4	4	2	2	0	2	12	2	2	13	1	7	2	8	8	15	6	2	2
11085	chr12	100033534	INDEL	HG008N_absent_HPRC_other	exact_allele	absent: exact allele in HPRC	exact	AFR+AMR+EAS	3	9	ACB,ASW,GWD,MKK,MSL,YRI,PEL,PUR,CHS	18	shared	False	18	6	1	0	43	32	8	2	5	1	0	7	1	2	2	0	1	5	1	0	0	13	1	2	16	2	7	2	8	8	16	6	2	2
11086	chr12	100130961	SNV	HG008N_absent_HPRC_other	element_set_other_allele	absent: only the nodes in HPRC	nodes	AFR+AMR	2	4	MKK,CLM,PEL,PUR	7	shared	False	1	6	0	0	15	11	4	0	0	0	0	0	1	0	0	2	1	3	0	0	0	5	1	0	7	1	1	0	5	2	4	3	1	0
11108	chr12	105265150	INDEL	HG008N_absent_HPRC_other	exact_allele	absent: exact allele in HPRC	exact	AFR+AMR+EAS+SAS	4	11	ACB,ASW,GWD,MSL,YRI,CLM,PEL,PUR,CHS,KHV,PJL	29	shared	False	22	11	3	1	46	32	8	2	6	2	0	8	0	5	1	3	3	5	2	1	1	14	2	2	16	2	8	2	8	8	16	6	2	2
11111	chr12	105568942	INDEL	HG008N_absent_HPRC_other	exact_allele	absent: exact allele in HPRC	exact	AFR+AMR	2	6	ASW,ESN,MSL,CLM,PEL,PUR	9	shared	False	4	6	0	0	18	15	3	2	0	1	1	0	0	2	0	1	2	3	0	0	0	3	2	1	6	2	4	0	4	7	4	3	0	2
11113	chr12	106486287	INDEL	HG008N_absent_HPRC_other	exact_allele	absent: exact allele in HPRC	exact	AFR+AMR+EAS+SAS	4	8	ACB,GWD,MSL,CLM,PEL,PUR,KHV,PJL	16	shared	False	5	10	1	1	34	30	8	2	2	0	0	2	0	1	0	2	2	6	0	1	1	8	2	1	12	2	7	2	7	8	15	6	2	2
11114	chr12	106916205	INDEL	HG008N_absent_HPRC_other	exact_allele	absent: exact allele in HPRC	exact	AFR+AMR+EAS	3	9	ACB,GWD,MKK,MSL,YRI,CLM,PEL,PUR,CHS	19	shared	False	12	9	2	0	43	29	8	2	3	0	0	4	1	3	1	1	6	2	2	0	0	11	2	2	16	2	8	2	5	8	16	6	2	2
11126	chr12	109312790	INDEL	HG008N_absent_HPRC_other	element_set_other_allele	absent: only the nodes in HPRC	nodes	AFR+AMR+EAS+SAS	4	11	ACB,ASW,ESN,GWD,MSL,YRI,CLM,PUR,CHS,KHV,PJL	34	shared	False	31	12	2	1	35	32	8	2	11	1	2	12	0	4	1	4	0	8	1	1	1	12	1	2	12	1	5	2	8	8	16	6	2	2
11127	chr12	109327122	INDEL	HG008N_absent_HPRC_other	exact_allele	absent: exact allele in HPRC	exact	AFR+AMR	2	6	ACB,ESN,GWD,YRI,CLM,PUR	12	shared	True	8	4	0	0	30	28	5	1	2	0	1	4	0	0	1	1	0	3	0	0	0	8	1	1	11	2	5	2	6	8	14	4	1	1
11132	chr12	110891634	INDEL	other_ambiguous		ambiguous	exact	none	0	0		0	none	False	0	0	0	0	40	29	8	2	0	0	0	0	0	0	0	0	0	0	0	0	0	13	2	2	13	2	6	2	7	8	14	6	2	2
11143	chr12	112580394	INDEL	HG008N_absent_HPRC_other	exact_allele	absent: exact allele in HPRC	exact	AFR+AMR	2	6	ACB,GWD,MSL,YRI,PEL,PUR	12	shared	False	11	2	0	0	32	25	6	2	3	0	0	3	0	4	1	0	1	1	0	0	0	10	0	0	14	1	5	2	6	7	12	4	2	2
11145	chr12	113035450	INDEL	HG008N_absent_HPRC_other	exact_allele	absent: exact allele in HPRC	exact	AFR+AMR+EAS	3	7	ACB,ESN,GWD,MSL,CLM,PUR,KHV	8	shared	False	5	2	1	0	44	31	8	2	1	0	1	2	0	1	0	1	0	1	0	1	0	14	2	2	15	2	7	2	8	7	16	6	2	2
11158	chr12	114806631	INDEL	HG008N_absent_HPRC_other	exact_allele	absent: exact allele in HPRC	exact	AFR+AMR+EAS	3	7	ACB,ESN,GWD,MSL,CLM,PUR,CHS	11	shared	False	6	5	1	0	17	19	3	2	2	0	1	2	0	1	0	1	0	4	1	0	0	6	0	1	7	0	3	0	5	4	10	1	2	2
11161	chr12	115365497	INDEL	HG008N_absent_HPRC_other	exact_allele	absent: exact allele in HPRC	exact	AMR	1	3	CLM,PEL,PUR	3	one superpopulation	False	0	3	0	0	36	26	7	2	0	0	0	0	0	0	0	1	1	1	0	0	0	12	1	0	14	2	6	1	6	7	13	5	2	2
11167	chr12	116394616	INDEL	HG008N_absent_HPRC_other	exact_allele	absent: exact allele in HPRC	exact	AMR+EAS+SAS	3	5	CLM,PEL,PUR,CHS,PJL	5	shared	True	0	3	1	1	42	32	8	2	0	0	0	0	0	0	0	1	1	1	1	0	1	12	2	1	16	2	7	2	8	8	16	6	2	2
11169	chr12	116560188	INDEL	HG008N_absent_HPRC_other	element_set_other_allele	absent: only the nodes in HPRC	nodes	AFR+AMR+EAS	3	9	ACB,ESN,GWD,MKK,MSL,YRI,CLM,PUR,KHV	13	shared	False	11	3	2	0	24	20	6	1	4	0	1	3	1	1	1	1	0	2	0	2	0	5	0	2	9	1	5	2	5	6	9	4	2	1
11174	chr12	117656958	INDEL	other_ambiguous		ambiguous	exact	none	0	0		0	none	False	0	0	0	0	19	22	5	1	0	0	0	0	0	0	0	0	0	0	0	0	0	4	1	0	6	1	5	2	5	7	10	4	1	1
11175	chr12	117656963	SNV	other_ambiguous		ambiguous	exact	none	0	0		0	none	False	0	0	0	0	19	22	5	1	0	0	0	0	0	0	0	0	0	0	0	0	0	4	1	0	6	1	5	2	5	7	10	4	1	1
11176	chr12	117656981	INDEL	HG008N_absent_HPRC_other	element_set_other_allele	absent: only the nodes in HPRC	nodes	AFR	1	3	ACB,ASW,MSL	3	one superpopulation	False	3	0	0	0	19	22	5	1	1	1	0	0	0	1	0	0	0	0	0	0	0	4	1	0	6	1	5	2	5	7	10	4	1	1
11181	chr12	118324734	INDEL	HG008N_absent_HPRC_other	exact_allele	absent: exact allele in HPRC	exact	AFR+AMR+EAS	3	6	ACB,ESN,CLM,PEL,PUR,KHV	10	shared	False	2	11	1	0	41	32	7	2	1	0	1	0	0	0	0	2	1	8	0	1	0	14	2	2	14	2	6	1	8	8	16	5	2	2
11184	chr12	118498792	INDEL	HG008N_present_rare	other_hap_only	HG008-N present, rare	exact	AFR+AMR+EAS+SAS	4	8	ACB,GWD,MKK,CLM,PEL,PUR,CHS,PJL	14	shared	True	3	10	1	1	43	32	8	2	1	0	0	1	1	0	0	2	3	5	1	0	1	12	2	2	15	2	8	2	8	8	16	6	2	2
11186	chr12	118701939	INDEL	HG008N_absent_HPRC_other	exact_allele	absent: exact allele in HPRC	exact	AFR+AMR+EAS+SAS	4	12	ACB,ESN,GWD,MKK,MSL,YRI,CLM,PEL,PUR,CHS,KHV,PJL	28	shared	False	16	11	6	2	37	32	8	2	6	0	1	3	1	4	1	3	5	3	4	2	2	13	2	1	13	1	6	1	8	8	16	6	2	2
11192	chr12	119472576	INDEL	HG008N_absent_HPRC_other	exact_allele	absent: exact allele in HPRC	exact	AFR+AMR+EAS	3	12	ACB,ASW,ESN,GWD,MKK,MSL,YRI,CLM,PEL,PUR,CHS,KHV	32	shared	False	20	20	7	0	42	27	8	2	6	1	1	6	1	4	1	2	8	10	5	2	0	14	1	2	14	2	8	1	5	8	14	6	2	2
11200	chr12	122039319	SNV	HG008N_absent_HPRC_other	exact_allele	absent: exact allele in HPRC	exact	AFR+AMR+EAS	3	9	ACB,ASW,ESN,GWD,MSL,CLM,PEL,PUR,CHS	19	shared	False	9	10	1	0	33	30	8	2	2	1	1	3	0	2	0	2	3	5	1	0	0	12	1	2	12	1	5	0	7	8	15	6	2	2
11204	chr12	123559413	INDEL	HG008N_absent_HPRC_other	exact_allele	absent: exact allele in HPRC	exact	AFR+AMR	2	5	ACB,GWD,MSL,PEL,PUR	11	shared	False	7	5	0	0	43	29	8	2	3	0	0	2	0	2	0	0	3	2	0	0	0	14	2	2	14	2	7	2	8	7	14	6	2	2
11207	chr12	125715838	INDEL	HG008N_absent_HPRC_other	exact_allele	absent: exact allele in HPRC	exact	AFR+AMR+EAS+SAS	4	11	ACB,ESN,GWD,MKK,MSL,YRI,CLM,PUR,CHS,KHV,PJL	22	shared	True	15	9	2	1	45	30	8	2	4	0	1	6	2	1	1	2	0	7	1	1	1	13	2	2	16	2	8	2	7	7	16	6	2	2
11216	chr12	127840066	INDEL	HG008N_absent_HPRC_other	exact_allele	absent: exact allele in HPRC	exact	AFR+AMR+EAS+SAS	4	11	ACB,GWD,MKK,MSL,YRI,CLM,PEL,PUR,CHS,KHV,PJL	23	shared	False	9	12	4	1	41	32	8	2	3	0	0	3	1	1	1	5	3	4	3	1	1	12	2	2	16	1	6	2	8	8	16	6	2	2
11223	chr12	128159869	INDEL	other_ambiguous		ambiguous	exact	none	0	0		0	none	False	0	0	0	0	28	23	6	1	0	0	0	0	0	0	0	0	0	0	0	0	0	9	2	2	9	1	4	1	5	4	14	4	2	1
11232	chr12	128729509	INDEL	HG008N_absent_HPRC_other	exact_allele	absent: exact allele in HPRC	exact	AMR+EAS	2	4	CLM,PEL,PUR,CHS	11	shared	False	0	15	1	0	39	29	7	2	0	0	0	0	0	0	0	5	6	4	1	0	0	14	1	2	12	2	7	1	8	7	14	5	2	2
11238	chr12	128924426	INDEL	HG008N_absent_HPRC_other	exact_allele	absent: exact allele in HPRC	exact	AFR+AMR+EAS	3	5	ACB,CLM,PEL,PUR,CHS	13	shared	False	1	14	1	0	44	32	8	2	1	0	0	0	0	0	0	3	3	8	1	0	0	13	2	2	15	2	8	2	8	8	16	6	2	2
11248	chr12	129662812	INDEL	HG008N_absent_HPRC_other	exact_allele	absent: exact allele in HPRC	exact	AFR+AMR+EAS	3	10	ACB,GWD,MKK,MSL,YRI,CLM,PEL,PUR,CHS,KHV	29	shared	True	17	13	5	0	44	22	7	2	7	0	0	7	1	1	1	6	3	4	4	1	0	14	2	2	15	2	7	2	8	4	10	5	2	2
11255	chr12	130604291	INDEL	HG008N_present_rare	other_hap_only	HG008-N present, rare	exact	AFR+AMR+EAS	3	6	ACB,GWD,CLM,PEL,PUR,CHS	13	shared	True	2	9	2	0	44	31	8	2	1	0	0	1	0	0	0	2	4	3	2	0	0	13	2	2	16	1	8	2	8	8	15	6	2	2
11256	chr12	130639383	INDEL	HG008N_absent_HPRC_other	exact_allele	absent: exact allele in HPRC	exact	AFR+AMR+EAS+SAS	4	7	ACB,ESN,GWD,MSL,PEL,CHS,PJL	15	shared	False	12	1	1	1	40	25	8	2	5	0	1	4	0	2	0	0	1	0	1	0	1	14	1	2	13	1	7	2	7	7	11	6	2	2
11259	chr12	130955123	INDEL	HG008N_absent_HPRC_other	exact_allele	absent: exact allele in HPRC	exact	AFR+AMR+EAS	3	7	ACB,ESN,GWD,MSL,CLM,PUR,CHS	12	shared	False	9	4	1	0	34	21	7	1	5	0	1	2	0	1	0	2	0	2	1	0	0	11	0	2	12	1	6	2	7	6	8	5	2	1
11266	chr12	132244359	SNV	HG008N_absent_HPRC_other	element_set_other_allele	absent: only the nodes in HPRC	nodes	AMR+EAS	2	3	CLM,PUR,CHS	5	shared	False	0	4	2	0	15	21	6	0	0	0	0	0	0	0	0	2	0	2	2	0	0	6	0	0	6	0	2	1	6	6	9	5	1	0
11267	chr12	132302229	INDEL	HG008N_absent_HPRC_other	exact_allele	absent: exact allele in HPRC	exact	AFR+AMR+EAS+SAS	4	6	ACB,GWD,MSL,PUR,KHV,PJL	13	shared	False	9	2	1	1	35	25	8	1	5	0	0	3	0	1	0	0	0	2	0	1	1	11	2	2	11	1	7	1	6	7	12	6	2	1
11269	chr13	18465429	INDEL	HG008N_absent_HPRC_other	exact_allele	absent: exact allele in HPRC	exact	AFR+AMR	2	5	ACB,GWD,YRI,CLM,PUR	8	shared	False	6	3	0	0	45	32	8	2	3	0	0	1	0	0	2	1	0	2	0	0	0	14	2	2	15	2	8	2	8	8	16	6	2	2
11275	chr13	18716557	INDEL	HG008N_absent_HPRC_other	exact_allele	absent: exact allele in HPRC	exact	AFR+AMR+EAS	3	7	ACB,GWD,YRI,CLM,PEL,PUR,KHV	11	shared	True	4	6	1	0	36	29	8	2	2	0	0	1	0	0	1	3	1	2	0	1	0	11	2	2	10	2	7	2	8	8	13	6	2	2
11280	chr13	19038517	INDEL	other_ambiguous		ambiguous	exact	none	0	0		0	none	False	0	0	0	0	42	29	7	2	0	0	0	0	0	0	0	0	0	0	0	0	0	11	2	2	15	2	8	2	6	8	15	5	2	2
11284	chr13	19137030	INDEL	other_ambiguous		ambiguous	exact	none	0	0		0	none	False	0	0	0	0	20	17	5	1	0	0	0	0	0	0	0	0	0	0	0	0	0	5	2	1	5	2	4	1	4	6	7	3	2	1
11288	chr13	19733790	SNV	HG008N_absent_HPRC_other	element_set_other_allele	absent: only the nodes in HPRC	nodes	AFR+AMR+EAS+SAS	4	9	ACB,ASW,ESN,GWD,MSL,CLM,PUR,CHS,PJL	12	shared	False	9	2	1	1	38	30	8	2	2	1	1	3	0	2	0	1	0	1	1	0	1	10	2	2	15	1	6	2	7	8	15	6	2	2
11295	chr13	20164555	INDEL	HG008N_absent_HPRC_other	exact_allele	absent: exact allele in HPRC	exact	AFR+AMR+EAS	3	8	ACB,GWD,MSL,CLM,PEL,PUR,CHS,KHV	19	shared	True	9	8	5	0	29	25	7	1	4	0	0	4	0	1	0	2	2	4	3	2	0	10	1	1	12	2	3	0	7	7	11	5	2	1
11302	chr13	21244175	INDEL	HG008N_absent_HPRC_other	exact_allele	absent: exact allele in HPRC	exact	AFR+AMR	2	2	ACB,PEL	2	shared	False	1	1	0	0	22	26	6	2	1	0	0	0	0	0	0	0	1	0	0	0	0	8	1	1	8	0	4	0	8	8	10	4	2	2
11303	chr13	21763620	INDEL	HG008N_absent_HPRC_other	exact_allele	absent: exact allele in HPRC	exact	AFR+AMR+EAS+SAS	4	7	ACB,ASW,GWD,CLM,PEL,CHS,PJL	12	shared	False	7	4	2	1	38	31	8	2	4	1	0	2	0	0	0	2	2	0	2	0	1	12	2	2	15	1	5	1	8	8	15	6	2	2
11304	chr13	21865536	INDEL	HG008N_absent_HPRC_other	exact_allele	absent: exact allele in HPRC	exact	AFR+AMR+EAS+SAS	4	11	ACB,ASW,GWD,MKK,MSL,CLM,PEL,PUR,CHS,KHV,PJL	24	shared	False	10	17	6	1	39	30	8	1	1	1	0	5	1	2	0	5	7	5	5	1	1	12	2	2	13	2	7	1	7	8	15	6	2	1
11313	chr13	22804387	INDEL	HG008N_absent_HPRC_other	exact_allele	absent: exact allele in HPRC	exact	AFR+AMR+EAS+SAS	4	6	ACB,MSL,PEL,PUR,CHS,PJL	8	shared	False	2	5	1	1	30	21	6	2	1	0	0	0	0	1	0	0	1	4	1	0	1	9	2	1	12	2	3	1	6	5	10	4	2	2
11327	chr13	24535176	INDEL	HG008N_absent_HPRC_other	exact_allele	absent: exact allele in HPRC	exact	AMR+SAS	2	2	PUR,PJL	2	shared	False	0	1	0	1	46	32	8	2	0	0	0	0	0	0	0	0	0	1	0	0	1	14	2	2	16	2	8	2	8	8	16	6	2	2
11339	chr13	26148632	INDEL	HG008N_absent_HPRC_other	exact_allele	absent: exact allele in HPRC	exact	AFR+AMR+EAS	3	7	ACB,GWD,MSL,YRI,CLM,PUR,CHS	12	shared	False	11	2	1	0	41	27	6	2	4	0	0	5	0	1	1	1	0	1	1	0	0	11	2	2	16	2	6	2	8	5	14	4	2	2
11346	chr13	26599184	INDEL	HG008N_absent_HPRC_other	exact_allele	absent: exact allele in HPRC	exact	AFR+AMR+EAS+SAS	4	9	ACB,GWD,MKK,MSL,CLM,PEL,PUR,CHS,PJL	23	shared	False	11	13	3	1	38	32	5	2	6	0	0	2	1	2	0	2	3	8	3	0	1	12	2	2	13	2	5	2	8	8	16	4	1	2
11347	chr13	26818713	INDEL	other_ambiguous		ambiguous	exact	none	0	0		0	none	False	0	0	0	0	19	17	5	1	0	0	0	0	0	0	0	0	0	0	0	0	0	3	1	1	11	0	2	1	5	5	7	3	2	1
11369	chr13	30003096	INDEL	other_ambiguous		ambiguous	exact	none	0	0		0	none	False	0	0	0	0	25	11	4	1	0	0	0	0	0	0	0	0	0	0	0	0	0	9	1	1	9	2	2	1	2	2	7	2	2	1
11370	chr13	30003098	SNV	other_ambiguous		ambiguous	exact	none	0	0		0	none	False	0	0	0	0	25	11	4	1	0	0	0	0	0	0	0	0	0	0	0	0	0	9	1	1	9	2	2	1	2	2	7	2	2	1
11393	chr13	31976131	INDEL	other_ambiguous		ambiguous	exact	none	0	0		0	none	False	0	0	0	0	14	9	2	1	0	0	0	0	0	0	0	0	0	0	0	0	0	4	1	0	4	1	3	1	1	2	6	1	1	1
11399	chr13	32809648	INDEL	HG008N_absent_HPRC_other	exact_allele	absent: exact allele in HPRC	exact	AFR+AMR+EAS	3	7	ACB,GWD,MSL,YRI,PEL,PUR,CHS	12	shared	False	13	2	1	0	45	32	8	2	8	0	0	2	0	1	2	0	1	1	1	0	0	14	2	2	15	2	8	2	8	8	16	6	2	2
11412	chr13	34852203	INDEL	HG008N_absent_HPRC_other	element_set_other_allele	absent: only the nodes in HPRC	nodes	AMR	1	3	CLM,PEL,PUR	3	one superpopulation	False	0	4	0	0	21	19	2	2	0	0	0	0	0	0	0	1	2	1	0	0	0	5	1	1	9	1	3	1	2	7	10	0	2	2
11416	chr13	35254324	INDEL	HG008N_absent_HPRC_other	exact_allele	absent: exact allele in HPRC	exact	AFR+AMR+SAS	3	6	ACB,ESN,GWD,CLM,PUR,PJL	10	shared	True	6	4	0	1	44	31	7	2	2	0	1	3	0	0	0	2	0	2	0	0	1	13	2	2	16	2	7	2	8	8	15	5	2	2
11419	chr13	35681482	INDEL	other_ambiguous		ambiguous	exact	none	0	0		0	none	False	0	0	0	0	31	27	7	2	0	0	0	0	0	0	0	0	0	0	0	0	0	7	2	0	11	2	7	2	8	5	14	5	2	2
11420	chr13	35733333	INDEL	HG008N_absent_HPRC_other	exact_allele	absent: exact allele in HPRC	exact	AFR+AMR+EAS	3	6	ACB,GWD,PEL,PUR,CHS,KHV	12	shared	True	7	2	4	0	42	32	7	2	6	0	0	1	0	0	0	0	1	1	3	1	0	12	2	2	14	2	8	2	8	8	16	5	2	2
11426	chr13	36030463	INDEL	HG008N_absent_HPRC_other	exact_allele	absent: exact allele in HPRC	exact	AFR+AMR+EAS	3	10	ACB,ESN,GWD,MKK,MSL,CLM,PEL,PUR,CHS,KHV	20	shared	False	16	5	2	0	44	31	6	2	6	0	1	5	1	3	0	1	2	2	1	1	0	14	2	2	14	2	8	2	7	8	16	5	1	2
11427	chr13	36056908	SNV	HG008N_absent_HPRC_other	exact_allele	absent: exact allele in HPRC	exact	AFR+AMR+EAS	3	4	ASW,GWD,PUR,CHS	7	shared	True	4	2	1	0	40	24	7	1	0	1	0	3	0	0	0	0	0	2	1	0	0	12	1	2	14	2	8	1	6	8	10	5	2	1
11437	chr13	37195969	INDEL	HG008N_absent_HPRC_other	exact_allele	absent: exact allele in HPRC	exact	AFR+AMR	2	8	ACB,ASW,GWD,MSL,YRI,CLM,PEL,PUR	25	shared	False	20	11	0	0	41	29	7	2	4	1	0	8	0	6	1	3	2	6	0	0	0	11	2	2	15	1	8	2	7	8	14	5	2	2
11444	chr13	37953956	INDEL	HG008N_absent_HPRC_other	exact_allele	absent: exact allele in HPRC	exact	AFR	1	5	ACB,ASW,ESN,GWD,MSL	9	one superpopulation	False	9	0	0	0	42	32	8	2	1	1	1	3	0	3	0	0	0	0	0	0	0	12	2	2	15	2	8	1	8	8	16	6	2	2
11445	chr13	38286673	INDEL	HG008N_absent_HPRC_other	exact_allele	absent: exact allele in HPRC	exact	AFR+AMR	2	6	ACB,ASW,GWD,MSL,YRI,PUR	15	shared	False	14	4	0	0	39	29	8	2	3	1	0	7	0	1	2	0	0	4	0	0	0	9	2	2	15	2	7	2	7	8	14	6	2	2
11446	chr13	38572449	INDEL	HG008N_absent_HPRC_other	exact_allele	absent: exact allele in HPRC	exact	AFR+AMR	2	5	ACB,GWD,MSL,PEL,PUR	17	shared	False	19	4	0	0	44	31	7	2	7	0	0	9	0	3	0	0	1	3	0	0	0	13	2	2	15	2	8	2	8	7	16	5	2	2
11447	chr13	38995988	INDEL	HG008N_absent_HPRC_other	exact_allele	absent: exact allele in HPRC	exact	AFR+AMR+EAS	3	9	ACB,ESN,GWD,MSL,CLM,PEL,PUR,CHS,KHV	16	shared	False	7	8	2	0	44	29	8	0	1	0	1	3	0	2	0	2	2	4	1	1	0	13	2	2	16	2	7	2	7	8	14	6	2	0
11452	chr13	39199536	INDEL	other_ambiguous		ambiguous	exact	none	0	0		0	none	False	0	0	0	0	29	25	8	2	0	0	0	0	0	0	0	0	0	0	0	0	0	6	1	2	12	2	6	0	7	8	10	6	2	2
11456	chr13	39482442	INDEL	HG008N_absent_HPRC_other	exact_allele	absent: exact allele in HPRC	exact	AFR+AMR+EAS	3	7	ACB,GWD,YRI,PEL,PUR,CHS,KHV	16	shared	False	11	4	3	0	41	32	8	2	4	0	0	5	0	0	2	0	1	3	2	1	0	13	1	1	15	2	7	2	8	8	16	6	2	2
11475	chr13	40397529	INDEL	HG008N_absent_HPRC_other	exact_allele	absent: exact allele in HPRC	exact	AFR+AMR+SAS	3	5	ACB,CLM,PEL,PUR,PJL	7	shared	True	1	6	0	1	37	28	5	2	1	0	0	0	0	0	0	1	3	2	0	0	1	11	2	2	12	2	7	1	7	7	14	4	1	2
11477	chr13	40625658	INDEL	HG008N_absent_HPRC_other	exact_allele	absent: exact allele in HPRC	exact	AFR+AMR+EAS	3	9	ACB,ESN,GWD,MKK,MSL,YRI,PUR,CHS,KHV	23	shared	False	16	5	5	0	42	31	8	2	6	0	1	5	1	2	1	0	0	5	3	2	0	12	1	2	16	2	7	2	7	8	16	6	2	2
11483	chr13	41379500	INDEL	other_ambiguous		ambiguous	exact	none	0	0		0	none	False	0	0	0	0	29	24	4	1	0	0	0	0	0	0	0	0	0	0	0	0	0	9	1	2	10	2	4	1	5	7	12	2	2	1
11508	chr13	45664013	INDEL	HG008N_absent_HPRC_other	exact_allele	absent: exact allele in HPRC	exact	AFR+AMR+EAS+SAS	4	7	ACB,ASW,GWD,MSL,PUR,CHS,PJL	18	shared	False	11	5	1	1	42	31	7	2	4	1	0	3	0	3	0	0	0	5	1	0	1	11	2	2	16	1	8	2	7	8	16	6	1	2
11523	chr13	48540217	INDEL	HG008N_absent_HPRC_other	exact_allele	absent: exact allele in HPRC	exact	AFR+AMR	2	6	ACB,GWD,MSL,YRI,CLM,PUR	15	shared	False	16	2	0	0	45	32	8	2	5	0	0	5	0	5	1	1	0	1	0	0	0	14	2	2	15	2	8	2	8	8	16	6	2	2
11530	chr13	49522758	INDEL	HG008N_absent_HPRC_other	exact_allele	absent: exact allele in HPRC	exact	AFR+AMR+EAS	3	5	ACB,ASW,GWD,CLM,CHS	8	shared	False	7	1	1	0	37	31	8	2	4	1	0	2	0	0	0	1	0	0	1	0	0	12	1	2	13	1	6	2	8	8	15	6	2	2
11533	chr13	50250670	INDEL	HG008N_absent_HPRC_other	exact_allele	absent: exact allele in HPRC	exact	AFR+AMR+EAS	3	11	ACB,ASW,ESN,GWD,MKK,MSL,YRI,CLM,PUR,CHS,KHV	30	shared	False	19	14	5	0	44	32	8	2	6	1	1	7	1	2	1	5	0	9	3	2	0	14	2	2	15	2	7	2	8	8	16	6	2	2
11544	chr13	52352641	INDEL	HG008N_absent_HPRC_other	exact_allele	absent: exact allele in HPRC	exact	AFR+AMR+EAS	3	5	ACB,GWD,CLM,PUR,CHS	5	shared	False	3	2	1	0	36	26	8	1	2	0	0	1	0	0	0	1	0	1	1	0	0	14	1	2	10	2	6	1	6	8	12	6	2	1
11554	chr13	53969175	INDEL	HG008N_absent_HPRC_other	exact_allele	absent: exact allele in HPRC	exact	AFR+AMR+EAS	3	10	ACB,ASW,ESN,GWD,MKK,MSL,YRI,CLM,PUR,KHV	22	shared	False	19	6	1	0	45	32	8	2	5	1	1	8	1	2	1	1	0	5	0	1	0	13	2	2	16	2	8	2	8	8	16	6	2	2
11555	chr13	54018939	INDEL	HG008N_present_broad	other_hap_only	HG008-N present, broad	exact	AFR+AMR+EAS+SAS	4	13	ACB,ASW,ESN,GWD,MKK,MSL,YRI,CLM,PEL,PUR,CHS,KHV,PJL	34	shared	True	26	15	2	1	46	32	8	2	7	2	1	10	1	4	1	5	5	5	1	1	1	14	2	2	16	2	8	2	8	8	16	6	2	2
11557	chr13	54277239	INDEL	HG008N_absent_HPRC_other	exact_allele	absent: exact allele in HPRC	exact	AFR+AMR+EAS+SAS	4	13	ACB,ASW,ESN,GWD,MKK,MSL,YRI,CLM,PEL,PUR,CHS,KHV,PJL	27	shared	False	23	11	4	1	39	29	8	1	5	1	1	7	1	6	2	4	3	4	2	2	1	11	2	2	13	2	7	2	8	6	15	6	2	1
11565	chr13	54698881	INDEL	HG008N_absent_HPRC_other	exact_allele	absent: exact allele in HPRC	exact	AFR	1	4	ACB,ESN,GWD,MKK	7	one superpopulation	False	7	0	0	0	40	32	8	2	1	0	1	4	1	0	0	0	0	0	0	0	0	12	2	2	13	2	8	1	8	8	16	6	2	2
11585	chr13	55708414	INDEL	HG008N_absent_HPRC_other	exact_allele	absent: exact allele in HPRC	exact	AFR+AMR+EAS	3	11	ACB,ASW,GWD,MKK,MSL,YRI,CLM,PEL,PUR,CHS,KHV	34	shared	False	19	21	6	0	39	30	8	2	6	2	0	7	2	1	1	7	7	7	5	1	0	13	2	1	13	2	7	1	8	7	15	6	2	2
11586	chr13	55751059	INDEL	HG008N_absent_HPRC_other	exact_allele	absent: exact allele in HPRC	exact	AFR+AMR	2	6	ACB,GWD,MSL,CLM,PEL,PUR	11	shared	False	5	7	0	0	40	31	7	2	3	0	0	1	0	1	0	1	2	4	0	0	0	13	2	2	13	2	7	1	8	8	15	5	2	2
11589	chr13	55939310	INDEL	HG008N_absent_HPRC_other	exact_allele	absent: exact allele in HPRC	exact	AFR+AMR	2	8	ACB,ASW,GWD,MKK,MSL,YRI,CLM,PEL	14	shared	False	11	4	0	0	35	30	8	2	3	1	0	2	1	3	1	2	2	0	0	0	0	11	2	2	10	2	6	2	7	8	15	6	2	2
11592	chr13	55987321	INDEL	HG008N_absent_HPRC_other	exact_allele	absent: exact allele in HPRC	exact	AFR+AMR+SAS	3	9	ACB,ASW,GWD,MSL,YRI,CLM,PEL,PUR,PJL	20	shared	True	17	8	0	2	42	31	8	2	4	2	0	4	0	6	1	2	2	4	0	0	2	13	2	1	15	1	8	2	7	8	16	6	2	2
11594	chr13	56017650	INDEL	HG008N_absent_HPRC_other	element_set_other_allele	absent: only the nodes in HPRC	nodes	AFR+AMR+EAS	3	7	ACB,ESN,GWD,MSL,PUR,CHS,KHV	10	shared	False	7	1	2	0	34	30	7	2	1	0	1	4	0	1	0	0	0	1	1	1	0	11	2	2	11	1	5	2	7	8	15	5	2	2
11603	chr13	56461326	INDEL	other_ambiguous		ambiguous	exact	none	0	0		0	none	False	0	0	0	0	38	27	8	2	0	0	0	0	0	0	0	0	0	0	0	0	0	12	1	1	13	2	8	1	8	6	13	6	2	2
11609	chr13	56856516	INDEL	HG008N_absent_HPRC_other	exact_allele	absent: exact allele in HPRC	exact	AFR+AMR	2	4	ACB,GWD,MSL,PEL	10	shared	False	9	2	0	0	41	32	8	2	4	0	0	4	0	1	0	0	2	0	0	0	0	13	2	0	15	2	7	2	8	8	16	6	2	2
11634	chr13	59124733	SNV	other_ambiguous		ambiguous	exact	none	0	0		0	none	False	0	0	0	0	40	32	7	2	0	0	0	0	0	0	0	0	0	0	0	0	0	13	2	2	14	2	5	2	8	8	16	5	2	2
11655	chr13	61566836	INDEL	HG008N_absent_HPRC_other	exact_allele	absent: exact allele in HPRC	exact	AFR+AMR+EAS+SAS	4	7	ACB,GWD,MSL,PUR,CHS,KHV,PJL	9	shared	False	5	1	2	1	28	28	8	1	1	0	0	3	0	1	0	0	0	1	1	1	1	7	1	1	11	1	5	2	8	8	12	6	2	1
11656	chr13	61604435	INDEL	HG008N_absent_HPRC_other	exact_allele	absent: exact allele in HPRC	exact	AFR+AMR+EAS+SAS	4	7	ACB,ASW,GWD,MSL,PUR,CHS,PJL	14	shared	False	14	1	2	1	45	31	8	2	5	1	0	6	0	2	0	0	0	1	2	0	1	14	2	2	15	2	8	2	7	8	16	6	2	2
11686	chr13	63975619	INDEL	HG008N_absent_HPRC_other	exact_allele	absent: exact allele in HPRC	exact	AFR	1	1	YRI	1	one individual	True	1	0	0	0	22	17	6	1	0	0	0	0	0	0	1	0	0	0	0	0	0	7	1	1	6	1	4	2	5	3	9	5	1	1
11702	chr13	64736836	INDEL	HG008N_absent_HPRC_other	exact_allele	absent: exact allele in HPRC	exact	AFR+AMR+EAS	3	9	ACB,ASW,GWD,MSL,YRI,CLM,PUR,CHS,KHV	16	shared	False	7	6	3	0	34	31	8	2	1	1	0	3	0	1	1	3	0	3	2	1	0	9	2	2	13	2	4	2	8	8	15	6	2	2
11703	chr13	64922205	INDEL	HG008N_absent_HPRC_other	exact_allele	absent: exact allele in HPRC	exact	AFR+AMR+EAS	3	7	ACB,GWD,MKK,CLM,PEL,PUR,KHV	10	shared	False	5	4	1	0	40	29	8	2	2	0	0	2	1	0	0	2	1	1	0	1	0	13	2	2	12	2	7	2	6	8	15	6	2	2
11711	chr13	65487707	INDEL	HG008N_present_broad	other_hap_only	HG008-N present, broad	exact	AFR+AMR+EAS+SAS	4	10	ACB,ASW,GWD,MSL,CLM,PEL,PUR,CHS,KHV,PJL	25	shared	True	10	18	2	1	43	31	8	2	3	1	0	2	0	4	0	3	2	13	1	1	1	13	2	2	15	1	8	2	7	8	16	6	2	2
11713	chr13	65606585	INDEL	other_ambiguous		ambiguous	exact	none	0	0		0	none	False	0	0	0	0	25	15	2	0	0	0	0	0	0	0	0	0	0	0	0	0	0	6	1	1	10	2	3	2	7	5	3	1	1	0
11724	chr13	66717479	INDEL	HG008N_absent_HPRC_other	exact_allele	absent: exact allele in HPRC	exact	AFR+AMR+EAS	3	5	ASW,CLM,PEL,PUR,CHS	10	shared	False	2	9	1	0	31	26	6	2	0	2	0	0	0	0	0	3	4	2	1	0	0	9	2	2	11	2	4	1	7	7	12	4	2	2
11725	chr13	66733677	INDEL	HG008N_absent_HPRC_other	exact_allele	absent: exact allele in HPRC	exact	AFR+AMR+EAS	3	5	ACB,ASW,GWD,PUR,CHS	9	shared	False	7	2	1	0	46	32	8	2	3	1	0	3	0	0	0	0	0	2	1	0	0	14	2	2	16	2	8	2	8	8	16	6	2	2
11727	chr13	67271717	INDEL	HG008N_absent_HPRC_other	exact_allele	absent: exact allele in HPRC	exact	AFR+AMR	2	6	GWD,MKK,MSL,CLM,PEL,PUR	10	shared	False	5	5	0	0	46	32	8	2	0	0	0	3	1	1	0	1	2	2	0	0	0	14	2	2	16	2	8	2	8	8	16	6	2	2
11730	chr13	67680244	INDEL	HG008N_absent_HPRC_other	exact_allele	absent: exact allele in HPRC	exact	AFR+AMR+EAS	3	10	ACB,ESN,GWD,MKK,MSL,YRI,CLM,PEL,PUR,CHS	28	shared	False	23	12	1	0	45	32	8	2	7	0	1	8	2	3	2	3	5	4	1	0	0	14	2	2	16	2	7	2	8	8	16	6	2	2
11748	chr13	70549013	INDEL	HG008N_absent_HPRC_other	element_set_other_allele	absent: only the nodes in HPRC	nodes	AFR+AMR+EAS	3	8	ACB,GWD,YRI,CLM,PEL,PUR,CHS,KHV	22	shared	True	7	12	4	0	24	27	7	1	2	0	0	4	0	0	1	4	3	5	2	2	0	8	1	0	9	1	3	2	7	6	14	5	2	1
11752	chr13	70819326	INDEL	HG008N_absent_HPRC_other	exact_allele	absent: exact allele in HPRC	exact	AFR+AMR	2	4	ACB,GWD,MSL,PUR	12	shared	True	9	3	0	0	45	31	8	2	5	0	0	3	0	1	0	0	0	3	0	0	0	13	2	2	16	2	8	2	7	8	16	6	2	2
11753	chr13	71149603	INDEL	HG008N_absent_HPRC_other	exact_allele	absent: exact allele in HPRC	exact	AFR+AMR	2	8	ACB,ESN,GWD,MKK,MSL,YRI,CLM,PEL	13	shared	False	12	2	0	0	46	31	7	2	3	0	1	5	1	1	1	1	1	0	0	0	0	14	2	2	16	2	8	2	8	7	16	5	2	2
11757	chr13	72025605	INDEL	HG008N_absent_HPRC_other	exact_allele	absent: exact allele in HPRC	exact	AFR+AMR+EAS	3	8	ACB,ASW,GWD,YRI,PEL,PUR,CHS,KHV	14	shared	False	6	6	2	0	42	30	7	2	3	1	0	1	0	0	1	0	2	4	1	1	0	13	2	2	14	2	7	2	8	8	14	5	2	2
11759	chr13	72429105	INDEL	HG008N_absent_HPRC_other	exact_allele	absent: exact allele in HPRC	exact	AFR+AMR+EAS	3	6	ACB,ESN,GWD,CLM,PUR,CHS	7	shared	True	4	2	2	0	11	17	7	0	1	0	1	2	0	0	0	1	0	1	2	0	0	2	0	1	5	1	2	0	8	4	5	6	1	0
11760	chr13	72474841	INDEL	HG008N_absent_HPRC_other	exact_allele	absent: exact allele in HPRC	exact	AFR+AMR+EAS+SAS	4	11	ACB,ESN,GWD,MKK,MSL,YRI,CLM,PEL,PUR,CHS,PJL	26	shared	True	18	10	1	1	28	16	5	2	5	0	1	6	1	4	1	4	3	3	1	0	1	9	2	1	9	1	4	2	4	5	7	4	1	2
11763	chr13	72987858	INDEL	HG008N_absent_HPRC_other	exact_allele	absent: exact allele in HPRC	exact	AFR+AMR	2	5	ACB,GWD,MSL,YRI,PEL	7	shared	False	6	1	0	0	21	18	7	1	1	0	0	3	0	1	1	0	1	0	0	0	0	6	0	0	8	2	4	1	5	7	6	5	2	1
11779	chr13	74919633	INDEL	other_ambiguous		ambiguous	exact	none	0	0		0	none	False	0	0	0	0	23	18	4	2	0	0	0	0	0	0	0	0	0	0	0	0	0	6	1	1	10	1	3	1	8	1	9	4	0	2
11782	chr13	74985731	INDEL	HG008N_absent_HPRC_other	exact_allele	absent: exact allele in HPRC	exact	AFR+AMR	2	9	ACB,ASW,ESN,GWD,MKK,YRI,CLM,PEL,PUR	15	shared	False	12	6	0	0	40	27	8	2	4	1	1	3	1	0	2	3	2	1	0	0	0	12	2	2	14	1	7	2	7	7	13	6	2	2
11789	chr13	76120845	INDEL	HG008N_absent_HPRC_other	element_set_other_allele	absent: only the nodes in HPRC	nodes	AFR+AMR	2	5	ASW,GWD,MSL,YRI,PUR	6	shared	False	6	1	0	0	27	31	7	2	0	2	0	2	0	1	1	0	0	1	0	0	0	5	2	1	9	2	6	2	8	8	15	5	2	2
11790	chr13	76153195	SNV	HG008N_present_broad	other_hap_only	HG008-N present, broad	exact	AFR+AMR+EAS	3	9	ACB,ESN,GWD,MSL,CLM,PEL,PUR,CHS,KHV	24	shared	False	9	18	4	0	46	32	8	2	3	0	2	3	0	1	0	6	2	10	3	1	0	14	2	2	16	2	8	2	8	8	16	6	2	2
11793	chr13	76512029	INDEL	HG008N_absent_HPRC_other	exact_allele	absent: exact allele in HPRC	exact	AFR+AMR+EAS+SAS	4	11	ACB,ASW,ESN,GWD,MSL,CLM,PEL,PUR,CHS,KHV,PJL	29	shared	True	18	14	4	1	38	30	8	2	5	2	1	5	0	5	0	2	4	8	3	1	1	13	2	1	12	2	7	1	8	8	14	6	2	2
11798	chr13	77592562	INDEL	HG008N_absent_HPRC_other	exact_allele	absent: exact allele in HPRC	exact	AFR+AMR	2	7	ACB,ASW,GWD,MSL,YRI,PEL,PUR	20	shared	False	18	6	0	0	45	31	8	2	3	1	0	8	0	5	1	0	2	4	0	0	0	14	2	2	15	2	8	2	8	8	15	6	2	2
11802	chr13	78172743	INDEL	HG008N_present_broad	other_hap_only	HG008-N present, broad	exact	AFR+AMR+EAS	3	8	ACB,ESN,GWD,MKK,YRI,CLM,PUR,CHS	16	shared	False	10	6	2	0	40	30	8	2	2	0	1	4	2	0	1	3	0	3	2	0	0	12	2	2	13	2	7	2	7	8	15	6	2	2
11815	chr13	78943254	INDEL	HG008N_absent_HPRC_other	exact_allele	absent: exact allele in HPRC	exact	AFR+AMR+EAS	3	8	ACB,ESN,GWD,MSL,YRI,CLM,PUR,CHS	14	shared	False	12	2	1	0	40	29	8	2	5	0	1	3	0	2	1	1	0	1	1	0	0	13	2	1	15	1	6	2	8	7	14	6	2	2
11822	chr13	79438248	SNV	HG008N_absent_HPRC_other	exact_allele	absent: exact allele in HPRC	exact	AFR+AMR	2	4	ACB,GWD,YRI,PUR	4	shared	False	3	1	0	0	25	12	1	0	1	0	0	1	0	0	1	0	0	1	0	0	0	9	1	1	9	0	4	1	4	0	8	0	1	0
11829	chr13	80843161	INDEL	HG008N_absent_HPRC_other	exact_allele	absent: exact allele in HPRC	exact	AFR+AMR+EAS	3	5	MKK,CLM,PEL,PUR,CHS	10	shared	False	1	11	1	0	39	25	4	1	0	0	0	0	1	0	0	1	7	3	1	0	0	12	2	2	12	1	8	2	5	8	12	3	1	1
11834	chr13	81243322	INDEL	HG008N_absent_HPRC_other	exact_allele	absent: exact allele in HPRC	exact	AFR+AMR+EAS	3	10	ACB,ASW,ESN,GWD,MKK,MSL,CLM,PEL,PUR,CHS	31	shared	False	31	10	1	0	41	31	8	2	8	2	1	13	1	6	0	2	3	5	1	0	0	12	2	1	16	2	8	0	8	7	16	6	2	2
11836	chr13	81286414	INDEL	HG008N_absent_HPRC_other	element_set_other_allele	absent: only the nodes in HPRC	nodes	AFR+AMR+EAS	3	7	GWD,MKK,CLM,PEL,PUR,CHS,KHV	13	shared	False	3	13	3	0	41	29	8	1	0	0	0	2	1	0	0	6	2	5	2	1	0	10	2	2	15	2	8	2	8	8	13	6	2	1
11843	chr13	82243235	INDEL	HG008N_absent_HPRC_other	exact_allele	absent: exact allele in HPRC	exact	AFR	1	1	GWD	1	one individual	False	1	0	0	0	16	24	6	2	0	0	0	1	0	0	0	0	0	0	0	0	0	5	1	1	6	1	2	0	5	7	12	4	2	2
11855	chr13	82725980	SNV	HG008N_absent_HPRC_other	exact_allele	absent: exact allele in HPRC	exact	AMR+EAS	2	3	PEL,PUR,CHS	3	shared	False	0	2	1	0	28	21	7	0	0	0	0	0	0	0	0	0	1	1	1	0	0	9	2	0	8	1	6	2	3	6	12	5	2	0
11857	chr13	82769292	INDEL	HG008N_absent_HPRC_other	exact_allele	absent: exact allele in HPRC	exact	AFR+AMR	2	3	GWD,MSL,PUR	5	shared	False	4	1	0	0	31	25	4	2	0	0	0	2	0	2	0	0	0	1	0	0	0	11	1	2	11	2	3	1	8	4	13	3	1	2
11865	chr13	83566768	INDEL	HG008N_absent_HPRC_other	exact_allele	absent: exact allele in HPRC	exact	AFR+AMR	2	6	ACB,GWD,MKK,MSL,CLM,PUR	10	shared	False	6	4	0	0	40	25	8	2	2	0	0	1	1	2	0	1	0	3	0	0	0	11	2	1	16	2	7	1	8	3	14	6	2	2
11872	chr13	83811706	INDEL	HG008N_absent_HPRC_other	exact_allele	absent: exact allele in HPRC	exact	AFR+AMR+EAS+SAS	4	10	ACB,ASW,GWD,MKK,MSL,CLM,PEL,PUR,CHS,PJL	22	shared	False	15	8	2	1	39	29	8	2	2	2	0	4	1	6	0	2	3	3	2	0	1	12	2	1	13	2	7	2	8	8	13	6	2	2
11880	chr13	84017759	INDEL	HG008N_present_broad	other_hap_only	HG008-N present, broad	exact	AFR+AMR+EAS+SAS	4	7	ACB,GWD,MSL,CLM,PUR,KHV,PJL	18	shared	True	13	4	1	1	46	31	8	2	5	0	0	5	0	3	0	1	0	3	0	1	1	14	2	2	16	2	8	2	8	8	15	6	2	2
11881	chr13	84039485	INDEL	HG008N_absent_HPRC_other	exact_allele	absent: exact allele in HPRC	exact	AFR+AMR+EAS+SAS	4	12	ACB,ASW,GWD,MKK,MSL,YRI,CLM,PEL,PUR,CHS,KHV,PJL	26	shared	False	12	15	3	1	35	22	3	1	4	1	0	2	1	3	1	4	2	9	2	1	1	10	2	2	11	2	7	1	6	5	11	2	1	1
11893	chr13	84431652	SNV	other_ambiguous		ambiguous	exact	none	0	0		0	none	False	0	0	0	0	33	28	8	2	0	0	0	0	0	0	0	0	0	0	0	0	0	11	1	1	11	2	6	1	8	7	13	6	2	2
11894	chr13	84431653	INDEL	HG008N_absent_HPRC_other	recombinant_pieces	absent: only the nodes in HPRC	nodes	none	0	0		0	none	False	0	0	0	0	33	28	8	2	0	0	0	0	0	0	0	0	0	0	0	0	0	11	1	1	11	2	6	1	8	7	13	6	2	2
11897	chr13	84450139	INDEL	HG008N_absent_HPRC_other	exact_allele	absent: exact allele in HPRC	exact	AFR+AMR+EAS	3	9	ACB,ASW,GWD,YRI,CLM,PEL,PUR,CHS,KHV	11	shared	True	7	3	2	0	24	13	6	1	3	2	0	1	0	0	1	1	1	1	1	1	0	8	2	0	6	2	4	2	3	3	7	5	1	1
11915	chr13	85748774	INDEL	HG008N_absent_HPRC_other	element_set_other_allele	absent: only the nodes in HPRC	nodes	AFR+AMR+EAS	3	5	ACB,GWD,CLM,PUR,CHS	9	shared	False	4	4	1	0	16	16	7	1	3	0	0	1	0	0	0	1	0	3	1	0	0	5	1	0	6	2	1	1	4	3	9	5	2	1
11933	chr13	87258122	INDEL	HG008N_absent_HPRC_other	exact_allele	absent: exact allele in HPRC	exact	AFR+AMR+EAS	3	8	ACB,GWD,MKK,MSL,CLM,PEL,PUR,CHS	20	shared	False	9	11	1	0	30	27	3	1	3	0	0	4	1	1	0	2	3	6	1	0	0	8	1	1	12	2	4	2	8	5	14	3	0	1
11940	chr13	87814333	INDEL	other_ambiguous		ambiguous	exact	none	0	0		0	none	False	0	0	0	0	19	16	5	2	0	0	0	0	0	0	0	0	0	0	0	0	0	7	0	1	7	0	4	0	4	5	7	5	0	2
11941	chr13	87814362	SNV	HG008N_absent_HPRC_other	element_set_other_allele	absent: only the nodes in HPRC	nodes	AFR+AMR	2	4	ACB,GWD,MSL,PUR	14	shared	False	11	7	0	0	19	16	5	2	3	0	0	6	0	2	0	0	0	7	0	0	0	7	0	1	7	0	4	0	4	5	7	5	0	2
11942	chr13	87837249	INDEL	HG008N_absent_HPRC_other	exact_allele	absent: exact allele in HPRC	exact	AFR+AMR+EAS	3	8	ACB,ASW,ESN,MSL,CLM,PEL,CHS,KHV	12	shared	False	5	4	6	0	32	26	8	0	1	1	1	0	0	2	0	1	3	0	4	2	0	7	2	1	14	2	4	2	6	8	12	6	2	0
11943	chr13	88104170	INDEL	HG008N_absent_HPRC_other	exact_allele	absent: exact allele in HPRC	exact	AFR+AMR+EAS+SAS	4	13	ACB,ASW,ESN,GWD,MKK,MSL,YRI,CLM,PEL,PUR,CHS,KHV,PJL	35	shared	False	40	11	3	1	42	32	8	2	11	2	2	15	2	6	2	1	3	7	2	1	1	13	2	2	15	2	6	2	8	8	16	6	2	2
11949	chr13	88510923	INDEL	HG008N_absent_HPRC_other	exact_allele	absent: exact allele in HPRC	exact	AFR+AMR	2	9	ACB,ASW,ESN,GWD,MKK,MSL,YRI,CLM,PUR	28	shared	False	28	10	0	0	43	30	8	2	6	2	2	7	1	8	2	4	0	6	0	0	0	11	2	2	16	2	8	2	7	7	16	6	2	2
11965	chr13	89481833	INDEL	other_ambiguous		ambiguous	exact	none	0	0		0	none	False	0	0	0	0	36	30	8	2	0	0	0	0	0	0	0	0	0	0	0	0	0	10	2	2	14	0	6	2	8	8	14	6	2	2
11975	chr13	90509120	INDEL	HG008N_absent_HPRC_other	exact_allele	absent: exact allele in HPRC	exact	AFR+AMR+EAS+SAS	4	5	ACB,CLM,PUR,CHS,PJL	9	shared	True	1	8	1	1	46	31	7	2	1	0	0	0	0	0	0	5	0	3	1	0	1	14	2	2	16	2	8	2	7	8	16	6	1	2
11984	chr13	91056479	INDEL	other_ambiguous		ambiguous	exact	none	0	0		0	none	False	0	0	0	0	10	19	6	1	0	0	0	0	0	0	0	0	0	0	0	0	0	3	1	0	3	1	2	0	4	7	8	4	2	1
11989	chr13	91501240	INDEL	HG008N_absent_HPRC_other	exact_allele	absent: exact allele in HPRC	exact	AFR+AMR	2	4	ACB,GWD,MSL,PUR	7	shared	False	6	1	0	0	36	25	8	2	3	0	0	1	0	2	0	0	0	1	0	0	0	11	2	2	12	1	7	1	8	6	11	6	2	2
11991	chr13	91562619	INDEL	HG008N_absent_HPRC_other	exact_allele	absent: exact allele in HPRC	exact	AFR+AMR+EAS	3	5	ACB,ESN,GWD,PUR,CHS	10	shared	False	8	2	1	0	35	19	7	1	4	0	1	3	0	0	0	0	0	2	1	0	0	11	2	1	12	2	6	1	3	5	11	6	1	1
11995	chr13	91986061	INDEL	HG008N_absent_HPRC_other	exact_allele	absent: exact allele in HPRC	exact	AFR+AMR	2	4	ACB,ASW,GWD,PUR	10	shared	False	9	2	0	0	36	30	7	1	2	2	0	5	0	0	0	0	0	2	0	0	0	8	2	2	15	2	6	1	8	8	14	6	1	1
12003	chr13	92474147	INDEL	HG008N_absent_HPRC_other	exact_allele	absent: exact allele in HPRC	exact	AFR+AMR	2	10	ACB,ASW,ESN,GWD,MKK,MSL,YRI,CLM,PEL,PUR	21	shared	False	19	6	0	0	40	29	4	1	4	1	1	9	1	2	1	1	3	2	0	0	0	11	1	2	14	2	8	2	8	8	13	3	1	1
12006	chr13	92623165	INDEL	HG008N_absent_HPRC_other	exact_allele	absent: exact allele in HPRC	exact	AFR+AMR	2	7	ACB,ASW,ESN,GWD,MSL,YRI,PUR	11	shared	False	13	1	0	0	43	31	8	1	2	2	1	6	0	1	1	0	0	1	0	0	0	12	2	2	16	2	7	2	7	8	16	6	2	1
12017	chr13	93393127	INDEL	HG008N_absent_HPRC_other	exact_allele	absent: exact allele in HPRC	exact	AMR+SAS	2	3	CLM,PUR,PJL	5	shared	False	0	4	0	1	37	27	8	2	0	0	0	0	0	0	0	1	0	3	0	0	1	11	2	2	10	2	8	2	8	7	12	6	2	2
12018	chr13	93401689	INDEL	HG008N_absent_HPRC_other	exact_allele	absent: exact allele in HPRC	exact	AFR+AMR	2	8	ACB,ESN,GWD,MKK,MSL,YRI,CLM,PUR	13	shared	False	12	2	0	0	42	31	5	2	3	0	1	4	1	2	1	1	0	1	0	0	0	13	2	2	15	1	7	2	8	8	15	4	1	2
12026	chr13	94114096	INDEL	HG008N_absent_HPRC_other	exact_allele	absent: exact allele in HPRC	exact	AFR+AMR	2	5	ACB,GWD,MKK,CLM,PUR	10	shared	True	5	5	0	0	41	31	8	2	1	0	0	3	1	0	0	2	0	3	0	0	0	12	2	2	13	2	8	2	8	8	15	6	2	2
12030	chr13	94335901	INDEL	HG008N_absent_HPRC_other	exact_allele	absent: exact allele in HPRC	exact	AFR+AMR+EAS	3	8	ACB,GWD,MSL,CLM,PEL,PUR,CHS,KHV	15	shared	False	12	8	3	0	45	29	8	2	3	0	0	6	0	3	0	3	4	1	2	1	0	14	2	2	15	2	8	2	8	6	15	6	2	2
12042	chr13	95675663	INDEL	HG008N_absent_HPRC_other	exact_allele	absent: exact allele in HPRC	exact	AFR+AMR	2	7	ACB,ASW,GWD,MSL,CLM,PEL,PUR	19	shared	False	11	10	0	0	40	32	8	1	2	1	0	6	0	2	0	2	1	7	0	0	0	13	2	2	12	2	8	1	8	8	16	6	2	1
12047	chr13	96831977	INDEL	other_ambiguous		ambiguous	exact	none	0	0		0	none	False	0	0	0	0	14	20	7	0	0	0	0	0	0	0	0	0	0	0	0	0	0	3	0	1	4	2	3	1	5	5	10	6	1	0
12052	chr13	97597223	INDEL	HG008N_absent_HPRC_other	exact_allele	absent: exact allele in HPRC	exact	AFR+AMR	2	5	ACB,ESN,GWD,CLM,PEL	8	shared	False	6	4	0	0	43	32	8	2	3	0	1	2	0	0	0	3	1	0	0	0	0	13	2	2	15	2	8	1	8	8	16	6	2	2
12055	chr13	97697455	INDEL	HG008N_absent_HPRC_other	exact_allele	absent: exact allele in HPRC	exact	AFR+AMR+EAS+SAS	4	10	ACB,ASW,ESN,GWD,MSL,CLM,PEL,PUR,KHV,PJL	13	shared	False	8	5	1	1	29	26	8	1	1	2	1	3	0	1	0	1	2	2	0	1	1	7	2	1	10	2	6	1	5	8	13	6	2	1
12061	chr13	98277109	INDEL	HG008N_absent_HPRC_other	exact_allele	absent: exact allele in HPRC	exact	AFR+AMR	2	4	ACB,GWD,MSL,PUR	6	shared	True	4	2	0	0	19	17	3	0	2	0	0	1	0	1	0	0	0	2	0	0	0	8	0	0	5	0	5	1	5	2	10	2	1	0
12070	chr13	100054833	INDEL	HG008N_absent_HPRC_other	exact_allele	absent: exact allele in HPRC	exact	AFR+AMR+EAS+SAS	4	9	ACB,ESN,GWD,MKK,MSL,CLM,PUR,CHS,PJL	14	shared	False	9	5	2	1	39	28	7	2	1	0	1	4	2	1	0	2	0	3	2	0	1	10	1	2	16	2	6	2	7	8	13	6	1	2
12073	chr13	100733747	INDEL	HG008N_absent_HPRC_other	exact_allele	absent: exact allele in HPRC	exact	AFR+AMR+EAS	3	9	ACB,GWD,MKK,MSL,YRI,PEL,PUR,CHS,KHV	12	shared	False	10	3	3	0	44	31	8	2	5	0	0	1	1	1	2	0	1	2	1	2	0	13	2	2	15	2	8	2	8	8	15	6	2	2
12080	chr13	101439208	INDEL	HG008N_absent_HPRC_other	exact_allele	absent: exact allele in HPRC	exact	AFR+AMR	2	6	ACB,GWD,MSL,YRI,PEL,PUR	15	shared	False	15	3	0	0	44	30	8	2	2	0	0	6	0	6	1	0	2	1	0	0	0	14	2	2	14	2	8	2	8	6	16	6	2	2
12090	chr13	102366618	INDEL	HG008N_absent_HPRC_other	exact_allele	absent: exact allele in HPRC	exact	AFR+AMR	2	4	ACB,GWD,MKK,PUR	4	shared	True	3	1	0	0	40	31	8	2	1	0	0	1	1	0	0	0	0	1	0	0	0	14	2	1	13	2	6	2	8	8	15	6	2	2
12097	chr13	103456972	INDEL	HG008N_absent_HPRC_other	exact_allele	absent: exact allele in HPRC	exact	AFR+AMR	2	6	ACB,ESN,GWD,MKK,MSL,PUR	9	shared	False	9	1	0	0	34	31	6	2	2	0	1	4	1	1	0	0	0	1	0	0	0	11	1	2	11	2	5	2	8	8	15	5	1	2
12098	chr13	103493507	INDEL	HG008N_absent_HPRC_other	exact_allele	absent: exact allele in HPRC	exact	AFR+AMR+EAS	3	8	ACB,GWD,MSL,CLM,PEL,PUR,CHS,KHV	17	shared	False	11	5	3	0	43	29	8	2	7	0	0	3	0	1	0	1	1	3	2	1	0	13	2	2	16	1	7	2	7	7	15	6	2	2
12105	chr13	104206204	INDEL	HG008N_absent_HPRC_other	exact_allele	absent: exact allele in HPRC	exact	AFR+AMR	2	5	ACB,GWD,MKK,MSL,PUR	7	shared	False	7	1	0	0	40	31	8	2	1	0	0	2	2	2	0	0	0	1	0	0	0	14	1	1	14	2	7	1	8	8	15	6	2	2
12106	chr13	104356667	SNV	HG008N_absent_HPRC_other	exact_allele	absent: exact allele in HPRC	exact	AFR+AMR+EAS	3	5	ASW,CLM,PEL,PUR,CHS	6	shared	False	1	6	1	0	38	31	8	2	0	1	0	0	0	0	0	1	3	2	1	0	0	14	1	2	11	2	6	2	8	8	15	6	2	2
12119	chr13	105716749	INDEL	HG008N_absent_HPRC_other	exact_allele	absent: exact allele in HPRC	exact	AFR+SAS	2	4	ACB,GWD,MSL,PJL	9	shared	False	9	0	0	1	29	28	8	2	2	0	0	4	0	3	0	0	0	0	0	0	1	10	2	0	11	1	5	0	7	7	14	6	2	2
12125	chr13	106138516	INDEL	HG008N_absent_HPRC_other	recombinant_pieces	absent: only the nodes in HPRC	nodes	none	0	0		0	none	False	0	0	0	0	28	22	1	0	0	0	0	0	0	0	0	0	0	0	0	0	0	7	1	1	11	1	7	0	6	4	12	0	1	0
12129	chr13	106452586	SNV	HG008N_absent_HPRC_other	element_set_other_allele	absent: only the nodes in HPRC	nodes	AFR+AMR	2	7	ACB,ASW,GWD,MSL,CLM,PEL,PUR	17	shared	False	9	11	0	0	23	22	7	2	3	2	0	3	0	1	0	3	1	7	0	0	0	7	2	0	9	1	3	1	7	5	10	6	1	2
12130	chr13	106452594	SNV	HG008N_absent_HPRC_other	element_set_other_allele	absent: only the nodes in HPRC	nodes	AFR+AMR+EAS+SAS	4	11	ACB,ASW,GWD,MKK,MSL,YRI,CLM,PEL,PUR,CHS,PJL	31	shared	True	22	17	6	2	23	22	7	2	7	2	0	8	1	3	1	6	2	9	6	0	2	7	2	0	9	1	3	1	7	5	10	6	1	2
12131	chr13	106460302	INDEL	HG008N_absent_HPRC_other	exact_allele	absent: exact allele in HPRC	exact	AFR+AMR+EAS	3	8	ACB,ESN,GWD,MSL,CLM,PEL,PUR,CHS	18	shared	False	15	5	1	0	46	31	8	2	5	0	2	5	0	3	0	1	3	1	1	0	0	14	2	2	16	2	8	2	8	7	16	6	2	2
12138	chr13	107191833	INDEL	HG008N_absent_HPRC_other	exact_allele	absent: exact allele in HPRC	exact	AFR+AMR+EAS	3	7	ACB,ASW,GWD,MKK,YRI,PEL,CHS	8	shared	True	7	1	1	0	43	31	8	2	2	2	0	1	1	0	1	0	1	0	1	0	0	14	2	1	15	2	7	2	8	8	15	6	2	2
12139	chr13	107213230	INDEL	HG008N_absent_HPRC_other	exact_allele	absent: exact allele in HPRC	exact	AFR+AMR+EAS	3	7	ACB,GWD,MSL,CLM,PEL,PUR,CHS	10	shared	False	4	5	1	0	26	30	6	0	2	0	0	1	0	1	0	2	1	2	1	0	0	8	2	0	10	2	4	0	7	7	16	6	0	0
12140	chr13	107269913	INDEL	HG008N_absent_HPRC_other	exact_allele	absent: exact allele in HPRC	exact	AFR+AMR	2	7	ESN,GWD,MSL,YRI,CLM,PEL,PUR	13	shared	False	4	11	0	0	26	26	4	1	0	0	1	1	0	1	1	5	2	4	0	0	0	9	1	1	9	1	4	1	7	6	13	3	1	1
12146	chr13	107906831	INDEL	HG008N_absent_HPRC_other	exact_allele	absent: exact allele in HPRC	exact	AFR	1	1	MSL	1	one individual	False	1	0	0	0	40	28	5	2	0	0	0	0	0	1	0	0	0	0	0	0	0	13	2	1	15	2	5	2	7	7	14	3	2	2
12160	chr13	109463797	SNV	other_ambiguous		ambiguous	exact	none	0	0		0	none	False	0	0	0	0	40	30	5	1	0	0	0	0	0	0	0	0	0	0	0	0	0	9	2	2	16	2	7	2	8	8	14	3	2	1
12161	chr13	109463798	SNV	other_ambiguous		ambiguous	exact	none	0	0		0	none	False	0	0	0	0	40	30	5	1	0	0	0	0	0	0	0	0	0	0	0	0	0	9	2	2	16	2	7	2	8	8	14	3	2	1
12166	chr13	110610168	INDEL	HG008N_absent_HPRC_other	exact_allele	absent: exact allele in HPRC	exact	AFR+AMR+SAS	3	8	ACB,GWD,MSL,YRI,CLM,PEL,PUR,PJL	17	shared	True	14	7	0	1	40	26	6	2	7	0	0	1	0	4	2	1	2	4	0	0	1	13	1	1	14	2	7	2	8	8	10	4	2	2
12175	chr13	111935917	INDEL	HG008N_absent_HPRC_other	element_set_other_allele	absent: only the nodes in HPRC	nodes	AFR+EAS	2	6	ACB,ESN,GWD,MKK,MSL,CHS	10	shared	False	10	0	1	0	46	32	8	2	1	0	1	3	1	4	0	0	0	0	1	0	0	14	2	2	16	2	8	2	8	8	16	6	2	2
12184	chr13	113894589	INDEL	HG008N_absent_HPRC_other	exact_allele	absent: exact allele in HPRC	exact	AFR+AMR+EAS	3	8	ACB,GWD,MSL,YRI,CLM,PEL,PUR,CHS	21	shared	True	14	10	1	0	32	25	8	2	3	0	0	5	0	4	2	2	2	6	1	0	0	9	2	1	12	0	6	2	5	8	12	6	2	2
12189	chr14	20213557	SNV	other_ambiguous		ambiguous	exact	none	0	0		0	none	False	0	0	0	0	35	29	8	2	0	0	0	0	0	0	0	0	0	0	0	0	0	10	1	1	13	1	7	2	8	8	13	6	2	2
12194	chr14	21226878	INDEL	HG008N_absent_HPRC_other	exact_allele	absent: exact allele in HPRC	exact	AFR+AMR	2	3	ACB,PEL,PUR	6	shared	False	2	4	0	0	23	16	5	1	2	0	0	0	0	0	0	0	1	3	0	0	0	7	1	1	8	2	2	2	4	3	9	3	2	1
12209	chr14	23211229	SNV	HG008N_absent_HPRC_other	exact_allele	absent: exact allele in HPRC	exact	AFR	1	3	ACB,ESN,YRI	5	one superpopulation	False	5	0	0	0	41	31	8	2	3	0	1	0	0	0	1	0	0	0	0	0	0	13	2	1	16	0	7	2	8	8	15	6	2	2
12212	chr14	23736944	INDEL	HG008N_absent_HPRC_other	exact_allele	absent: exact allele in HPRC	exact	AFR+AMR	2	4	ACB,GWD,CLM,PUR	6	shared	False	2	4	0	0	33	24	5	2	1	0	0	1	0	0	0	2	0	2	0	0	0	11	1	2	12	1	6	0	5	6	13	4	1	2
12226	chr14	25606302	INDEL	HG008N_absent_HPRC_other	exact_allele	absent: exact allele in HPRC	exact	AFR+AMR+EAS+SAS	4	7	ACB,GWD,MSL,YRI,PEL,CHS,PJL	13	shared	False	9	1	3	1	33	32	7	2	3	0	0	4	0	1	1	0	1	0	3	0	1	11	2	1	12	1	5	1	8	8	16	5	2	2
12231	chr14	26006669	INDEL	HG008N_absent_HPRC_other	exact_allele	absent: exact allele in HPRC	exact	AFR+AMR+EAS+SAS	4	10	ACB,ESN,GWD,MKK,MSL,CLM,PEL,PUR,CHS,PJL	20	shared	False	9	11	4	1	41	30	8	2	1	0	1	5	1	1	0	2	5	4	4	0	1	14	2	2	14	1	7	1	8	8	14	6	2	2
12235	chr14	26352744	INDEL	HG008N_absent_HPRC_other	exact_allele	absent: exact allele in HPRC	exact	AFR+AMR+EAS	3	8	ACB,ESN,GWD,MSL,CLM,PEL,PUR,CHS	20	shared	False	11	10	1	0	32	29	8	2	4	0	1	3	0	3	0	3	1	6	1	0	0	8	1	1	12	2	6	2	7	7	15	6	2	2
12245	chr14	27299093	INDEL	HG008N_absent_HPRC_other	exact_allele	absent: exact allele in HPRC	exact	AFR+AMR+SAS	3	9	ACB,ASW,GWD,MSL,YRI,CLM,PEL,PUR,PJL	18	shared	False	9	12	0	1	40	31	8	2	3	1	0	2	0	2	1	3	3	6	0	0	1	12	2	2	14	2	6	2	8	8	15	6	2	2
12246	chr14	27447060	INDEL	HG008N_absent_HPRC_other	exact_allele	absent: exact allele in HPRC	exact	AFR+AMR+EAS+SAS	4	7	ACB,MSL,CLM,PEL,PUR,CHS,PJL	19	shared	True	5	14	3	2	33	29	8	2	4	0	0	0	0	1	0	5	4	5	3	0	2	11	1	1	12	1	5	2	8	8	13	6	2	2
12270	chr14	28716242	INDEL	HG008N_absent_HPRC_other	exact_allele	absent: exact allele in HPRC	exact	AFR+AMR	2	6	ACB,MKK,MSL,CLM,PEL,PUR	11	shared	True	5	10	0	0	42	26	6	2	1	0	0	0	1	3	0	3	2	5	0	0	0	14	2	0	15	2	7	2	7	7	12	5	1	2
12285	chr14	29804235	INDEL	HG008N_absent_HPRC_other	exact_allele	absent: exact allele in HPRC	exact	AFR+AMR+SAS	3	7	ACB,GWD,MKK,MSL,CLM,PUR,PJL	16	shared	False	12	4	0	1	43	32	8	2	4	0	0	4	1	3	0	1	0	3	0	0	1	14	2	2	14	2	7	2	8	8	16	6	2	2
12291	chr14	30829579	INDEL	HG008N_absent_HPRC_other	exact_allele	absent: exact allele in HPRC	exact	AMR	1	1	PUR	1	one individual	False	0	1	0	0	43	31	8	2	0	0	0	0	0	0	0	0	0	1	0	0	0	13	2	1	16	2	8	1	8	8	15	6	2	2
12297	chr14	31508091	INDEL	HG008N_absent_HPRC_other	exact_allele	absent: exact allele in HPRC	exact	AFR+AMR+EAS+SAS	4	10	ACB,ASW,ESN,GWD,YRI,PEL,PUR,CHS,KHV,PJL	19	shared	True	6	13	4	1	44	32	8	2	1	2	1	1	0	0	1	0	5	8	3	1	1	14	2	2	15	1	8	2	8	8	16	6	2	2
12299	chr14	31805073	INDEL	HG008N_absent_HPRC_other	exact_allele	absent: exact allele in HPRC	exact	AFR+AMR+EAS+SAS	4	7	MKK,CLM,PEL,PUR,CHS,KHV,PJL	17	shared	True	1	18	5	1	46	32	8	2	0	0	0	0	1	0	0	2	7	9	4	1	1	14	2	2	16	2	8	2	8	8	16	6	2	2
12300	chr14	32056469	INDEL	HG008N_absent_HPRC_other	exact_allele	absent: exact allele in HPRC	exact	AFR	1	2	ACB,GWD	3	one superpopulation	False	3	0	0	0	19	13	1	0	1	0	0	2	0	0	0	0	0	0	0	0	0	6	1	1	8	0	3	0	1	5	7	0	1	0
12303	chr14	32797925	INDEL	HG008N_present_broad	other_hap_only	HG008-N present, broad	exact	AFR+AMR+EAS+SAS	4	9	ACB,GWD,MSL,CLM,PEL,PUR,CHS,KHV,PJL	16	shared	False	8	5	3	1	40	30	8	2	3	0	0	2	0	3	0	2	1	2	2	1	1	13	2	2	12	2	7	2	7	8	15	6	2	2
12309	chr14	33078542	INDEL	other_ambiguous		ambiguous	exact	none	0	0		0	none	False	0	0	0	0	45	32	8	2	0	0	0	0	0	0	0	0	0	0	0	0	0	13	2	2	16	2	8	2	8	8	16	6	2	2
12315	chr14	33854223	INDEL	other_ambiguous		ambiguous	exact	none	0	0		0	none	False	0	0	0	0	16	12	5	1	0	0	0	0	0	0	0	0	0	0	0	0	0	4	2	2	4	2	1	1	3	2	7	3	2	1
12321	chr14	34685641	INDEL	other_ambiguous		ambiguous	exact	none	0	0		0	none	False	0	0	0	0	26	32	6	2	0	0	0	0	0	0	0	0	0	0	0	0	0	5	2	1	13	0	3	2	8	8	16	5	1	2
12326	chr14	35291823	INDEL	HG008N_absent_HPRC_other	exact_allele	absent: exact allele in HPRC	exact	AFR+EAS	2	3	MKK,CHS,KHV	3	shared	False	2	0	2	0	27	24	8	1	0	0	0	0	2	0	0	0	0	0	1	1	0	9	2	1	8	2	4	1	7	7	10	6	2	1
12332	chr14	35920141	INDEL	HG008N_absent_HPRC_other	exact_allele	absent: exact allele in HPRC	exact	AMR+EAS	2	2	CLM,KHV	2	shared	True	0	1	1	0	6	4	1	0	0	0	0	0	0	0	0	1	0	0	0	1	0	0	0	1	4	0	1	0	2	1	1	0	1	0
12358	chr14	38832335	INDEL	HG008N_absent_HPRC_other	exact_allele	absent: exact allele in HPRC	exact	AFR+AMR+EAS	3	12	ACB,ASW,ESN,GWD,MKK,MSL,YRI,CLM,PEL,PUR,CHS,KHV	27	shared	False	16	13	3	0	45	31	8	2	5	1	1	5	1	2	1	2	3	8	1	2	0	14	2	2	16	2	7	2	8	7	16	6	2	2
12365	chr14	39937207	INDEL	other_ambiguous		ambiguous	exact	AFR+AMR+EAS+SAS	4	12	ACB,ESN,GWD,MKK,MSL,YRI,CLM,PEL,PUR,CHS,KHV,PJL	37	shared	False	22	24	5	2	45	32	8	2	6	0	2	6	1	6	1	7	7	10	3	2	2	13	2	2	16	2	8	2	8	8	16	6	2	2
12366	chr14	39993251	INDEL	HG008N_absent_HPRC_other	exact_allele	absent: exact allele in HPRC	exact	AFR+AMR	2	9	ACB,ASW,GWD,MKK,MSL,YRI,CLM,PEL,PUR	21	shared	False	20	7	0	0	42	31	8	2	7	1	0	8	1	2	1	1	4	2	0	0	0	12	2	2	14	2	8	2	8	7	16	6	2	2
12370	chr14	41271428	INDEL	other_ambiguous		ambiguous	exact	none	0	0		0	none	False	0	0	0	0	34	31	5	2	0	0	0	0	0	0	0	0	0	0	0	0	0	12	1	1	11	2	6	1	8	8	15	3	2	2
12372	chr14	41370790	INDEL	HG008N_absent_HPRC_other	exact_allele	absent: exact allele in HPRC	exact	AFR+AMR+EAS+SAS	4	7	ASW,ESN,GWD,CLM,PUR,CHS,PJL	12	shared	False	6	5	2	1	34	22	5	2	0	1	1	4	0	0	0	1	0	4	2	0	1	13	2	1	10	1	5	2	5	7	10	3	2	2
12384	chr14	42273965	INDEL	HG008N_absent_HPRC_other	exact_allele	absent: exact allele in HPRC	exact	AFR+AMR+EAS	3	6	ACB,GWD,CLM,PEL,PUR,CHS	12	shared	False	5	7	3	0	37	31	7	2	1	0	0	4	0	0	0	3	2	2	3	0	0	11	2	1	13	2	6	2	7	8	16	5	2	2
12391	chr14	42817436	INDEL	HG008N_absent_HPRC_other	exact_allele	absent: exact allele in HPRC	exact	AFR+AMR	2	4	ACB,GWD,MSL,PUR	16	shared	False	15	2	0	0	44	32	8	2	5	0	0	8	0	2	0	0	0	2	0	0	0	13	2	2	16	1	8	2	8	8	16	6	2	2
12407	chr14	43941453	INDEL	HG008N_absent_HPRC_other	exact_allele	absent: exact allele in HPRC	exact	AFR+AMR	2	7	ACB,GWD,MKK,MSL,YRI,CLM,PUR	18	shared	False	20	5	0	0	36	30	7	1	12	0	0	3	1	3	1	3	0	2	0	0	0	13	2	2	10	1	7	1	8	8	14	5	2	1
12416	chr14	44753141	INDEL	HG008N_present_rare	other_hap_only	HG008-N present, rare	exact	AMR+EAS	2	3	PEL,CHS,KHV	5	shared	True	0	2	3	0	46	32	8	2	0	0	0	0	0	0	0	0	2	0	2	1	0	14	2	2	16	2	8	2	8	8	16	6	2	2
12419	chr14	44888154	INDEL	HG008N_absent_HPRC_other	exact_allele	absent: exact allele in HPRC	exact	AFR+AMR	2	6	ACB,ESN,GWD,MSL,CLM,PUR	9	shared	False	7	2	0	0	40	32	8	2	4	0	1	1	0	1	0	1	0	1	0	0	0	13	2	2	12	2	7	2	8	8	16	6	2	2
12421	chr14	45413733	INDEL	HG008N_absent_HPRC_other	exact_allele	absent: exact allele in HPRC	exact	AFR+AMR	2	3	ACB,GWD,PUR	4	shared	False	3	1	0	0	38	30	8	2	2	0	0	1	0	0	0	0	0	1	0	0	0	12	2	2	14	2	5	1	7	8	15	6	2	2
12435	chr14	47018733	INDEL	HG008N_absent_HPRC_other	exact_allele	absent: exact allele in HPRC	exact	AFR+AMR	2	3	ACB,CLM,PUR	8	shared	False	2	6	0	0	19	20	3	0	2	0	0	0	0	0	0	4	0	2	0	0	0	4	0	1	8	1	5	0	7	5	8	2	1	0
12438	chr14	47301295	INDEL	HG008N_absent_HPRC_other	exact_allele	absent: exact allele in HPRC	exact	AFR+AMR+EAS	3	3	GWD,CLM,CHS	4	shared	False	1	2	2	0	43	29	8	2	0	0	0	1	0	0	0	2	0	0	2	0	0	14	2	2	14	2	7	2	7	8	14	6	2	2
12442	chr14	47636784	INDEL	HG008N_absent_HPRC_other	exact_allele	absent: exact allele in HPRC	exact	AFR+AMR	2	6	ACB,GWD,MSL,YRI,CLM,PUR	12	shared	False	10	6	0	0	40	32	7	1	4	0	0	3	0	2	1	1	0	5	0	0	0	12	2	2	14	2	6	2	8	8	16	6	1	1
12462	chr14	49503391	INDEL	HG008N_absent_HPRC_other	exact_allele	absent: exact allele in HPRC	exact	AFR+AMR	2	4	ACB,GWD,CLM,PEL	8	shared	False	8	3	0	0	43	31	8	2	4	0	0	4	0	0	0	1	2	0	0	0	0	12	2	2	15	2	8	2	8	8	15	6	2	2
12466	chr14	50274274	INDEL	HG008N_absent_HPRC_other	exact_allele	absent: exact allele in HPRC	exact	AFR+AMR	2	6	ACB,ESN,GWD,MKK,MSL,CLM	8	shared	False	8	1	0	0	41	30	8	2	1	0	1	2	1	3	0	1	0	0	0	0	0	14	2	1	15	2	5	2	7	8	15	6	2	2
12487	chr14	52491368	INDEL	other_ambiguous		ambiguous	exact	none	0	0		0	none	False	0	0	0	0	37	30	7	2	0	0	0	0	0	0	0	0	0	0	0	0	0	13	2	2	11	2	5	2	8	8	14	6	1	2
12496	chr14	54507315	INDEL	HG008N_absent_HPRC_other	exact_allele	absent: exact allele in HPRC	exact	AFR+AMR+EAS	3	10	ACB,ESN,GWD,MKK,MSL,YRI,CLM,PUR,CHS,KHV	19	shared	False	16	4	5	0	38	31	8	2	6	0	1	4	1	3	1	1	0	3	3	2	0	12	2	2	13	1	7	1	8	8	15	6	2	2
12503	chr14	55777164	INDEL	HG008N_absent_HPRC_other	exact_allele	absent: exact allele in HPRC	exact	AFR+AMR+EAS+SAS	4	11	ACB,ASW,GWD,MKK,MSL,YRI,CLM,PEL,PUR,CHS,PJL	33	shared	False	26	16	2	1	44	32	8	2	7	1	0	9	2	6	1	4	6	6	2	0	1	14	2	2	14	2	8	2	8	8	16	6	2	2
12520	chr14	57586717	INDEL	HG008N_absent_HPRC_other	exact_allele	absent: exact allele in HPRC	exact	AFR+AMR+SAS	3	8	ACB,ESN,GWD,MSL,CLM,PEL,PUR,PJL	15	shared	False	6	10	0	1	24	24	6	1	2	0	1	1	0	2	0	1	3	6	0	0	1	7	2	1	9	1	3	1	5	7	12	4	2	1
12521	chr14	57617130	INDEL	HG008N_absent_HPRC_other	exact_allele	absent: exact allele in HPRC	exact	AFR+AMR+EAS+SAS	4	11	ACB,ASW,ESN,GWD,MKK,MSL,CLM,PEL,PUR,CHS,PJL	28	shared	False	20	14	1	2	40	30	8	2	5	1	2	8	1	3	0	4	2	8	1	0	2	12	1	2	14	2	7	2	8	8	14	6	2	2
12526	chr14	58198850	INDEL	HG008N_absent_HPRC_other	exact_allele	absent: exact allele in HPRC	exact	AFR+AMR	2	7	ACB,GWD,MKK,MSL,YRI,CLM,PUR	15	shared	False	9	10	0	0	46	32	8	2	3	0	0	3	1	1	1	3	0	7	0	0	0	14	2	2	16	2	8	2	8	8	16	6	2	2
12548	chr14	61261668	INDEL	HG008N_absent_HPRC_other	exact_allele	absent: exact allele in HPRC	exact	AFR+AMR+SAS	3	7	ACB,ESN,GWD,MSL,PEL,PUR,PJL	11	shared	False	7	3	0	1	46	32	8	1	1	0	1	3	0	2	0	0	1	2	0	0	1	14	2	2	16	2	8	2	8	8	16	6	2	1
12549	chr14	61303012	INDEL	HG008N_absent_HPRC_other	exact_allele	absent: exact allele in HPRC	exact	AFR+AMR	2	6	ACB,GWD,MKK,MSL,CLM,PUR	10	shared	False	8	2	0	0	35	26	6	2	2	0	0	2	1	3	0	1	0	1	0	0	0	10	2	1	13	2	5	2	6	6	14	5	1	2
12558	chr14	62571489	INDEL	HG008N_absent_HPRC_other	exact_allele	absent: exact allele in HPRC	exact	AFR	1	4	ACB,GWD,MSL,YRI	8	one superpopulation	False	10	0	0	0	45	31	8	2	1	0	0	6	0	2	1	0	0	0	0	0	0	14	2	2	15	2	8	2	8	8	15	6	2	2
12561	chr14	63102005	INDEL	other_ambiguous		ambiguous	exact	none	0	0		0	none	False	0	0	0	0	34	31	8	0	0	0	0	0	0	0	0	0	0	0	0	0	0	12	1	2	11	1	5	2	8	7	16	6	2	0
12565	chr14	63465450	INDEL	HG008N_absent_HPRC_other	exact_allele	absent: exact allele in HPRC	exact	AFR+AMR+EAS	3	7	ACB,GWD,MKK,CLM,PEL,PUR,CHS	11	shared	False	5	6	2	0	34	29	8	2	1	0	0	3	1	0	0	1	3	2	2	0	0	12	1	2	10	2	6	1	8	8	13	6	2	2
12574	chr14	65124899	INDEL	HG008N_absent_HPRC_other	exact_allele	absent: exact allele in HPRC	exact	AFR+AMR+EAS	3	5	ACB,GWD,PEL,PUR,CHS	6	shared	True	2	5	1	0	40	29	8	2	1	0	0	1	0	0	0	0	4	1	1	0	0	13	2	2	15	2	5	1	7	7	15	6	2	2
12578	chr14	65868864	INDEL	HG008N_absent_HPRC_other	exact_allele	absent: exact allele in HPRC	exact	AFR+AMR+EAS	3	4	ACB,YRI,PEL,KHV	4	shared	False	2	1	1	0	45	32	8	2	1	0	0	0	0	0	1	0	1	0	0	1	0	13	2	2	16	2	8	2	8	8	16	6	2	2
12607	chr14	68835056	INDEL	other_ambiguous		ambiguous	exact	none	0	0		0	none	False	0	0	0	0	43	28	8	2	0	0	0	0	0	0	0	0	0	0	0	0	0	14	2	2	15	2	6	2	7	7	14	6	2	2
12616	chr14	69883889	INDEL	HG008N_absent_HPRC_other	exact_allele	absent: exact allele in HPRC	exact	AFR+AMR+EAS+SAS	4	10	ACB,ESN,GWD,MKK,MSL,CLM,PEL,PUR,CHS,PJL	16	shared	False	13	8	2	1	40	26	7	2	3	0	2	3	1	4	0	2	2	4	2	0	1	13	2	2	11	2	8	2	7	8	11	6	1	2
12617	chr14	69919910	INDEL	HG008N_absent_HPRC_other	exact_allele	absent: exact allele in HPRC	exact	AFR+AMR+EAS+SAS	4	10	ACB,ASW,GWD,MSL,CLM,PEL,PUR,CHS,KHV,PJL	20	shared	False	8	11	3	1	30	23	7	2	3	2	0	1	0	2	0	4	5	2	2	1	1	9	2	2	8	1	8	0	6	8	9	5	2	2
12620	chr14	70280738	INDEL	HG008N_absent_HPRC_other	element_set_other_allele	absent: only the nodes in HPRC	nodes	AMR+SAS	2	3	CLM,PEL,PJL	4	shared	False	0	5	0	1	15	16	3	2	0	0	0	0	0	0	0	3	2	0	0	0	1	5	1	2	5	0	2	0	4	6	6	3	0	2
12631	chr14	71759376	INDEL	other_ambiguous		ambiguous	exact	none	0	0		0	none	False	0	0	0	0	26	26	6	1	0	0	0	0	0	0	0	0	0	0	0	0	0	9	1	1	8	1	4	2	8	8	10	4	2	1
12634	chr14	71953969	INDEL	HG008N_absent_HPRC_other	exact_allele	absent: exact allele in HPRC	exact	AFR+AMR+EAS+SAS	4	8	ACB,GWD,MSL,CLM,PEL,PUR,CHS,PJL	18	shared	False	12	8	2	2	35	30	7	2	6	0	0	4	0	2	0	1	3	4	2	0	2	10	2	2	12	1	7	1	8	8	14	6	1	2
12640	chr14	72298454	INDEL	HG008N_absent_HPRC_other	exact_allele	absent: exact allele in HPRC	exact	AFR+AMR+EAS	3	6	ACB,GWD,YRI,CLM,PUR,KHV	10	shared	False	5	4	1	0	28	30	8	2	3	0	0	1	0	0	1	2	0	2	0	1	0	11	2	1	6	1	5	2	8	8	14	6	2	2
12644	chr14	72475199	INDEL	HG008N_absent_HPRC_other	exact_allele	absent: exact allele in HPRC	exact	AFR+AMR+EAS	3	8	ACB,ASW,GWD,YRI,CLM,PEL,PUR,KHV	14	shared	False	4	10	1	0	37	24	8	2	1	1	0	1	0	0	1	5	2	3	0	1	0	13	2	2	11	2	5	2	8	6	10	6	2	2
12658	chr14	74705043	INDEL	HG008N_absent_HPRC_other	exact_allele	absent: exact allele in HPRC	exact	AFR+AMR+EAS	3	7	GWD,YRI,CLM,PEL,PUR,CHS,KHV	11	shared	False	3	5	3	0	43	32	8	2	0	0	0	2	0	0	1	2	1	2	2	1	0	13	2	2	14	2	8	2	8	8	16	6	2	2
12662	chr14	76608505	INDEL	HG008N_absent_HPRC_other	exact_allele	absent: exact allele in HPRC	exact	AFR+AMR+SAS	3	6	ACB,ASW,GWD,MSL,CLM,PJL	10	shared	False	9	1	0	1	44	32	8	2	3	2	0	1	0	3	0	1	0	0	0	0	1	14	2	2	14	2	8	2	8	8	16	6	2	2
12665	chr14	77419446	INDEL	HG008N_absent_HPRC_other	exact_allele	absent: exact allele in HPRC	exact	AFR+AMR+EAS+SAS	4	10	ACB,ASW,GWD,YRI,CLM,PEL,PUR,CHS,KHV,PJL	21	shared	True	6	13	8	2	34	29	8	2	3	1	0	1	0	0	1	3	4	6	6	2	2	12	2	1	10	2	5	2	8	8	13	6	2	2
12668	chr14	77788013	INDEL	HG008N_absent_HPRC_other	exact_allele	absent: exact allele in HPRC	exact	AFR	1	5	ACB,ASW,GWD,MKK,YRI	9	one superpopulation	False	9	0	0	0	29	6	0	0	4	1	0	2	1	0	1	0	0	0	0	0	0	9	1	1	11	1	5	1	0	1	5	0	0	0
12673	chr14	78312585	INDEL	HG008N_present_broad	other_hap_only	HG008-N present, broad	exact	AFR+AMR+EAS	3	9	ACB,ASW,ESN,GWD,MSL,YRI,CLM,PUR,CHS	23	shared	True	19	7	1	0	42	32	8	2	7	1	1	7	0	2	1	2	0	5	1	0	0	13	2	2	13	2	8	2	8	8	16	6	2	2
12678	chr14	78566380	INDEL	HG008N_absent_HPRC_other	exact_allele	absent: exact allele in HPRC	exact	AFR+AMR+EAS	3	9	ACB,ESN,GWD,MSL,YRI,PEL,PUR,CHS,KHV	19	shared	False	16	3	4	0	35	30	7	2	6	0	1	6	0	2	1	0	1	2	3	1	0	11	2	1	12	2	5	2	6	8	16	5	2	2
12680	chr14	78711434	INDEL	HG008N_absent_HPRC_other	exact_allele	absent: exact allele in HPRC	exact	AFR+AMR+EAS	3	8	ACB,ASW,GWD,MKK,MSL,YRI,PUR,KHV	13	shared	False	13	1	1	0	31	31	4	2	3	1	0	6	1	1	1	0	0	1	0	1	0	9	2	2	9	2	5	2	8	8	15	2	2	2
12682	chr14	78824103	INDEL	HG008N_absent_HPRC_other	exact_allele	absent: exact allele in HPRC	exact	AFR+AMR+EAS	3	3	GWD,PEL,CHS	3	shared	False	1	1	1	0	46	30	5	2	0	0	0	1	0	0	0	0	1	0	1	0	0	14	2	2	16	2	8	2	7	8	15	4	1	2
12683	chr14	78880239	INDEL	HG008N_absent_HPRC_other	exact_allele	absent: exact allele in HPRC	exact	AFR+AMR+EAS	3	10	ACB,ASW,ESN,GWD,MKK,MSL,YRI,PUR,CHS,KHV	20	shared	False	13	5	3	0	35	29	4	2	3	1	1	5	1	1	1	0	0	5	2	1	0	11	2	1	12	2	5	2	8	8	13	2	2	2
12691	chr14	79202074	INDEL	HG008N_absent_HPRC_other	exact_allele	absent: exact allele in HPRC	exact	AFR	1	2	ACB,GWD	7	one superpopulation	False	9	0	0	0	41	32	8	2	2	0	0	7	0	0	0	0	0	0	0	0	0	13	1	2	15	2	7	1	8	8	16	6	2	2
12709	chr14	80337207	INDEL	HG008N_absent_HPRC_other	exact_allele	absent: exact allele in HPRC	exact	AFR+AMR	2	7	ASW,ESN,GWD,MKK,MSL,CLM,PEL	8	shared	False	7	2	0	0	35	31	8	2	0	1	1	1	1	3	0	1	1	0	0	0	0	9	2	1	13	2	6	2	8	8	15	6	2	2
12727	chr14	82734676	INDEL	other_ambiguous		ambiguous	exact	none	0	0		0	none	False	0	0	0	0	44	31	6	1	0	0	0	0	0	0	0	0	0	0	0	0	0	13	2	2	15	2	8	2	8	8	15	4	2	1
12741	chr14	83286081	INDEL	other_ambiguous		ambiguous	exact	none	0	0		0	none	False	0	0	0	0	43	32	8	2	0	0	0	0	0	0	0	0	0	0	0	0	0	13	2	2	14	2	8	2	8	8	16	6	2	2
12744	chr14	83577812	INDEL	HG008N_absent_HPRC_other	exact_allele	absent: exact allele in HPRC	exact	AFR+AMR+EAS	3	8	ACB,GWD,MKK,MSL,CLM,PEL,PUR,CHS	11	shared	True	4	8	1	0	23	18	2	0	1	0	0	1	1	1	0	3	3	2	1	0	0	4	2	0	8	2	5	2	3	3	12	2	0	0
12748	chr14	83715679	INDEL	HG008N_absent_HPRC_other	exact_allele	absent: exact allele in HPRC	exact	AFR+AMR+SAS	3	10	ACB,ESN,GWD,MKK,MSL,YRI,CLM,PEL,PUR,PJL	16	shared	False	9	9	0	1	34	24	6	2	1	0	1	2	1	3	1	2	1	6	0	0	1	11	2	2	11	2	5	1	7	6	11	5	1	2
12751	chr14	83807615	INDEL	HG008N_absent_HPRC_other	exact_allele	absent: exact allele in HPRC	exact	AFR+AMR+EAS	3	10	ACB,ESN,GWD,MSL,YRI,CLM,PEL,PUR,CHS,KHV	21	shared	False	11	10	4	0	46	29	8	2	3	0	1	5	0	1	1	2	5	3	3	1	0	14	2	2	16	2	8	2	7	7	15	6	2	2
12759	chr14	84600780	INDEL	HG008N_absent_HPRC_other	exact_allele	absent: exact allele in HPRC	exact	AFR+AMR+EAS	3	5	ACB,GWD,CLM,PUR,CHS	12	shared	False	9	4	1	0	42	32	8	2	2	0	0	7	0	0	0	1	0	3	1	0	0	14	2	2	15	2	6	1	8	8	16	6	2	2
12764	chr14	84939246	INDEL	HG008N_absent_HPRC_other	exact_allele	absent: exact allele in HPRC	exact	AFR	1	5	ACB,ASW,ESN,GWD,MSL	15	one superpopulation	False	22	0	0	0	40	30	7	2	7	1	1	10	0	3	0	0	0	0	0	0	0	12	2	2	13	2	8	1	8	6	16	5	2	2
12766	chr14	84988934	SNV	HG008N_absent_HPRC_other	element_set_other_allele	absent: only the nodes in HPRC	nodes	AFR+AMR+EAS	3	11	ACB,ASW,ESN,GWD,MKK,MSL,YRI,CLM,PEL,PUR,CHS	25	shared	False	19	7	1	0	20	23	5	1	4	1	1	9	1	2	1	2	3	2	1	0	0	4	1	1	9	1	2	2	6	7	10	5	0	1
12767	chr14	85004836	INDEL	HG008N_absent_HPRC_other	exact_allele	absent: exact allele in HPRC	exact	AFR+AMR+EAS+SAS	4	7	ACB,GWD,MSL,PEL,PUR,CHS,PJL	15	shared	False	8	7	2	1	32	29	8	1	5	0	0	2	0	1	0	0	2	5	2	0	1	10	2	1	12	1	5	1	7	7	15	6	2	1
12768	chr14	85033274	INDEL	HG008N_absent_HPRC_other	exact_allele	absent: exact allele in HPRC	exact	AFR+AMR	2	5	ACB,ASW,ESN,GWD,CLM	10	shared	False	10	1	0	0	45	26	6	2	3	2	1	4	0	0	0	1	0	0	0	0	0	14	2	2	15	2	8	2	8	7	11	4	2	2
12774	chr14	85432919	INDEL	HG008N_absent_HPRC_other	exact_allele	absent: exact allele in HPRC	exact	AFR+AMR+EAS+SAS	4	9	ACB,ASW,ESN,GWD,MSL,PEL,PUR,CHS,PJL	15	shared	False	11	4	1	1	39	29	8	2	3	1	1	4	0	2	0	0	2	2	1	0	1	10	2	2	14	2	7	2	8	8	13	6	2	2
12787	chr14	86173328	INDEL	HG008N_absent_HPRC_other	element_set_other_allele	absent: only the nodes in HPRC	nodes	AFR+AMR+EAS	3	7	ACB,GWD,MSL,YRI,CLM,PUR,CHS	15	shared	False	15	2	1	0	34	25	6	2	6	0	0	6	0	2	1	1	0	1	1	0	0	10	2	0	12	2	7	1	7	6	12	5	1	2
12788	chr14	86226345	INDEL	HG008N_absent_HPRC_other	exact_allele	absent: exact allele in HPRC	exact	AFR+AMR+EAS	3	9	ACB,ESN,GWD,MKK,MSL,YRI,CLM,PUR,KHV	20	shared	True	15	6	1	0	46	32	8	2	4	0	1	4	1	4	1	2	0	4	0	1	0	14	2	2	16	2	8	2	8	8	16	6	2	2
12803	chr14	87373511	INDEL	HG008N_absent_HPRC_other	exact_allele	absent: exact allele in HPRC	exact	AFR+AMR	2	8	ACB,ASW,ESN,GWD,MKK,MSL,YRI,PUR	10	shared	False	11	1	0	0	37	31	8	2	4	1	1	1	1	2	1	0	0	1	0	0	0	12	2	1	12	2	6	2	8	8	15	6	2	2
12817	chr14	89064051	INDEL	HG008N_absent_HPRC_other	exact_allele	absent: exact allele in HPRC	exact	AFR+AMR	2	6	ACB,MKK,MSL,CLM,PEL,PUR	16	shared	False	7	13	0	0	13	17	1	0	2	0	0	0	1	4	0	7	2	4	0	0	0	2	0	0	4	1	5	1	7	3	7	1	0	0
12832	chr14	91429026	INDEL	HG008N_absent_HPRC_other	exact_allele	absent: exact allele in HPRC	exact	AFR+AMR+EAS	3	7	ACB,ESN,MSL,CLM,PEL,PUR,CHS	10	shared	False	8	4	2	0	33	24	8	2	4	0	1	0	0	3	0	1	1	2	2	0	0	12	1	1	10	1	7	1	6	8	10	6	2	2
12835	chr14	91531496	INDEL	HG008N_absent_HPRC_other	exact_allele	absent: exact allele in HPRC	exact	AFR+AMR	2	5	ACB,MSL,CLM,PEL,PUR	9	shared	False	2	9	0	0	40	29	7	2	1	0	0	0	0	1	0	5	1	3	0	0	0	13	2	1	13	2	7	2	7	8	14	6	1	2
12859	chr14	94704983	INDEL	HG008N_absent_HPRC_other	exact_allele	absent: exact allele in HPRC	exact	AFR	1	4	ACB,ASW,GWD,MKK	7	one superpopulation	False	7	0	0	0	35	27	8	1	2	1	0	3	1	0	0	0	0	0	0	0	0	11	2	0	12	2	6	2	8	7	12	6	2	1
12861	chr14	94864182	INDEL	HG008N_absent_HPRC_other	exact_allele	absent: exact allele in HPRC	exact	AFR+AMR	2	2	GWD,PUR	2	shared	False	1	1	0	0	17	13	1	0	0	0	0	1	0	0	0	0	0	1	0	0	0	6	2	1	3	1	3	1	5	2	6	1	0	0
12870	chr14	95665950	INDEL	HG008N_absent_HPRC_other	exact_allele	absent: exact allele in HPRC	exact	AFR+AMR+EAS+SAS	4	12	ACB,ESN,GWD,MKK,MSL,YRI,CLM,PEL,PUR,CHS,KHV,PJL	27	shared	False	16	11	6	2	36	27	6	2	5	0	1	6	1	2	1	3	5	3	4	2	2	11	0	1	15	2	5	2	8	7	12	4	2	2
12871	chr14	95689322	INDEL	HG008N_absent_HPRC_other	exact_allele	absent: exact allele in HPRC	exact	AFR+AMR	2	6	ACB,GWD,MSL,CLM,PEL,PUR	16	shared	False	10	9	0	0	45	32	8	2	2	0	0	5	0	3	0	2	5	2	0	0	0	13	2	2	16	2	8	2	8	8	16	6	2	2
12872	chr14	95708474	INDEL	other_ambiguous		ambiguous	exact	none	0	0		0	none	False	0	0	0	0	19	19	7	1	0	0	0	0	0	0	0	0	0	0	0	0	0	5	2	0	8	1	2	1	6	3	10	5	2	1
12873	chr14	95884875	INDEL	other_ambiguous		ambiguous	exact	none	0	0		0	none	True	0	0	0	0	44	31	8	2	0	0	0	0	0	0	0	0	0	0	0	0	0	14	2	2	14	2	8	2	8	8	15	6	2	2
12886	chr14	97419021	INDEL	HG008N_absent_HPRC_other	recombinant_pieces	absent: only the nodes in HPRC	nodes	none	0	0		0	none	False	0	0	0	0	40	32	6	2	0	0	0	0	0	0	0	0	0	0	0	0	0	14	2	2	13	2	6	1	8	8	16	5	1	2
12893	chr14	97868754	INDEL	HG008N_absent_HPRC_other	exact_allele	absent: exact allele in HPRC	exact	AFR+AMR	2	5	ACB,GWD,MSL,PEL,PUR	7	shared	False	3	6	0	0	44	31	7	2	1	0	0	1	0	1	0	0	5	1	0	0	0	14	2	2	16	2	6	2	7	8	16	6	1	2
12897	chr14	98247482	INDEL	HG008N_absent_HPRC_other	exact_allele	absent: exact allele in HPRC	exact	AFR+AMR	2	5	ACB,GWD,MSL,PEL,PUR	12	shared	False	7	7	0	0	29	21	6	0	1	0	0	3	0	3	0	0	4	3	0	0	0	8	1	1	10	2	5	2	3	6	12	5	1	0
12899	chr14	98307277	INDEL	HG008N_absent_HPRC_other	exact_allele	absent: exact allele in HPRC	exact	AFR+AMR+EAS	3	9	ACB,ASW,GWD,MKK,MSL,PEL,PUR,CHS,KHV	20	shared	False	13	8	3	0	38	25	6	2	3	1	0	4	1	4	0	0	5	3	2	1	0	11	2	2	13	2	7	1	8	8	9	4	2	2
12905	chr14	98592659	INDEL	HG008N_absent_HPRC_other	exact_allele	absent: exact allele in HPRC	exact	AFR+AMR+EAS+SAS	4	11	ACB,ASW,ESN,GWD,MKK,MSL,CLM,PEL,PUR,CHS,PJL	35	shared	False	28	18	1	1	43	32	7	2	8	2	1	11	1	5	0	5	3	10	1	0	1	12	2	2	15	2	8	2	8	8	16	6	1	2
12917	chr14	100656568	INDEL	other_ambiguous		ambiguous	exact	none	0	0		0	none	False	0	0	0	0	40	27	5	2	0	0	0	0	0	0	0	0	0	0	0	0	0	11	2	1	15	2	7	2	6	6	15	4	1	2
12922	chr14	100977771	INDEL	HG008N_absent_HPRC_other	exact_allele	absent: exact allele in HPRC	exact	AFR+AMR	2	8	ACB,ASW,GWD,MKK,MSL,CLM,PEL,PUR	21	shared	False	18	9	0	0	44	24	7	2	3	2	0	8	1	4	0	3	3	3	0	0	0	12	2	2	16	2	8	2	7	7	10	5	2	2
12923	chr14	101078141	INDEL	HG008N_absent_HPRC_other	exact_allele	absent: exact allele in HPRC	exact	AFR+AMR+EAS+SAS	4	5	GWD,CLM,PUR,KHV,PJL	8	shared	False	2	4	1	1	32	28	2	2	0	0	0	2	0	0	0	1	0	3	0	1	1	7	1	1	13	2	7	1	7	6	15	1	1	2
12928	chr14	101699643	INDEL	HG008N_absent_HPRC_other	exact_allele	absent: exact allele in HPRC	exact	AFR+AMR+EAS	3	7	ACB,GWD,MSL,YRI,CLM,PUR,CHS	17	shared	False	12	4	2	0	39	32	7	2	6	0	0	4	0	1	1	1	0	3	2	0	0	14	1	0	14	2	7	1	8	8	16	6	1	2
12963	chr15	23411311	INDEL	other_ambiguous		ambiguous	exact	none	0	0		0	none	False	0	0	0	0	9	13	3	2	0	0	0	0	0	0	0	0	0	0	0	0	0	2	0	1	4	1	1	0	6	1	6	3	0	2
12969	chr15	23831423	INDEL	HG008N_absent_HPRC_other	exact_allele	absent: exact allele in HPRC	exact	AFR+AMR+EAS+SAS	4	8	ACB,GWD,MSL,CLM,PEL,PUR,CHS,PJL	14	shared	False	8	4	3	2	45	31	8	2	6	0	0	1	0	1	0	1	2	1	3	0	2	14	2	2	16	2	7	2	8	8	15	6	2	2
12971	chr15	23953484	INDEL	HG008N_absent_HPRC_other	exact_allele	absent: exact allele in HPRC	exact	AFR+AMR+EAS+SAS	4	12	ACB,ASW,ESN,GWD,MKK,MSL,YRI,CLM,PEL,PUR,CHS,PJL	31	shared	False	22	11	4	1	37	26	7	2	7	1	1	8	2	2	1	1	2	8	4	0	1	14	2	1	12	2	4	2	4	8	14	5	2	2
12972	chr15	24280544	INDEL	HG008N_absent_HPRC_other	exact_allele	absent: exact allele in HPRC	exact	AFR+AMR+EAS	3	10	ACB,ASW,ESN,GWD,MSL,CLM,PEL,PUR,CHS,KHV	24	shared	False	11	15	5	0	39	29	8	2	4	1	1	4	0	1	0	4	5	6	4	1	0	13	2	2	13	1	6	2	8	8	13	6	2	2
12992	chr15	25915894	INDEL	HG008N_absent_HPRC_other	exact_allele	absent: exact allele in HPRC	exact	AFR+AMR	2	8	ACB,ASW,ESN,GWD,MKK,MSL,CLM,PUR	10	shared	True	8	3	0	0	46	32	8	2	1	2	1	2	1	1	0	1	0	2	0	0	0	14	2	2	16	2	8	2	8	8	16	6	2	2
12993	chr15	25938689	INDEL	HG008N_present_broad	other_hap_only	HG008-N present, broad	exact	AFR+AMR	2	6	ACB,GWD,MSL,CLM,PEL,PUR	15	shared	False	8	7	0	0	29	28	8	2	2	0	0	5	0	1	0	3	1	3	0	0	0	8	2	1	10	1	6	1	8	8	12	6	2	2
13002	chr15	27101842	INDEL	HG008N_absent_HPRC_other	exact_allele	absent: exact allele in HPRC	exact	AFR+AMR+EAS	3	6	GWD,MSL,CLM,PUR,CHS,KHV	10	shared	False	4	5	2	0	38	27	4	2	0	0	0	2	0	2	0	1	0	4	1	1	0	12	1	1	13	1	8	2	7	8	12	3	1	2
13012	chr15	27734151	INDEL	HG008N_absent_HPRC_other	exact_allele	absent: exact allele in HPRC	exact	AFR	1	5	ACB,ESN,GWD,MKK,MSL	8	one superpopulation	False	10	0	0	0	45	32	8	2	3	0	1	3	1	2	0	0	0	0	0	0	0	13	2	2	16	2	8	2	8	8	16	6	2	2
13016	chr15	27832830	INDEL	HG008N_absent_HPRC_other	exact_allele	absent: exact allele in HPRC	exact	AFR	1	5	ACB,ESN,GWD,MKK,MSL	15	one superpopulation	False	22	0	0	0	40	25	7	1	7	0	1	8	2	4	0	0	0	0	0	0	0	14	1	2	13	2	6	2	7	7	11	6	1	1
13027	chr15	29026759	INDEL	HG008N_absent_HPRC_other	exact_allele	absent: exact allele in HPRC	exact	AFR+AMR+EAS+SAS	4	12	ACB,ASW,ESN,GWD,MKK,MSL,YRI,CLM,PEL,PUR,CHS,PJL	35	shared	False	32	10	2	2	41	31	8	2	10	1	1	13	1	5	1	2	4	4	2	0	2	13	2	2	16	1	6	1	8	8	15	6	2	2
13036	chr15	29423631	INDEL	HG008N_absent_HPRC_other	exact_allele	absent: exact allele in HPRC	exact	AFR+AMR+EAS	3	9	ACB,ASW,GWD,MSL,YRI,CLM,PEL,CHS,KHV	22	shared	False	19	3	4	0	46	32	8	2	5	1	0	7	0	4	2	2	1	0	3	1	0	14	2	2	16	2	8	2	8	8	16	6	2	2
13046	chr15	30332229	INDEL	HG008N_absent_HPRC_other	exact_allele	absent: exact allele in HPRC	exact	AFR+AMR+EAS+SAS	4	9	ACB,GWD,MKK,MSL,CLM,PUR,CHS,KHV,PJL	19	shared	False	8	8	3	2	20	10	5	2	2	0	0	4	1	1	0	1	0	7	2	1	2	8	0	0	6	2	3	1	2	0	8	4	1	2
13060	chr15	31991738	INDEL	HG008N_present_rare	other_hap_only	HG008-N present, rare	exact	AFR+AMR	2	5	ACB,ESN,GWD,CLM,PUR	11	shared	False	9	4	0	0	39	32	8	2	2	0	1	6	0	0	0	2	0	2	0	0	0	13	2	2	14	1	5	2	8	8	16	6	2	2
13063	chr15	32064482	INDEL	other_ambiguous		ambiguous	exact	none	0	0		0	none	False	0	0	0	0	43	32	8	2	0	0	0	0	0	0	0	0	0	0	0	0	0	13	2	2	15	2	7	2	8	8	16	6	2	2
13069	chr15	33180744	INDEL	HG008N_absent_HPRC_other	exact_allele	absent: exact allele in HPRC	exact	AFR+AMR	2	3	ACB,YRI,PUR	8	shared	False	7	2	0	0	42	32	8	2	5	0	0	0	0	0	2	0	0	2	0	0	0	13	1	2	14	2	8	2	8	8	16	6	2	2
13070	chr15	33236816	INDEL	HG008N_absent_HPRC_other	exact_allele	absent: exact allele in HPRC	exact	AFR+AMR+EAS	3	6	ASW,GWD,MSL,CLM,PUR,KHV	8	shared	False	4	3	1	0	36	25	7	1	0	1	0	1	0	2	0	2	0	1	0	1	0	11	1	2	12	2	7	1	4	6	15	5	2	1
13084	chr15	35448984	INDEL	HG008N_absent_HPRC_other	exact_allele	absent: exact allele in HPRC	exact	AFR+EAS	2	2	MSL,CHS	2	shared	True	2	0	1	0	44	32	8	2	0	0	0	0	0	2	0	0	0	0	1	0	0	12	2	2	16	2	8	2	8	8	16	6	2	2
13085	chr15	35684951	INDEL	HG008N_absent_HPRC_other	exact_allele	absent: exact allele in HPRC	exact	AFR+AMR	2	5	GWD,MSL,CLM,PEL,PUR	7	shared	True	3	5	0	0	40	32	8	2	0	0	0	2	0	1	0	2	1	2	0	0	0	13	2	2	11	2	8	2	8	8	16	6	2	2
13109	chr15	38632107	INDEL	HG008N_absent_HPRC_other	exact_allele	absent: exact allele in HPRC	exact	AFR+AMR+EAS	3	6	ACB,GWD,MKK,PEL,PUR,CHS	10	shared	False	6	4	2	0	39	30	8	2	1	0	0	4	1	0	0	0	2	2	2	0	0	9	2	1	16	2	7	2	8	7	15	6	2	2
13113	chr15	38919142	INDEL	HG008N_absent_HPRC_other	element_set_other_allele	absent: only the nodes in HPRC	nodes	AFR+AMR+EAS	3	3	GWD,PUR,CHS	3	shared	False	1	1	1	0	24	24	8	1	0	0	0	1	0	0	0	0	0	1	1	0	0	7	2	0	8	2	5	0	7	5	12	6	2	1
13123	chr15	41301970	INDEL	HG008N_absent_HPRC_other	exact_allele	absent: exact allele in HPRC	exact	AFR+AMR+SAS	3	6	ACB,GWD,MSL,CLM,PUR,PJL	10	shared	False	5	4	0	1	27	24	8	2	2	0	0	1	0	2	0	3	0	1	0	0	1	10	1	0	10	1	4	1	7	6	11	6	2	2
13127	chr15	42026972	INDEL	HG008N_absent_HPRC_other	exact_allele	absent: exact allele in HPRC	exact	AFR+AMR+EAS+SAS	4	13	ACB,ASW,ESN,GWD,MKK,MSL,YRI,CLM,PEL,PUR,CHS,KHV,PJL	34	shared	False	25	16	6	1	42	31	8	2	6	2	2	7	1	6	1	4	3	9	4	2	1	13	2	2	13	2	8	2	7	8	16	6	2	2
13176	chr15	47848719	INDEL	HG008N_absent_HPRC_other	exact_allele	absent: exact allele in HPRC	exact	AFR+AMR+EAS+SAS	4	13	ACB,ASW,ESN,GWD,MKK,MSL,YRI,CLM,PEL,PUR,CHS,KHV,PJL	39	shared	True	37	16	8	1	41	32	8	2	13	1	2	12	1	6	2	3	5	8	6	2	1	13	1	2	14	2	7	2	8	8	16	6	2	2
13188	chr15	48619875	INDEL	HG008N_absent_HPRC_other	exact_allele	absent: exact allele in HPRC	exact	AFR+AMR	2	7	ACB,ASW,ESN,GWD,CLM,PEL,PUR	11	shared	False	4	7	0	0	45	32	8	2	1	1	1	1	0	0	0	1	1	5	0	0	0	14	2	2	15	2	8	2	8	8	16	6	2	2
13199	chr15	49857146	SNV	HG008N_absent_HPRC_other	exact_allele	absent: exact allele in HPRC	exact	AFR+AMR+EAS	3	9	ACB,GWD,MSL,YRI,CLM,PEL,PUR,CHS,KHV	23	shared	False	13	8	3	0	33	30	7	2	6	0	0	3	0	3	1	1	2	5	2	1	0	12	1	1	10	1	7	1	7	8	15	5	2	2
13202	chr15	50054783	INDEL	HG008N_absent_HPRC_other	exact_allele	absent: exact allele in HPRC	exact	AFR+AMR+EAS	3	5	ACB,GWD,CLM,PUR,CHS	11	shared	False	7	3	1	0	29	21	7	1	3	0	0	4	0	0	0	1	0	2	1	0	0	9	0	1	10	2	6	1	4	7	10	5	2	1
13206	chr15	51519636	INDEL	HG008N_absent_HPRC_other	exact_allele	absent: exact allele in HPRC	exact	AFR+AMR	2	6	ACB,GWD,MSL,CLM,PEL,PUR	9	shared	False	3	7	0	0	43	31	8	2	1	0	0	1	0	1	0	2	3	2	0	0	0	12	2	2	15	2	8	2	8	8	15	6	2	2
13209	chr15	51710752	INDEL	HG008N_absent_HPRC_other	exact_allele	absent: exact allele in HPRC	exact	AFR+AMR	2	7	ACB,ESN,GWD,MSL,YRI,PEL,PUR	21	shared	False	24	4	0	0	43	31	8	2	7	0	2	10	0	3	2	0	2	2	0	0	0	13	2	2	16	2	6	2	7	8	16	6	2	2
13211	chr15	52132636	INDEL	HG008N_absent_HPRC_other	exact_allele	absent: exact allele in HPRC	exact	AFR	1	3	ACB,GWD,MSL	7	one superpopulation	False	9	0	0	0	30	25	7	1	3	0	0	3	0	3	0	0	0	0	0	0	0	11	1	1	9	1	5	2	6	6	13	6	1	1
13215	chr15	52899958	INDEL	HG008N_absent_HPRC_other	exact_allele	absent: exact allele in HPRC	exact	AFR+AMR+EAS	3	6	ACB,ESN,GWD,MKK,PEL,KHV	7	shared	False	7	1	1	0	46	32	5	2	2	0	2	1	2	0	0	0	1	0	0	1	0	14	2	2	16	2	8	2	8	8	16	4	1	2
13218	chr15	53250051	INDEL	other_ambiguous		ambiguous	exact	none	0	0		0	none	False	0	0	0	0	17	31	6	2	0	0	0	0	0	0	0	0	0	0	0	0	0	4	0	1	8	1	3	0	8	7	16	4	2	2
13220	chr15	53655230	INDEL	HG008N_absent_HPRC_other	exact_allele	absent: exact allele in HPRC	exact	AFR+AMR	2	3	ACB,PEL,PUR	4	shared	False	1	3	0	0	39	30	8	2	1	0	0	0	0	0	0	0	1	2	0	0	0	12	2	2	12	2	7	2	7	8	15	6	2	2
13226	chr15	54093192	INDEL	HG008N_absent_HPRC_other	exact_allele	absent: exact allele in HPRC	exact	AFR+AMR	2	7	ACB,ASW,ESN,GWD,MSL,YRI,PUR	11	shared	False	11	2	0	0	46	32	8	2	2	1	1	3	0	2	2	0	0	2	0	0	0	14	2	2	16	2	8	2	8	8	16	6	2	2
13240	chr15	55708148	INDEL	HG008N_absent_HPRC_other	exact_allele	absent: exact allele in HPRC	exact	AFR+AMR+SAS	3	6	ASW,GWD,CLM,PEL,PUR,PJL	11	shared	False	3	9	0	1	26	23	8	1	0	1	0	2	0	0	0	2	2	5	0	0	1	6	2	2	8	1	6	1	6	8	9	6	2	1
13241	chr15	55756022	INDEL	HG008N_absent_HPRC_other	exact_allele	absent: exact allele in HPRC	exact	AFR+AMR+EAS+SAS	4	10	ACB,GWD,MKK,MSL,YRI,PEL,PUR,CHS,KHV,PJL	19	shared	False	18	3	2	1	46	31	8	2	5	0	0	6	1	5	1	0	2	1	1	1	1	14	2	2	16	2	8	2	7	8	16	6	2	2
13242	chr15	55777099	INDEL	other_ambiguous		ambiguous	exact	none	0	0		0	none	False	0	0	0	0	27	22	6	0	0	0	0	0	0	0	0	0	0	0	0	0	0	9	1	1	7	2	6	1	4	6	12	4	2	0
13270	chr15	60645797	INDEL	HG008N_absent_HPRC_other	exact_allele	absent: exact allele in HPRC	exact	AFR	1	2	ACB,ASW	2	one superpopulation	False	2	0	0	0	39	31	8	2	1	1	0	0	0	0	0	0	0	0	0	0	0	13	1	2	12	2	8	1	7	8	16	6	2	2
13273	chr15	61277731	INDEL	HG008N_absent_HPRC_other	exact_allele	absent: exact allele in HPRC	exact	AFR+AMR	2	6	ACB,ESN,GWD,MKK,YRI,PUR	13	shared	False	13	1	0	0	38	30	5	2	3	0	1	7	1	0	1	0	0	1	0	0	0	14	1	1	15	2	3	2	8	7	15	3	2	2
13274	chr15	61300541	INDEL	HG008N_absent_HPRC_other	exact_allele	absent: exact allele in HPRC	exact	AFR+AMR+EAS	3	11	ACB,ASW,ESN,GWD,MKK,MSL,YRI,CLM,PUR,CHS,KHV	30	shared	False	30	7	3	0	44	32	8	2	8	1	1	13	2	4	1	1	0	6	2	1	0	14	2	2	15	2	7	2	8	8	16	6	2	2
13284	chr15	62465104	INDEL	HG008N_present_broad	other_hap_only	HG008-N present, broad	exact	AFR+AMR+EAS+SAS	4	12	ACB,ESN,GWD,MKK,MSL,YRI,CLM,PEL,PUR,CHS,KHV,PJL	27	shared	False	17	11	5	2	43	31	8	2	6	0	1	4	1	4	1	2	5	4	3	2	2	12	2	2	16	2	7	2	7	8	16	6	2	2
13288	chr15	63197370	INDEL	HG008N_absent_HPRC_other	exact_allele	absent: exact allele in HPRC	exact	AFR+AMR	2	5	ACB,GWD,MSL,PEL,PUR	6	shared	False	4	2	0	0	41	32	8	2	1	0	0	1	0	2	0	0	1	1	0	0	0	13	2	2	13	2	8	1	8	8	16	6	2	2
13290	chr15	64006036	INDEL	HG008N_absent_HPRC_other	exact_allele	absent: exact allele in HPRC	exact	AFR+AMR	2	5	ACB,ESN,MSL,PEL,PUR	6	shared	False	4	3	0	0	41	30	8	2	1	0	1	0	0	2	0	0	2	1	0	0	0	12	2	2	14	2	7	2	8	8	14	6	2	2
13310	chr15	69045536	INDEL	HG008N_present_broad	other_hap_only	HG008-N present, broad	exact	AFR+AMR+EAS+SAS	4	6	GWD,YRI,CLM,PUR,KHV,PJL	9	shared	False	2	6	1	1	13	15	4	1	0	0	0	1	0	0	1	1	0	5	0	1	1	5	2	1	4	0	0	1	3	3	9	2	2	1
13313	chr15	69409223	INDEL	HG008N_absent_HPRC_other	exact_allele	absent: exact allele in HPRC	exact	AFR+AMR+EAS+SAS	4	9	ACB,ESN,GWD,MSL,CLM,PUR,CHS,KHV,PJL	20	shared	False	13	5	3	1	33	29	6	2	3	0	1	5	0	4	0	1	0	4	2	1	1	10	2	1	12	2	6	0	8	7	14	5	1	2
13319	chr15	70785203	INDEL	HG008N_absent_HPRC_other	exact_allele	absent: exact allele in HPRC	exact	AFR+SAS	2	4	ACB,GWD,MSL,PJL	4	shared	False	4	0	0	1	42	31	8	2	1	0	0	1	0	2	0	0	0	0	0	0	1	14	2	2	14	2	6	2	8	8	15	6	2	2
13323	chr15	71332892	INDEL	HG008N_absent_HPRC_other	exact_allele	absent: exact allele in HPRC	exact	AFR+AMR+EAS	3	7	GWD,MKK,MSL,CLM,PEL,PUR,KHV	7	shared	True	3	4	1	0	27	20	2	1	0	0	0	1	1	1	0	1	2	1	0	1	0	8	0	0	12	2	4	1	5	4	11	1	1	1
13330	chr15	73008827	INDEL	HG008N_absent_HPRC_other	exact_allele	absent: exact allele in HPRC	exact	AFR+AMR+EAS+SAS	4	10	ACB,ASW,GWD,MKK,MSL,CLM,PEL,PUR,CHS,PJL	22	shared	False	10	12	3	2	26	29	8	2	2	2	0	4	1	1	0	5	3	4	3	0	2	7	2	0	9	2	4	2	8	8	13	6	2	2
13344	chr15	74875902	INDEL	HG008N_absent_HPRC_other	exact_allele	absent: exact allele in HPRC	exact	AFR+AMR+EAS+SAS	4	8	ACB,ASW,GWD,MSL,CLM,PUR,CHS,PJL	17	shared	False	9	5	4	1	41	32	8	2	4	1	0	1	0	3	0	2	0	3	4	0	1	13	2	2	14	1	7	2	8	8	16	6	2	2
13356	chr15	76512865	SNV	HG008N_absent_HPRC_other	exact_allele	absent: exact allele in HPRC	exact	AFR+AMR+EAS	3	7	ACB,ESN,GWD,MSL,CLM,PUR,CHS	12	shared	False	8	3	1	0	45	32	7	2	2	0	1	3	0	2	0	1	0	2	1	0	0	14	2	2	16	1	8	2	8	8	16	5	2	2
13357	chr15	77226044	INDEL	HG008N_absent_HPRC_other	exact_allele	absent: exact allele in HPRC	exact	AFR+AMR	2	6	ACB,ESN,GWD,MSL,CLM,PEL	8	shared	False	5	4	0	0	11	8	1	0	1	0	1	1	0	2	0	2	2	0	0	0	0	3	0	1	3	1	3	0	4	2	2	0	1	0
13366	chr15	78514910	SNV	HG008N_absent_HPRC_other	exact_allele	absent: exact allele in HPRC	exact	AFR+AMR	2	2	ACB,PUR	4	shared	False	3	1	0	0	29	28	3	1	3	0	0	0	0	0	0	0	0	1	0	0	0	11	1	2	9	1	4	1	8	8	12	3	0	1
13384	chr15	81591416	INDEL	HG008N_absent_HPRC_other	exact_allele	absent: exact allele in HPRC	exact	AFR+AMR+EAS	3	8	ACB,ASW,ESN,GWD,MSL,YRI,PUR,KHV	12	shared	False	13	1	1	0	43	32	8	2	3	1	2	2	0	4	1	0	0	1	0	1	0	13	2	2	14	2	8	2	8	8	16	6	2	2
13387	chr15	81898400	INDEL	HG008N_absent_HPRC_other	exact_allele	absent: exact allele in HPRC	exact	AFR+AMR	2	7	ACB,GWD,MSL,YRI,CLM,PEL,PUR	13	shared	False	9	5	0	0	36	31	7	2	1	0	0	3	0	3	2	2	1	2	0	0	0	12	2	2	9	2	7	2	8	8	15	5	2	2
13407	chr15	83610975	INDEL	HG008N_present_rare	other_hap_only	HG008-N present, rare	exact	AMR+EAS+SAS	3	4	PEL,PUR,CHS,PJL	4	shared	True	0	2	1	1	39	23	8	2	0	0	0	0	0	0	0	0	1	1	1	0	1	13	2	2	14	2	4	2	3	6	14	6	2	2
13412	chr15	84019076	INDEL	HG008N_absent_HPRC_other	exact_allele	absent: exact allele in HPRC	exact	AFR+AMR+EAS	3	8	ACB,ASW,ESN,GWD,MSL,PEL,PUR,CHS	18	shared	False	16	5	1	0	34	14	5	2	4	2	2	5	0	3	0	0	1	4	1	0	0	11	2	2	11	1	5	2	4	2	8	3	2	2
13414	chr15	84137448	INDEL	HG008N_absent_HPRC_other	exact_allele	absent: exact allele in HPRC	exact	AFR+AMR+EAS	3	7	ACB,GWD,MSL,CLM,PEL,PUR,CHS	12	shared	False	8	4	1	0	43	32	8	2	3	0	0	3	0	2	0	1	1	2	1	0	0	14	2	2	14	2	7	2	8	8	16	6	2	2
13423	chr15	86160099	INDEL	HG008N_absent_HPRC_other	exact_allele	absent: exact allele in HPRC	exact	AFR+AMR+EAS	3	6	ACB,GWD,MKK,MSL,PUR,CHS	13	shared	False	11	2	2	0	37	31	8	2	4	0	0	3	1	3	0	0	0	2	2	0	0	11	2	1	14	1	6	2	8	8	15	6	2	2
13432	chr15	86827938	INDEL	HG008N_absent_HPRC_other	exact_allele	absent: exact allele in HPRC	exact	AFR+AMR+EAS	3	8	ACB,ASW,GWD,MSL,CLM,PEL,PUR,CHS	15	shared	False	9	8	1	0	35	22	6	0	5	1	0	2	0	1	0	1	1	6	1	0	0	13	2	2	8	2	6	2	7	5	10	4	2	0
13433	chr15	86838941	INDEL	HG008N_absent_HPRC_other	exact_allele	absent: exact allele in HPRC	exact	AFR+AMR+EAS	3	10	ACB,ESN,GWD,MKK,MSL,CLM,PEL,PUR,CHS,KHV	23	shared	False	14	10	2	0	41	28	7	0	4	0	1	6	1	2	0	2	4	4	1	1	0	13	2	2	14	2	6	2	6	8	14	6	1	0
13435	chr15	86925720	INDEL	HG008N_absent_HPRC_other	exact_allele	absent: exact allele in HPRC	exact	AFR+AMR	2	5	GWD,MSL,CLM,PEL,PUR	10	shared	False	3	7	0	0	39	31	8	2	0	0	0	2	0	1	0	1	1	5	0	0	0	12	1	1	15	2	7	1	7	8	16	6	2	2
13437	chr15	86980885	INDEL	HG008N_absent_HPRC_other	exact_allele	absent: exact allele in HPRC	exact	AFR+AMR	2	6	ACB,ASW,GWD,MKK,CLM,PUR	12	shared	False	7	7	0	0	36	28	8	2	3	1	0	2	1	0	0	1	0	6	0	0	0	11	2	2	13	2	6	0	7	6	15	6	2	2
13442	chr15	87158400	INDEL	HG008N_absent_HPRC_other	exact_allele	absent: exact allele in HPRC	exact	AFR+AMR+EAS	3	9	ACB,ASW,GWD,MKK,MSL,CLM,PEL,PUR,CHS	13	shared	False	5	8	1	0	22	30	7	2	1	1	0	1	1	1	0	2	2	4	1	0	0	7	2	0	10	1	2	0	8	8	14	5	2	2
13445	chr15	87770696	SNV	HG008N_absent_HPRC_other	recombinant_pieces	absent: only the nodes in HPRC	nodes	none	0	0		0	none	False	0	0	0	0	43	31	8	2	0	0	0	0	0	0	0	0	0	0	0	0	0	12	2	2	16	2	7	2	8	8	15	6	2	2
13446	chr15	87770697	SNV	HG008N_absent_HPRC_other	exact_allele	absent: exact allele in HPRC	exact	EAS	1	1	CHS	1	one individual	False	0	0	1	0	43	31	8	2	0	0	0	0	0	0	0	0	0	0	1	0	0	12	2	2	16	2	7	2	8	8	15	6	2	2
13448	chr15	87898823	INDEL	HG008N_absent_HPRC_other	exact_allele	absent: exact allele in HPRC	exact	AFR+AMR+EAS+SAS	4	9	ACB,ASW,GWD,CLM,PEL,PUR,CHS,KHV,PJL	21	shared	False	6	18	6	2	33	31	7	2	4	1	0	1	0	0	0	5	6	7	5	1	2	10	1	1	12	2	5	2	8	8	15	5	2	2
13466	chr15	90353425	INDEL	HG008N_absent_HPRC_other	exact_allele	absent: exact allele in HPRC	exact	AFR+AMR+EAS+SAS	4	11	ACB,ESN,GWD,MKK,MSL,YRI,CLM,PUR,CHS,KHV,PJL	17	shared	False	12	4	2	1	26	28	7	2	3	0	2	3	1	1	2	1	0	3	1	1	1	7	0	2	10	1	4	2	8	7	13	5	2	2
13479	chr15	91850267	INDEL	HG008N_absent_HPRC_other	recombinant_pieces	absent: only the nodes in HPRC	nodes	none	0	0		0	none	False	0	0	0	0	25	24	6	2	0	0	0	0	0	0	0	0	0	0	0	0	0	9	1	1	8	2	2	2	7	8	9	5	1	2
13481	chr15	92147988	SNV	HG008N_absent_HPRC_other	exact_allele	absent: exact allele in HPRC	exact	AFR+AMR+EAS+SAS	4	11	ACB,GWD,MKK,MSL,YRI,CLM,PEL,PUR,CHS,KHV,PJL	33	shared	True	24	16	4	1	46	32	8	2	6	0	0	10	1	6	1	4	4	8	3	1	1	14	2	2	16	2	8	2	8	8	16	6	2	2
13485	chr15	92716246	INDEL	HG008N_absent_HPRC_other	exact_allele	absent: exact allele in HPRC	exact	AFR+AMR	2	7	ACB,ASW,GWD,MKK,MSL,YRI,PUR	15	shared	False	16	2	0	0	43	32	6	2	5	1	0	3	1	5	1	0	0	2	0	0	0	14	2	2	13	2	8	2	8	8	16	5	1	2
13486	chr15	92721955	INDEL	HG008N_present_broad	other_hap_only	HG008-N present, broad	exact	AFR+AMR+EAS	3	9	ACB,GWD,MSL,YRI,CLM,PEL,PUR,CHS,KHV	23	shared	False	12	13	3	0	44	31	8	2	7	0	0	3	0	1	1	3	6	4	1	2	0	14	2	2	14	2	8	2	8	8	15	6	2	2
13488	chr15	93292705	INDEL	HG008N_absent_HPRC_other	exact_allele	absent: exact allele in HPRC	exact	AFR+AMR	2	5	ACB,GWD,MSL,CLM,PUR	10	shared	False	8	3	0	0	40	31	6	1	5	0	0	2	0	1	0	1	0	2	0	0	0	12	1	2	14	2	7	2	8	7	16	5	1	1
13492	chr15	93657180	INDEL	HG008N_absent_HPRC_other	exact_allele	absent: exact allele in HPRC	exact	AFR+AMR	2	6	ACB,GWD,MKK,MSL,YRI,PUR	10	shared	False	9	2	0	0	41	30	8	2	4	0	0	2	1	1	1	0	0	2	0	0	0	14	2	2	12	2	7	2	8	8	14	6	2	2
13493	chr15	93768649	INDEL	HG008N_absent_HPRC_other	exact_allele	absent: exact allele in HPRC	exact	AFR+AMR+EAS+SAS	4	10	ACB,ASW,GWD,MKK,MSL,YRI,PEL,PUR,KHV,PJL	26	shared	True	20	6	1	1	45	31	8	2	5	1	0	7	2	4	1	0	3	3	0	1	1	14	2	2	15	2	8	2	8	7	16	6	2	2
13497	chr15	94579662	INDEL	HG008N_absent_HPRC_other	exact_allele	absent: exact allele in HPRC	exact	AFR+AMR	2	7	ACB,ASW,ESN,GWD,MKK,YRI,CLM	9	shared	False	9	2	0	0	43	24	6	1	2	1	1	2	2	0	1	2	0	0	0	0	0	13	2	2	14	2	8	2	6	7	11	4	2	1
13501	chr15	94782796	INDEL	HG008N_absent_HPRC_other	exact_allele	absent: exact allele in HPRC	exact	AFR+AMR	2	5	ACB,ESN,GWD,PEL,PUR	5	shared	False	3	2	0	0	39	30	6	2	1	0	1	1	0	0	0	0	1	1	0	0	0	11	2	2	14	2	6	2	8	8	14	4	2	2
13503	chr15	94868218	INDEL	HG008N_absent_HPRC_other	exact_allele	absent: exact allele in HPRC	exact	AFR+AMR+EAS+SAS	4	9	ACB,ASW,ESN,GWD,MKK,MSL,PUR,CHS,PJL	27	shared	False	25	8	2	2	45	32	8	2	8	1	1	8	1	6	0	0	0	8	2	0	2	14	2	2	16	2	7	2	8	8	16	6	2	2
13509	chr15	95126264	INDEL	HG008N_absent_HPRC_other	exact_allele	absent: exact allele in HPRC	exact	AFR+AMR+EAS	3	6	ACB,GWD,MSL,YRI,PUR,KHV	11	shared	False	9	2	1	0	41	32	7	2	1	0	0	6	0	1	1	0	0	2	0	1	0	13	1	1	14	2	8	2	8	8	16	5	2	2
13517	chr15	95552752	INDEL	HG008N_absent_HPRC_other	exact_allele	absent: exact allele in HPRC	exact	EAS	1	1	CHS	1	one individual	False	0	0	1	0	29	26	8	1	0	0	0	0	0	0	0	0	0	0	1	0	0	9	2	1	9	1	6	1	8	7	11	6	2	1
13518	chr15	95571599	INDEL	HG008N_absent_HPRC_other	exact_allele	absent: exact allele in HPRC	exact	AFR+AMR+EAS+SAS	4	11	ACB,ASW,ESN,GWD,MKK,MSL,CLM,PEL,PUR,CHS,PJL	20	shared	False	18	5	1	1	39	32	8	2	6	1	1	6	2	2	0	2	1	2	1	0	1	12	2	1	14	2	7	1	8	8	16	6	2	2
13531	chr15	96866676	INDEL	HG008N_absent_HPRC_other	exact_allele	absent: exact allele in HPRC	exact	AFR	1	3	ACB,GWD,MSL	3	one superpopulation	True	4	0	0	0	32	26	6	1	1	0	0	1	0	2	0	0	0	0	0	0	0	9	1	2	12	1	5	2	7	8	11	5	1	1
13535	chr15	97073599	INDEL	HG008N_absent_HPRC_other	exact_allele	absent: exact allele in HPRC	exact	AFR+AMR+EAS+SAS	4	8	ACB,GWD,MSL,CLM,PEL,PUR,CHS,PJL	26	shared	True	11	15	4	1	43	29	6	2	2	0	0	6	0	3	0	4	2	9	4	0	1	14	2	2	15	2	7	1	6	8	15	5	1	2
13576	chr16	3258970	INDEL	HG008N_absent_HPRC_other	exact_allele	absent: exact allele in HPRC	exact	AFR+AMR	2	7	ACB,ESN,GWD,MSL,YRI,PEL,PUR	14	shared	True	12	5	0	0	37	29	3	2	2	0	2	6	0	1	1	0	3	2	0	0	0	10	2	2	14	1	6	2	8	7	14	3	0	2
13584	chr16	5756223	INDEL	HG008N_absent_HPRC_other	exact_allele	absent: exact allele in HPRC	exact	AFR+AMR+EAS	3	7	ACB,GWD,MSL,CLM,PEL,PUR,CHS	14	shared	False	7	7	4	0	33	32	7	2	3	0	0	3	0	1	0	1	3	3	4	0	0	8	2	2	15	1	4	1	8	8	16	5	2	2
13586	chr16	6028509	INDEL	HG008N_absent_HPRC_other	exact_allele	absent: exact allele in HPRC	exact	AFR	1	4	ACB,ESN,GWD,MKK	10	one superpopulation	True	12	0	0	0	37	23	8	2	3	0	1	7	1	0	0	0	0	0	0	0	0	9	2	2	14	1	8	1	6	5	12	6	2	2
13588	chr16	6231831	INDEL	HG008N_absent_HPRC_other	exact_allele	absent: exact allele in HPRC	exact	AFR+AMR+EAS+SAS	4	9	ACB,ASW,ESN,GWD,MSL,CLM,PUR,CHS,PJL	20	shared	False	18	7	1	2	44	31	8	2	6	1	1	6	0	4	0	2	0	5	1	0	2	14	2	2	14	2	8	2	7	8	16	6	2	2
13598	chr16	6775329	INDEL	HG008N_absent_HPRC_other	exact_allele	absent: exact allele in HPRC	exact	AFR+AMR	2	6	ACB,GWD,MKK,CLM,PEL,PUR	13	shared	False	7	8	0	0	24	25	8	1	4	0	0	2	1	0	0	2	1	5	0	0	0	10	0	1	8	2	3	0	7	4	14	6	2	1
13604	chr16	7091268	INDEL	HG008N_absent_HPRC_other	exact_allele	absent: exact allele in HPRC	exact	AFR+AMR+EAS+SAS	4	10	ACB,ASW,ESN,GWD,MSL,CLM,PEL,PUR,CHS,PJL	20	shared	True	10	9	2	1	41	29	8	2	2	1	1	4	0	2	0	1	3	5	2	0	1	11	1	1	16	2	8	2	7	8	14	6	2	2
13609	chr16	7534086	INDEL	HG008N_absent_HPRC_other	exact_allele	absent: exact allele in HPRC	exact	AMR	1	2	CLM,PUR	2	one superpopulation	True	0	2	0	0	44	27	8	2	0	0	0	0	0	0	0	1	0	1	0	0	0	14	2	2	14	2	8	2	8	5	14	6	2	2
13618	chr16	9070821	SNV	HG008N_absent_HPRC_other	element_set_other_allele	absent: only the nodes in HPRC	nodes	AFR	1	2	GWD,MSL	2	one superpopulation	False	2	0	0	0	13	17	5	2	0	0	0	1	0	1	0	0	0	0	0	0	0	2	0	0	7	1	2	1	4	6	7	3	2	2
13621	chr16	10109632	INDEL	HG008N_absent_HPRC_other	exact_allele	absent: exact allele in HPRC	exact	AFR+AMR	2	6	ACB,GWD,MSL,YRI,CLM,PUR	16	shared	True	14	7	0	0	45	32	8	2	2	0	0	5	0	5	2	2	0	5	0	0	0	14	2	2	15	2	8	2	8	8	16	6	2	2
13628	chr16	12817412	INDEL	HG008N_absent_HPRC_other	exact_allele	absent: exact allele in HPRC	exact	AFR+AMR	2	8	ACB,ASW,GWD,MKK,MSL,YRI,PEL,PUR	13	shared	False	8	5	0	0	23	30	6	1	2	1	0	2	1	1	1	0	3	2	0	0	0	5	2	2	7	2	4	1	8	7	15	4	2	1
13629	chr16	12848415	INDEL	HG008N_absent_HPRC_other	exact_allele	absent: exact allele in HPRC	exact	AFR+AMR+EAS	3	7	ACB,MKK,CLM,PEL,PUR,CHS,KHV	10	shared	False	2	6	2	0	38	27	7	1	1	0	0	0	1	0	0	2	1	3	1	1	0	12	2	2	12	2	7	1	8	4	15	5	2	1
13630	chr16	12895690	INDEL	HG008N_absent_HPRC_other	exact_allele	absent: exact allele in HPRC	exact	AFR+AMR	2	9	ACB,ASW,GWD,MKK,MSL,YRI,CLM,PEL,PUR	29	shared	True	25	14	0	0	46	31	5	2	9	1	0	11	1	2	1	3	5	6	0	0	0	14	2	2	16	2	8	2	8	8	15	5	0	2
13633	chr16	13469320	INDEL	HG008N_absent_HPRC_other	recombinant_pieces	absent: only the nodes in HPRC	nodes	none	0	0		0	none	False	0	0	0	0	12	7	1	0	0	0	0	0	0	0	0	0	0	0	0	0	0	6	0	0	2	0	4	0	1	2	4	1	0	0
13637	chr16	14059997	INDEL	HG008N_absent_HPRC_other	exact_allele	absent: exact allele in HPRC	exact	AFR+AMR+EAS	3	7	ESN,GWD,MKK,MSL,CLM,PUR,CHS	12	shared	False	4	9	3	0	25	29	6	2	0	0	1	1	1	1	0	6	0	3	3	0	0	6	2	1	9	2	3	2	7	8	14	4	2	2
13650	chr16	16869646	INDEL	HG008N_absent_HPRC_other	exact_allele	absent: exact allele in HPRC	exact	AFR+AMR+SAS	3	7	ACB,GWD,MKK,MSL,CLM,PUR,PJL	17	shared	True	9	9	0	1	22	24	5	2	1	0	0	6	1	1	0	1	0	8	0	0	1	8	1	0	10	1	2	0	7	5	12	4	1	2
13654	chr16	17531169	INDEL	HG008N_absent_HPRC_other	exact_allele	absent: exact allele in HPRC	exact	AFR+AMR+SAS	3	7	ACB,ASW,GWD,MKK,MSL,PUR,PJL	17	shared	False	17	2	0	2	45	29	8	2	6	1	0	4	1	5	0	0	0	2	0	0	2	13	2	2	16	2	8	2	7	7	15	6	2	2
13661	chr16	19820648	INDEL	HG008N_absent_HPRC_other	exact_allele	absent: exact allele in HPRC	exact	AFR+AMR+EAS+SAS	4	12	ACB,ASW,ESN,GWD,MSL,YRI,CLM,PEL,PUR,CHS,KHV,PJL	28	shared	True	21	13	3	1	43	32	8	2	6	2	2	3	0	6	2	2	6	5	1	2	1	13	2	2	15	1	8	2	8	8	16	6	2	2
13663	chr16	20067804	INDEL	HG008N_absent_HPRC_other	exact_allele	absent: exact allele in HPRC	exact	AFR+AMR	2	5	ACB,ESN,GWD,MSL,PUR	10	shared	False	9	2	0	0	34	32	8	2	4	0	2	1	0	2	0	0	0	2	0	0	0	10	2	2	9	2	7	2	8	8	16	6	2	2
13669	chr16	20358633	INDEL	HG008N_absent_HPRC_other	exact_allele	absent: exact allele in HPRC	exact	AFR+AMR+EAS	3	8	ACB,ASW,ESN,GWD,MSL,CLM,PUR,CHS	11	shared	False	6	5	1	0	40	31	8	2	1	1	1	2	0	1	0	1	0	4	1	0	0	13	2	2	12	2	7	2	8	8	15	6	2	2
13671	chr16	20483569	INDEL	HG008N_absent_HPRC_other	exact_allele	absent: exact allele in HPRC	exact	AFR+AMR	2	7	ASW,ESN,MKK,MSL,CLM,PEL,PUR	11	shared	False	5	8	0	0	20	19	1	0	0	1	1	0	2	1	0	3	2	3	0	0	0	3	1	2	8	2	3	1	6	4	9	0	1	0
13676	chr16	23759423	INDEL	HG008N_absent_HPRC_other	recombinant_pieces	absent: only the nodes in HPRC	nodes	none	0	0		0	none	False	0	0	0	0	22	21	3	1	0	0	0	0	0	0	0	0	0	0	0	0	0	8	0	1	10	1	1	1	5	4	12	2	1	1
13684	chr16	24520725	INDEL	HG008N_present_broad	other_hap_only	HG008-N present, broad	exact	AFR+AMR+EAS+SAS	4	9	ACB,ASW,GWD,MSL,CLM,PEL,PUR,CHS,PJL	19	shared	False	5	11	4	1	41	32	8	2	2	1	0	1	0	1	0	2	1	8	4	0	1	13	2	2	14	2	7	1	8	8	16	6	2	2
13686	chr16	24602278	INDEL	HG008N_absent_HPRC_other	exact_allele	absent: exact allele in HPRC	exact	AFR+AMR+EAS	3	7	GWD,MSL,YRI,CLM,PEL,PUR,CHS	10	shared	False	3	9	1	0	41	30	8	2	0	0	0	1	0	1	1	3	5	1	1	0	0	14	1	2	15	1	7	1	8	8	14	6	2	2
13687	chr16	24849572	INDEL	HG008N_absent_HPRC_other	element_set_other_allele	absent: only the nodes in HPRC	nodes	AFR+AMR	2	4	ACB,GWD,MSL,PUR	9	shared	False	6	3	0	0	19	16	7	0	3	0	0	2	0	1	0	0	0	3	0	0	0	7	2	1	4	1	2	2	1	8	7	5	2	0
13691	chr16	25456370	INDEL	HG008N_absent_HPRC_other	exact_allele	absent: exact allele in HPRC	exact	AFR+AMR+EAS	3	9	ACB,GWD,MKK,MSL,YRI,CLM,PEL,PUR,CHS	26	shared	False	14	12	3	0	32	32	8	2	4	0	0	6	1	2	1	4	3	5	3	0	0	11	1	0	12	1	5	2	8	8	16	6	2	2
13701	chr16	26456991	INDEL	HG008N_absent_HPRC_other	exact_allele	absent: exact allele in HPRC	exact	AFR+AMR+EAS+SAS	4	6	GWD,MSL,CLM,PUR,CHS,PJL	10	shared	False	3	5	1	1	46	32	8	2	0	0	0	2	0	1	0	3	0	2	1	0	1	14	2	2	16	2	8	2	8	8	16	6	2	2
13702	chr16	26528357	INDEL	HG008N_absent_HPRC_other	exact_allele	absent: exact allele in HPRC	exact	AFR+AMR+EAS	3	10	ACB,ESN,GWD,MKK,MSL,YRI,CLM,PEL,PUR,CHS	27	shared	False	25	9	1	0	44	28	8	2	8	0	2	6	2	5	2	2	2	5	1	0	0	13	2	2	15	2	8	2	7	8	13	6	2	2
13707	chr16	27892789	INDEL	HG008N_absent_HPRC_other	exact_allele	absent: exact allele in HPRC	exact	AFR+AMR+EAS	3	9	ACB,ASW,GWD,MSL,CLM,PEL,PUR,CHS,KHV	28	shared	True	20	17	4	0	42	32	8	2	3	2	0	10	0	5	0	3	4	10	3	1	0	12	2	2	15	2	7	2	8	8	16	6	2	2
13714	chr16	31419023	INDEL	HG008N_absent_HPRC_other	recombinant_pieces	absent: only the nodes in HPRC	nodes	none	0	0		0	none	False	0	0	0	0	39	27	6	1	0	0	0	0	0	0	0	0	0	0	0	0	0	11	2	2	14	2	6	2	6	8	13	5	1	1
13741	chr16	35777357	INDEL	HG008N_absent_HPRC_other	exact_allele	absent: exact allele in HPRC	exact	AFR+AMR	2	5	ACB,GWD,MSL,YRI,PUR	11	shared	False	11	2	0	0	32	29	7	2	4	0	0	3	0	3	1	0	0	2	0	0	0	12	1	0	10	1	7	1	7	7	15	5	2	2
13745	chr16	35973651	INDEL	HG008N_present_broad	other_hap_only	HG008-N present, broad	exact	AFR+AMR+EAS+SAS	4	8	ACB,GWD,MSL,CLM,PUR,CHS,KHV,PJL	16	shared	False	9	10	3	1	32	30	7	2	4	0	0	3	0	2	0	5	0	5	2	1	1	12	1	0	9	1	8	1	8	7	15	5	2	2
13755	chr16	47433770	INDEL	HG008N_absent_HPRC_other	exact_allele	absent: exact allele in HPRC	exact	AFR+AMR	2	4	GWD,MKK,YRI,CLM	4	shared	False	4	1	0	0	28	29	7	2	0	0	0	1	1	0	2	1	0	0	0	0	0	8	1	1	8	2	6	2	7	8	14	5	2	2
13772	chr16	50153183	INDEL	HG008N_absent_HPRC_other	exact_allele	absent: exact allele in HPRC	exact	AFR+AMR+EAS	3	6	GWD,MSL,CLM,PEL,PUR,CHS	7	shared	False	2	3	2	0	27	22	5	2	0	0	0	1	0	1	0	1	1	1	2	0	0	10	1	0	10	1	4	1	4	8	10	5	0	2
13773	chr16	50205558	INDEL	HG008N_absent_HPRC_other	exact_allele	absent: exact allele in HPRC	exact	AFR+AMR+SAS	3	5	GWD,MSL,YRI,PUR,PJL	8	shared	False	6	2	0	1	24	27	6	2	0	0	0	3	0	2	1	0	0	2	0	0	1	5	1	1	10	1	4	2	7	7	13	6	0	2
13787	chr16	51952474	INDEL	HG008N_absent_HPRC_other	exact_allele	absent: exact allele in HPRC	exact	AFR+SAS	2	4	ACB,GWD,MSL,PJL	8	shared	False	8	0	0	1	34	32	8	2	2	0	0	3	0	3	0	0	0	0	0	0	1	10	1	1	12	2	6	2	8	8	16	6	2	2
13793	chr16	52827238	INDEL	HG008N_present_broad	other_hap_only	HG008-N present, broad	exact	AFR+AMR+EAS	3	11	ACB,ASW,ESN,GWD,MSL,YRI,CLM,PEL,PUR,CHS,KHV	25	shared	True	12	19	7	0	41	32	8	1	2	2	1	4	0	2	1	4	8	7	5	2	0	12	2	2	15	1	7	2	8	8	16	6	2	1
13807	chr16	54230780	INDEL	HG008N_absent_HPRC_other	exact_allele	absent: exact allele in HPRC	exact	AFR+AMR+EAS+SAS	4	11	ACB,ASW,ESN,GWD,MKK,MSL,YRI,PUR,CHS,KHV,PJL	21	shared	False	21	2	2	1	37	32	8	2	8	1	1	6	2	2	1	0	0	2	1	1	1	12	2	1	12	2	6	2	8	8	16	6	2	2
13823	chr16	56244366	INDEL	HG008N_absent_HPRC_other	exact_allele	absent: exact allele in HPRC	exact	AFR+AMR+EAS	3	8	ACB,ASW,GWD,MSL,YRI,CLM,PUR,CHS	20	shared	False	16	8	2	0	46	28	7	2	4	2	0	7	0	1	2	4	0	4	2	0	0	14	2	2	16	2	8	2	8	6	14	6	1	2
13827	chr16	56711133	INDEL	other_ambiguous		ambiguous	exact	none	0	0		0	none	False	0	0	0	0	27	13	3	2	0	0	0	0	0	0	0	0	0	0	0	0	0	9	1	2	9	0	4	2	4	3	6	3	0	2
13836	chr16	57840760	INDEL	HG008N_absent_HPRC_other	exact_allele	absent: exact allele in HPRC	exact	AFR+AMR	2	8	ACB,ESN,GWD,MKK,MSL,YRI,CLM,PUR	13	shared	False	10	3	0	0	46	32	8	2	3	0	1	2	1	2	1	2	0	1	0	0	0	14	2	2	16	2	8	2	8	8	16	6	2	2
13853	chr16	60159720	INDEL	HG008N_absent_HPRC_other	exact_allele	absent: exact allele in HPRC	exact	AFR+AMR+EAS	3	7	ACB,ASW,ESN,GWD,PEL,PUR,CHS	10	shared	True	6	5	2	0	36	26	7	2	2	2	1	1	0	0	0	0	1	4	2	0	0	12	2	2	12	2	4	2	7	5	14	5	2	2
13860	chr16	60614137	INDEL	HG008N_absent_HPRC_other	exact_allele	absent: exact allele in HPRC	exact	AFR+AMR+EAS	3	7	ACB,ASW,GWD,MSL,CLM,PUR,CHS	13	shared	False	10	3	1	0	42	29	7	1	3	1	0	5	0	1	0	1	0	2	1	0	0	12	2	2	16	2	8	0	8	7	14	5	2	1
13865	chr16	60763159	INDEL	HG008N_absent_HPRC_other	exact_allele	absent: exact allele in HPRC	exact	AFR+AMR+EAS	3	8	ACB,GWD,MKK,MSL,CLM,PEL,PUR,KHV	14	shared	False	6	8	1	0	30	29	6	2	2	0	0	2	1	1	0	2	1	5	0	1	0	12	1	1	10	1	4	1	8	8	13	4	2	2
13866	chr16	60809063	INDEL	HG008N_absent_HPRC_other	element_set_other_allele	absent: only the nodes in HPRC	nodes	AFR+AMR+EAS	3	5	ACB,MKK,MSL,CLM,KHV	9	shared	False	7	3	1	0	33	22	8	1	5	0	0	0	1	1	0	3	0	0	0	1	0	13	1	1	11	2	5	0	6	6	10	6	2	1
13869	chr16	60991322	INDEL	HG008N_absent_HPRC_other	exact_allele	absent: exact allele in HPRC	exact	AFR+AMR+EAS	3	6	ACB,GWD,MSL,PEL,PUR,CHS	10	shared	False	5	4	2	0	42	32	8	2	1	0	0	2	0	2	0	0	2	2	2	0	0	10	2	2	16	2	8	2	8	8	16	6	2	2
13880	chr16	61820314	INDEL	HG008N_absent_HPRC_other	exact_allele	absent: exact allele in HPRC	exact	AFR+AMR+SAS	3	8	ACB,ESN,GWD,MSL,CLM,PEL,PUR,PJL	12	shared	True	7	7	0	1	43	28	8	2	3	0	1	2	0	1	0	2	1	4	0	0	1	12	2	2	15	2	8	2	6	7	15	6	2	2
13884	chr16	61917062	INDEL	HG008N_absent_HPRC_other	exact_allele	absent: exact allele in HPRC	exact	AFR+AMR+EAS	3	9	ACB,ASW,GWD,MKK,YRI,CLM,PEL,PUR,KHV	22	shared	False	16	11	1	0	40	24	6	2	6	1	0	7	1	0	1	3	2	6	0	1	0	13	2	2	12	2	7	2	7	5	12	5	1	2
13887	chr16	62077673	INDEL	HG008N_absent_HPRC_other	exact_allele	absent: exact allele in HPRC	exact	AFR+AMR	2	4	ACB,GWD,MSL,PUR	8	shared	False	8	1	0	0	44	32	8	2	2	0	0	2	0	4	0	0	0	1	0	0	0	13	2	2	15	2	8	2	8	8	16	6	2	2
13901	chr16	62680753	INDEL	HG008N_absent_HPRC_other	exact_allele	absent: exact allele in HPRC	exact	AFR+AMR+EAS+SAS	4	12	ACB,ASW,ESN,GWD,MSL,YRI,CLM,PEL,PUR,CHS,KHV,PJL	24	shared	True	9	11	5	1	38	32	8	2	1	1	1	2	0	2	2	3	4	4	4	1	1	13	2	2	10	2	7	2	8	8	16	6	2	2
13906	chr16	63115877	INDEL	HG008N_absent_HPRC_other	exact_allele	absent: exact allele in HPRC	exact	AMR	1	1	PUR	1	one individual	False	0	1	0	0	43	19	5	1	0	0	0	0	0	0	0	0	0	1	0	0	0	13	2	2	15	2	7	2	5	5	9	3	2	1
13907	chr16	63116227	INDEL	HG008N_absent_HPRC_other	exact_allele	absent: exact allele in HPRC	exact	AFR+AMR+EAS	3	6	ACB,GWD,MKK,MSL,PEL,CHS	10	shared	False	7	3	1	0	44	32	8	2	2	0	0	3	1	1	0	0	3	0	1	0	0	14	2	1	15	2	8	2	8	8	16	6	2	2
13911	chr16	63658223	INDEL	HG008N_present_broad	other_hap_only	HG008-N present, broad	exact	AFR+AMR+EAS+SAS	4	12	ACB,ASW,ESN,GWD,MKK,MSL,CLM,PEL,PUR,CHS,KHV,PJL	28	shared	True	17	15	4	1	36	28	7	1	6	1	1	6	2	1	0	3	7	5	3	1	1	10	2	2	13	2	6	1	7	8	13	5	2	1
13921	chr16	64487042	INDEL	HG008N_absent_HPRC_other	exact_allele	absent: exact allele in HPRC	exact	AFR+AMR+EAS	3	5	ACB,GWD,PEL,PUR,CHS	10	shared	False	6	4	1	0	32	31	4	2	3	0	0	3	0	0	0	0	3	1	1	0	0	8	2	1	12	1	6	2	8	8	15	3	1	2
13929	chr16	65483873	INDEL	HG008N_absent_HPRC_other	exact_allele	absent: exact allele in HPRC	exact	AFR+AMR+EAS+SAS	4	7	ACB,MSL,CLM,PEL,PUR,CHS,PJL	13	shared	False	3	7	2	1	25	24	5	2	2	0	0	0	0	1	0	2	1	4	2	0	1	9	2	2	7	2	1	2	4	7	13	5	0	2
13935	chr16	65833045	INDEL	HG008N_absent_HPRC_other	exact_allele	absent: exact allele in HPRC	exact	AFR+AMR+EAS+SAS	4	10	ACB,GWD,MKK,MSL,CLM,PEL,PUR,CHS,KHV,PJL	16	shared	True	4	10	6	1	42	32	8	2	1	0	0	1	1	1	0	2	5	3	5	1	1	12	1	2	15	2	8	2	8	8	16	6	2	2
13936	chr16	65922765	INDEL	HG008N_absent_HPRC_other	exact_allele	absent: exact allele in HPRC	exact	AFR+AMR+EAS	3	5	ACB,GWD,CLM,PEL,CHS	9	shared	False	4	2	3	0	44	32	8	2	1	0	0	3	0	0	0	1	1	0	3	0	0	14	2	2	15	2	7	2	8	8	16	6	2	2
13939	chr16	66590323	INDEL	HG008N_absent_HPRC_other	exact_allele	absent: exact allele in HPRC	exact	AFR+AMR+EAS+SAS	4	8	ACB,ASW,MSL,CLM,PEL,PUR,CHS,PJL	9	shared	False	4	4	1	1	44	31	8	2	2	1	0	0	0	1	0	1	2	1	1	0	1	13	2	2	15	2	8	2	8	8	15	6	2	2
13946	chr16	67972481	INDEL	HG008N_absent_HPRC_other	exact_allele	absent: exact allele in HPRC	exact	AFR+AMR	2	3	ACB,GWD,PUR	8	shared	False	8	1	0	0	45	32	8	2	3	0	0	5	0	0	0	0	0	1	0	0	0	14	2	2	16	2	7	2	8	8	16	6	2	2
13958	chr16	69531488	SNV	other_ambiguous		ambiguous	exact	none	0	0		0	none	False	0	0	0	0	26	18	5	1	0	0	0	0	0	0	0	0	0	0	0	0	0	9	2	2	7	1	4	1	4	3	11	3	2	1
13962	chr16	70443115	INDEL	HG008N_absent_HPRC_other	exact_allele	absent: exact allele in HPRC	exact	AFR+AMR	2	9	ACB,ESN,GWD,MKK,MSL,YRI,CLM,PEL,PUR	16	shared	False	17	3	0	0	43	32	8	2	3	0	2	8	1	2	1	1	1	1	0	0	0	14	1	2	15	2	7	2	8	8	16	6	2	2
13969	chr16	71366345	SNV	HG008N_absent_HPRC_other	exact_allele	absent: exact allele in HPRC	exact	AFR+AMR+EAS+SAS	4	5	GWD,CLM,PUR,KHV,PJL	5	shared	False	1	2	1	1	44	24	6	2	0	0	0	1	0	0	0	1	0	1	0	1	1	12	2	2	16	2	8	2	6	6	12	4	2	2
13971	chr16	71425215	INDEL	HG008N_absent_HPRC_other	element_set_other_allele	absent: only the nodes in HPRC	nodes	AFR	1	2	ESN,GWD	2	one superpopulation	False	2	0	0	0	12	16	6	1	0	0	1	1	0	0	0	0	0	0	0	0	0	3	0	2	3	0	4	0	4	5	7	4	2	1
13975	chr16	72157183	INDEL	HG008N_absent_HPRC_other	exact_allele	absent: exact allele in HPRC	exact	AFR	1	4	ACB,ESN,GWD,YRI	8	one superpopulation	False	8	0	0	0	38	28	7	1	3	0	1	3	0	0	1	0	0	0	0	0	0	11	0	2	16	1	7	1	7	8	13	6	1	1
13977	chr16	72213197	INDEL	HG008N_absent_HPRC_other	exact_allele	absent: exact allele in HPRC	exact	AFR+AMR+EAS+SAS	4	8	ACB,ASW,MSL,YRI,CLM,PUR,KHV,PJL	10	shared	False	5	4	1	1	44	30	8	2	2	1	0	0	0	1	1	1	0	3	0	1	1	12	2	2	16	2	8	2	8	7	15	6	2	2
13981	chr16	72756438	SNV	HG008N_absent_HPRC_other	exact_allele	absent: exact allele in HPRC	exact	AFR+AMR+EAS	3	6	GWD,YRI,CLM,PEL,PUR,CHS	8	shared	False	3	5	1	0	45	27	5	1	0	0	0	2	0	0	1	1	1	3	1	0	0	14	2	2	16	2	7	2	8	5	14	4	1	1
13982	chr16	72786415	INDEL	HG008N_absent_HPRC_other	exact_allele	absent: exact allele in HPRC	exact	AFR+AMR	2	7	ESN,GWD,MKK,MSL,CLM,PEL,PUR	14	shared	False	10	6	0	0	43	29	7	2	0	0	1	6	1	2	0	2	2	2	0	0	0	13	2	2	15	2	7	2	8	8	13	6	1	2
13984	chr16	73085985	INDEL	HG008N_absent_HPRC_other	exact_allele	absent: exact allele in HPRC	exact	AFR+AMR+EAS+SAS	4	8	ACB,GWD,CLM,PEL,PUR,CHS,KHV,PJL	18	shared	False	11	11	2	2	42	32	8	2	8	0	0	3	0	0	0	3	4	4	1	1	2	12	2	2	16	1	7	2	8	8	16	6	2	2
14005	chr16	74137377	INDEL	HG008N_absent_HPRC_other	exact_allele	absent: exact allele in HPRC	exact	AFR+AMR	2	3	ACB,CLM,PUR	4	shared	False	2	3	0	0	31	18	1	2	2	0	0	0	0	0	0	2	0	1	0	0	0	12	1	1	10	2	4	1	5	8	5	1	0	2
14008	chr16	74382906	INDEL	HG008N_absent_HPRC_other	exact_allele	absent: exact allele in HPRC	exact	AFR+AMR+EAS+SAS	4	9	GWD,MKK,MSL,CLM,PEL,PUR,CHS,KHV,PJL	18	shared	False	5	12	3	1	32	25	7	1	0	0	0	3	1	1	0	5	4	3	2	1	1	11	1	2	8	1	8	1	8	4	13	5	2	1
14016	chr16	76097122	INDEL	HG008N_absent_HPRC_other	exact_allele	absent: exact allele in HPRC	exact	AFR+AMR+EAS	3	7	ACB,GWD,MSL,CLM,PEL,PUR,CHS	9	shared	False	4	3	2	0	41	30	8	2	1	0	0	2	0	1	0	1	1	1	2	0	0	13	2	2	14	2	7	1	7	8	15	6	2	2
14018	chr16	76307503	INDEL	HG008N_absent_HPRC_other	exact_allele	absent: exact allele in HPRC	exact	AFR	1	2	ACB,ASW	3	one superpopulation	False	3	0	0	0	29	29	2	1	2	1	0	0	0	0	0	0	0	0	0	0	0	10	2	1	12	1	3	0	7	8	14	2	0	1
14027	chr16	76947600	INDEL	HG008N_present_broad	other_hap_only	HG008-N present, broad	exact	AFR+AMR+EAS+SAS	4	12	ACB,ASW,GWD,MKK,MSL,YRI,CLM,PEL,PUR,CHS,KHV,PJL	39	shared	False	35	18	5	2	44	32	7	2	10	2	0	13	2	6	2	5	7	6	4	1	2	14	2	0	16	2	8	2	8	8	16	6	1	2
14034	chr16	77945278	INDEL	HG008N_absent_HPRC_other	exact_allele	absent: exact allele in HPRC	exact	AFR+AMR+EAS+SAS	4	11	ACB,ASW,ESN,GWD,MSL,YRI,CLM,PEL,PUR,CHS,PJL	16	shared	False	13	3	2	1	40	25	7	2	1	1	1	5	0	3	2	1	1	1	2	0	1	13	2	2	12	1	8	2	6	8	11	6	1	2
14041	chr16	78864270	INDEL	HG008N_absent_HPRC_other	exact_allele	absent: exact allele in HPRC	exact	SAS	1	1	PJL	1	one individual	False	0	0	0	1	46	32	8	2	0	0	0	0	0	0	0	0	0	0	0	0	1	14	2	2	16	2	8	2	8	8	16	6	2	2
14042	chr16	78962302	INDEL	HG008N_absent_HPRC_other	element_set_other_allele	absent: only the nodes in HPRC	nodes	AFR+AMR	2	6	ACB,GWD,MSL,YRI,CLM,PUR	14	shared	False	12	3	0	0	33	26	4	2	1	0	0	7	0	3	1	2	0	1	0	0	0	8	2	0	14	1	6	2	7	6	13	3	1	2
14058	chr16	80843991	INDEL	HG008N_absent_HPRC_other	exact_allele	absent: exact allele in HPRC	exact	AFR+AMR	2	2	GWD,PUR	2	shared	False	1	1	0	0	17	16	3	0	0	0	0	1	0	0	0	0	0	1	0	0	0	4	1	1	5	1	4	1	4	3	9	3	0	0
14059	chr16	80862685	SNV	HG008N_absent_HPRC_other	exact_allele	absent: exact allele in HPRC	exact	EAS	1	1	CHS	1	one individual	False	0	0	1	0	40	31	6	2	0	0	0	0	0	0	0	0	0	0	1	0	0	13	1	2	14	2	6	2	7	8	16	4	2	2
14063	chr16	81778043	INDEL	HG008N_absent_HPRC_other	element_set_other_allele	absent: only the nodes in HPRC	nodes	AFR+AMR+EAS+SAS	4	10	ACB,GWD,MKK,MSL,YRI,PEL,PUR,CHS,KHV,PJL	19	shared	True	12	9	3	1	24	16	5	2	3	0	0	5	1	2	1	0	1	8	1	2	1	7	0	2	9	1	4	1	2	4	10	3	2	2
14065	chr16	82525122	INDEL	HG008N_absent_HPRC_other	exact_allele	absent: exact allele in HPRC	exact	AFR+AMR+SAS	3	7	ACB,GWD,YRI,CLM,PEL,PUR,PJL	13	shared	True	10	5	0	1	40	32	8	2	4	0	0	5	0	0	1	3	1	1	0	0	1	13	2	1	15	1	6	2	8	8	16	6	2	2
14068	chr16	83077186	INDEL	HG008N_absent_HPRC_other	exact_allele	absent: exact allele in HPRC	exact	AFR+AMR	2	5	ACB,ESN,MSL,CLM,PUR	9	shared	False	3	6	0	0	30	29	8	2	1	0	1	0	0	1	0	2	0	4	0	0	0	9	1	2	10	2	5	1	7	8	14	6	2	2
14070	chr16	83256844	INDEL	HG008N_absent_HPRC_other	exact_allele	absent: exact allele in HPRC	exact	AFR	1	3	ACB,GWD,MSL	5	one superpopulation	False	5	0	0	0	33	26	8	1	1	0	0	3	0	1	0	0	0	0	0	0	0	11	1	1	12	1	5	2	8	7	11	6	2	1
14071	chr16	83379938	INDEL	HG008N_absent_HPRC_other	exact_allele	absent: exact allele in HPRC	exact	AMR	1	1	PUR	1	one individual	False	0	1	0	0	24	23	6	2	0	0	0	0	0	0	0	0	0	1	0	0	0	5	1	1	10	2	4	1	5	6	12	5	1	2
14074	chr16	83707836	INDEL	HG008N_absent_HPRC_other	exact_allele	absent: exact allele in HPRC	exact	AMR	1	1	PUR	1	one individual	True	0	1	0	0	25	15	7	2	0	0	0	0	0	0	0	0	0	1	0	0	0	7	0	1	7	2	6	2	4	5	6	5	2	2
14075	chr16	83893811	INDEL	HG008N_absent_HPRC_other	exact_allele	absent: exact allele in HPRC	exact	AFR+AMR	2	5	ACB,ESN,CLM,PEL,PUR	9	shared	False	3	7	0	0	14	15	5	0	2	0	1	0	0	0	0	2	2	3	0	0	0	6	1	1	2	1	1	2	4	5	6	3	2	0
14078	chr16	84382894	INDEL	HG008N_absent_HPRC_other	exact_allele	absent: exact allele in HPRC	exact	AFR+AMR+EAS	3	9	ACB,ESN,GWD,MKK,CLM,PEL,PUR,CHS,KHV	17	shared	False	8	10	5	0	45	32	8	2	4	0	1	2	1	0	0	3	5	2	4	1	0	13	2	2	16	2	8	2	8	8	16	6	2	2
14085	chr16	86128278	INDEL	HG008N_absent_HPRC_other	exact_allele	absent: exact allele in HPRC	exact	AFR+AMR+EAS	3	7	ACB,ESN,GWD,MSL,PEL,PUR,CHS	14	shared	False	10	4	2	0	34	29	8	1	1	0	1	5	0	3	0	0	3	1	2	0	0	8	1	1	12	2	8	2	6	8	15	6	2	1
14088	chr16	86750555	INDEL	other_ambiguous		ambiguous	exact	none	0	0		0	none	False	0	0	0	0	45	31	8	2	0	0	0	0	0	0	0	0	0	0	0	0	0	14	2	2	16	2	7	2	8	8	15	6	2	2
14094	chr16	87562248	INDEL	HG008N_absent_HPRC_other	exact_allele	absent: exact allele in HPRC	exact	AFR+AMR+EAS	3	6	ACB,MSL,CLM,PEL,PUR,KHV	14	shared	False	6	9	1	0	33	30	8	2	3	0	0	0	0	3	0	2	4	3	0	1	0	11	1	2	9	2	7	1	8	8	14	6	2	2
14100	chr16	88251538	INDEL	HG008N_absent_HPRC_other	exact_allele	absent: exact allele in HPRC	exact	AFR+AMR+EAS	3	8	ACB,ASW,GWD,MSL,CLM,PEL,PUR,CHS	15	shared	False	8	5	3	0	25	18	3	1	5	1	0	1	0	1	0	1	3	1	3	0	0	7	1	0	11	1	4	1	3	5	10	3	0	1
14109	chr17	724675	INDEL	HG008N_absent_HPRC_other	exact_allele	absent: exact allele in HPRC	exact	AMR	1	1	PEL	2	one population	False	0	2	0	0	20	26	1	0	0	0	0	0	0	0	0	0	2	0	0	0	0	6	2	1	6	1	3	1	5	8	13	0	1	0
14117	chr17	4651368	INDEL	HG008N_absent_HPRC_other	element_set_other_allele	absent: only the nodes in HPRC	nodes	AFR+AMR+SAS	3	6	GWD,YRI,CLM,PEL,PUR,PJL	9	shared	False	2	6	0	1	20	22	7	1	0	0	0	1	0	0	1	2	2	2	0	0	1	5	0	0	6	2	5	2	7	6	9	5	2	1
14119	chr17	6152434	INDEL	HG008N_absent_HPRC_other	exact_allele	absent: exact allele in HPRC	exact	AFR+AMR	2	7	ACB,ESN,GWD,MSL,YRI,PEL,PUR	14	shared	False	12	3	0	0	46	32	8	2	5	0	1	2	0	3	1	0	1	2	0	0	0	14	2	2	16	2	8	2	8	8	16	6	2	2
14120	chr17	6224142	INDEL	HG008N_absent_HPRC_other	exact_allele	absent: exact allele in HPRC	exact	AFR+AMR	2	7	ACB,ASW,GWD,MSL,CLM,PEL,PUR	10	shared	False	7	3	0	0	40	29	6	2	3	1	0	1	0	2	0	1	1	1	0	0	0	13	2	1	14	2	7	1	8	7	14	5	1	2
14122	chr17	6259138	INDEL	HG008N_absent_HPRC_other	exact_allele	absent: exact allele in HPRC	exact	AFR+AMR+EAS+SAS	4	12	ACB,ASW,ESN,GWD,MKK,MSL,CLM,PEL,PUR,CHS,KHV,PJL	37	shared	True	25	16	5	1	46	32	8	2	7	1	2	10	1	4	0	4	5	7	4	1	1	14	2	2	16	2	8	2	8	8	16	6	2	2
14130	chr17	8485457	INDEL	HG008N_absent_HPRC_other	exact_allele	absent: exact allele in HPRC	exact	AFR+AMR+EAS+SAS	4	8	GWD,MSL,YRI,CLM,PUR,CHS,KHV,PJL	13	shared	True	3	8	4	1	33	30	8	2	0	0	0	1	0	1	1	3	0	5	3	1	1	10	1	2	10	1	7	2	8	7	15	6	2	2
14146	chr17	10540359	INDEL	HG008N_absent_HPRC_other	exact_allele	absent: exact allele in HPRC	exact	AFR+AMR+EAS	3	9	ACB,GWD,MKK,MSL,YRI,PEL,PUR,CHS,KHV	18	shared	True	10	7	5	0	42	31	8	2	4	0	0	3	1	1	1	0	2	5	3	2	0	14	2	1	14	2	7	2	8	8	15	6	2	2
14147	chr17	10943625	INDEL	other_ambiguous		ambiguous	exact	none	0	0		0	none	False	0	0	0	0	28	13	6	1	0	0	0	0	0	0	0	0	0	0	0	0	0	9	2	2	9	1	4	1	6	4	3	4	2	1
14148	chr17	10974889	INDEL	HG008N_absent_HPRC_other	exact_allele	absent: exact allele in HPRC	exact	AFR+AMR+EAS+SAS	4	12	ACB,ASW,ESN,GWD,MKK,MSL,CLM,PEL,PUR,CHS,KHV,PJL	32	shared	True	20	20	5	1	39	31	7	1	5	2	1	6	2	4	0	5	8	7	4	1	1	11	2	2	14	2	6	2	8	8	15	6	1	1
14157	chr17	11673601	INDEL	HG008N_absent_HPRC_other	exact_allele	absent: exact allele in HPRC	exact	AFR+AMR	2	6	ASW,GWD,MSL,CLM,PEL,PUR	9	shared	False	5	5	0	0	44	32	8	2	0	1	0	1	0	3	0	1	1	3	0	0	0	13	2	2	16	2	8	1	8	8	16	6	2	2
14168	chr17	13560289	INDEL	HG008N_absent_HPRC_other	exact_allele	absent: exact allele in HPRC	exact	AFR+AMR+EAS	3	7	ACB,YRI,CLM,PEL,PUR,CHS,KHV	10	shared	False	5	4	3	0	9	7	5	0	4	0	0	0	0	0	1	1	1	2	1	2	0	5	1	0	0	1	1	1	1	2	4	3	2	0
14173	chr17	13659188	INDEL	HG008N_absent_HPRC_other	exact_allele	absent: exact allele in HPRC	exact	AFR+AMR	2	4	ACB,GWD,MSL,PUR	9	shared	False	7	2	0	0	40	30	8	2	2	0	0	3	0	2	0	0	0	2	0	0	0	13	2	2	14	1	6	2	6	8	16	6	2	2
14179	chr17	15022340	INDEL	HG008N_absent_HPRC_other	exact_allele	absent: exact allele in HPRC	exact	AFR+AMR+EAS+SAS	4	7	ACB,GWD,YRI,PEL,PUR,CHS,PJL	12	shared	False	4	7	1	1	41	28	8	2	1	0	0	2	0	0	1	0	2	5	1	0	1	12	2	2	13	2	8	2	6	7	15	6	2	2
14181	chr17	15717930	INDEL	other_ambiguous		ambiguous	exact	none	0	0		0	none	False	0	0	0	0	40	30	6	1	0	0	0	0	0	0	0	0	0	0	0	0	0	11	2	2	15	1	7	2	7	7	16	5	1	1
14182	chr17	15723575	INDEL	HG008N_absent_HPRC_other	exact_allele	absent: exact allele in HPRC	exact	AFR+AMR+EAS	3	11	ACB,ASW,GWD,MKK,MSL,YRI,CLM,PEL,PUR,CHS,KHV	26	shared	False	19	13	4	0	38	32	8	2	9	2	0	4	1	2	1	5	4	4	2	2	0	11	2	1	14	2	6	2	8	8	16	6	2	2
14187	chr17	17194943	INDEL	HG008N_absent_HPRC_other	exact_allele	absent: exact allele in HPRC	exact	AFR+AMR+EAS+SAS	4	6	GWD,CLM,PEL,PUR,CHS,PJL	8	shared	False	1	8	1	2	31	23	6	2	0	0	0	1	0	0	0	2	4	2	1	0	2	11	0	1	13	0	5	1	4	8	11	5	1	2
14195	chr17	18073216	INDEL	HG008N_absent_HPRC_other	exact_allele	absent: exact allele in HPRC	exact	AFR+AMR	2	8	ACB,ASW,ESN,GWD,MSL,YRI,CLM,PUR	14	shared	True	10	5	0	0	32	28	3	2	5	1	1	1	0	1	1	1	0	4	0	0	0	11	2	1	9	2	5	2	8	6	14	2	1	2
14201	chr17	20038403	INDEL	HG008N_absent_HPRC_other	exact_allele	absent: exact allele in HPRC	exact	AFR+AMR	2	7	ACB,ASW,GWD,MSL,YRI,CLM,PEL	14	shared	True	10	4	0	0	37	31	7	2	4	1	0	1	0	3	1	2	2	0	0	0	0	11	2	2	11	1	8	2	7	8	16	6	1	2
14223	chr17	30133109	INDEL	HG008N_absent_HPRC_other	exact_allele	absent: exact allele in HPRC	exact	AFR+AMR+EAS	3	9	ACB,GWD,MKK,MSL,YRI,CLM,PEL,PUR,CHS	24	shared	False	22	5	1	0	45	30	8	0	8	0	0	6	2	5	1	2	1	2	1	0	0	14	2	2	15	2	8	2	8	7	15	6	2	0
14244	chr17	34424759	INDEL	HG008N_present_broad	other_hap_only	HG008-N present, broad	exact	AFR+AMR+EAS	3	11	ACB,ASW,GWD,MKK,MSL,YRI,CLM,PEL,PUR,CHS,KHV	23	shared	True	15	11	2	0	39	29	7	0	3	1	0	6	1	3	1	4	3	4	1	1	0	11	2	2	15	2	5	2	5	8	16	5	2	0
14245	chr17	34429829	INDEL	HG008N_absent_HPRC_other	exact_allele	absent: exact allele in HPRC	exact	AFR+AMR+EAS	3	4	GWD,YRI,PUR,KHV	8	shared	False	5	3	1	0	46	32	8	2	0	0	0	4	0	0	1	0	0	3	0	1	0	14	2	2	16	2	8	2	8	8	16	6	2	2
14263	chr17	39160324	INDEL	HG008N_absent_HPRC_other	exact_allele	absent: exact allele in HPRC	exact	AFR+AMR	2	3	ACB,GWD,PUR	9	shared	False	5	6	0	0	34	32	8	2	2	0	0	3	0	0	0	0	0	6	0	0	0	12	2	2	9	1	6	2	8	8	16	6	2	2
14267	chr17	41450170	INDEL	HG008N_present_rare	other_hap_only:patient_frame	HG008-N present, rare	exact	AFR+AMR	2	2	GWD,PUR	2	shared	False	1	1	0	0	17	5	1	0	0	0	0	1	0	0	0	0	0	1	0	0	0	3	1	2	7	0	4	0	1	1	3	1	0	0
14269	chr17	41729868	INDEL	HG008N_present_broad	other_hap_only	HG008-N present, broad	exact	AFR+AMR+EAS+SAS	4	11	ACB,ASW,GWD,MSL,YRI,CLM,PEL,PUR,CHS,KHV,PJL	29	shared	True	11	18	6	2	23	26	7	2	4	1	0	4	0	1	1	4	6	8	4	2	2	8	2	1	7	0	3	2	7	6	13	5	2	2
14285	chr17	49113539	INDEL	HG008N_present_rare	other_hap_only	HG008-N present, rare	exact	AFR+AMR	2	5	ACB,GWD,MKK,CLM,PUR	8	shared	False	6	3	0	0	46	32	8	2	3	0	0	1	2	0	0	1	0	2	0	0	0	14	2	2	16	2	8	2	8	8	16	6	2	2
14286	chr17	49241969	INDEL	HG008N_absent_HPRC_other	exact_allele	absent: exact allele in HPRC	exact	AFR+AMR+EAS	3	6	ACB,GWD,MSL,YRI,PUR,KHV	13	shared	False	11	1	1	0	32	24	6	1	4	0	0	4	0	2	1	0	0	1	0	1	0	9	2	2	12	2	4	1	7	4	13	4	2	1
14288	chr17	49327757	INDEL	HG008N_absent_HPRC_other	recombinant_pieces	absent: only the nodes in HPRC	nodes	none	0	0		0	none	False	0	0	0	0	27	19	5	1	0	0	0	0	0	0	0	0	0	0	0	0	0	8	1	1	12	1	3	1	7	2	10	3	2	1
14289	chr17	49403576	INDEL	HG008N_absent_HPRC_other	exact_allele	absent: exact allele in HPRC	exact	AFR+AMR+EAS	3	9	ACB,ASW,GWD,MSL,YRI,CLM,PEL,PUR,CHS	25	shared	False	26	8	2	0	43	24	7	2	7	1	0	9	0	8	1	2	2	4	2	0	0	12	2	1	16	2	8	2	5	8	11	5	2	2
14291	chr17	50250812	INDEL	HG008N_absent_HPRC_other	element_set_other_allele	absent: only the nodes in HPRC	nodes	AFR+AMR+EAS	3	6	GWD,MSL,CLM,PEL,PUR,KHV	13	shared	False	8	7	2	0	41	23	6	0	0	0	0	6	0	2	0	4	1	2	0	2	0	11	2	2	14	2	8	2	5	5	13	4	2	0
14295	chr17	51572093	INDEL	HG008N_absent_HPRC_other	exact_allele	absent: exact allele in HPRC	exact	AFR+AMR	2	4	ACB,YRI,CLM,PUR	6	shared	False	3	6	0	0	38	31	8	2	2	0	0	0	0	0	1	3	0	3	0	0	0	14	2	1	12	1	7	1	8	8	15	6	2	2
14305	chr17	53680227	INDEL	other_ambiguous		ambiguous	exact	none	0	0		0	none	False	0	0	0	0	27	31	7	2	0	0	0	0	0	0	0	0	0	0	0	0	0	10	0	1	9	2	3	2	8	7	16	5	2	2
14315	chr17	54714577	INDEL	HG008N_absent_HPRC_other	exact_allele	absent: exact allele in HPRC	exact	AFR+AMR	2	8	ACB,ASW,ESN,GWD,MSL,YRI,CLM,PUR	10	shared	False	8	2	0	0	42	32	7	2	2	1	1	2	0	1	1	1	0	1	0	0	0	14	2	2	14	2	6	2	8	8	16	5	2	2
14322	chr17	58460510	INDEL	HG008N_absent_HPRC_other	exact_allele	absent: exact allele in HPRC	exact	AFR+AMR	2	5	ASW,GWD,MKK,MSL,CLM	5	shared	False	4	1	0	0	33	30	8	2	0	1	0	1	1	1	0	1	0	0	0	0	0	10	2	1	11	2	6	1	8	8	14	6	2	2
14336	chr17	66626362	INDEL	HG008N_absent_HPRC_other	exact_allele	absent: exact allele in HPRC	exact	AFR+AMR	2	5	ACB,ASW,GWD,MSL,PEL	7	shared	False	6	1	0	0	45	29	8	2	1	1	0	3	0	1	0	0	1	0	0	0	0	14	2	2	16	2	7	2	8	7	14	6	2	2
14340	chr17	68618382	INDEL	HG008N_absent_HPRC_other	exact_allele	absent: exact allele in HPRC	exact	AFR+AMR+EAS+SAS	4	10	ACB,GWD,MKK,MSL,CLM,PEL,PUR,CHS,KHV,PJL	26	shared	True	17	10	6	1	35	31	8	2	3	0	0	8	1	5	0	3	2	5	5	1	1	11	1	2	12	2	6	1	8	8	15	6	2	2
14349	chr17	70260641	INDEL	HG008N_absent_HPRC_other	exact_allele	absent: exact allele in HPRC	exact	AFR+AMR	2	5	ACB,GWD,MSL,YRI,PUR	8	shared	False	6	3	0	0	31	21	6	1	1	0	0	3	0	1	1	0	0	3	0	0	0	9	0	0	11	2	7	2	6	3	12	5	1	1
14354	chr17	71576292	INDEL	HG008N_absent_HPRC_other	exact_allele	absent: exact allele in HPRC	exact	AFR+AMR	2	6	ACB,GWD,MKK,MSL,YRI,PUR	13	shared	False	13	1	0	0	44	32	8	2	6	0	0	3	1	2	1	0	0	1	0	0	0	14	2	2	14	2	8	2	8	8	16	6	2	2
14377	chr17	79638318	INDEL	other_ambiguous		ambiguous	exact	none	0	0		0	none	False	0	0	0	0	35	32	8	2	0	0	0	0	0	0	0	0	0	0	0	0	0	8	2	1	14	2	7	1	8	8	16	6	2	2
14388	chr18	513023	INDEL	other_ambiguous		ambiguous	exact	none	0	0		0	none	False	0	0	0	0	28	26	5	2	0	0	0	0	0	0	0	0	0	0	0	0	0	8	1	1	9	1	6	2	5	8	13	3	2	2
14390	chr18	588956	INDEL	other_ambiguous		ambiguous	exact	none	0	0		0	none	False	0	0	0	0	6	13	6	1	0	0	0	0	0	0	0	0	0	0	0	0	0	2	0	0	2	0	2	0	4	7	2	4	2	1
14393	chr18	1112778	INDEL	other_ambiguous		ambiguous	exact	AFR+AMR+EAS	3	5	GWD,CLM,PEL,PUR,CHS	6	shared	False	1	3	2	0	44	32	8	2	0	0	0	1	0	0	0	1	1	1	2	0	0	14	2	2	15	1	8	2	8	8	16	6	2	2
14395	chr18	1224969	INDEL	HG008N_absent_HPRC_other	exact_allele	absent: exact allele in HPRC	exact	AFR+AMR+EAS	3	5	ACB,GWD,MSL,PUR,CHS	9	shared	False	3	5	2	0	30	23	6	1	1	0	0	1	0	1	0	0	0	5	2	0	0	11	1	1	11	1	4	1	5	6	12	4	2	1
14401	chr18	1634173	INDEL	HG008N_absent_HPRC_other	exact_allele	absent: exact allele in HPRC	exact	AFR+AMR+EAS	3	11	ACB,ASW,ESN,GWD,MSL,YRI,CLM,PEL,PUR,CHS,KHV	35	shared	False	27	15	6	0	41	32	8	2	11	2	1	9	0	3	1	5	2	8	5	1	0	13	2	2	14	1	7	2	8	8	16	6	2	2
14409	chr18	2708908	INDEL	other_ambiguous		ambiguous	exact	none	0	0		0	none	False	0	0	0	0	14	7	4	0	0	0	0	0	0	0	0	0	0	0	0	0	0	4	2	0	4	1	2	1	1	2	4	4	0	0
14414	chr18	3677960	INDEL	HG008N_absent_HPRC_other	exact_allele	absent: exact allele in HPRC	exact	AFR+AMR	2	5	ACB,GWD,MKK,MSL,PUR	13	shared	False	10	3	0	0	39	31	4	2	4	0	0	4	1	1	0	0	0	3	0	0	0	13	2	1	13	2	6	2	7	8	16	3	1	2
14415	chr18	3688614	INDEL	HG008N_absent_HPRC_other	exact_allele	absent: exact allele in HPRC	exact	AFR+AMR+EAS	3	7	ESN,MSL,YRI,CLM,PEL,PUR,KHV	8	shared	False	3	7	1	0	40	31	8	1	0	0	1	0	0	1	1	2	2	3	0	1	0	12	2	2	13	2	7	2	7	8	16	6	2	1
14420	chr18	4423851	INDEL	HG008N_absent_HPRC_other	exact_allele	absent: exact allele in HPRC	exact	AFR+AMR	2	6	ACB,ESN,GWD,MSL,YRI,PUR	16	shared	False	16	1	0	0	31	29	8	1	5	0	1	6	0	3	1	0	0	1	0	0	0	9	2	1	11	2	4	2	7	8	14	6	2	1
14435	chr18	5867743	INDEL	HG008N_absent_HPRC_other	element_set_other_allele	absent: only the nodes in HPRC	nodes	AFR+AMR+EAS	3	8	ACB,ESN,GWD,MKK,MSL,YRI,PUR,KHV	22	shared	False	24	4	1	0	32	24	7	2	5	0	1	10	2	5	1	0	0	4	0	1	0	7	1	1	12	2	8	1	5	8	11	5	2	2
14456	chr18	7446124	INDEL	HG008N_absent_HPRC_other	recombinant_pieces	absent: only the nodes in HPRC	nodes	none	0	0		0	none	False	0	0	0	0	42	27	7	1	0	0	0	0	0	0	0	0	0	0	0	0	0	11	2	1	16	2	8	2	8	5	14	5	2	1
14461	chr18	8069109	INDEL	HG008N_absent_HPRC_other	exact_allele	absent: exact allele in HPRC	exact	AFR+AMR+EAS	3	7	ACB,ESN,GWD,CLM,PEL,PUR,CHS	12	shared	False	6	6	1	0	42	30	7	2	3	0	1	2	0	0	0	3	1	2	1	0	0	14	2	2	14	1	7	2	7	8	15	5	2	2
14463	chr18	8383296	INDEL	HG008N_absent_HPRC_other	exact_allele	absent: exact allele in HPRC	exact	AFR+AMR	2	9	ACB,ASW,GWD,MKK,MSL,YRI,CLM,PEL,PUR	14	shared	False	7	8	0	0	24	26	5	2	2	1	0	1	1	1	1	2	1	5	0	0	0	6	1	1	7	1	7	1	6	7	13	4	1	2
14464	chr18	8716569	INDEL	HG008N_absent_HPRC_other	exact_allele	absent: exact allele in HPRC	exact	AFR+AMR	2	7	ACB,GWD,MKK,MSL,YRI,PEL,PUR	15	shared	False	14	2	0	0	35	31	7	2	4	0	0	5	1	3	1	0	1	1	0	0	0	10	2	2	12	2	5	2	8	7	16	5	2	2
14465	chr18	8726286	INDEL	HG008N_absent_HPRC_other	exact_allele	absent: exact allele in HPRC	exact	AFR+AMR	2	6	ACB,ASW,ESN,MKK,CLM,PUR	10	shared	False	5	7	0	0	34	32	8	2	1	1	1	0	2	0	0	2	0	5	0	0	0	13	2	2	11	2	4	0	8	8	16	6	2	2
14478	chr18	11178144	INDEL	HG008N_absent_HPRC_other	exact_allele	absent: exact allele in HPRC	exact	AFR+AMR+SAS	3	8	ACB,ESN,GWD,MKK,MSL,CLM,PUR,PJL	9	shared	False	6	2	0	1	34	7	4	1	2	0	1	1	1	1	0	1	0	1	0	0	1	11	1	2	12	2	5	1	1	0	6	3	1	1
14489	chr18	12870454	INDEL	other_ambiguous		ambiguous	exact	none	0	0		0	none	False	0	0	0	0	13	17	5	1	0	0	0	0	0	0	0	0	0	0	0	0	0	4	1	0	7	0	0	1	6	4	7	4	1	1
14490	chr18	12870456	SNV	HG008N_absent_HPRC_other	element_set_other_allele	absent: only the nodes in HPRC	nodes	AFR+AMR+EAS+SAS	4	6	ACB,GWD,YRI,PUR,CHS,PJL	9	shared	False	4	2	2	1	13	17	5	1	1	0	0	2	0	0	1	0	0	2	2	0	1	4	1	0	7	0	0	1	6	4	7	4	1	1
14496	chr18	13566367	INDEL	HG008N_absent_HPRC_other	exact_allele	absent: exact allele in HPRC	exact	AFR+AMR+EAS+SAS	4	8	ACB,GWD,MKK,MSL,YRI,PUR,CHS,PJL	14	shared	False	13	1	1	1	40	32	7	2	6	0	0	4	1	1	1	0	0	1	1	0	1	11	2	2	15	2	6	2	8	8	16	6	1	2
14500	chr18	13782897	INDEL	HG008N_absent_HPRC_other	exact_allele	absent: exact allele in HPRC	exact	AFR+AMR+EAS	3	7	ACB,ASW,GWD,MKK,YRI,PUR,KHV	11	shared	False	10	1	1	0	46	32	8	2	4	1	0	3	1	0	1	0	0	1	0	1	0	14	2	2	16	2	8	2	8	8	16	6	2	2
14502	chr18	14058542	INDEL	HG008N_absent_HPRC_other	exact_allele	absent: exact allele in HPRC	exact	AFR	1	1	GWD	1	one individual	False	1	0	0	0	45	32	8	2	0	0	0	1	0	0	0	0	0	0	0	0	0	13	2	2	16	2	8	2	8	8	16	6	2	2
14503	chr18	14058543	INDEL	HG008N_absent_HPRC_other	exact_allele	absent: exact allele in HPRC	exact	AFR+AMR	2	6	ACB,GWD,MKK,MSL,CLM,PEL	12	shared	False	10	2	0	0	45	32	8	2	2	0	0	6	1	1	0	1	1	0	0	0	0	13	2	2	16	2	8	2	8	8	16	6	2	2
14520	chr18	15274872	INDEL	HG008N_absent_HPRC_other	exact_allele	absent: exact allele in HPRC	exact	AFR+AMR	2	5	ACB,ASW,GWD,MKK,CLM	10	shared	False	10	1	0	0	38	28	8	2	6	1	0	2	1	0	0	1	0	0	0	0	0	13	2	2	11	2	7	1	7	8	13	6	2	2
14544	chr18	21938024	INDEL	HG008N_absent_HPRC_other	exact_allele	absent: exact allele in HPRC	exact	AFR+AMR+SAS	3	6	ACB,ESN,GWD,MSL,PUR,PJL	21	shared	True	23	5	0	1	46	32	8	2	7	0	2	9	0	5	0	0	0	5	0	0	1	14	2	2	16	2	8	2	8	8	16	6	2	2
14558	chr18	24253164	INDEL	HG008N_absent_HPRC_other	element_set_other_allele	absent: only the nodes in HPRC	nodes	AFR+AMR+EAS+SAS	4	10	ACB,ASW,ESN,GWD,CLM,PEL,PUR,CHS,KHV,PJL	21	shared	True	9	14	6	1	32	28	8	2	2	1	1	5	0	0	0	4	6	4	4	2	1	9	1	2	13	0	5	2	7	8	13	6	2	2
14577	chr18	25551980	INDEL	HG008N_absent_HPRC_other	exact_allele	absent: exact allele in HPRC	exact	AFR+AMR	2	8	ACB,ASW,ESN,GWD,MKK,MSL,YRI,PUR	17	shared	False	19	2	0	0	42	30	7	2	4	1	1	8	1	3	1	0	0	2	0	0	0	13	2	2	13	2	8	2	8	7	15	5	2	2
14587	chr18	26126185	INDEL	HG008N_absent_HPRC_other	exact_allele	absent: exact allele in HPRC	exact	AFR+AMR+EAS	3	6	ACB,GWD,MSL,CLM,PUR,CHS	13	shared	False	10	2	1	0	44	31	8	2	2	0	0	4	0	4	0	1	0	1	1	0	0	14	2	2	15	1	8	2	8	8	15	6	2	2
14591	chr18	26310956	INDEL	other_ambiguous		ambiguous	exact	none	0	0		0	none	True	0	0	0	0	46	32	8	2	0	0	0	0	0	0	0	0	0	0	0	0	0	14	2	2	16	2	8	2	8	8	16	6	2	2
14594	chr18	26969000	INDEL	HG008N_present_broad	other_hap_only	HG008-N present, broad	exact	AFR+AMR+EAS+SAS	4	10	ACB,ASW,ESN,GWD,MSL,CLM,PEL,PUR,CHS,PJL	22	shared	False	10	14	3	1	44	32	8	2	4	2	1	1	0	2	0	5	5	4	3	0	1	14	2	2	14	2	8	2	8	8	16	6	2	2
14610	chr18	28945135	INDEL	HG008N_absent_HPRC_other	exact_allele	absent: exact allele in HPRC	exact	AFR+EAS	2	5	ACB,GWD,MKK,YRI,CHS	10	shared	False	10	0	2	0	34	31	8	2	3	0	0	5	1	0	1	0	0	0	2	0	0	11	2	1	13	2	3	2	8	8	15	6	2	2
14614	chr18	29936367	INDEL	other_ambiguous		ambiguous	exact	none	0	0		0	none	False	0	0	0	0	25	27	7	1	0	0	0	0	0	0	0	0	0	0	0	0	0	6	2	0	9	1	5	2	5	7	15	5	2	1
14625	chr18	31485389	INDEL	HG008N_absent_HPRC_other	exact_allele	absent: exact allele in HPRC	exact	AFR+AMR+SAS	3	10	ACB,ASW,ESN,GWD,MSL,YRI,CLM,PEL,PUR,PJL	17	shared	True	8	12	0	1	44	29	8	1	1	2	1	1	0	2	1	3	4	5	0	0	1	13	2	1	16	2	8	2	8	6	15	6	2	1
14637	chr18	34436623	INDEL	HG008N_absent_HPRC_other	exact_allele	absent: exact allele in HPRC	exact	AFR+AMR+EAS+SAS	4	8	ACB,GWD,MSL,YRI,PEL,PUR,CHS,PJL	14	shared	False	5	6	4	2	41	29	8	2	1	0	0	1	0	2	1	0	2	4	4	0	2	10	2	2	16	2	7	2	8	5	16	6	2	2
14644	chr18	35287574	INDEL	HG008N_absent_HPRC_other	exact_allele	absent: exact allele in HPRC	exact	AFR+AMR+EAS	3	12	ACB,ASW,ESN,GWD,MKK,MSL,YRI,CLM,PEL,PUR,CHS,KHV	26	shared	False	16	14	2	0	38	30	8	1	4	1	1	3	1	5	1	2	6	6	1	1	0	10	2	2	14	2	6	2	6	8	16	6	2	1
14651	chr18	37118008	INDEL	HG008N_absent_HPRC_other	exact_allele	absent: exact allele in HPRC	exact	AFR+AMR	2	5	ACB,ASW,CLM,PEL,PUR	6	shared	True	2	5	0	0	42	30	8	2	1	1	0	0	0	0	0	1	2	2	0	0	0	14	2	2	14	1	7	2	7	8	15	6	2	2
14662	chr18	39320611	INDEL	HG008N_absent_HPRC_other	exact_allele	absent: exact allele in HPRC	exact	AFR+AMR	2	4	GWD,MKK,MSL,PUR	11	shared	False	6	5	0	0	39	28	8	2	0	0	0	4	1	1	0	0	0	5	0	0	0	12	2	2	12	2	8	1	7	8	13	6	2	2
14663	chr18	39409316	INDEL	other_ambiguous		ambiguous	exact	none	0	0		0	none	False	0	0	0	0	20	20	4	1	0	0	0	0	0	0	0	0	0	0	0	0	0	5	1	2	4	2	5	1	5	7	8	3	1	1
14670	chr18	40078131	INDEL	HG008N_absent_HPRC_other	exact_allele	absent: exact allele in HPRC	exact	AFR	1	2	ACB,GWD	2	one superpopulation	False	2	0	0	0	39	31	7	2	1	0	0	1	0	0	0	0	0	0	0	0	0	14	1	1	15	1	7	0	8	7	16	5	2	2
14672	chr18	40426234	INDEL	HG008N_absent_HPRC_other	exact_allele	absent: exact allele in HPRC	exact	AFR+AMR+EAS	3	9	ACB,ESN,GWD,MKK,MSL,CLM,PEL,PUR,CHS	21	shared	False	11	10	1	0	29	19	2	1	2	0	1	5	1	2	0	2	5	3	1	0	0	6	1	2	11	2	6	1	6	5	8	1	1	1
14678	chr18	41203627	INDEL	HG008N_absent_HPRC_other	exact_allele	absent: exact allele in HPRC	exact	AFR+AMR+EAS+SAS	4	12	ACB,ASW,ESN,GWD,MKK,MSL,YRI,CLM,PEL,PUR,KHV,PJL	23	shared	False	18	7	1	1	45	30	8	1	4	1	1	7	1	2	2	1	1	5	0	1	1	14	2	2	16	2	7	2	7	8	15	6	2	1
14696	chr18	44179836	INDEL	HG008N_absent_HPRC_other	exact_allele	absent: exact allele in HPRC	exact	AFR+AMR+EAS	3	8	ACB,ESN,GWD,MKK,MSL,PEL,PUR,CHS	19	shared	False	15	7	1	0	45	32	8	2	3	0	1	7	2	2	0	0	2	5	1	0	0	14	1	2	16	2	8	2	8	8	16	6	2	2
14703	chr18	45247701	INDEL	HG008N_absent_HPRC_other	exact_allele	absent: exact allele in HPRC	exact	AFR+AMR+EAS	3	7	ACB,ASW,GWD,MKK,MSL,PUR,KHV	17	shared	False	17	1	1	0	43	30	6	2	6	1	0	4	1	5	0	0	0	1	0	1	0	13	2	2	15	2	7	2	8	6	16	5	1	2
14712	chr18	48389368	INDEL	HG008N_absent_HPRC_other	exact_allele	absent: exact allele in HPRC	exact	AFR+AMR+SAS	3	8	ACB,GWD,MKK,MSL,CLM,PEL,PUR,PJL	12	shared	False	7	5	0	2	38	29	8	2	1	0	0	4	1	1	0	1	1	3	0	0	2	13	1	2	13	1	6	2	7	8	14	6	2	2
14719	chr18	50575792	INDEL	HG008N_absent_HPRC_other	exact_allele	absent: exact allele in HPRC	exact	AFR+AMR	2	5	ACB,ESN,GWD,PEL,PUR	8	shared	False	5	5	0	0	45	32	8	2	1	0	1	3	0	0	0	0	2	3	0	0	0	14	2	2	15	2	8	2	8	8	16	6	2	2
14723	chr18	51556995	INDEL	HG008N_absent_HPRC_other	exact_allele	absent: exact allele in HPRC	exact	AFR+EAS	2	5	ACB,ESN,GWD,MSL,CHS	11	shared	False	11	0	2	0	40	32	8	2	3	0	1	3	0	4	0	0	0	0	2	0	0	12	2	1	14	2	8	1	8	8	16	6	2	2
14724	chr18	51771968	INDEL	HG008N_absent_HPRC_other	exact_allele	absent: exact allele in HPRC	exact	AFR+AMR+EAS+SAS	4	10	ACB,ASW,GWD,MKK,MSL,CLM,PEL,PUR,CHS,PJL	18	shared	False	10	6	3	2	32	20	7	2	4	1	0	3	1	1	0	1	2	3	3	0	2	10	2	1	13	2	4	0	4	7	9	5	2	2
14741	chr18	54133428	INDEL	HG008N_absent_HPRC_other	exact_allele	absent: exact allele in HPRC	exact	AMR	1	1	PUR	1	one individual	False	0	1	0	0	34	23	6	1	0	0	0	0	0	0	0	0	0	1	0	0	0	13	2	1	13	1	4	0	5	4	14	4	2	1
14754	chr18	59031379	INDEL	HG008N_absent_HPRC_other	exact_allele	absent: exact allele in HPRC	exact	AFR+AMR+EAS	3	7	ACB,GWD,MSL,YRI,PEL,PUR,CHS	13	shared	False	7	5	1	0	38	30	7	2	3	0	0	2	0	1	1	0	2	3	1	0	0	10	2	1	13	2	8	2	8	8	14	5	2	2
14758	chr18	59727480	INDEL	HG008N_absent_HPRC_other	exact_allele	absent: exact allele in HPRC	exact	AFR+AMR+EAS	3	6	ACB,ESN,GWD,MSL,PUR,KHV	13	shared	False	11	2	1	0	46	26	8	2	4	0	1	4	0	2	0	0	0	2	0	1	0	14	2	2	16	2	8	2	7	4	15	6	2	2
14760	chr18	59925831	INDEL	HG008N_absent_HPRC_other	exact_allele	absent: exact allele in HPRC	exact	AFR+AMR	2	5	ACB,ESN,GWD,CLM,PUR	9	shared	False	5	8	0	0	22	24	4	1	1	0	1	3	0	0	0	2	0	6	0	0	0	7	0	1	9	1	4	0	5	6	13	2	2	1
14764	chr18	60560432	INDEL	HG008N_absent_HPRC_other	element_set_other_allele	absent: only the nodes in HPRC	nodes	AFR+AMR+EAS+SAS	4	7	ACB,MSL,CLM,PUR,CHS,KHV,PJL	14	shared	False	5	8	4	1	35	28	6	2	3	0	0	0	0	2	0	2	0	6	2	2	1	11	1	1	15	0	5	2	8	4	16	4	2	2
14771	chr18	61210325	SNV	HG008N_absent_HPRC_other	exact_allele	absent: exact allele in HPRC	exact	EAS	1	1	CHS	1	one individual	False	0	0	1	0	25	19	5	1	0	0	0	0	0	0	0	0	0	0	1	0	0	10	1	1	7	0	6	0	6	3	10	3	2	1
14777	chr18	63073077	INDEL	HG008N_absent_HPRC_other	exact_allele	absent: exact allele in HPRC	exact	AFR+AMR	2	2	MSL,PEL	2	shared	False	1	1	0	0	11	20	5	0	0	0	0	0	0	1	0	0	1	0	0	0	0	4	0	0	5	0	2	0	6	4	10	4	1	0
14778	chr18	63073079	SNV	other_ambiguous		ambiguous	exact	none	0	0		0	none	False	0	0	0	0	11	20	5	0	0	0	0	0	0	0	0	0	0	0	0	0	0	4	0	0	5	0	2	0	6	4	10	4	1	0
14779	chr18	63073081	SNV	other_ambiguous		ambiguous	exact	none	0	0		0	none	False	0	0	0	0	11	20	5	0	0	0	0	0	0	0	0	0	0	0	0	0	0	4	0	0	5	0	2	0	6	4	10	4	1	0
14780	chr18	63073083	SNV	other_ambiguous		ambiguous	exact	none	0	0		0	none	False	0	0	0	0	11	20	5	0	0	0	0	0	0	0	0	0	0	0	0	0	0	4	0	0	5	0	2	0	6	4	10	4	1	0
14784	chr18	64196221	INDEL	HG008N_absent_HPRC_other	exact_allele	absent: exact allele in HPRC	exact	AFR+AMR+EAS+SAS	4	10	ACB,ASW,GWD,MKK,MSL,PEL,PUR,CHS,KHV,PJL	28	shared	False	23	11	4	2	42	31	8	2	3	1	0	12	1	6	0	0	2	9	3	1	2	12	2	2	16	2	6	2	8	7	16	6	2	2
14796	chr18	65837924	INDEL	HG008N_absent_HPRC_other	exact_allele	absent: exact allele in HPRC	exact	AFR+AMR	2	6	GWD,MKK,MSL,CLM,PEL,PUR	7	shared	False	5	4	0	0	33	30	7	2	0	0	0	2	1	2	0	1	1	2	0	0	0	10	1	1	14	2	5	0	8	8	14	5	2	2
14802	chr18	66604293	INDEL	other_ambiguous		ambiguous	exact	none	0	0		0	none	False	0	0	0	0	44	27	7	2	0	0	0	0	0	0	0	0	0	0	0	0	0	13	2	2	16	1	8	2	5	8	14	5	2	2
14810	chr18	67791103	INDEL	HG008N_absent_HPRC_other	exact_allele	absent: exact allele in HPRC	exact	AFR+AMR	2	6	ACB,ESN,GWD,MSL,CLM,PUR	14	shared	False	13	2	0	0	45	32	7	2	4	0	1	4	0	4	0	1	0	1	0	0	0	14	2	2	16	2	8	1	8	8	16	5	2	2
14812	chr18	68545131	INDEL	HG008N_absent_HPRC_other	exact_allele	absent: exact allele in HPRC	exact	AFR+AMR	2	6	ACB,ASW,GWD,MSL,CLM,PUR	8	shared	False	7	3	0	0	36	29	8	2	3	1	0	1	0	2	0	1	0	2	0	0	0	13	2	2	9	1	7	2	8	6	15	6	2	2
14831	chr18	72255474	INDEL	HG008N_absent_HPRC_other	element_set_other_allele	absent: only the nodes in HPRC	nodes	AFR+AMR+EAS+SAS	4	10	ACB,ASW,GWD,MKK,MSL,CLM,PEL,PUR,CHS,PJL	23	shared	True	8	15	5	1	37	28	6	2	1	1	0	2	1	3	0	4	6	5	5	0	1	11	1	1	14	1	8	1	7	7	14	6	0	2
14832	chr18	72305040	INDEL	HG008N_absent_HPRC_other	exact_allele	absent: exact allele in HPRC	exact	AFR+AMR	2	3	ESN,CLM,PUR	4	shared	True	1	3	0	0	19	10	7	2	0	0	1	0	0	0	0	1	0	2	0	0	0	6	1	1	5	2	2	2	4	2	4	5	2	2
14851	chr18	76001922	INDEL	other_ambiguous		ambiguous	exact	none	0	0		0	none	False	0	0	0	0	46	28	7	2	0	0	0	0	0	0	0	0	0	0	0	0	0	14	2	2	16	2	8	2	6	7	15	5	2	2
14854	chr18	76336443	INDEL	HG008N_absent_HPRC_other	exact_allele	absent: exact allele in HPRC	exact	AFR+AMR	2	4	ACB,GWD,MSL,PUR	8	shared	False	6	3	0	0	29	17	7	1	1	0	0	2	0	3	0	0	0	3	0	0	0	9	1	2	8	2	5	2	3	4	10	6	1	1
14876	chr18	79587599	SNV	HG008N_absent_HPRC_other	exact_allele	absent: exact allele in HPRC	exact	AFR+AMR	2	6	ACB,ESN,GWD,MSL,CLM,PUR	6	shared	False	5	2	0	0	41	32	8	2	1	0	1	1	0	2	0	1	0	1	0	0	0	12	2	2	14	2	7	2	8	8	16	6	2	2
14888	chr19	2745999	INDEL	HG008N_absent_HPRC_other	exact_allele	absent: exact allele in HPRC	exact	EAS	1	1	CHS	1	one individual	False	0	0	1	0	37	24	8	2	0	0	0	0	0	0	0	0	0	0	1	0	0	10	2	2	14	2	5	2	3	7	14	6	2	2
14889	chr19	2861999	INDEL	HG008N_absent_HPRC_other	recombinant_pieces	absent: only the nodes in HPRC	nodes	none	0	0		0	none	False	0	0	0	0	36	28	8	2	0	0	0	0	0	0	0	0	0	0	0	0	0	11	2	1	15	1	4	2	6	7	15	6	2	2
14897	chr19	5445360	INDEL	HG008N_absent_HPRC_other	exact_allele	absent: exact allele in HPRC	exact	AFR+AMR+EAS	3	7	ACB,GWD,YRI,CLM,PUR,CHS,KHV	12	shared	False	8	2	4	0	46	32	8	2	3	0	0	4	0	0	1	1	0	1	3	1	0	14	2	2	16	2	8	2	8	8	16	6	2	2
14900	chr19	6615744	INDEL	HG008N_absent_HPRC_other	exact_allele	absent: exact allele in HPRC	exact	AFR+AMR+EAS	3	4	ACB,GWD,CLM,CHS	7	shared	False	3	2	2	0	28	31	7	2	1	0	0	2	0	0	0	2	0	0	2	0	0	11	1	1	8	2	3	2	7	8	16	5	2	2
14907	chr19	8072966	INDEL	HG008N_absent_HPRC_other	exact_allele	absent: exact allele in HPRC	exact	AFR+AMR+EAS+SAS	4	9	ACB,ASW,ESN,GWD,CLM,PEL,PUR,KHV,PJL	14	shared	False	6	8	1	1	24	26	5	2	2	1	1	2	0	0	0	2	2	4	0	1	1	8	1	2	8	0	3	2	7	7	12	4	1	2
14908	chr19	8249587	INDEL	HG008N_absent_HPRC_other	exact_allele	absent: exact allele in HPRC	exact	AFR+AMR	2	3	GWD,PEL,PUR	3	shared	True	1	2	0	0	36	29	6	0	0	0	0	1	0	0	0	0	1	1	0	0	0	9	1	2	14	1	7	2	8	7	14	4	2	0
14920	chr19	9812759	INDEL	HG008N_absent_HPRC_other	exact_allele	absent: exact allele in HPRC	exact	AFR	1	1	GWD	2	one population	False	2	0	0	0	33	28	8	2	0	0	0	2	0	0	0	0	0	0	0	0	0	10	2	1	12	2	5	1	7	7	14	6	2	2
14921	chr19	9898533	INDEL	other_ambiguous		ambiguous	exact	none	0	0		0	none	False	0	0	0	0	44	32	8	2	0	0	0	0	0	0	0	0	0	0	0	0	0	13	2	2	16	2	7	2	8	8	16	6	2	2
14927	chr19	11434534	INDEL	HG008N_absent_HPRC_other	exact_allele	absent: exact allele in HPRC	exact	AFR+AMR+EAS+SAS	4	10	ACB,ESN,GWD,MSL,CLM,PEL,PUR,CHS,KHV,PJL	14	shared	False	6	6	3	1	37	25	7	2	2	0	1	2	0	1	0	1	3	2	2	1	1	10	2	2	13	2	6	2	6	7	12	5	2	2
14932	chr19	12296504	INDEL	HG008N_absent_HPRC_other	exact_allele	absent: exact allele in HPRC	exact	AFR+AMR+EAS	3	10	ACB,ASW,GWD,MKK,YRI,CLM,PEL,PUR,CHS,KHV	15	shared	True	7	5	4	0	39	30	8	2	2	1	0	2	1	0	1	1	1	3	2	2	0	13	2	0	14	2	6	2	8	8	14	6	2	2
14934	chr19	12533727	INDEL	HG008N_absent_HPRC_other	exact_allele	absent: exact allele in HPRC	exact	AFR+AMR+EAS	3	8	ACB,ASW,MSL,YRI,CLM,PEL,PUR,CHS	13	shared	True	5	11	1	0	40	32	8	2	1	1	0	0	0	2	1	4	3	4	1	0	0	10	2	2	15	2	7	2	8	8	16	6	2	2
14938	chr19	14071323	INDEL	other_ambiguous		ambiguous	exact	none	0	0		0	none	False	0	0	0	0	42	28	6	2	0	0	0	0	0	0	0	0	0	0	0	0	0	13	2	2	13	2	8	2	6	8	14	4	2	2
14940	chr19	14618846	INDEL	HG008N_absent_HPRC_other	exact_allele	absent: exact allele in HPRC	exact	AFR+AMR+EAS	3	5	ACB,MKK,PEL,PUR,CHS	7	shared	True	3	4	1	0	27	24	8	2	2	0	0	0	1	0	0	0	2	2	1	0	0	11	1	1	6	2	6	0	7	6	11	6	2	2
14947	chr19	14951269	INDEL	HG008N_absent_HPRC_other	recombinant_pieces	absent: only the nodes in HPRC	nodes	none	0	0		0	none	False	0	0	0	0	46	26	7	1	0	0	0	0	0	0	0	0	0	0	0	0	0	14	2	2	16	2	8	2	6	6	14	6	1	1
14952	chr19	15568797	INDEL	HG008N_present_broad	other_hap_only	HG008-N present, broad	exact	AFR+AMR+EAS+SAS	4	11	ACB,ESN,GWD,MSL,YRI,CLM,PEL,PUR,CHS,KHV,PJL	25	shared	False	11	13	4	1	33	27	8	2	2	0	1	5	0	2	1	2	3	8	3	1	1	11	1	2	12	1	4	2	6	8	13	6	2	2
14954	chr19	15784353	INDEL	other_ambiguous		ambiguous	exact	none	0	0		0	none	False	0	0	0	0	27	27	5	1	0	0	0	0	0	0	0	0	0	0	0	0	0	8	1	2	11	0	5	0	7	7	13	3	2	1
14955	chr19	16027190	INDEL	HG008N_absent_HPRC_other	exact_allele	absent: exact allele in HPRC	exact	AFR+AMR+EAS	3	12	ACB,ASW,ESN,GWD,MKK,MSL,YRI,CLM,PEL,PUR,CHS,KHV	17	shared	False	12	4	5	0	43	31	8	2	5	1	1	2	1	1	1	1	1	2	4	1	0	12	2	2	15	2	8	2	7	8	16	6	2	2
14960	chr19	17179027	INDEL	HG008N_absent_HPRC_other	exact_allele	absent: exact allele in HPRC	exact	AFR+AMR+EAS+SAS	4	9	ACB,GWD,MSL,CLM,PEL,PUR,CHS,KHV,PJL	16	shared	False	3	11	5	1	45	29	7	1	1	0	0	1	0	1	0	4	2	5	4	1	1	14	2	2	15	2	8	2	8	8	13	5	2	1
14963	chr19	19203953	INDEL	HG008N_absent_HPRC_other	exact_allele	absent: exact allele in HPRC	exact	AFR+AMR+EAS	3	7	ACB,ESN,GWD,CLM,PEL,PUR,KHV	8	shared	False	4	3	1	0	40	32	8	1	1	0	1	2	0	0	0	1	1	1	0	1	0	13	2	2	14	1	6	2	8	8	16	6	2	1
14970	chr19	20575955	INDEL	HG008N_absent_HPRC_other	exact_allele	absent: exact allele in HPRC	exact	AFR+AMR+EAS+SAS	4	7	ACB,ASW,CLM,PEL,PUR,KHV,PJL	15	shared	False	2	16	1	1	30	31	8	2	1	1	0	0	0	0	0	5	1	10	0	1	1	10	2	2	8	2	5	1	7	8	16	6	2	2
14975	chr19	20931620	INDEL	HG008N_absent_HPRC_other	exact_allele	absent: exact allele in HPRC	exact	AFR+AMR+EAS	3	11	ACB,ASW,ESN,GWD,MKK,MSL,YRI,CLM,PEL,PUR,CHS	22	shared	False	24	6	1	0	39	31	8	1	8	1	1	8	1	3	2	1	2	3	1	0	0	12	2	1	14	1	7	2	7	8	16	6	2	1
14976	chr19	21011659	INDEL	HG008N_absent_HPRC_other	element_set_other_allele	absent: only the nodes in HPRC	nodes	AFR+AMR+SAS	3	6	ACB,MSL,CLM,PEL,PUR,PJL	8	shared	False	2	6	0	1	27	21	2	1	1	0	0	0	0	1	0	2	1	3	0	0	1	11	0	0	7	2	5	2	5	5	11	2	0	1
14980	chr19	21420625	SNV	HG008N_absent_HPRC_other	element_set_other_allele	absent: only the nodes in HPRC	nodes	AFR+EAS	2	2	MKK,CHS	2	shared	False	1	0	1	0	14	11	3	1	0	0	0	0	1	0	0	0	0	0	1	0	0	3	0	1	7	1	0	2	4	3	4	2	1	1
14981	chr19	21464659	INDEL	HG008N_present_broad	other_hap_only	HG008-N present, broad	exact	AFR+AMR+EAS	3	8	ACB,ESN,GWD,MKK,CLM,PEL,PUR,CHS	18	shared	False	10	10	1	0	35	31	8	2	4	0	1	4	1	0	0	3	3	4	1	0	0	11	0	1	15	2	4	2	7	8	16	6	2	2
14984	chr19	22214598	INDEL	HG008N_absent_HPRC_other	exact_allele	absent: exact allele in HPRC	exact	AFR+AMR	2	6	ACB,ASW,GWD,MSL,CLM,PUR	15	shared	False	12	6	0	0	42	28	8	2	3	1	0	6	0	2	0	2	0	4	0	0	0	14	1	2	15	1	7	2	7	8	13	6	2	2
14989	chr19	22441647	INDEL	HG008N_absent_HPRC_other	exact_allele	absent: exact allele in HPRC	exact	AFR+AMR+SAS	3	9	ACB,ASW,ESN,GWD,MSL,YRI,CLM,PUR,PJL	12	shared	False	8	5	0	1	29	30	7	2	3	1	1	1	0	1	1	2	0	3	0	0	1	7	2	1	12	1	5	1	7	8	15	6	1	2
15007	chr19	28173888	INDEL	HG008N_absent_HPRC_other	exact_allele	absent: exact allele in HPRC	exact	AFR+AMR	2	6	ACB,GWD,MKK,MSL,YRI,PUR	11	shared	False	9	2	0	0	42	30	8	2	2	0	0	3	1	2	1	0	0	2	0	0	0	12	2	1	16	2	8	1	6	8	16	6	2	2
15008	chr19	28356637	INDEL	HG008N_absent_HPRC_other	exact_allele	absent: exact allele in HPRC	exact	AFR	1	3	ASW,GWD,MSL	3	one superpopulation	False	3	0	0	0	39	30	8	2	0	1	0	1	0	1	0	0	0	0	0	0	0	12	2	1	13	2	7	2	7	8	15	6	2	2
15010	chr19	28670618	INDEL	HG008N_absent_HPRC_other	exact_allele	absent: exact allele in HPRC	exact	AFR+AMR+EAS	3	9	ACB,ESN,GWD,MSL,CLM,PEL,PUR,CHS,KHV	10	shared	False	5	3	2	0	45	31	8	2	1	0	1	2	0	1	0	1	1	1	1	1	0	13	2	2	16	2	8	2	8	8	15	6	2	2
15012	chr19	29646614	INDEL	HG008N_absent_HPRC_other	exact_allele	absent: exact allele in HPRC	exact	AFR+AMR+EAS	3	10	ACB,ESN,GWD,MKK,MSL,YRI,CLM,PEL,PUR,CHS	31	shared	True	26	12	5	0	45	30	8	2	9	0	1	8	1	5	2	6	5	1	5	0	0	14	2	2	15	2	8	2	8	8	14	6	2	2
15017	chr19	30414093	INDEL	HG008N_absent_HPRC_other	exact_allele	absent: exact allele in HPRC	exact	AFR+AMR+EAS	3	12	ACB,ASW,ESN,GWD,MKK,MSL,YRI,CLM,PEL,PUR,CHS,KHV	28	shared	True	18	15	5	0	46	32	8	2	2	1	1	7	1	5	1	4	2	9	4	1	0	14	2	2	16	2	8	2	8	8	16	6	2	2
15030	chr19	31673418	SNV	HG008N_absent_HPRC_other	element_set_other_allele	absent: only the nodes in HPRC	nodes	AFR+AMR+EAS	3	5	ACB,MSL,PEL,PUR,CHS	7	shared	True	2	4	1	0	20	20	5	2	1	0	0	0	0	1	0	0	2	2	1	0	0	8	0	0	6	1	4	1	5	3	12	5	0	2
15036	chr19	33942393	INDEL	HG008N_absent_HPRC_other	exact_allele	absent: exact allele in HPRC	exact	AFR+AMR+EAS	3	9	ACB,ASW,ESN,GWD,MSL,YRI,CLM,PUR,CHS	22	shared	False	21	4	1	0	46	32	8	1	6	1	1	5	0	6	2	2	0	2	1	0	0	14	2	2	16	2	8	2	8	8	16	6	2	1
15050	chr19	37503577	INDEL	HG008N_absent_HPRC_other	exact_allele	absent: exact allele in HPRC	exact	AFR+AMR+SAS	3	9	ACB,ESN,GWD,MKK,MSL,CLM,PEL,PUR,PJL	17	shared	False	8	12	0	2	42	32	8	2	2	0	1	2	1	2	0	2	4	6	0	0	2	13	2	2	14	2	7	2	8	8	16	6	2	2
15052	chr19	37553113	INDEL	HG008N_absent_HPRC_other	exact_allele	absent: exact allele in HPRC	exact	AFR+AMR+EAS	3	6	ACB,GWD,PEL,PUR,CHS,KHV	17	shared	False	10	10	3	0	25	23	7	2	4	0	0	6	0	0	0	0	3	7	2	1	0	8	1	1	11	1	2	1	3	7	13	6	1	2
15055	chr19	38181845	INDEL	HG008N_absent_HPRC_other	exact_allele	absent: exact allele in HPRC	exact	AFR	1	3	ACB,GWD,MKK	3	one superpopulation	False	3	0	0	0	43	31	8	2	1	0	0	1	1	0	0	0	0	0	0	0	0	11	2	2	16	2	8	2	8	8	15	6	2	2
15058	chr19	38363489	INDEL	HG008N_absent_HPRC_other	exact_allele	absent: exact allele in HPRC	exact	AFR+AMR+SAS	3	7	ACB,ESN,GWD,MKK,MSL,PUR,PJL	12	shared	False	10	2	0	1	46	30	8	2	1	0	1	6	1	1	0	0	0	2	0	0	1	14	2	2	16	2	8	2	6	8	16	6	2	2
15069	chr19	39791646	INDEL	HG008N_absent_HPRC_other	exact_allele	absent: exact allele in HPRC	exact	AFR+AMR	2	5	ACB,GWD,MSL,YRI,CLM	9	shared	False	9	1	0	0	42	30	7	2	4	0	0	3	0	1	1	1	0	0	0	0	0	13	2	2	14	2	7	2	8	8	14	5	2	2
15077	chr19	42074456	INDEL	HG008N_absent_HPRC_other	exact_allele	absent: exact allele in HPRC	exact	AFR+AMR	2	5	ACB,GWD,MKK,MSL,CLM	7	shared	True	6	1	0	0	43	29	8	1	1	0	0	3	1	1	0	1	0	0	0	0	0	14	2	1	16	2	6	2	8	8	13	6	2	1
15081	chr19	43978934	INDEL	HG008N_absent_HPRC_other	element_set_other_allele	absent: only the nodes in HPRC	nodes	AFR+AMR+EAS	3	7	ACB,ASW,GWD,MKK,CLM,PUR,CHS	8	shared	False	6	2	2	0	41	28	7	2	2	1	0	1	2	0	0	1	0	1	2	0	0	14	2	1	14	2	7	1	6	8	14	5	2	2
15082	chr19	43978936	SNV	other_ambiguous		ambiguous	exact	none	0	0		0	none	False	0	0	0	0	41	28	7	2	0	0	0	0	0	0	0	0	0	0	0	0	0	14	2	1	14	2	7	1	6	8	14	5	2	2
15083	chr19	43978938	SNV	other_ambiguous		ambiguous	exact	none	0	0		0	none	False	0	0	0	0	41	28	7	2	0	0	0	0	0	0	0	0	0	0	0	0	0	14	2	1	14	2	7	1	6	8	14	5	2	2
15084	chr19	43978940	SNV	other_ambiguous		ambiguous	exact	none	0	0		0	none	False	0	0	0	0	41	28	7	2	0	0	0	0	0	0	0	0	0	0	0	0	0	14	2	1	14	2	7	1	6	8	14	5	2	2
15085	chr19	44749284	INDEL	HG008N_absent_HPRC_other	exact_allele	absent: exact allele in HPRC	exact	AFR+AMR	2	10	ACB,ASW,ESN,GWD,MKK,MSL,YRI,CLM,PEL,PUR	21	shared	False	20	7	0	0	46	29	8	2	5	1	1	6	2	4	1	2	1	4	0	0	0	14	2	2	16	2	8	2	8	8	13	6	2	2
15091	chr19	46024714	INDEL	HG008N_absent_HPRC_other	exact_allele	absent: exact allele in HPRC	exact	AFR+AMR+EAS+SAS	4	11	ACB,ASW,ESN,GWD,MKK,MSL,CLM,PEL,PUR,CHS,PJL	32	shared	False	25	16	3	1	44	31	7	2	11	1	1	8	1	3	0	3	8	5	3	0	1	14	1	2	16	2	7	2	8	8	15	5	2	2
15098	chr19	48059764	INDEL	HG008N_absent_HPRC_other	exact_allele	absent: exact allele in HPRC	exact	AFR+AMR	2	7	ACB,ASW,ESN,GWD,MKK,MSL,PUR	11	shared	True	9	2	0	0	42	31	7	2	1	1	1	2	1	3	0	0	0	2	0	0	0	11	2	2	15	2	8	2	8	8	15	5	2	2
15099	chr19	48657616	INDEL	HG008N_absent_HPRC_other	exact_allele	absent: exact allele in HPRC	exact	AFR+AMR+EAS	3	6	ACB,MSL,CLM,PEL,PUR,CHS	8	shared	False	2	5	2	0	42	24	8	1	1	0	0	0	0	1	0	2	1	2	2	0	0	13	2	2	14	2	7	2	7	3	14	6	2	1
15103	chr19	49698049	INDEL	HG008N_absent_HPRC_other	exact_allele	absent: exact allele in HPRC	exact	AFR+AMR+EAS	3	5	ACB,MSL,PEL,PUR,CHS	7	shared	False	5	4	1	0	43	32	8	2	3	0	0	0	0	2	0	0	1	3	1	0	0	13	2	1	15	2	8	2	8	8	16	6	2	2
15118	chr19	54487630	INDEL	HG008N_absent_HPRC_other	exact_allele	absent: exact allele in HPRC	exact	AFR+AMR+EAS	3	7	ACB,ESN,GWD,MSL,CLM,PUR,CHS	10	shared	False	4	6	1	0	46	32	8	2	1	0	1	1	0	1	0	2	0	4	1	0	0	14	2	2	16	2	8	2	8	8	16	6	2	2
15126	chr19	56266493	INDEL	HG008N_absent_HPRC_other	exact_allele	absent: exact allele in HPRC	exact	AFR+AMR	2	6	ACB,GWD,MKK,MSL,YRI,PUR	12	shared	False	7	5	0	0	44	31	7	2	2	0	0	2	1	1	1	0	0	5	0	0	0	14	2	2	14	2	8	2	7	8	16	6	1	2
15142	chr20	1624233	INDEL	HG008N_absent_HPRC_other	exact_allele	absent: exact allele in HPRC	exact	AFR+AMR+SAS	3	7	ESN,GWD,MKK,MSL,CLM,PUR,PJL	9	shared	False	5	3	0	1	45	31	8	2	0	0	1	2	1	1	0	2	0	1	0	0	1	14	2	2	15	2	8	2	8	8	15	6	2	2
15143	chr20	2512919	INDEL	HG008N_absent_HPRC_other	exact_allele	absent: exact allele in HPRC	exact	AFR+AMR	2	8	ACB,ESN,GWD,MKK,MSL,YRI,CLM,PUR	26	shared	False	29	7	0	0	45	31	8	2	10	0	1	10	2	5	1	3	0	4	0	0	0	14	1	2	16	2	8	2	8	7	16	6	2	2
15149	chr20	4420656	INDEL	HG008N_absent_HPRC_other	exact_allele	absent: exact allele in HPRC	exact	AFR+AMR+EAS	3	6	ACB,GWD,MSL,CLM,PEL,CHS	9	shared	True	5	3	1	0	30	17	5	1	1	0	0	3	0	1	0	1	2	0	1	0	0	10	1	2	9	2	5	1	4	6	7	4	1	1
15152	chr20	5454164	INDEL	HG008N_absent_HPRC_other	exact_allele	absent: exact allele in HPRC	exact	AMR	1	2	CLM,PUR	3	one superpopulation	False	0	3	0	0	14	16	5	1	0	0	0	0	0	0	0	1	0	2	0	0	0	2	1	1	4	0	5	1	4	7	5	4	1	1
15154	chr20	6425084	INDEL	HG008N_absent_HPRC_other	element_set_other_allele	absent: only the nodes in HPRC	nodes	AFR+AMR	2	4	ACB,GWD,MSL,PUR	12	shared	False	10	3	0	0	46	32	8	2	4	0	0	3	0	3	0	0	0	3	0	0	0	14	2	2	16	2	8	2	8	8	16	6	2	2
15168	chr20	9768790	INDEL	HG008N_absent_HPRC_other	exact_allele	absent: exact allele in HPRC	exact	AFR+AMR	2	4	GWD,MSL,PEL,PUR	8	shared	False	4	5	0	0	43	31	8	2	0	0	0	1	0	3	0	0	1	4	0	0	0	12	2	2	16	1	8	2	7	8	16	6	2	2
15177	chr20	13576342	INDEL	HG008N_absent_HPRC_other	exact_allele	absent: exact allele in HPRC	exact	AFR+AMR+EAS	3	6	ACB,GWD,YRI,PEL,PUR,CHS	8	shared	False	4	4	1	0	33	29	6	2	2	0	0	1	0	0	1	0	1	3	1	0	0	9	1	2	13	2	4	2	7	7	15	4	2	2
15178	chr20	13748588	SNV	HG008N_absent_HPRC_other	element_set_other_allele	absent: only the nodes in HPRC	nodes	AFR+AMR	2	6	ACB,GWD,MSL,CLM,PEL,PUR	9	shared	False	5	5	0	0	27	18	6	1	2	0	0	2	0	1	0	2	1	2	0	0	0	8	2	1	9	1	5	1	5	4	9	4	2	1
15185	chr20	15869238	INDEL	HG008N_absent_HPRC_other	exact_allele	absent: exact allele in HPRC	exact	AMR	1	2	PEL,PUR	4	one superpopulation	False	0	4	0	0	22	20	5	0	0	0	0	0	0	0	0	0	1	3	0	0	0	7	1	2	8	0	4	0	5	3	12	4	1	0
15186	chr20	15898549	INDEL	HG008N_absent_HPRC_other	exact_allele	absent: exact allele in HPRC	exact	AFR+AMR+EAS+SAS	4	8	ACB,ESN,GWD,CLM,PEL,PUR,CHS,PJL	16	shared	False	7	5	5	1	45	32	8	2	4	0	1	2	0	0	0	1	2	2	5	0	1	14	2	2	16	2	8	1	8	8	16	6	2	2
15189	chr20	17047314	INDEL	HG008N_absent_HPRC_other	exact_allele	absent: exact allele in HPRC	exact	AFR+AMR+EAS	3	6	ACB,GWD,MKK,MSL,PUR,KHV	9	shared	False	7	1	2	0	41	31	8	2	2	0	0	2	1	2	0	0	0	1	0	2	0	12	2	2	14	2	7	2	8	8	15	6	2	2
15195	chr20	18680430	INDEL	other_ambiguous		ambiguous	exact	none	0	0		0	none	False	0	0	0	0	41	29	7	1	0	0	0	0	0	0	0	0	0	0	0	0	0	12	2	1	15	2	7	2	8	6	15	5	2	1
15199	chr20	19502868	INDEL	HG008N_absent_HPRC_other	exact_allele	absent: exact allele in HPRC	exact	AFR+AMR	2	6	ACB,ESN,GWD,MKK,MSL,PUR	11	shared	False	10	1	0	0	41	26	7	2	3	0	1	3	1	2	0	0	0	1	0	0	0	12	2	2	14	2	7	2	6	7	13	5	2	2
15209	chr20	21646627	INDEL	HG008N_absent_HPRC_other	exact_allele	absent: exact allele in HPRC	exact	AFR+AMR+EAS	3	10	ACB,ESN,GWD,MKK,MSL,YRI,CLM,PEL,PUR,CHS	35	shared	False	26	18	3	0	39	31	8	2	8	0	1	9	1	6	1	3	8	7	3	0	0	12	2	2	14	1	7	1	7	8	16	6	2	2
15231	chr20	22135947	INDEL	HG008N_absent_HPRC_other	exact_allele	absent: exact allele in HPRC	exact	AFR+AMR+EAS	3	8	ACB,GWD,MKK,MSL,CLM,PEL,PUR,CHS	17	shared	False	9	8	1	0	38	28	8	2	3	0	0	4	1	1	0	3	4	1	1	0	0	12	2	1	13	1	7	2	8	8	12	6	2	2
15236	chr20	23889340	INDEL	HG008N_absent_HPRC_other	exact_allele	absent: exact allele in HPRC	exact	AFR+AMR+EAS+SAS	4	13	ACB,ASW,ESN,GWD,MKK,MSL,YRI,CLM,PEL,PUR,CHS,KHV,PJL	36	shared	True	40	13	4	1	45	31	8	2	11	1	2	15	2	7	2	3	4	6	2	2	1	14	2	2	16	2	7	2	8	8	15	6	2	2
15238	chr20	24210917	INDEL	HG008N_absent_HPRC_other	exact_allele	absent: exact allele in HPRC	exact	AFR+AMR+EAS	3	5	ACB,ASW,MSL,PUR,CHS	6	shared	True	3	1	2	0	28	26	7	2	1	1	0	0	0	1	0	0	0	1	2	0	0	10	2	1	8	2	4	1	7	6	13	5	2	2
15268	chr20	31507014	INDEL	HG008N_absent_HPRC_other	exact_allele	absent: exact allele in HPRC	exact	AFR+AMR+EAS+SAS	4	7	ACB,GWD,CLM,PEL,PUR,CHS,PJL	14	shared	False	4	7	2	1	36	27	7	1	3	0	0	1	0	0	0	1	2	4	2	0	1	9	2	1	14	1	7	2	5	7	15	5	2	1
15278	chr20	33887396	INDEL	HG008N_absent_HPRC_other	recombinant_pieces	absent: only the nodes in HPRC	nodes	none	0	0		0	none	False	0	0	0	0	15	11	5	1	0	0	0	0	0	0	0	0	0	0	0	0	0	3	1	1	6	0	4	0	4	3	4	3	2	1
15283	chr20	35150021	INDEL	HG008N_absent_HPRC_other	exact_allele	absent: exact allele in HPRC	exact	AFR	1	1	ACB	1	one individual	False	1	0	0	0	45	32	7	2	1	0	0	0	0	0	0	0	0	0	0	0	0	14	2	2	15	2	8	2	8	8	16	5	2	2
15284	chr20	35338888	INDEL	other_ambiguous		ambiguous	exact	none	0	0		0	none	False	0	0	0	0	11	25	6	2	0	0	0	0	0	0	0	0	0	0	0	0	0	0	1	1	5	1	1	2	8	7	10	4	2	2
15285	chr20	35338890	SNV	HG008N_absent_HPRC_other	element_set_other_allele	absent: only the nodes in HPRC	nodes	AFR+AMR+EAS+SAS	4	12	ASW,ESN,GWD,MKK,MSL,YRI,CLM,PEL,PUR,CHS,KHV,PJL	21	shared	False	10	13	3	2	11	25	6	2	0	1	1	4	1	1	2	5	1	7	2	1	2	0	1	1	5	1	1	2	8	7	10	4	2	2
15286	chr20	35367092	INDEL	HG008N_absent_HPRC_other	exact_allele	absent: exact allele in HPRC	exact	AFR	1	2	ACB,GWD	3	one superpopulation	False	3	0	0	0	44	31	7	2	2	0	0	1	0	0	0	0	0	0	0	0	0	14	2	2	16	1	7	2	8	8	15	6	1	2
15293	chr20	36829513	INDEL	HG008N_absent_HPRC_other	exact_allele	absent: exact allele in HPRC	exact	AFR+AMR+EAS	3	6	ACB,ESN,GWD,CLM,PUR,KHV	11	shared	False	9	4	1	0	44	31	8	2	3	0	2	4	0	0	0	1	0	3	0	1	0	13	2	2	16	2	7	2	8	8	15	6	2	2
15300	chr20	38101030	INDEL	HG008N_absent_HPRC_other	exact_allele	absent: exact allele in HPRC	exact	AFR+AMR+SAS	3	5	ACB,GWD,MSL,CLM,PJL	9	shared	False	6	2	0	1	42	31	8	2	1	0	0	3	0	2	0	2	0	0	0	0	1	13	2	2	13	2	8	2	8	7	16	6	2	2
15308	chr20	38906297	SNV	HG008N_absent_HPRC_other	exact_allele	absent: exact allele in HPRC	exact	AFR+AMR	2	8	ACB,ASW,ESN,GWD,MKK,MSL,CLM,PUR	15	shared	True	14	3	0	0	42	28	6	2	6	1	1	2	1	3	0	1	0	2	0	0	0	13	2	2	15	2	7	1	7	8	13	4	2	2
15309	chr20	38972004	INDEL	HG008N_absent_HPRC_other	exact_allele	absent: exact allele in HPRC	exact	AFR+AMR	2	2	MSL,PUR	2	shared	True	1	2	0	0	37	30	8	2	0	0	0	0	0	1	0	0	0	2	0	0	0	9	2	2	14	2	6	2	7	8	15	6	2	2
15311	chr20	39135800	INDEL	HG008N_absent_HPRC_other	exact_allele	absent: exact allele in HPRC	exact	AFR+AMR+EAS+SAS	4	8	ACB,GWD,CLM,PEL,PUR,CHS,KHV,PJL	12	shared	False	4	6	2	1	37	29	8	1	3	0	0	1	0	0	0	2	1	3	1	1	1	11	2	2	13	1	7	1	8	7	14	6	2	1
15318	chr20	39617512	INDEL	other_ambiguous		ambiguous	exact	none	0	0		0	none	False	0	0	0	0	10	16	6	1	0	0	0	0	0	0	0	0	0	0	0	0	0	3	1	0	6	0	0	0	5	3	8	5	1	1
15340	chr20	42126025	INDEL	HG008N_absent_HPRC_other	exact_allele	absent: exact allele in HPRC	exact	AFR+AMR	2	6	ACB,ESN,GWD,CLM,PEL,PUR	11	shared	False	6	6	0	0	40	28	8	2	3	0	1	2	0	0	0	2	1	3	0	0	0	11	2	2	15	2	6	2	8	6	14	6	2	2
15386	chr20	48482629	INDEL	HG008N_present_broad	other_hap_only	HG008-N present, broad	exact	AFR+AMR+EAS+SAS	4	9	ACB,ASW,GWD,YRI,CLM,PEL,PUR,CHS,PJL	19	shared	False	9	11	1	1	44	29	6	1	2	1	0	5	0	0	1	1	6	4	1	0	1	13	2	2	16	2	7	2	6	7	16	4	2	1
15392	chr20	49455356	INDEL	HG008N_absent_HPRC_other	exact_allele	absent: exact allele in HPRC	exact	AFR+AMR+EAS	3	8	ACB,ESN,GWD,CLM,PEL,PUR,CHS,KHV	10	shared	False	4	7	3	0	28	26	7	2	1	0	1	2	0	0	0	3	3	1	2	1	0	6	1	1	11	2	5	2	5	7	14	5	2	2
15414	chr20	52429966	INDEL	other_ambiguous		ambiguous	exact	none	0	0		0	none	False	0	0	0	0	26	18	1	1	0	0	0	0	0	0	0	0	0	0	0	0	0	9	2	0	10	2	3	0	6	4	8	1	0	1
15415	chr20	52458259	INDEL	HG008N_absent_HPRC_other	exact_allele	absent: exact allele in HPRC	exact	AFR+AMR+EAS	3	8	ACB,ASW,GWD,YRI,CLM,PEL,PUR,CHS	21	shared	False	11	11	1	0	45	32	8	2	3	1	0	6	0	0	1	3	2	6	1	0	0	13	2	2	16	2	8	2	8	8	16	6	2	2
15419	chr20	52733809	SNV	HG008N_absent_HPRC_other	exact_allele	absent: exact allele in HPRC	exact	AFR	1	3	ACB,GWD,MSL	4	one superpopulation	False	5	0	0	0	37	25	7	2	2	0	0	2	0	1	0	0	0	0	0	0	0	10	2	2	13	2	6	2	7	6	12	5	2	2
15425	chr20	53501524	INDEL	other_ambiguous		ambiguous	exact	none	0	0		0	none	False	0	0	0	0	15	12	3	1	0	0	0	0	0	0	0	0	0	0	0	0	0	4	1	1	5	1	1	2	2	4	6	2	1	1
15431	chr20	54418398	INDEL	HG008N_absent_HPRC_other	exact_allele	absent: exact allele in HPRC	exact	AFR+AMR+EAS+SAS	4	10	ACB,ASW,GWD,MSL,CLM,PEL,PUR,CHS,KHV,PJL	12	shared	False	4	6	3	2	14	24	5	2	1	1	0	1	0	1	0	2	2	2	1	2	2	5	1	0	4	1	2	1	6	6	12	3	2	2
15442	chr20	55092728	INDEL	HG008N_absent_HPRC_other	exact_allele	absent: exact allele in HPRC	exact	AFR	1	4	ACB,ESN,GWD,MSL	9	one superpopulation	False	10	0	0	0	28	25	6	1	3	0	1	5	0	1	0	0	0	0	0	0	0	8	2	2	11	1	4	0	7	8	10	4	2	1
15443	chr20	55142424	INDEL	HG008N_absent_HPRC_other	element_set_other_allele	absent: only the nodes in HPRC	nodes	AFR+AMR	2	4	ACB,GWD,MSL,PUR	10	shared	False	9	1	0	0	24	20	6	1	3	0	0	4	0	2	0	0	0	1	0	0	0	8	1	0	9	0	4	2	6	6	8	4	2	1
15444	chr20	55151592	INDEL	other_ambiguous		ambiguous	exact	none	0	0		0	none	False	0	0	0	0	27	26	5	2	0	0	0	0	0	0	0	0	0	0	0	0	0	10	1	1	7	0	6	2	7	7	12	4	1	2
15452	chr20	55631779	INDEL	HG008N_absent_HPRC_other	exact_allele	absent: exact allele in HPRC	exact	AFR+AMR+EAS	3	4	ESN,MSL,PEL,CHS	5	shared	True	3	1	1	0	39	32	8	2	0	0	1	0	0	2	0	0	1	0	1	0	0	12	2	1	15	1	7	1	8	8	16	6	2	2
15453	chr20	55759740	INDEL	HG008N_absent_HPRC_other	exact_allele	absent: exact allele in HPRC	exact	AFR+AMR+EAS	3	9	ACB,ESN,GWD,MKK,MSL,CLM,PEL,PUR,CHS	21	shared	False	18	6	1	0	36	28	8	2	4	0	2	6	1	5	0	2	1	3	1	0	0	10	2	2	14	1	7	0	6	8	14	6	2	2
15457	chr20	56136275	INDEL	HG008N_absent_HPRC_other	exact_allele	absent: exact allele in HPRC	exact	AFR+AMR	2	6	ACB,GWD,MSL,CLM,PEL,PUR	8	shared	False	3	5	0	0	42	31	8	2	1	0	0	1	0	1	0	1	2	2	0	0	0	11	2	1	16	2	8	2	7	8	16	6	2	2
15462	chr20	56651359	INDEL	HG008N_absent_HPRC_other	exact_allele	absent: exact allele in HPRC	exact	AFR+AMR+EAS	3	5	ACB,GWD,MSL,PUR,KHV	17	shared	False	17	1	1	0	29	23	8	2	6	0	0	6	0	5	0	0	0	1	0	1	0	10	2	0	9	1	6	1	6	7	10	6	2	2
15471	chr20	57669142	INDEL	HG008N_absent_HPRC_other	exact_allele	absent: exact allele in HPRC	exact	AFR+AMR+EAS	3	8	ACB,ASW,GWD,MSL,CLM,PEL,PUR,KHV	13	shared	False	9	7	1	0	41	30	8	2	4	1	0	1	0	3	0	1	2	4	0	1	0	13	2	2	15	2	5	2	7	8	15	6	2	2
15479	chr20	58528188	INDEL	HG008N_absent_HPRC_other	exact_allele	absent: exact allele in HPRC	exact	EAS	1	1	CHS	1	one individual	False	0	0	1	0	16	14	2	1	0	0	0	0	0	0	0	0	0	0	1	0	0	6	0	1	4	0	4	1	5	0	9	2	0	1
15485	chr20	59510112	INDEL	HG008N_absent_HPRC_other	exact_allele	absent: exact allele in HPRC	exact	AFR+AMR+EAS	3	8	ACB,ASW,GWD,MKK,CLM,PEL,PUR,CHS	14	shared	False	7	7	2	0	41	32	8	2	1	2	0	3	1	0	0	1	2	4	2	0	0	12	2	2	13	2	8	2	8	8	16	6	2	2
15499	chr20	61049405	INDEL	HG008N_present_broad	other_hap_only	HG008-N present, broad	exact	AFR+AMR+EAS+SAS	4	10	ACB,ESN,GWD,MSL,CLM,PEL,PUR,CHS,KHV,PJL	22	shared	False	9	11	4	1	42	29	7	2	2	0	1	3	0	3	0	1	4	6	3	1	1	11	1	2	16	2	8	2	8	6	15	5	2	2
15540	chr21	16772096	INDEL	other_ambiguous		ambiguous	exact	none	0	0		0	none	False	0	0	0	0	35	26	5	1	0	0	0	0	0	0	0	0	0	0	0	0	0	13	0	2	11	1	7	1	6	6	14	4	1	1
15554	chr21	20199489	INDEL	HG008N_absent_HPRC_other	exact_allele	absent: exact allele in HPRC	exact	AFR+AMR+EAS+SAS	4	9	ACB,GWD,MSL,CLM,PEL,PUR,CHS,KHV,PJL	14	shared	False	8	5	2	2	36	31	8	2	6	0	0	1	0	1	0	1	1	3	1	1	2	10	2	1	13	2	7	1	8	8	15	6	2	2
15560	chr21	20709268	INDEL	other_ambiguous		ambiguous	exact	none	0	0		0	none	False	0	0	0	0	33	29	3	2	0	0	0	0	0	0	0	0	0	0	0	0	0	11	2	1	13	2	3	1	8	8	13	3	0	2
15570	chr21	21934883	INDEL	HG008N_absent_HPRC_other	exact_allele	absent: exact allele in HPRC	exact	AFR+AMR+EAS	3	7	ACB,GWD,MSL,CLM,PUR,CHS,KHV	14	shared	False	7	6	3	0	36	25	6	2	3	0	0	3	0	1	0	3	0	3	2	1	0	10	1	2	13	1	7	2	7	5	13	4	2	2
15578	chr21	22488220	INDEL	HG008N_absent_HPRC_other	exact_allele	absent: exact allele in HPRC	exact	AFR+AMR+EAS	3	6	ACB,GWD,MSL,PEL,PUR,CHS	15	shared	False	14	4	1	0	36	30	8	2	9	0	0	4	0	1	0	0	1	3	1	0	0	14	1	1	14	2	3	1	8	7	15	6	2	2
15583	chr21	23404290	INDEL	HG008N_absent_HPRC_other	exact_allele	absent: exact allele in HPRC	exact	AFR+AMR+EAS	3	6	ACB,GWD,MSL,PEL,PUR,CHS	13	shared	False	10	2	3	0	43	30	8	2	3	0	0	6	0	1	0	0	1	1	3	0	0	12	2	2	16	2	7	2	8	8	14	6	2	2
15591	chr21	24427690	INDEL	HG008N_absent_HPRC_other	exact_allele	absent: exact allele in HPRC	exact	AFR+AMR+EAS+SAS	4	10	ACB,ASW,GWD,YRI,CLM,PEL,PUR,CHS,KHV,PJL	13	shared	False	6	5	2	1	25	20	7	2	2	1	0	1	0	0	2	1	2	2	1	1	1	8	2	0	5	2	6	2	5	7	8	5	2	2
15593	chr21	24765823	INDEL	HG008N_absent_HPRC_other	exact_allele	absent: exact allele in HPRC	exact	AFR+AMR	2	8	ACB,ESN,GWD,MKK,MSL,YRI,CLM,PUR	19	shared	False	18	4	0	0	45	31	8	2	6	0	1	7	2	1	1	1	0	3	0	0	0	14	2	2	16	2	8	1	8	8	15	6	2	2
15609	chr21	26630704	INDEL	other_ambiguous		ambiguous	exact	none	0	0		0	none	False	0	0	0	0	41	29	5	1	0	0	0	0	0	0	0	0	0	0	0	0	0	11	2	2	15	2	7	2	8	7	14	3	2	1
15611	chr21	26976088	INDEL	HG008N_absent_HPRC_other	recombinant_pieces	absent: only the nodes in HPRC	nodes	none	0	0		0	none	False	0	0	0	0	37	21	6	2	0	0	0	0	0	0	0	0	0	0	0	0	0	13	1	0	14	1	6	2	6	6	9	5	1	2
15613	chr21	27385909	INDEL	HG008N_absent_HPRC_other	exact_allele	absent: exact allele in HPRC	exact	AFR+AMR	2	5	ACB,GWD,MKK,MSL,PUR	8	shared	False	8	1	0	0	39	28	7	2	2	0	0	4	1	1	0	0	0	1	0	0	0	12	1	2	14	2	6	2	7	6	15	5	2	2
15626	chr21	29871760	INDEL	HG008N_absent_HPRC_other	exact_allele	absent: exact allele in HPRC	exact	AFR+AMR+EAS	3	8	ACB,GWD,MSL,YRI,CLM,PEL,PUR,CHS	20	shared	False	12	10	3	0	41	29	5	2	2	0	0	3	0	6	1	3	1	6	3	0	0	13	2	2	14	0	8	2	8	7	14	5	0	2
15630	chr21	30235159	INDEL	HG008N_absent_HPRC_other	exact_allele	absent: exact allele in HPRC	exact	AFR+AMR+EAS	3	9	ACB,ASW,ESN,GWD,MSL,YRI,PEL,PUR,CHS	13	shared	False	11	2	1	0	44	32	8	2	4	1	1	2	0	2	1	0	1	1	1	0	0	14	2	2	15	2	7	2	8	8	16	6	2	2
15636	chr21	31430225	INDEL	HG008N_absent_HPRC_other	exact_allele	absent: exact allele in HPRC	exact	AMR+EAS	2	4	CLM,PEL,PUR,CHS	4	shared	False	0	3	2	0	16	21	4	1	0	0	0	0	0	0	0	1	1	1	2	0	0	5	0	0	6	1	3	1	8	5	8	3	1	1
15638	chr21	31798672	INDEL	HG008N_absent_HPRC_other	exact_allele	absent: exact allele in HPRC	exact	AFR+AMR	2	6	ACB,GWD,MKK,MSL,PEL,PUR	9	shared	False	6	4	0	0	41	32	8	2	2	0	0	2	1	1	0	0	1	3	0	0	0	12	1	2	15	2	7	2	8	8	16	6	2	2
15639	chr21	32482854	INDEL	HG008N_absent_HPRC_other	exact_allele	absent: exact allele in HPRC	exact	AFR+AMR+EAS+SAS	4	8	ACB,GWD,MKK,CLM,PEL,PUR,CHS,PJL	18	shared	False	11	9	1	1	42	31	8	1	4	0	0	6	1	0	0	2	1	6	1	0	1	14	2	0	15	2	7	2	8	7	16	6	2	1
15643	chr21	33107255	INDEL	HG008N_absent_HPRC_other	exact_allele	absent: exact allele in HPRC	exact	AFR+AMR+SAS	3	8	ASW,GWD,MKK,MSL,CLM,PEL,PUR,PJL	15	shared	False	6	10	0	1	44	29	7	2	0	1	0	2	1	2	0	3	1	6	0	0	1	14	2	2	16	1	7	2	8	6	15	5	2	2
15654	chr21	36980026	INDEL	HG008N_absent_HPRC_other	exact_allele	absent: exact allele in HPRC	exact	AFR+AMR+EAS	3	8	ACB,GWD,MSL,CLM,PEL,PUR,CHS,KHV	15	shared	False	8	7	3	0	36	30	8	1	5	0	0	1	0	2	0	2	2	3	2	1	0	12	2	0	11	2	7	2	7	8	15	6	2	1
15656	chr21	37308525	SNV	HG008N_absent_HPRC_other	element_set_other_allele	absent: only the nodes in HPRC	nodes	AFR+AMR+EAS+SAS	4	12	ACB,ASW,ESN,GWD,MSL,YRI,CLM,PEL,PUR,CHS,KHV,PJL	32	shared	True	16	20	7	1	17	20	7	1	5	1	1	5	0	3	1	7	4	9	5	2	1	6	1	1	5	0	3	1	7	4	9	5	2	1
15658	chr21	37308537	SNV	HG008N_absent_HPRC_other	element_set_other_allele	absent: only the nodes in HPRC	nodes	AFR+AMR+EAS+SAS	4	9	ACB,ASW,GWD,MSL,CLM,PEL,PUR,CHS,PJL	20	shared	False	10	7	4	1	10	7	4	1	4	1	0	4	0	1	0	1	1	5	4	0	1	4	1	0	4	0	1	0	1	1	5	4	0	1
15659	chr21	37308538	INDEL	HG008N_absent_HPRC_other	element_set_other_allele	absent: only the nodes in HPRC	nodes	AFR+AMR+EAS+SAS	4	10	ACB,ASW,GWD,MSL,CLM,PEL,PUR,CHS,KHV,PJL	23	shared	False	11	9	3	1	15	13	5	1	4	1	0	3	0	3	0	2	1	6	2	1	1	5	1	1	5	0	3	0	4	1	8	4	1	1
15665	chr21	37764383	INDEL	HG008N_absent_HPRC_other	exact_allele	absent: exact allele in HPRC	exact	AFR+AMR	2	6	ACB,GWD,MKK,MSL,CLM,PUR	10	shared	False	9	2	0	0	44	31	8	2	2	0	0	5	1	1	0	1	0	1	0	0	0	14	2	2	16	2	7	1	8	8	15	6	2	2
15667	chr21	38480591	INDEL	other_ambiguous		ambiguous	exact	none	0	0		0	none	False	0	0	0	0	6	5	1	0	0	0	0	0	0	0	0	0	0	0	0	0	0	2	0	0	3	0	1	0	1	1	3	0	1	0
15672	chr21	39745056	INDEL	HG008N_absent_HPRC_other	exact_allele	absent: exact allele in HPRC	exact	AFR+AMR+EAS	3	8	ACB,GWD,MSL,YRI,CLM,PUR,CHS,KHV	21	shared	False	13	10	2	0	41	32	8	2	6	0	0	5	0	1	1	6	0	4	1	1	0	12	2	2	16	1	7	1	8	8	16	6	2	2
15673	chr21	39809976	INDEL	HG008N_absent_HPRC_other	exact_allele	absent: exact allele in HPRC	exact	AFR+AMR+EAS	3	10	ACB,ASW,ESN,GWD,MKK,CLM,PEL,PUR,CHS,KHV	28	shared	False	17	16	6	0	46	32	8	2	7	1	2	6	1	0	0	2	3	11	4	2	0	14	2	2	16	2	8	2	8	8	16	6	2	2
15678	chr21	40205602	INDEL	HG008N_absent_HPRC_other	exact_allele	absent: exact allele in HPRC	exact	AFR+AMR+EAS	3	7	ACB,ESN,GWD,MSL,CLM,PUR,CHS	11	shared	False	7	3	1	0	42	30	8	2	2	0	1	2	0	2	0	1	0	2	1	0	0	12	2	2	15	2	8	1	8	8	14	6	2	2
15698	chr21	43990947	INDEL	HG008N_absent_HPRC_other	element_set_other_allele	absent: only the nodes in HPRC	nodes	AFR+AMR+EAS	3	5	ACB,MSL,CLM,PUR,CHS	8	shared	True	2	6	1	0	23	21	6	0	1	0	0	0	0	1	0	3	0	3	1	0	0	10	1	0	6	2	4	0	8	6	7	4	2	0
15700	chr21	45231472	INDEL	HG008N_absent_HPRC_other	exact_allele	absent: exact allele in HPRC	exact	AFR+AMR	2	4	ACB,GWD,CLM,PEL	13	shared	False	11	4	0	0	37	32	7	2	5	0	0	6	0	0	0	2	2	0	0	0	0	11	2	1	13	2	6	2	8	8	16	5	2	2
15707	chr22	16102487	INDEL	HG008N_absent_HPRC_other	exact_allele	absent: exact allele in HPRC	exact	AFR+AMR+EAS+SAS	4	9	ACB,GWD,MSL,CLM,PEL,PUR,CHS,KHV,PJL	16	shared	False	7	7	3	1	36	30	8	2	3	0	0	2	0	2	0	2	3	2	1	2	1	11	2	1	13	2	5	2	7	8	15	6	2	2
15712	chr22	17886988	INDEL	HG008N_absent_HPRC_other	exact_allele	absent: exact allele in HPRC	exact	AFR+AMR+EAS	3	8	ACB,MKK,MSL,CLM,PEL,PUR,CHS,KHV	10	shared	False	3	5	2	0	26	29	8	2	1	0	0	0	1	1	0	1	1	3	1	1	0	7	1	2	8	2	4	2	7	8	14	6	2	2
15713	chr22	18218015	INDEL	HG008N_absent_HPRC_other	exact_allele	absent: exact allele in HPRC	exact	AMR	1	3	CLM,PEL,PUR	3	one superpopulation	True	0	3	0	0	16	23	4	1	0	0	0	0	0	0	0	1	1	1	0	0	0	4	1	1	8	0	0	2	7	4	12	3	1	1
15719	chr22	21166632	INDEL	HG008N_absent_HPRC_other	exact_allele	absent: exact allele in HPRC	exact	AMR+EAS	2	4	CLM,PEL,PUR,CHS	4	shared	False	0	3	1	0	6	9	1	0	0	0	0	0	0	0	0	1	1	1	1	0	0	1	1	0	1	1	2	0	3	3	3	1	0	0
15724	chr22	22526055	INDEL	HG008N_absent_HPRC_other	exact_allele	absent: exact allele in HPRC	exact	AFR+AMR+EAS	3	7	ACB,GWD,MKK,MSL,CLM,PUR,CHS	10	shared	False	9	2	1	0	37	30	8	2	4	0	0	1	1	3	0	1	0	1	1	0	0	12	2	1	11	2	8	1	7	8	15	6	2	2
15725	chr22	22551642	INDEL	other_ambiguous		ambiguous	exact	none	0	0		0	none	False	0	0	0	0	30	32	7	2	0	0	0	0	0	0	0	0	0	0	0	0	0	12	2	0	8	1	6	1	8	8	16	5	2	2
15736	chr22	25251412	INDEL	HG008N_absent_HPRC_other	exact_allele	absent: exact allele in HPRC	exact	AFR+AMR	2	6	ACB,ESN,GWD,MSL,YRI,PUR	8	shared	False	5	3	0	0	31	31	8	2	1	0	1	1	0	1	1	0	0	3	0	0	0	11	1	1	8	2	6	2	8	8	15	6	2	2
15753	chr22	31113936	INDEL	HG008N_present_broad	other_hap_only	HG008-N present, broad	exact	AFR+AMR+SAS	3	9	ACB,ESN,GWD,MKK,MSL,CLM,PEL,PUR,PJL	22	shared	False	13	13	0	1	45	30	8	2	2	0	1	5	2	3	0	4	1	8	0	0	1	14	2	2	15	2	8	2	8	8	14	6	2	2
15757	chr22	32569569	SNV	HG008N_absent_HPRC_other	element_set_other_allele	absent: only the nodes in HPRC	nodes	AFR+AMR+EAS+SAS	4	10	ACB,ASW,GWD,MKK,MSL,CLM,PEL,PUR,CHS,PJL	25	shared	True	23	8	4	1	28	25	8	1	8	1	0	7	2	5	0	1	1	6	4	0	1	11	1	0	9	2	5	0	7	7	11	6	2	1
15759	chr22	33967530	INDEL	HG008N_absent_HPRC_other	exact_allele	absent: exact allele in HPRC	exact	AFR+AMR+EAS	3	7	ACB,GWD,MSL,YRI,PEL,PUR,CHS	11	shared	True	6	4	2	0	28	26	5	0	1	0	0	2	0	2	1	0	1	3	2	0	0	9	0	1	10	1	6	1	5	6	15	4	1	0
15761	chr22	34137118	INDEL	HG008N_absent_HPRC_other	exact_allele	absent: exact allele in HPRC	exact	AFR	1	1	GWD	2	one population	False	2	0	0	0	32	30	8	2	0	0	0	2	0	0	0	0	0	0	0	0	0	10	2	2	10	2	6	0	8	8	14	6	2	2
15774	chr22	35364770	INDEL	HG008N_absent_HPRC_other	exact_allele	absent: exact allele in HPRC	exact	AFR+AMR+SAS	3	3	GWD,CLM,PJL	4	shared	False	2	1	0	1	15	20	3	1	0	0	0	2	0	0	0	1	0	0	0	0	1	6	1	0	7	0	1	0	7	7	6	2	1	1
15786	chr22	39553718	INDEL	HG008N_absent_HPRC_other	exact_allele	absent: exact allele in HPRC	exact	AFR+AMR+EAS	3	8	ACB,GWD,MKK,MSL,PEL,PUR,CHS,KHV	17	shared	False	6	9	6	0	34	32	7	2	3	0	0	1	1	1	0	0	4	5	5	1	0	10	2	1	11	2	6	2	8	8	16	5	2	2
15798	chr22	43574645	INDEL	HG008N_absent_HPRC_other	exact_allele	absent: exact allele in HPRC	exact	AFR+AMR+SAS	3	5	ACB,GWD,MSL,PUR,PJL	8	shared	False	5	3	0	1	45	30	8	2	1	0	0	2	0	2	0	0	0	3	0	0	1	14	2	2	15	2	8	2	6	8	16	6	2	2
15799	chr22	43575358	INDEL	HG008N_absent_HPRC_other	exact_allele	absent: exact allele in HPRC	exact	AFR+AMR+SAS	3	9	ACB,ESN,GWD,MKK,MSL,YRI,CLM,PUR,PJL	22	shared	False	20	8	0	1	42	30	6	2	6	0	1	6	1	4	2	1	0	7	0	0	1	12	2	2	14	2	8	2	6	8	16	4	2	2
15815	chr22	48512938	SNV	other_ambiguous		ambiguous	exact	none	0	0		0	none	False	0	0	0	0	46	32	8	2	0	0	0	0	0	0	0	0	0	0	0	0	0	14	2	2	16	2	8	2	8	8	16	6	2	2
15817	chr22	48512944	INDEL	HG008N_absent_HPRC_other	element_set_other_allele	absent: only the nodes in HPRC	nodes	AFR	1	1	ACB	1	one individual	False	1	0	0	0	46	32	8	2	1	0	0	0	0	0	0	0	0	0	0	0	0	14	2	2	16	2	8	2	8	8	16	6	2	2
15828	chr22	49389325	INDEL	HG008N_absent_HPRC_other	exact_allele	absent: exact allele in HPRC	exact	AFR+AMR	2	2	GWD,PUR	2	shared	True	1	1	0	0	36	28	8	2	0	0	0	1	0	0	0	0	0	1	0	0	0	13	2	0	12	2	5	2	8	7	13	6	2	2
15837	chr4	2013540	INDEL	HG008N_absent_HPRC_other	exact_allele	absent: exact allele in HPRC	exact	AFR+AMR+EAS	3	7	ACB,GWD,MSL,CLM,PEL,PUR,KHV	14	shared	False	7	8	1	0	45	30	7	2	2	0	0	4	0	1	0	5	1	2	0	1	0	13	2	2	16	2	8	2	8	6	16	6	1	2
15842	chr4	4225566	INDEL	HG008N_absent_HPRC_other	exact_allele	absent: exact allele in HPRC	exact	AFR+AMR	2	5	ACB,GWD,MSL,PEL,PUR	9	shared	False	6	3	0	0	25	26	6	1	1	0	0	3	0	2	0	0	1	2	0	0	0	8	2	0	9	1	5	0	7	5	14	5	1	1
15848	chr4	5434454	INDEL	HG008N_absent_HPRC_other	exact_allele	absent: exact allele in HPRC	exact	AFR+AMR	2	6	ACB,GWD,MKK,MSL,CLM,PUR	14	shared	False	13	4	0	0	27	26	7	1	4	0	0	6	1	2	0	1	0	3	0	0	0	9	2	1	9	1	4	1	7	7	12	5	2	1
15854	chr4	6073077	INDEL	HG008N_absent_HPRC_other	exact_allele	absent: exact allele in HPRC	exact	AFR+AMR	2	4	ACB,GWD,MSL,PUR	10	shared	False	9	2	0	0	39	30	8	2	4	0	0	3	0	2	0	0	0	2	0	0	0	11	2	2	14	1	7	2	8	8	14	6	2	2
15861	chr4	9646883	INDEL	HG008N_absent_HPRC_other	exact_allele	absent: exact allele in HPRC	exact	AFR+AMR	2	5	GWD,MKK,YRI,CLM,PUR	10	shared	False	3	7	0	0	38	32	7	2	0	0	0	1	1	0	1	2	0	5	0	0	0	12	2	2	15	2	4	1	8	8	16	6	1	2
15869	chr4	11884215	INDEL	HG008N_absent_HPRC_other	exact_allele	absent: exact allele in HPRC	exact	AFR+AMR	2	3	MKK,CLM,PEL	4	shared	False	1	4	0	0	30	18	8	2	0	0	0	0	1	0	0	2	2	0	0	0	0	9	1	2	9	2	6	1	7	3	8	6	2	2
15873	chr4	12187456	INDEL	HG008N_absent_HPRC_other	exact_allele	absent: exact allele in HPRC	exact	AFR+AMR	2	6	ACB,ASW,GWD,MSL,YRI,PUR	11	shared	False	10	1	0	0	39	32	8	2	4	1	0	3	0	1	1	0	0	1	0	0	0	14	2	2	12	1	6	2	8	8	16	6	2	2
15882	chr4	14412764	INDEL	HG008N_absent_HPRC_other	exact_allele	absent: exact allele in HPRC	exact	AFR+AMR+EAS+SAS	4	8	ACB,GWD,MSL,CLM,PEL,PUR,CHS,PJL	11	shared	False	3	7	1	2	44	32	8	2	1	0	0	1	0	1	0	1	4	2	1	0	2	14	1	2	16	1	8	2	8	8	16	6	2	2
15885	chr4	14796767	INDEL	other_ambiguous		ambiguous	exact	none	0	0		0	none	False	0	0	0	0	18	18	2	2	0	0	0	0	0	0	0	0	0	0	0	0	0	8	2	0	3	1	4	0	5	5	8	1	1	2
15902	chr4	17304709	INDEL	HG008N_absent_HPRC_other	exact_allele	absent: exact allele in HPRC	exact	AFR	1	3	ACB,MSL,YRI	4	one superpopulation	False	5	0	0	0	32	28	7	1	1	0	0	0	0	3	1	0	0	0	0	0	0	10	1	1	10	2	6	2	7	7	14	5	2	1
15911	chr4	19434251	INDEL	HG008N_absent_HPRC_other	element_set_other_allele	absent: only the nodes in HPRC	nodes	AFR+AMR+EAS	3	4	ACB,PEL,PUR,CHS	10	shared	False	3	6	2	0	25	25	7	0	3	0	0	0	0	0	0	0	3	3	2	0	0	11	1	1	6	1	5	0	8	7	10	6	1	0
15925	chr4	22288057	INDEL	HG008N_absent_HPRC_other	exact_allele	absent: exact allele in HPRC	exact	AFR+AMR	2	5	ACB,ESN,GWD,MSL,PUR	9	shared	False	7	2	0	0	44	30	8	2	2	0	1	2	0	2	0	0	0	2	0	0	0	14	2	2	15	2	7	2	8	8	14	6	2	2
15930	chr4	22785570	INDEL	HG008N_absent_HPRC_other	exact_allele	absent: exact allele in HPRC	exact	AFR+AMR+EAS+SAS	4	9	ACB,ESN,GWD,MSL,CLM,PEL,PUR,CHS,PJL	17	shared	False	11	6	3	2	40	27	8	2	5	0	1	3	0	2	0	3	1	2	3	0	2	14	2	2	13	1	6	2	8	6	13	6	2	2
15931	chr4	23485788	INDEL	HG008N_absent_HPRC_other	exact_allele	absent: exact allele in HPRC	exact	AFR+AMR+EAS	3	8	ACB,GWD,MSL,YRI,CLM,PEL,PUR,CHS	16	shared	False	9	9	1	0	40	26	8	2	2	0	0	4	0	2	1	4	4	1	1	0	0	12	2	2	14	2	7	1	7	7	12	6	2	2
15936	chr4	25449117	INDEL	HG008N_absent_HPRC_other	exact_allele	absent: exact allele in HPRC	exact	AFR+AMR+EAS+SAS	4	9	ACB,ASW,GWD,MSL,CLM,PEL,PUR,CHS,PJL	30	shared	True	16	11	4	1	36	25	6	2	6	1	0	5	0	4	0	3	1	7	4	0	1	10	2	2	12	2	7	1	6	7	12	6	0	2
15939	chr4	26109415	INDEL	other_ambiguous		ambiguous	exact	none	0	0		0	none	False	0	0	0	0	8	9	5	0	0	0	0	0	0	0	0	0	0	0	0	0	0	3	0	0	1	1	3	0	3	2	4	4	1	0
15951	chr4	28219465	SNV	HG008N_absent_HPRC_other	exact_allele	absent: exact allele in HPRC	exact	AFR+AMR+EAS+SAS	4	12	ACB,ASW,ESN,GWD,MKK,MSL,YRI,CLM,PEL,PUR,CHS,PJL	33	shared	False	32	9	6	2	42	29	7	2	9	2	1	10	2	6	2	1	1	7	6	0	2	10	2	2	16	2	8	2	8	8	13	6	1	2
15953	chr4	28517980	INDEL	HG008N_absent_HPRC_other	exact_allele	absent: exact allele in HPRC	exact	AFR+AMR+EAS	3	10	ACB,GWD,MKK,MSL,YRI,CLM,PEL,PUR,CHS,KHV	23	shared	False	11	13	8	0	43	29	8	2	3	0	0	3	1	3	1	4	6	3	6	2	0	13	2	2	15	2	7	2	6	8	15	6	2	2
15957	chr4	28864346	INDEL	HG008N_absent_HPRC_other	exact_allele	absent: exact allele in HPRC	exact	AFR+AMR+EAS	3	6	ACB,GWD,MSL,CLM,PUR,CHS	13	shared	False	6	7	1	0	21	20	4	0	2	0	0	3	0	1	0	1	0	6	1	0	0	9	0	1	7	1	3	0	6	5	9	3	1	0
15963	chr4	29600817	INDEL	HG008N_absent_HPRC_other	exact_allele	absent: exact allele in HPRC	exact	AFR+AMR	2	6	ACB,ASW,GWD,MKK,CLM,PUR	12	shared	False	8	4	0	0	42	29	8	2	2	1	0	4	1	0	0	1	0	3	0	0	0	14	2	2	13	2	8	1	6	8	15	6	2	2
15972	chr4	31833903	INDEL	HG008N_absent_HPRC_other	exact_allele	absent: exact allele in HPRC	exact	AFR+AMR+EAS+SAS	4	7	ACB,ESN,GWD,PEL,PUR,CHS,PJL	9	shared	False	3	3	2	2	25	28	5	2	1	0	1	1	0	0	0	0	1	2	2	0	2	7	0	2	11	1	3	1	8	8	12	5	0	2
15976	chr4	32683412	INDEL	HG008N_absent_HPRC_other	exact_allele	absent: exact allele in HPRC	exact	AFR+AMR+EAS+SAS	4	9	ACB,ASW,GWD,MKK,MSL,PEL,PUR,CHS,PJL	17	shared	False	12	4	2	1	45	30	8	2	2	1	0	5	1	3	0	0	1	3	2	0	1	14	2	2	15	2	8	2	7	8	15	6	2	2
15977	chr4	32793744	INDEL	HG008N_absent_HPRC_other	exact_allele	absent: exact allele in HPRC	exact	AFR+AMR+EAS+SAS	4	9	ACB,ASW,ESN,GWD,MKK,CLM,PUR,CHS,PJL	12	shared	False	6	5	1	2	35	29	6	2	2	1	1	1	1	0	0	1	0	4	1	0	2	12	2	1	11	1	6	2	8	8	13	5	1	2
15980	chr4	32993567	INDEL	HG008N_absent_HPRC_other	exact_allele	absent: exact allele in HPRC	exact	AFR	1	4	ACB,ESN,GWD,MSL	10	one superpopulation	False	10	0	0	0	46	31	8	2	2	0	1	3	0	4	0	0	0	0	0	0	0	14	2	2	16	2	8	2	8	8	15	6	2	2
15988	chr4	33542334	INDEL	HG008N_absent_HPRC_other	exact_allele	absent: exact allele in HPRC	exact	AFR+AMR+EAS	3	9	ACB,GWD,MSL,YRI,CLM,PEL,PUR,CHS,KHV	18	shared	False	10	12	4	0	37	31	8	2	2	0	0	4	0	3	1	3	5	4	2	2	0	10	2	1	14	2	6	2	8	7	16	6	2	2
15989	chr4	33612385	INDEL	HG008N_absent_HPRC_other	exact_allele	absent: exact allele in HPRC	exact	AFR+AMR	2	8	ACB,ESN,GWD,MSL,YRI,CLM,PEL,PUR	24	shared	False	18	13	0	0	44	32	8	2	3	0	1	9	0	3	2	1	6	6	0	0	0	14	1	2	16	1	8	2	8	8	16	6	2	2
16008	chr4	37208190	INDEL	HG008N_absent_HPRC_other	exact_allele	absent: exact allele in HPRC	exact	AFR+AMR	2	6	ACB,GWD,MSL,YRI,CLM,PUR	15	shared	False	14	3	0	0	34	28	7	2	4	0	0	6	0	3	1	1	0	2	0	0	0	7	2	2	14	1	7	1	7	6	15	5	2	2
16021	chr4	40196692	INDEL	HG008N_absent_HPRC_other	exact_allele	absent: exact allele in HPRC	exact	AFR+AMR+SAS	3	9	ACB,ASW,ESN,GWD,MKK,MSL,CLM,PUR,PJL	18	shared	False	19	5	0	1	41	31	8	2	4	2	1	7	2	3	0	1	0	4	0	0	1	12	2	2	15	2	6	2	8	7	16	6	2	2
16032	chr4	43264804	INDEL	HG008N_absent_HPRC_other	recombinant_pieces	absent: only the nodes in HPRC	nodes	none	0	0		0	none	False	0	0	0	0	21	23	5	2	0	0	0	0	0	0	0	0	0	0	0	0	0	7	2	0	7	2	2	1	6	6	11	4	1	2
16036	chr4	44007137	INDEL	HG008N_absent_HPRC_other	exact_allele	absent: exact allele in HPRC	exact	AFR+AMR+EAS	3	9	ACB,ASW,ESN,GWD,YRI,CLM,PEL,PUR,CHS	24	shared	False	15	10	4	0	39	24	5	2	7	1	1	5	0	0	1	1	6	3	4	0	0	11	1	2	15	1	7	2	4	7	13	5	0	2
16042	chr4	45439052	INDEL	HG008N_absent_HPRC_other	exact_allele	absent: exact allele in HPRC	exact	AFR+AMR+EAS	3	4	ACB,GWD,CLM,KHV	5	shared	False	3	1	1	0	23	22	5	2	1	0	0	2	0	0	0	1	0	0	0	1	0	9	1	0	8	1	3	1	5	6	11	3	2	2
16046	chr4	45724740	INDEL	HG008N_absent_HPRC_other	exact_allele	absent: exact allele in HPRC	exact	AMR	1	3	CLM,PEL,PUR	3	one superpopulation	True	0	4	0	0	38	30	8	2	0	0	0	0	0	0	0	1	2	1	0	0	0	13	2	2	14	1	5	1	7	8	15	6	2	2
16060	chr4	47597351	INDEL	HG008N_absent_HPRC_other	exact_allele	absent: exact allele in HPRC	exact	AFR+AMR+EAS	3	11	ACB,ASW,GWD,MKK,MSL,YRI,CLM,PEL,PUR,CHS,KHV	35	shared	True	26	15	4	0	44	30	8	2	8	2	0	11	1	3	1	2	6	7	2	2	0	14	2	1	16	2	7	2	8	7	15	6	2	2
16062	chr4	48674736	INDEL	HG008N_absent_HPRC_other	exact_allele	absent: exact allele in HPRC	exact	AFR+AMR+EAS	3	7	ACB,GWD,MSL,CLM,PUR,CHS,KHV	17	shared	True	10	11	3	0	42	31	8	2	1	0	0	8	0	1	0	5	0	6	1	2	0	12	2	2	14	2	8	2	8	8	15	6	2	2
16077	chr4	57514457	INDEL	other_ambiguous		ambiguous	exact	none	0	0		0	none	False	0	0	0	0	11	9	4	2	0	0	0	0	0	0	0	0	0	0	0	0	0	4	0	0	3	1	3	0	3	1	5	2	2	2
16078	chr4	57514464	INDEL	other_ambiguous		ambiguous	exact	none	0	0		0	none	False	0	0	0	0	15	9	4	2	0	0	0	0	0	0	0	0	0	0	0	0	0	4	1	0	5	1	4	0	3	1	5	2	2	2
16084	chr4	58079730	INDEL	HG008N_absent_HPRC_other	exact_allele	absent: exact allele in HPRC	exact	AFR	1	6	ACB,ASW,ESN,GWD,MSL,YRI	9	one superpopulation	False	9	0	0	0	42	32	8	2	3	1	1	2	0	1	1	0	0	0	0	0	0	14	1	2	13	2	8	2	8	8	16	6	2	2
16089	chr4	58665244	INDEL	HG008N_absent_HPRC_other	exact_allele	absent: exact allele in HPRC	exact	AFR+AMR	2	6	ACB,GWD,MSL,YRI,PEL,PUR	10	shared	False	7	4	0	0	43	32	8	2	2	0	0	2	0	2	1	0	1	3	0	0	0	13	1	2	15	2	8	2	8	8	16	6	2	2
16090	chr4	58792816	INDEL	HG008N_absent_HPRC_other	exact_allele	absent: exact allele in HPRC	exact	AFR	1	1	ACB	1	one individual	False	1	0	0	0	35	31	8	2	1	0	0	0	0	0	0	0	0	0	0	0	0	11	1	2	11	2	6	2	7	8	16	6	2	2
16101	chr4	60879745	INDEL	HG008N_absent_HPRC_other	exact_allele	absent: exact allele in HPRC	exact	AFR+AMR	2	4	ACB,GWD,CLM,PUR	5	shared	False	3	4	0	0	41	32	8	2	1	0	0	2	0	0	0	3	0	1	0	0	0	14	1	0	16	2	6	2	8	8	16	6	2	2
16102	chr4	61280107	INDEL	HG008N_absent_HPRC_other	exact_allele	absent: exact allele in HPRC	exact	AFR+AMR+EAS	3	5	ACB,GWD,MKK,PEL,CHS	8	shared	False	5	2	1	0	44	31	8	1	3	0	0	1	1	0	0	0	2	0	1	0	0	13	2	2	16	2	7	2	8	8	15	6	2	1
16107	chr4	61980306	INDEL	HG008N_absent_HPRC_other	exact_allele	absent: exact allele in HPRC	exact	AFR+AMR+EAS	3	9	ACB,ESN,GWD,MSL,YRI,CLM,PEL,PUR,CHS	13	shared	True	6	7	1	0	33	24	8	1	1	0	1	2	0	1	1	2	1	4	1	0	0	9	1	2	13	2	4	2	6	8	10	6	2	1
16110	chr4	62307552	INDEL	HG008N_absent_HPRC_other	exact_allele	absent: exact allele in HPRC	exact	AFR+AMR+SAS	3	7	ACB,GWD,MSL,CLM,PEL,PUR,PJL	11	shared	False	4	8	0	1	36	32	8	2	1	0	0	2	0	1	0	1	3	4	0	0	1	10	2	2	13	2	6	1	8	8	16	6	2	2
16115	chr4	63331066	SNV	HG008N_absent_HPRC_other	exact_allele	absent: exact allele in HPRC	exact	AFR+AMR+EAS	3	5	GWD,PEL,PUR,CHS,KHV	10	shared	False	1	7	3	0	46	32	8	2	0	0	0	1	0	0	0	0	3	4	1	2	0	14	2	2	16	2	8	2	8	8	16	6	2	2
16133	chr4	67015319	INDEL	HG008N_absent_HPRC_other	exact_allele	absent: exact allele in HPRC	exact	AFR+AMR+EAS	3	8	ACB,ESN,GWD,MKK,MSL,CLM,PUR,CHS	22	shared	False	13	9	2	0	45	30	8	0	3	0	1	6	1	2	0	4	0	5	2	0	0	13	2	2	16	2	8	2	8	7	15	6	2	0
16136	chr4	67990271	INDEL	other_ambiguous		ambiguous	exact	none	0	0		0	none	False	0	0	0	0	37	24	5	2	0	0	0	0	0	0	0	0	0	0	0	0	0	13	1	1	12	2	6	2	5	7	12	4	1	2
16151	chr4	71867311	INDEL	HG008N_absent_HPRC_other	exact_allele	absent: exact allele in HPRC	exact	AFR+AMR+SAS	3	7	ACB,ASW,GWD,CLM,PEL,PUR,PJL	16	shared	True	6	11	0	1	16	24	5	2	1	1	0	4	0	0	0	2	5	4	0	0	1	4	1	1	8	0	2	0	7	6	11	3	2	2
16160	chr4	73492792	INDEL	HG008N_absent_HPRC_other	exact_allele	absent: exact allele in HPRC	exact	AFR+AMR	2	8	ACB,ASW,ESN,GWD,MSL,CLM,PEL,PUR	15	shared	True	10	5	0	0	46	32	8	1	3	1	1	3	0	2	0	2	2	1	0	0	0	14	2	2	16	2	8	2	8	8	16	6	2	1
16162	chr4	74186438	INDEL	HG008N_absent_HPRC_other	exact_allele	absent: exact allele in HPRC	exact	AFR+AMR	2	5	ACB,GWD,MSL,YRI,PUR	9	shared	False	9	2	0	0	44	32	8	2	1	0	0	6	0	1	1	0	0	2	0	0	0	13	2	2	16	2	7	2	8	8	16	6	2	2
16163	chr4	74443735	INDEL	HG008N_absent_HPRC_other	exact_allele	absent: exact allele in HPRC	exact	AFR+AMR+EAS	3	4	GWD,CLM,PUR,CHS	6	shared	True	2	4	1	0	36	31	6	2	0	0	0	2	0	0	0	2	0	2	1	0	0	10	1	2	14	1	6	2	8	8	15	4	2	2
16169	chr4	75870878	INDEL	HG008N_absent_HPRC_other	exact_allele	absent: exact allele in HPRC	exact	AFR+EAS	2	4	ACB,GWD,MSL,CHS	6	shared	False	5	0	1	0	42	29	8	2	2	0	0	2	0	1	0	0	0	0	1	0	0	13	2	2	14	2	7	2	7	7	15	6	2	2
16176	chr4	77661277	INDEL	HG008N_absent_HPRC_other	exact_allele	absent: exact allele in HPRC	exact	AFR	1	4	ACB,ESN,GWD,MSL	8	one superpopulation	True	8	0	0	0	34	25	8	2	3	0	1	3	0	1	0	0	0	0	0	0	0	12	2	1	10	2	5	2	7	7	11	6	2	2
16191	chr4	82947235	INDEL	HG008N_absent_HPRC_other	exact_allele	absent: exact allele in HPRC	exact	AMR+SAS	2	2	PUR,PJL	2	shared	False	0	1	0	2	32	20	5	2	0	0	0	0	0	0	0	0	0	1	0	0	2	11	0	2	8	2	8	1	4	4	12	5	0	2
16213	chr4	89580066	INDEL	HG008N_absent_HPRC_other	exact_allele	absent: exact allele in HPRC	exact	AFR+AMR+EAS+SAS	4	7	ACB,GWD,CLM,PEL,PUR,CHS,PJL	14	shared	False	3	11	1	2	29	29	8	2	2	0	0	1	0	0	0	3	1	7	1	0	2	8	0	1	11	2	7	0	8	7	14	6	2	2
16214	chr4	89605600	INDEL	HG008N_absent_HPRC_other	exact_allele	absent: exact allele in HPRC	exact	AFR+AMR+EAS	3	5	ACB,ASW,GWD,PEL,CHS	9	shared	False	7	1	1	0	35	31	8	2	2	1	0	4	0	0	0	0	1	0	1	0	0	10	2	1	11	2	7	2	8	8	15	6	2	2
16216	chr4	89791005	INDEL	HG008N_absent_HPRC_other	exact_allele	absent: exact allele in HPRC	exact	AFR+AMR	2	4	ACB,GWD,YRI,PUR	5	shared	True	4	1	0	0	42	30	8	2	1	0	0	2	0	0	1	0	0	1	0	0	0	12	1	1	16	2	8	2	8	8	14	6	2	2
16217	chr4	89956680	INDEL	HG008N_absent_HPRC_other	exact_allele	absent: exact allele in HPRC	exact	AFR+AMR+EAS+SAS	4	11	ACB,ASW,ESN,GWD,MSL,CLM,PEL,PUR,CHS,KHV,PJL	28	shared	True	19	11	6	1	43	32	8	2	5	1	1	7	0	5	0	2	4	5	4	2	1	14	2	1	15	2	7	2	8	8	16	6	2	2
16229	chr4	91411491	INDEL	HG008N_absent_HPRC_other	exact_allele	absent: exact allele in HPRC	exact	AMR+SAS	2	3	PEL,PUR,PJL	5	shared	False	0	7	0	1	23	23	6	1	0	0	0	0	0	0	0	0	4	3	0	0	1	11	0	2	7	0	2	1	5	5	13	5	1	1
16236	chr4	93178380	INDEL	HG008N_absent_HPRC_other	exact_allele	absent: exact allele in HPRC	exact	AFR+AMR+EAS	3	9	ACB,GWD,MKK,YRI,CLM,PEL,PUR,CHS,KHV	21	shared	False	10	11	3	0	28	31	8	1	4	0	0	4	1	0	1	4	4	3	2	1	0	8	1	2	10	2	3	2	8	8	15	6	2	1
16243	chr4	95320439	SNV	HG008N_absent_HPRC_other	exact_allele	absent: exact allele in HPRC	exact	AMR	1	1	PUR	2	one population	False	0	2	0	0	43	31	8	2	0	0	0	0	0	0	0	0	0	2	0	0	0	13	2	1	15	2	8	2	7	8	16	6	2	2
16245	chr4	95679697	INDEL	HG008N_absent_HPRC_other	exact_allele	absent: exact allele in HPRC	exact	AFR+SAS	2	2	ACB,PJL	2	shared	False	1	0	0	1	32	24	6	2	1	0	0	0	0	0	0	0	0	0	0	0	1	11	2	1	12	0	5	1	6	8	10	5	1	2
16249	chr4	96544557	INDEL	HG008N_absent_HPRC_other	exact_allele	absent: exact allele in HPRC	exact	AFR+AMR+EAS+SAS	4	9	ACB,GWD,MKK,MSL,CLM,PEL,PUR,CHS,PJL	20	shared	True	16	7	1	1	45	31	8	2	9	0	0	2	2	3	0	1	1	5	1	0	1	13	2	2	16	2	8	2	8	7	16	6	2	2
16257	chr4	98317828	SNV	HG008N_absent_HPRC_other	exact_allele	absent: exact allele in HPRC	exact	AFR+AMR	2	4	ACB,GWD,MSL,CLM	7	shared	False	7	1	0	0	38	30	8	1	4	0	0	2	0	1	0	1	0	0	0	0	0	13	1	2	12	2	7	1	8	8	14	6	2	1
16269	chr4	101830244	INDEL	HG008N_absent_HPRC_other	exact_allele	absent: exact allele in HPRC	exact	AFR+AMR+EAS+SAS	4	9	ACB,ASW,ESN,GWD,MSL,YRI,PUR,CHS,PJL	19	shared	False	21	1	1	1	46	32	8	2	7	1	1	9	0	2	1	0	0	1	1	0	1	14	2	2	16	2	8	2	8	8	16	6	2	2
16282	chr4	105388834	INDEL	HG008N_absent_HPRC_other	exact_allele	absent: exact allele in HPRC	exact	AFR+AMR	2	4	ACB,GWD,MSL,PUR	5	shared	False	5	1	0	0	37	31	8	2	2	0	0	2	0	1	0	0	0	1	0	0	0	14	0	1	13	2	5	2	8	8	15	6	2	2
16283	chr4	105508740	INDEL	HG008N_absent_HPRC_other	exact_allele	absent: exact allele in HPRC	exact	AFR+AMR+EAS+SAS	4	8	ACB,GWD,MKK,MSL,CLM,PUR,CHS,PJL	17	shared	False	8	9	1	1	40	26	7	2	4	0	0	2	1	1	0	2	0	7	1	0	1	13	1	2	14	2	6	2	7	6	13	5	2	2
16284	chr4	106363883	INDEL	HG008N_absent_HPRC_other	exact_allele	absent: exact allele in HPRC	exact	AFR+AMR+EAS+SAS	4	7	ACB,ASW,PEL,PUR,CHS,KHV,PJL	11	shared	True	2	8	3	1	35	24	8	2	1	1	0	0	0	0	0	0	7	1	2	1	1	12	1	1	12	2	5	2	7	8	9	6	2	2
16287	chr4	107052430	INDEL	other_ambiguous		ambiguous	exact	none	0	0		0	none	False	0	0	0	0	36	31	8	2	0	0	0	0	0	0	0	0	0	0	0	0	0	11	2	1	13	2	6	1	8	8	15	6	2	2
16288	chr4	107407539	INDEL	HG008N_absent_HPRC_other	exact_allele	absent: exact allele in HPRC	exact	AFR	1	3	ESN,GWD,MSL	3	one superpopulation	False	4	0	0	0	36	25	6	2	0	0	1	2	0	1	0	0	0	0	0	0	0	9	2	1	15	2	6	1	5	7	13	5	1	2
16289	chr4	108036650	INDEL	HG008N_absent_HPRC_other	exact_allele	absent: exact allele in HPRC	exact	AFR+AMR+SAS	3	9	ACB,ASW,GWD,MKK,MSL,YRI,PEL,PUR,PJL	18	shared	True	18	2	0	1	41	32	8	2	7	1	0	5	1	3	1	0	1	1	0	0	1	14	1	2	15	2	6	1	8	8	16	6	2	2
16290	chr4	108252474	INDEL	HG008N_absent_HPRC_other	exact_allele	absent: exact allele in HPRC	exact	AFR+AMR+EAS	3	5	ACB,CLM,PEL,PUR,CHS	6	shared	False	1	4	1	0	29	26	6	2	1	0	0	0	0	0	0	2	1	1	1	0	0	9	1	1	9	1	6	2	6	7	13	5	1	2
16294	chr4	108442079	INDEL	other_ambiguous		ambiguous	exact	none	0	0		0	none	False	0	0	0	0	45	32	8	2	0	0	0	0	0	0	0	0	0	0	0	0	0	14	2	2	15	2	8	2	8	8	16	6	2	2
16295	chr4	108442081	SNV	other_ambiguous		ambiguous	exact	none	0	0		0	none	False	0	0	0	0	45	32	8	2	0	0	0	0	0	0	0	0	0	0	0	0	0	14	2	2	15	2	8	2	8	8	16	6	2	2
16307	chr4	110581279	INDEL	HG008N_absent_HPRC_other	exact_allele	absent: exact allele in HPRC	exact	AFR+AMR+EAS+SAS	4	13	ACB,ASW,ESN,GWD,MKK,MSL,YRI,CLM,PEL,PUR,CHS,KHV,PJL	33	shared	True	21	18	5	2	41	32	8	2	6	2	1	9	1	1	1	2	7	9	4	1	2	12	2	2	16	2	5	2	8	8	16	6	2	2
16310	chr4	110996487	SNV	HG008N_absent_HPRC_other	exact_allele	absent: exact allele in HPRC	exact	AFR+AMR+EAS	3	7	ACB,ESN,GWD,MSL,PUR,CHS,KHV	16	shared	False	15	2	2	0	46	32	8	2	3	0	2	8	0	2	0	0	0	2	1	1	0	14	2	2	16	2	8	2	8	8	16	6	2	2
16314	chr4	111598835	INDEL	HG008N_absent_HPRC_other	recombinant_pieces	absent: only the nodes in HPRC	nodes	none	0	0		0	none	False	0	0	0	0	31	27	6	1	0	0	0	0	0	0	0	0	0	0	0	0	0	9	1	1	11	2	5	2	7	6	14	4	2	1
16318	chr4	112496045	INDEL	HG008N_absent_HPRC_other	exact_allele	absent: exact allele in HPRC	exact	AFR+AMR+EAS+SAS	4	11	ACB,ASW,GWD,MKK,MSL,YRI,PEL,PUR,CHS,KHV,PJL	21	shared	False	11	6	8	1	45	27	8	2	2	1	0	4	1	2	1	0	1	5	6	2	1	13	2	2	16	2	8	2	6	8	13	6	2	2
16319	chr4	112845322	INDEL	HG008N_absent_HPRC_other	exact_allele	absent: exact allele in HPRC	exact	AFR+AMR+EAS+SAS	4	9	ACB,GWD,MKK,YRI,PEL,PUR,CHS,KHV,PJL	17	shared	False	5	9	7	1	46	32	8	2	2	0	0	1	1	0	1	0	6	3	5	2	1	14	2	2	16	2	8	2	8	8	16	6	2	2
16321	chr4	112951081	INDEL	HG008N_absent_HPRC_other	exact_allele	absent: exact allele in HPRC	exact	AFR+AMR+EAS+SAS	4	12	ACB,ASW,ESN,GWD,MSL,YRI,CLM,PEL,PUR,CHS,KHV,PJL	21	shared	True	7	13	6	1	31	28	8	2	1	1	1	1	0	2	1	2	4	7	4	2	1	10	2	1	10	1	6	1	7	7	14	6	2	2
16328	chr4	114821152	INDEL	HG008N_absent_HPRC_other	exact_allele	absent: exact allele in HPRC	exact	AFR+AMR+EAS	3	5	GWD,MSL,PEL,PUR,CHS	9	shared	False	3	5	2	0	41	32	7	2	0	0	0	2	0	1	0	0	3	2	2	0	0	14	2	1	13	1	8	2	8	8	16	5	2	2
16342	chr4	117009625	INDEL	HG008N_absent_HPRC_other	exact_allele	absent: exact allele in HPRC	exact	AFR+AMR+SAS	3	9	ACB,ASW,ESN,GWD,MSL,YRI,PEL,PUR,PJL	16	shared	False	13	4	0	1	43	31	8	2	5	1	1	3	0	2	1	0	1	3	0	0	1	13	2	2	15	2	7	2	8	8	15	6	2	2
16348	chr4	120224631	INDEL	other_ambiguous		ambiguous	exact	none	0	0		0	none	False	0	0	0	0	18	18	5	1	0	0	0	0	0	0	0	0	0	0	0	0	0	8	1	0	7	0	2	0	4	5	9	4	1	1
16355	chr4	121081914	INDEL	HG008N_absent_HPRC_other	exact_allele	absent: exact allele in HPRC	exact	AFR+AMR+EAS	3	6	ACB,ASW,MSL,CLM,PEL,CHS	9	shared	False	3	8	2	0	39	31	8	1	1	1	0	0	0	1	0	4	4	0	2	0	0	10	2	1	15	2	7	2	8	8	15	6	2	1
16360	chr4	122448712	INDEL	HG008N_absent_HPRC_other	exact_allele	absent: exact allele in HPRC	exact	AFR+AMR+EAS	3	7	ACB,GWD,MSL,YRI,CLM,PUR,CHS	21	shared	False	17	6	1	0	37	27	8	1	5	0	0	7	0	4	1	1	0	5	1	0	0	12	2	1	13	1	6	2	6	6	15	6	2	1
16361	chr4	122921616	INDEL	HG008N_absent_HPRC_other	exact_allele	absent: exact allele in HPRC	exact	AFR+AMR+EAS	3	8	ACB,GWD,MSL,YRI,CLM,PUR,CHS,KHV	16	shared	True	6	8	4	0	38	28	8	1	2	0	0	2	0	1	1	1	0	7	3	1	0	13	2	2	10	2	7	2	7	7	14	6	2	1
16365	chr4	124971321	INDEL	HG008N_absent_HPRC_other	exact_allele	absent: exact allele in HPRC	exact	AFR+AMR	2	3	GWD,MSL,PUR	3	shared	True	2	1	0	0	40	32	8	2	0	0	0	1	0	1	0	0	0	1	0	0	0	12	2	2	13	2	7	2	8	8	16	6	2	2
16378	chr4	127086270	INDEL	HG008N_absent_HPRC_other	exact_allele	absent: exact allele in HPRC	exact	AFR+AMR+SAS	3	8	ACB,GWD,MKK,MSL,YRI,CLM,PUR,PJL	17	shared	False	14	6	0	1	46	32	8	2	5	0	0	4	1	3	1	2	0	4	0	0	1	14	2	2	16	2	8	2	8	8	16	6	2	2
16383	chr4	128783188	INDEL	HG008N_absent_HPRC_other	exact_allele	absent: exact allele in HPRC	exact	AFR+EAS+SAS	3	5	ACB,GWD,CHS,KHV,PJL	10	shared	False	8	0	2	1	28	20	5	1	2	0	0	6	0	0	0	0	0	0	1	1	1	7	1	2	11	2	5	0	6	5	9	3	2	1
16388	chr4	129656378	INDEL	HG008N_absent_HPRC_other	exact_allele	absent: exact allele in HPRC	exact	AFR+AMR	2	4	GWD,MSL,PEL,PUR	7	shared	False	2	7	0	0	45	32	8	2	0	0	0	1	0	1	0	0	6	1	0	0	0	14	2	2	15	2	8	2	8	8	16	6	2	2
16391	chr4	129945779	INDEL	HG008N_absent_HPRC_other	exact_allele	absent: exact allele in HPRC	exact	AFR+AMR	2	6	ACB,ASW,GWD,MKK,MSL,PUR	9	shared	False	8	1	0	0	35	32	8	2	1	1	0	3	1	2	0	0	0	1	0	0	0	12	2	2	11	1	6	1	8	8	16	6	2	2
16392	chr4	129973772	INDEL	HG008N_absent_HPRC_other	exact_allele	absent: exact allele in HPRC	exact	AFR+AMR+EAS	3	5	MKK,CLM,PEL,PUR,CHS	7	shared	False	1	6	2	0	37	25	6	1	0	0	0	0	1	0	0	1	2	3	2	0	0	11	2	2	14	2	5	1	6	4	15	4	2	1
16394	chr4	130535602	INDEL	HG008N_absent_HPRC_other	exact_allele	absent: exact allele in HPRC	exact	AFR+EAS	2	7	ACB,ESN,GWD,MKK,YRI,CHS,KHV	10	shared	False	8	0	3	0	44	32	8	2	1	0	1	4	1	0	1	0	0	0	2	1	0	13	2	2	16	2	8	1	8	8	16	6	2	2
16405	chr4	131702766	INDEL	HG008N_absent_HPRC_other	element_set_other_allele	absent: only the nodes in HPRC	nodes	AFR+AMR	2	2	ACB,CLM	2	shared	False	1	1	0	0	33	31	8	2	1	0	0	0	0	0	0	1	0	0	0	0	0	14	2	2	8	1	5	1	8	7	16	6	2	2
16408	chr4	132309531	INDEL	other_ambiguous		ambiguous	exact	none	0	0		0	none	False	0	0	0	0	18	18	4	1	0	0	0	0	0	0	0	0	0	0	0	0	0	7	2	1	6	0	1	1	6	3	9	3	1	1
16410	chr4	132340527	INDEL	other_ambiguous		ambiguous	exact	none	0	0		0	none	False	0	0	0	0	26	15	3	1	0	0	0	0	0	0	0	0	0	0	0	0	0	6	1	1	10	1	5	2	4	1	10	2	1	1
16415	chr4	132718229	INDEL	HG008N_absent_HPRC_other	exact_allele	absent: exact allele in HPRC	exact	AFR+AMR+EAS	3	3	ACB,PUR,CHS	3	shared	False	1	1	1	0	22	20	6	1	1	0	0	0	0	0	0	0	0	1	1	0	0	5	1	1	8	1	6	0	3	5	12	5	1	1
16426	chr4	133731278	INDEL	HG008N_absent_HPRC_other	exact_allele	absent: exact allele in HPRC	exact	AFR+AMR+EAS	3	10	ACB,ESN,GWD,MKK,MSL,YRI,CLM,PEL,PUR,CHS	21	shared	False	18	6	1	0	35	31	8	2	5	0	2	7	1	2	1	1	1	4	1	0	0	9	2	2	12	1	7	2	8	8	15	6	2	2
16430	chr4	134345829	INDEL	HG008N_absent_HPRC_other	exact_allele	absent: exact allele in HPRC	exact	AFR+AMR	2	9	ACB,ASW,ESN,GWD,MSL,YRI,CLM,PEL,PUR	27	shared	False	22	13	0	0	43	26	6	2	8	1	2	6	0	4	1	3	4	6	0	0	0	13	2	2	15	2	7	2	5	5	16	6	0	2
16441	chr4	135923958	INDEL	HG008N_absent_HPRC_other	exact_allele	absent: exact allele in HPRC	exact	AFR+AMR+EAS	3	7	ACB,ASW,GWD,YRI,PEL,PUR,CHS	16	shared	False	10	8	2	0	36	31	7	2	3	2	0	4	0	0	1	0	4	4	2	0	0	12	2	1	11	1	7	2	7	8	16	5	2	2
16442	chr4	136048792	INDEL	HG008N_absent_HPRC_other	exact_allele	absent: exact allele in HPRC	exact	AFR+AMR+EAS	3	6	ACB,GWD,MSL,CLM,PUR,CHS	12	shared	False	10	2	1	0	46	32	8	2	2	0	0	6	0	2	0	1	0	1	1	0	0	14	2	2	16	2	8	2	8	8	16	6	2	2
16445	chr4	136153727	INDEL	HG008N_absent_HPRC_other	exact_allele	absent: exact allele in HPRC	exact	AFR+AMR	2	5	ACB,GWD,CLM,PEL,PUR	13	shared	False	4	9	0	0	29	25	4	1	2	0	0	2	0	0	0	1	3	5	0	0	0	10	2	0	6	2	8	1	6	8	11	2	2	1
16451	chr4	136785854	INDEL	HG008N_absent_HPRC_other	exact_allele	absent: exact allele in HPRC	exact	AFR+AMR+EAS	3	8	ACB,GWD,MKK,MSL,PEL,PUR,CHS,KHV	13	shared	False	5	6	2	0	44	30	6	2	1	0	0	1	1	2	0	0	2	4	1	1	0	14	2	1	15	2	8	2	7	8	15	5	1	2
16452	chr4	136913411	INDEL	HG008N_absent_HPRC_other	exact_allele	absent: exact allele in HPRC	exact	AFR+AMR	2	2	GWD,PUR	2	shared	False	1	1	0	0	43	27	8	2	0	0	0	1	0	0	0	0	0	1	0	0	0	13	2	2	15	2	7	2	6	7	14	6	2	2
16455	chr4	137951945	INDEL	HG008N_absent_HPRC_other	exact_allele	absent: exact allele in HPRC	exact	AFR	1	6	ACB,ASW,ESN,GWD,MKK,MSL	11	one superpopulation	False	13	0	0	0	38	22	4	1	2	1	1	6	1	2	0	0	0	0	0	0	0	11	2	1	13	2	7	2	5	5	12	3	1	1
16458	chr4	138571705	INDEL	HG008N_absent_HPRC_other	exact_allele	absent: exact allele in HPRC	exact	AFR+AMR+EAS+SAS	4	9	ACB,ESN,GWD,MSL,CLM,PEL,PUR,CHS,PJL	22	shared	False	12	10	2	1	40	27	8	2	5	0	1	4	0	2	0	3	1	6	2	0	1	12	1	2	15	2	7	1	6	8	13	6	2	2
16463	chr4	140496837	INDEL	HG008N_absent_HPRC_other	exact_allele	absent: exact allele in HPRC	exact	AFR+AMR+EAS+SAS	4	9	ACB,GWD,MKK,MSL,YRI,PEL,PUR,CHS,PJL	20	shared	False	14	5	2	1	45	32	8	2	6	0	0	3	2	2	1	0	4	1	2	0	1	13	2	2	16	2	8	2	8	8	16	6	2	2
16466	chr4	142720807	INDEL	other_ambiguous		ambiguous	exact	none	0	0		0	none	False	0	0	0	0	13	9	5	1	0	0	0	0	0	0	0	0	0	0	0	0	0	2	0	0	6	1	2	2	1	5	3	4	1	1
16467	chr4	142720809	SNV	HG008N_absent_HPRC_other	element_set_other_allele	absent: only the nodes in HPRC	nodes	AFR+AMR+EAS+SAS	4	11	ACB,GWD,MKK,MSL,YRI,CLM,PEL,PUR,CHS,KHV,PJL	22	shared	True	13	9	5	1	13	9	5	1	2	0	0	6	1	2	2	1	5	3	4	1	1	2	0	0	6	1	2	2	1	5	3	4	1	1
16469	chr4	143055308	INDEL	HG008N_absent_HPRC_other	exact_allele	absent: exact allele in HPRC	exact	AFR+AMR	2	2	ACB,PUR	2	shared	False	1	1	0	0	45	32	8	2	1	0	0	0	0	0	0	0	0	1	0	0	0	13	2	2	16	2	8	2	8	8	16	6	2	2
16482	chr4	145573152	INDEL	HG008N_absent_HPRC_other	exact_allele	absent: exact allele in HPRC	exact	AFR+AMR+EAS+SAS	4	5	ACB,PEL,PUR,CHS,PJL	5	shared	False	1	2	2	1	39	28	8	2	1	0	0	0	0	0	0	0	1	1	2	0	1	10	2	2	14	2	8	1	4	8	16	6	2	2
16503	chr4	152454251	INDEL	HG008N_absent_HPRC_other	exact_allele	absent: exact allele in HPRC	exact	AFR+AMR	2	3	ACB,GWD,PUR	5	shared	False	4	3	0	0	42	30	6	2	3	0	0	1	0	0	0	0	0	3	0	0	0	12	2	1	16	1	8	2	8	7	15	4	2	2
16514	chr4	154763633	INDEL	HG008N_absent_HPRC_other	exact_allele	absent: exact allele in HPRC	exact	AFR+AMR+EAS+SAS	4	12	ACB,ASW,ESN,GWD,MKK,MSL,YRI,CLM,PEL,PUR,CHS,PJL	21	shared	False	11	12	3	2	28	30	8	2	2	1	1	3	1	2	1	4	5	3	3	0	2	8	2	2	9	2	4	1	8	8	14	6	2	2
16527	chr4	156945342	INDEL	HG008N_absent_HPRC_other	exact_allele	absent: exact allele in HPRC	exact	AFR+AMR+EAS	3	6	ACB,GWD,MSL,PEL,PUR,KHV	7	shared	True	3	4	1	0	31	17	1	2	1	0	0	1	0	1	0	0	3	1	0	1	0	6	2	2	11	0	8	2	4	6	7	0	1	2
16528	chr4	157093754	INDEL	HG008N_absent_HPRC_other	exact_allele	absent: exact allele in HPRC	exact	AFR+AMR+EAS	3	9	ACB,ESN,MKK,MSL,CLM,PEL,PUR,CHS,KHV	21	shared	False	6	18	2	0	40	30	6	2	2	0	1	0	1	2	0	4	6	8	1	1	0	11	2	1	15	2	7	2	7	8	15	4	2	2
16540	chr4	159773105	INDEL	HG008N_absent_HPRC_other	exact_allele	absent: exact allele in HPRC	exact	AFR+AMR+EAS+SAS	4	6	ACB,GWD,MSL,PUR,CHS,PJL	11	shared	False	5	4	2	2	39	32	8	2	2	0	0	1	0	2	0	0	0	4	2	0	2	13	2	1	13	2	8	0	8	8	16	6	2	2
16544	chr4	160833147	INDEL	HG008N_absent_HPRC_other	exact_allele	absent: exact allele in HPRC	exact	AFR+AMR+EAS+SAS	4	6	ACB,GWD,CLM,PUR,CHS,PJL	14	shared	False	4	11	2	1	35	32	8	2	3	0	0	1	0	0	0	3	0	8	2	0	1	11	2	1	11	2	6	2	8	8	16	6	2	2
16546	chr4	160988609	INDEL	HG008N_absent_HPRC_other	exact_allele	absent: exact allele in HPRC	exact	AMR+SAS	2	2	PUR,PJL	2	shared	True	0	1	0	2	20	21	4	2	0	0	0	0	0	0	0	0	0	1	0	0	2	4	1	1	9	1	3	1	3	8	10	2	2	2
16548	chr4	161153474	INDEL	HG008N_absent_HPRC_other	exact_allele	absent: exact allele in HPRC	exact	AMR+EAS	2	5	CLM,PEL,PUR,CHS,KHV	8	shared	False	0	6	4	0	37	30	8	2	0	0	0	0	0	0	0	2	1	3	2	2	0	11	2	2	13	1	7	1	6	8	16	6	2	2
16551	chr4	161585587	INDEL	HG008N_absent_HPRC_other	exact_allele	absent: exact allele in HPRC	exact	AFR+AMR+EAS+SAS	4	8	ACB,GWD,CLM,PEL,PUR,CHS,KHV,PJL	24	shared	False	11	13	7	2	32	30	8	2	6	0	0	5	0	0	0	4	6	3	5	2	2	12	2	0	14	2	1	1	7	8	15	6	2	2
16555	chr4	161784892	INDEL	HG008N_absent_HPRC_other	exact_allele	absent: exact allele in HPRC	exact	AFR+AMR+EAS+SAS	4	10	ACB,ASW,ESN,GWD,MSL,YRI,CLM,PUR,CHS,PJL	22	shared	False	18	4	2	1	35	28	8	2	5	1	1	8	0	2	1	1	0	3	2	0	1	10	2	2	15	0	4	2	7	7	14	6	2	2
16556	chr4	161812879	INDEL	HG008N_absent_HPRC_other	exact_allele	absent: exact allele in HPRC	exact	AMR+EAS	2	4	CLM,PEL,PUR,CHS	8	shared	False	0	8	2	0	22	16	6	2	0	0	0	0	0	0	0	3	3	2	2	0	0	8	0	1	7	1	3	2	6	3	7	5	1	2
16561	chr4	162698556	INDEL	HG008N_absent_HPRC_other	exact_allele	absent: exact allele in HPRC	exact	AFR+AMR+EAS	3	6	ACB,ASW,GWD,MSL,CLM,CHS	11	shared	False	9	1	2	0	45	32	8	2	1	1	0	6	0	1	0	1	0	0	2	0	0	14	2	2	15	2	8	2	8	8	16	6	2	2
16566	chr4	163247493	INDEL	HG008N_absent_HPRC_other	exact_allele	absent: exact allele in HPRC	exact	AFR+AMR+EAS	3	6	ACB,ASW,ESN,PEL,PUR,CHS	8	shared	False	3	6	1	0	39	30	7	2	1	1	1	0	0	0	0	0	3	3	1	0	0	11	2	2	13	2	7	2	6	8	16	5	2	2
16572	chr4	164610853	INDEL	HG008N_absent_HPRC_other	exact_allele	absent: exact allele in HPRC	exact	AFR+AMR+EAS+SAS	4	9	ACB,GWD,MKK,MSL,CLM,PEL,PUR,CHS,PJL	22	shared	True	15	14	2	1	36	29	7	2	10	0	0	1	2	2	0	5	2	7	2	0	1	13	2	2	11	2	5	1	7	7	15	5	2	2
16577	chr4	165456739	INDEL	HG008N_absent_HPRC_other	exact_allele	absent: exact allele in HPRC	exact	AFR+AMR+EAS	3	9	ACB,ESN,GWD,MKK,MSL,CLM,PEL,PUR,KHV	14	shared	False	10	4	1	0	39	31	8	2	3	0	1	4	1	1	0	1	2	1	0	1	0	13	1	1	14	2	6	2	8	8	15	6	2	2
16580	chr4	166172049	INDEL	HG008N_absent_HPRC_other	exact_allele	absent: exact allele in HPRC	exact	AFR+EAS+SAS	3	5	ACB,GWD,MSL,CHS,PJL	10	shared	False	7	0	3	1	36	32	8	2	2	0	0	3	0	2	0	0	0	0	3	0	1	11	1	1	14	2	6	1	8	8	16	6	2	2
16582	chr4	166447921	INDEL	HG008N_absent_HPRC_other	exact_allele	absent: exact allele in HPRC	exact	AFR+AMR+EAS	3	5	ACB,GWD,PEL,PUR,CHS	10	shared	False	4	3	4	0	24	25	5	2	2	0	0	2	0	0	0	0	2	1	4	0	0	8	1	0	7	1	5	2	7	8	10	4	1	2
16583	chr4	166535729	INDEL	HG008N_absent_HPRC_other	exact_allele	absent: exact allele in HPRC	exact	AFR+AMR+SAS	3	6	ACB,GWD,CLM,PEL,PUR,PJL	9	shared	True	2	9	0	1	39	30	8	2	1	0	0	1	0	0	0	2	3	4	0	0	1	11	2	2	14	2	6	2	8	8	14	6	2	2
16585	chr4	167615956	INDEL	HG008N_absent_HPRC_other	element_set_other_allele	absent: only the nodes in HPRC	nodes	AFR+AMR+EAS	3	6	ACB,GWD,MKK,MSL,PUR,CHS	9	shared	False	5	4	1	0	41	26	8	2	1	0	0	2	1	1	0	0	0	4	1	0	0	12	2	1	14	2	8	2	5	7	14	6	2	2
16597	chr4	169882811	INDEL	HG008N_absent_HPRC_other	exact_allele	absent: exact allele in HPRC	exact	AFR	1	1	ACB	1	one individual	False	1	0	0	0	35	28	8	1	1	0	0	0	0	0	0	0	0	0	0	0	0	11	1	2	10	2	8	1	7	6	15	6	2	1
16599	chr4	170464140	SNV	HG008N_absent_HPRC_other	recombinant_pieces	absent: only the nodes in HPRC	nodes	none	0	0		0	none	False	0	0	0	0	11	16	5	0	0	0	0	0	0	0	0	0	0	0	0	0	0	3	2	1	4	0	1	0	5	5	6	3	2	0
16617	chr4	173734542	INDEL	HG008N_absent_HPRC_other	exact_allele	absent: exact allele in HPRC	exact	AFR+AMR	2	5	ACB,GWD,MSL,CLM,PEL	8	shared	False	5	5	0	0	28	27	8	2	2	0	0	2	0	1	0	1	4	0	0	0	0	10	0	1	11	2	3	1	8	7	12	6	2	2
16618	chr4	173799111	INDEL	other_ambiguous		ambiguous	exact	none	0	0		0	none	False	0	0	0	0	8	11	1	0	0	0	0	0	0	0	0	0	0	0	0	0	0	1	1	1	2	0	1	2	4	1	6	1	0	0
16621	chr4	173938955	INDEL	other_ambiguous		ambiguous	exact	none	0	0		0	none	False	0	0	0	0	45	32	8	2	0	0	0	0	0	0	0	0	0	0	0	0	0	14	2	2	15	2	8	2	8	8	16	6	2	2
16635	chr4	176563664	INDEL	HG008N_absent_HPRC_other	exact_allele	absent: exact allele in HPRC	exact	AFR+AMR+EAS	3	11	ACB,ASW,ESN,GWD,MKK,MSL,CLM,PEL,PUR,CHS,KHV	28	shared	False	14	17	4	0	41	32	7	2	4	1	1	3	1	4	0	4	6	7	3	1	0	13	2	2	12	2	8	2	8	8	16	6	1	2
16636	chr4	176564277	INDEL	HG008N_absent_HPRC_other	exact_allele	absent: exact allele in HPRC	exact	AFR+AMR	2	5	ACB,GWD,YRI,CLM,PUR	8	shared	False	3	6	0	0	33	30	7	1	1	0	0	1	0	0	1	2	0	4	0	0	0	10	1	2	12	2	4	2	8	8	14	5	2	1
16645	chr4	177681493	SNV	HG008N_absent_HPRC_other	exact_allele	absent: exact allele in HPRC	exact	AFR+AMR	2	3	ACB,GWD,PUR	5	shared	False	2	5	0	0	42	27	8	2	1	0	0	1	0	0	0	0	0	5	0	0	0	14	2	2	15	0	7	2	7	5	15	6	2	2
16648	chr4	178092325	INDEL	HG008N_absent_HPRC_other	exact_allele	absent: exact allele in HPRC	exact	AFR+AMR+EAS	3	8	ACB,ASW,ESN,GWD,MSL,PEL,PUR,CHS	27	shared	False	24	8	3	0	46	32	8	2	7	2	1	8	0	6	0	0	2	6	3	0	0	14	2	2	16	2	8	2	8	8	16	6	2	2
16659	chr4	179461383	INDEL	HG008N_absent_HPRC_other	exact_allele	absent: exact allele in HPRC	exact	AFR+AMR+EAS	3	7	ACB,GWD,MSL,YRI,CLM,PUR,CHS	10	shared	False	5	3	2	0	22	22	3	0	1	0	0	1	0	2	1	2	0	1	2	0	0	7	1	2	5	2	4	1	6	7	9	3	0	0
16669	chr4	180433221	INDEL	HG008N_absent_HPRC_other	exact_allele	absent: exact allele in HPRC	exact	AFR+AMR	2	6	ACB,GWD,MKK,MSL,YRI,PUR	21	shared	False	21	3	0	0	35	23	8	2	7	0	0	7	1	4	2	0	0	3	0	0	0	11	0	2	12	1	7	2	5	6	12	6	2	2
16684	chr4	181979097	INDEL	HG008N_absent_HPRC_other	exact_allele	absent: exact allele in HPRC	exact	AFR+AMR+SAS	3	7	ACB,MKK,MSL,CLM,PEL,PUR,PJL	10	shared	False	4	6	0	1	26	17	3	2	1	0	0	0	1	2	0	3	2	1	0	0	1	10	0	1	10	1	3	1	5	5	7	3	0	2
16687	chr4	182806199	INDEL	HG008N_absent_HPRC_other	exact_allele	absent: exact allele in HPRC	exact	AFR+AMR+EAS+SAS	4	7	ACB,GWD,CLM,PEL,PUR,CHS,PJL	8	shared	False	3	4	1	2	39	27	8	2	1	0	0	2	0	0	0	1	2	1	1	0	2	12	2	1	15	1	7	1	7	6	14	6	2	2
16694	chr4	185206660	INDEL	other_ambiguous		ambiguous	exact	none	0	0		0	none	False	0	0	0	0	17	11	2	1	0	0	0	0	0	0	0	0	0	0	0	0	0	5	0	2	4	0	6	0	2	1	8	1	1	1
16695	chr4	185975902	INDEL	HG008N_absent_HPRC_other	exact_allele	absent: exact allele in HPRC	exact	AFR+AMR	2	6	ACB,ESN,GWD,MKK,MSL,PUR	9	shared	False	11	1	0	0	42	26	6	2	3	0	2	4	1	1	0	0	0	1	0	0	0	11	2	2	16	2	7	2	8	7	11	4	2	2
16703	chr4	187866214	INDEL	HG008N_absent_HPRC_other	element_set_other_allele	absent: only the nodes in HPRC	nodes	AFR+AMR+EAS+SAS	4	5	GWD,PEL,PUR,CHS,PJL	6	shared	False	1	3	1	1	26	22	6	2	0	0	0	1	0	0	0	0	1	2	1	0	1	9	2	0	10	2	3	0	4	8	10	5	1	2
16704	chr4	187987581	INDEL	HG008N_absent_HPRC_other	exact_allele	absent: exact allele in HPRC	exact	AMR	1	1	CLM	1	one individual	True	0	1	0	0	46	32	8	2	0	0	0	0	0	0	0	1	0	0	0	0	0	14	2	2	16	2	8	2	8	8	16	6	2	2
16706	chr4	188203326	INDEL	HG008N_absent_HPRC_other	exact_allele	absent: exact allele in HPRC	exact	AFR+AMR	2	5	ACB,GWD,MSL,PEL,PUR	9	shared	False	7	2	0	0	46	31	8	2	5	0	0	1	0	1	0	0	1	1	0	0	0	14	2	2	16	2	8	2	8	8	15	6	2	2
16713	chr4	189114588	INDEL	HG008N_absent_HPRC_other	element_set_other_allele	absent: only the nodes in HPRC	nodes	AFR+AMR+EAS	3	6	ACB,ASW,ESN,GWD,CLM,CHS	9	shared	False	7	1	1	0	44	27	7	2	1	1	1	4	0	0	0	1	0	0	1	0	0	14	2	2	14	2	8	2	7	8	12	5	2	2
16714	chr4	189114594	SNV	HG008N_absent_HPRC_other	element_set_other_allele	absent: only the nodes in HPRC	nodes	AFR+AMR+EAS	3	6	ACB,ASW,ESN,GWD,CLM,CHS	9	shared	False	7	1	1	0	44	27	7	2	1	1	1	4	0	0	0	1	0	0	1	0	0	14	2	2	14	2	8	2	7	8	12	5	2	2
16719	chr9	403892	SNV	HG008N_absent_HPRC_other	exact_allele	absent: exact allele in HPRC	exact	EAS	1	1	CHS	1	one individual	False	0	0	1	0	2	3	3	1	0	0	0	0	0	0	0	0	0	0	1	0	0	0	1	0	1	0	0	0	1	1	1	2	1	1
16726	chr9	1942970	INDEL	HG008N_absent_HPRC_other	exact_allele	absent: exact allele in HPRC	exact	AFR+AMR+EAS	3	8	ACB,ASW,GWD,MKK,MSL,PUR,CHS,KHV	14	shared	False	11	2	4	0	36	28	8	2	4	1	0	4	1	1	0	0	0	2	3	1	0	10	2	2	14	1	7	0	7	7	14	6	2	2
16730	chr9	3423778	INDEL	HG008N_absent_HPRC_other	exact_allele	absent: exact allele in HPRC	exact	AFR+AMR+EAS+SAS	4	7	ACB,ASW,GWD,PEL,PUR,CHS,PJL	13	shared	False	5	5	2	1	20	18	6	2	3	1	0	1	0	0	0	0	2	3	2	0	1	6	2	0	6	0	5	1	4	5	9	5	1	2
16736	chr9	5718139	INDEL	HG008N_absent_HPRC_other	exact_allele	absent: exact allele in HPRC	exact	AFR+AMR	2	6	ACB,ESN,GWD,MSL,YRI,CLM	9	shared	False	10	1	0	0	34	22	5	1	6	0	1	1	0	1	1	1	0	0	0	0	0	10	2	2	12	1	5	2	4	5	13	5	0	1
16738	chr9	6677601	INDEL	HG008N_absent_HPRC_other	exact_allele	absent: exact allele in HPRC	exact	AFR+AMR+EAS+SAS	4	10	ACB,ESN,GWD,MSL,CLM,PEL,PUR,CHS,KHV,PJL	19	shared	False	10	7	3	1	45	29	8	2	2	0	1	6	0	1	0	1	3	3	2	1	1	13	2	2	16	2	8	2	6	7	16	6	2	2
16740	chr9	7423598	INDEL	HG008N_absent_HPRC_other	exact_allele	absent: exact allele in HPRC	exact	AFR+AMR+EAS	3	8	ACB,ASW,MKK,MSL,CLM,PEL,PUR,CHS	11	shared	False	6	4	2	0	34	31	8	2	1	1	0	0	1	3	0	1	1	2	2	0	0	11	1	2	9	2	8	1	8	8	15	6	2	2
16750	chr9	9832893	INDEL	HG008N_present_rare	other_hap_only	HG008-N present, rare	exact	AFR+AMR+EAS+SAS	4	9	ACB,ASW,GWD,MKK,MSL,CLM,PUR,KHV,PJL	14	shared	False	9	5	1	1	45	32	8	2	3	1	0	2	1	2	0	1	0	4	0	1	1	14	1	2	16	2	8	2	8	8	16	6	2	2
16754	chr9	10418446	INDEL	HG008N_absent_HPRC_other	exact_allele	absent: exact allele in HPRC	exact	AFR+AMR+EAS	3	7	ACB,GWD,MKK,MSL,PEL,PUR,CHS	11	shared	False	9	3	1	0	34	26	6	2	1	0	0	5	1	2	0	0	1	2	1	0	0	9	1	2	13	1	6	2	6	6	14	5	1	2
16759	chr9	11380923	INDEL	HG008N_absent_HPRC_other	exact_allele	absent: exact allele in HPRC	exact	AFR+AMR+EAS+SAS	4	8	ACB,MSL,CLM,PEL,PUR,CHS,KHV,PJL	17	shared	False	3	13	5	1	45	32	8	2	2	0	0	0	0	1	0	2	7	4	4	1	1	13	2	2	16	2	8	2	8	8	16	6	2	2
16768	chr9	13067161	INDEL	HG008N_present_rare	other_hap_only:patient_frame	HG008-N present, rare	exact	none	0	0		0	none	False	0	0	0	0	33	29	7	2	0	0	0	0	0	0	0	0	0	0	0	0	0	11	1	2	10	2	7	0	8	6	15	5	2	2
16770	chr9	13236268	INDEL	HG008N_absent_HPRC_other	element_set_other_allele	absent: only the nodes in HPRC	nodes	AMR+SAS	2	3	CLM,PEL,PJL	4	shared	False	0	3	0	1	22	18	1	2	0	0	0	0	0	0	0	2	1	0	0	0	1	8	0	0	8	1	4	1	4	4	10	0	1	2
16771	chr9	13236270	SNV	HG008N_absent_HPRC_other	recombinant_pieces	absent: only the nodes in HPRC	nodes	none	0	0		0	none	False	0	0	0	0	22	18	1	2	0	0	0	0	0	0	0	0	0	0	0	0	0	8	0	0	8	1	4	1	4	4	10	0	1	2
16772	chr9	13236272	SNV	HG008N_absent_HPRC_other	recombinant_pieces	absent: only the nodes in HPRC	nodes	none	0	0		0	none	False	0	0	0	0	22	18	1	2	0	0	0	0	0	0	0	0	0	0	0	0	0	8	0	0	8	1	4	1	4	4	10	0	1	2
16773	chr9	13236274	SNV	HG008N_absent_HPRC_other	element_set_other_allele	absent: only the nodes in HPRC	nodes	AFR+AMR+SAS	3	7	ACB,GWD,MSL,CLM,PEL,PUR,PJL	14	shared	True	9	7	0	1	22	18	1	2	2	0	0	5	0	2	0	4	2	1	0	0	1	8	0	0	8	1	4	1	4	4	10	0	1	2
16774	chr9	13236276	SNV	HG008N_absent_HPRC_other	element_set_other_allele	absent: only the nodes in HPRC	nodes	AFR+AMR+SAS	3	6	GWD,MSL,CLM,PEL,PUR,PJL	8	shared	True	2	7	0	1	22	18	1	2	0	0	0	1	0	1	0	4	2	1	0	0	1	8	0	0	8	1	4	1	4	4	10	0	1	2
16775	chr9	13641494	INDEL	HG008N_absent_HPRC_other	exact_allele	absent: exact allele in HPRC	exact	AFR+AMR+EAS	3	6	ACB,ESN,GWD,MSL,PUR,CHS	14	shared	False	11	2	1	0	35	29	7	1	3	0	1	4	0	3	0	0	0	2	1	0	0	10	2	1	12	2	7	1	8	8	13	6	1	1
16787	chr9	17023807	INDEL	HG008N_present_rare	other_hap_only	HG008-N present, rare	exact	AFR+AMR+EAS+SAS	4	9	ACB,ESN,GWD,MKK,MSL,PEL,PUR,CHS,PJL	11	shared	False	5	3	2	1	37	32	8	2	1	0	1	1	1	1	0	0	2	1	2	0	1	10	2	2	12	2	7	2	8	8	16	6	2	2
16792	chr9	17738641	INDEL	HG008N_absent_HPRC_other	recombinant_pieces	absent: only the nodes in HPRC	nodes	none	0	0		0	none	False	0	0	0	0	22	19	7	0	0	0	0	0	0	0	0	0	0	0	0	0	0	7	2	0	7	1	3	2	4	5	10	6	1	0
16798	chr9	18980781	INDEL	HG008N_absent_HPRC_other	exact_allele	absent: exact allele in HPRC	exact	AFR+AMR+SAS	3	9	ACB,ESN,GWD,MSL,YRI,CLM,PEL,PUR,PJL	14	shared	False	12	3	0	1	31	31	8	2	5	0	1	3	0	2	1	1	1	1	0	0	1	9	2	1	11	1	5	2	7	8	16	6	2	2
16801	chr9	19905406	INDEL	HG008N_absent_HPRC_other	exact_allele	absent: exact allele in HPRC	exact	AFR+AMR+EAS+SAS	4	7	ACB,GWD,YRI,PEL,CHS,KHV,PJL	13	shared	False	9	2	2	1	42	32	8	2	3	0	0	5	0	0	1	0	2	0	1	1	1	12	2	2	15	2	7	2	8	8	16	6	2	2
16802	chr9	19969183	INDEL	HG008N_absent_HPRC_other	exact_allele	absent: exact allele in HPRC	exact	AFR+AMR+SAS	3	5	GWD,MSL,CLM,PEL,PJL	7	shared	True	3	3	0	1	35	25	7	1	0	0	0	2	0	1	0	2	1	0	0	0	1	10	2	2	12	2	6	1	7	3	15	5	2	1
16804	chr9	20815123	INDEL	HG008N_present_rare	other_hap_only:patient_frame	HG008-N present, rare	exact	AMR+EAS+SAS	3	3	CLM,CHS,PJL	3	shared	False	0	1	1	1	34	17	6	1	0	0	0	0	0	0	0	1	0	0	1	0	1	11	1	1	13	2	4	2	3	4	10	5	1	1
16809	chr9	22056202	INDEL	HG008N_absent_HPRC_other	element_set_other_allele	absent: only the nodes in HPRC	nodes	AFR	1	1	MSL	1	one individual	False	1	0	0	0	25	25	8	1	0	0	0	0	0	1	0	0	0	0	0	0	0	9	0	1	9	0	4	2	5	8	12	6	2	1
16812	chr9	23197909	INDEL	HG008N_absent_HPRC_other	exact_allele	absent: exact allele in HPRC	exact	AFR+AMR+EAS+SAS	4	6	ACB,GWD,MSL,PUR,KHV,PJL	11	shared	False	9	1	1	1	27	28	6	1	3	0	0	3	0	3	0	0	0	1	0	1	1	6	2	0	11	2	5	1	6	8	14	4	2	1
16816	chr9	23469810	INDEL	HG008N_absent_HPRC_other	exact_allele	absent: exact allele in HPRC	exact	AFR	1	3	ACB,GWD,MSL	7	one superpopulation	False	7	0	0	0	41	31	8	2	2	0	0	4	0	1	0	0	0	0	0	0	0	13	2	2	14	1	7	2	8	8	15	6	2	2
16817	chr9	23547055	INDEL	HG008N_absent_HPRC_other	exact_allele	absent: exact allele in HPRC	exact	AFR+AMR+EAS+SAS	4	6	ACB,ESN,MSL,CLM,CHS,PJL	8	shared	False	5	2	1	1	40	31	8	2	2	0	1	0	0	2	0	2	0	0	1	0	1	12	2	2	12	2	8	2	8	8	15	6	2	2
16818	chr9	23584210	INDEL	HG008N_absent_HPRC_other	exact_allele	absent: exact allele in HPRC	exact	AFR+AMR+EAS	3	5	ACB,GWD,CLM,PUR,CHS	9	shared	False	5	4	1	0	36	32	8	2	4	0	0	1	0	0	0	1	0	3	1	0	0	11	2	1	11	2	7	2	8	8	16	6	2	2
16828	chr9	24990758	INDEL	HG008N_absent_HPRC_other	exact_allele	absent: exact allele in HPRC	exact	AFR+AMR+EAS+SAS	4	6	ACB,GWD,MSL,PUR,KHV,PJL	13	shared	False	11	1	1	1	33	20	7	2	5	0	0	5	0	1	0	0	0	1	0	1	1	10	2	2	13	0	4	2	5	3	12	6	1	2
16835	chr9	25963898	INDEL	other_ambiguous		ambiguous	exact	none	0	0		0	none	False	0	0	0	0	33	26	6	2	0	0	0	0	0	0	0	0	0	0	0	0	0	10	2	2	12	1	4	2	7	8	11	4	2	2
16838	chr9	26034815	INDEL	HG008N_absent_HPRC_other	exact_allele	absent: exact allele in HPRC	exact	AFR+AMR	2	8	ACB,ASW,ESN,GWD,MKK,MSL,YRI,PEL	17	shared	False	16	3	0	0	44	28	7	2	4	1	1	4	1	4	1	0	3	0	0	0	0	13	2	2	15	2	8	2	8	5	15	6	1	2
16850	chr9	28194561	INDEL	other_ambiguous		ambiguous	exact	AFR+AMR+EAS	3	7	ACB,GWD,YRI,CLM,PEL,PUR,KHV	13	shared	False	8	8	2	0	40	29	6	2	3	0	0	3	0	0	2	2	3	3	0	2	0	13	2	1	15	1	6	2	8	6	15	4	2	2
16852	chr9	28434529	INDEL	HG008N_absent_HPRC_other	exact_allele	absent: exact allele in HPRC	exact	AFR+AMR	2	5	ACB,ESN,GWD,CLM,PEL	11	shared	False	8	4	0	0	37	28	7	2	3	0	1	4	0	0	0	3	1	0	0	0	0	12	2	2	11	1	7	2	6	7	15	6	1	2
16856	chr9	28598418	INDEL	HG008N_absent_HPRC_other	exact_allele	absent: exact allele in HPRC	exact	AFR	1	1	GWD	1	one individual	False	1	0	0	0	41	24	6	2	0	0	0	1	0	0	0	0	0	0	0	0	0	12	2	2	14	2	7	2	6	4	14	4	2	2
16861	chr9	29259419	INDEL	HG008N_absent_HPRC_other	element_set_other_allele	absent: only the nodes in HPRC	nodes	AFR+AMR+EAS	3	7	ACB,GWD,YRI,CLM,PEL,PUR,KHV	13	shared	True	6	8	1	0	43	32	7	2	3	0	0	1	0	0	2	1	1	6	0	1	0	13	2	2	15	2	7	2	8	8	16	6	1	2
16863	chr9	29734482	INDEL	HG008N_absent_HPRC_other	exact_allele	absent: exact allele in HPRC	exact	AFR+AMR+SAS	3	6	ACB,ESN,GWD,MSL,PUR,PJL	8	shared	False	7	1	0	1	44	30	7	2	1	0	1	3	0	2	0	0	0	1	0	0	1	12	2	2	16	2	8	2	8	8	14	5	2	2
16876	chr9	32938475	SNV	HG008N_absent_HPRC_other	element_set_other_allele	absent: only the nodes in HPRC	nodes	AFR+AMR+EAS+SAS	4	13	ACB,ASW,ESN,GWD,MKK,MSL,YRI,CLM,PEL,PUR,CHS,KHV,PJL	36	shared	False	25	22	5	2	34	26	8	2	5	2	2	8	2	5	1	4	6	12	3	2	2	9	2	2	11	2	6	2	6	7	13	6	2	2
16882	chr9	36028640	INDEL	HG008N_absent_HPRC_other	exact_allele	absent: exact allele in HPRC	exact	AFR+AMR+SAS	3	5	ACB,GWD,MKK,PEL,PJL	8	shared	False	5	3	0	1	27	27	5	2	3	0	0	1	1	0	0	0	3	0	0	0	1	8	2	1	8	2	6	0	7	6	14	3	2	2
16887	chr9	36909814	INDEL	HG008N_absent_HPRC_other	exact_allele	absent: exact allele in HPRC	exact	AFR+AMR+EAS+SAS	4	10	ACB,MKK,MSL,YRI,CLM,PEL,PUR,CHS,KHV,PJL	15	shared	True	6	8	3	1	40	27	6	2	3	0	0	0	1	1	1	2	2	4	1	2	1	14	2	1	13	2	6	2	7	7	13	4	2	2
16906	chr9	69662021	INDEL	HG008N_absent_HPRC_other	exact_allele	absent: exact allele in HPRC	exact	AFR+AMR+SAS	3	7	ACB,GWD,MSL,CLM,PEL,PUR,PJL	14	shared	True	5	9	0	1	46	31	8	2	3	0	0	1	0	1	0	5	1	3	0	0	1	14	2	2	16	2	8	2	8	8	15	6	2	2
16913	chr9	71077906	INDEL	HG008N_absent_HPRC_other	exact_allele	absent: exact allele in HPRC	exact	AFR+AMR+EAS	3	9	ACB,ASW,GWD,MKK,MSL,CLM,PEL,PUR,CHS	19	shared	False	10	8	1	0	42	30	7	2	3	1	0	2	1	3	0	2	3	3	1	0	0	14	1	2	15	2	6	2	8	8	14	5	2	2
16916	chr9	72070314	INDEL	HG008N_absent_HPRC_other	exact_allele	absent: exact allele in HPRC	exact	AFR+AMR	2	6	ACB,GWD,MSL,YRI,CLM,PUR	9	shared	False	7	2	0	0	37	31	8	2	1	0	0	3	0	2	1	1	0	1	0	0	0	12	2	2	11	2	7	1	8	8	15	6	2	2
16924	chr9	74093768	INDEL	HG008N_absent_HPRC_other	exact_allele	absent: exact allele in HPRC	exact	AFR+AMR	2	7	ACB,ASW,GWD,MKK,MSL,PEL,PUR	10	shared	False	9	2	0	0	44	32	8	2	3	1	0	2	1	2	0	0	1	1	0	0	0	13	2	1	16	2	8	2	8	8	16	6	2	2
16926	chr9	74438403	SNV	HG008N_absent_HPRC_other	element_set_other_allele	absent: only the nodes in HPRC	nodes	AFR+AMR+EAS+SAS	4	12	ACB,ESN,GWD,MKK,MSL,YRI,CLM,PEL,PUR,CHS,KHV,PJL	36	shared	True	21	17	4	2	26	24	7	2	7	0	1	7	1	4	1	5	3	9	3	1	2	8	0	1	9	1	6	1	6	4	14	5	2	2
16928	chr9	74704345	INDEL	HG008N_absent_HPRC_other	exact_allele	absent: exact allele in HPRC	exact	AFR+AMR+EAS	3	7	ACB,GWD,MSL,CLM,PEL,PUR,CHS	9	shared	True	3	6	1	0	14	23	2	1	1	0	0	1	0	1	0	1	1	4	1	0	0	3	1	0	5	1	3	1	4	7	12	2	0	1
16931	chr9	75141312	INDEL	HG008N_absent_HPRC_other	exact_allele	absent: exact allele in HPRC	exact	AFR+AMR+EAS	3	6	ACB,GWD,MKK,CLM,PUR,CHS	7	shared	False	5	2	2	0	38	31	8	0	1	0	0	3	1	0	0	1	0	1	2	0	0	11	2	2	16	1	6	0	8	8	15	6	2	0
16947	chr9	77962892	INDEL	HG008N_absent_HPRC_other	exact_allele	absent: exact allele in HPRC	exact	AFR+AMR+EAS	3	6	ACB,MSL,CLM,PEL,PUR,CHS	9	shared	False	2	7	1	0	44	31	8	2	1	0	0	0	0	1	0	3	1	3	1	0	0	14	2	2	15	2	7	2	7	8	16	6	2	2
16948	chr9	78262202	INDEL	HG008N_absent_HPRC_other	exact_allele	absent: exact allele in HPRC	exact	AFR+AMR+EAS	3	9	ACB,GWD,MKK,MSL,CLM,PEL,PUR,CHS,KHV	14	shared	False	5	8	2	0	45	32	8	2	2	0	0	1	1	1	0	1	5	2	1	1	0	14	2	2	16	2	7	2	8	8	16	6	2	2
16950	chr9	78484886	INDEL	HG008N_absent_HPRC_other	exact_allele	absent: exact allele in HPRC	exact	AFR+AMR+SAS	3	9	ACB,ESN,GWD,MKK,MSL,CLM,PEL,PUR,PJL	18	shared	False	16	8	0	1	42	31	8	2	5	0	2	3	2	4	0	1	2	5	0	0	1	12	2	2	14	2	8	2	7	8	16	6	2	2
16959	chr9	80229350	INDEL	HG008N_absent_HPRC_other	element_set_other_allele	absent: only the nodes in HPRC	nodes	AFR+AMR+EAS	3	6	MSL,CLM,PEL,PUR,CHS,KHV	15	shared	False	1	18	4	0	37	29	7	2	0	0	0	0	0	1	0	4	6	8	2	2	0	12	2	1	12	1	7	2	7	6	16	5	2	2
16965	chr9	80543836	INDEL	HG008N_absent_HPRC_other	exact_allele	absent: exact allele in HPRC	exact	AFR+AMR+EAS	3	8	ACB,ASW,ESN,MKK,CLM,PEL,PUR,CHS	17	shared	False	5	16	2	0	24	30	8	2	2	1	1	0	1	0	0	1	8	7	2	0	0	6	2	1	7	2	4	2	7	8	15	6	2	2
16969	chr9	80824165	INDEL	HG008N_absent_HPRC_other	exact_allele	absent: exact allele in HPRC	exact	AFR+AMR	2	7	ACB,ASW,MKK,MSL,YRI,CLM,PUR	8	shared	False	7	2	0	0	40	32	8	2	2	1	0	0	1	1	2	1	0	1	0	0	0	12	2	2	13	2	7	2	8	8	16	6	2	2
16972	chr9	81768694	INDEL	HG008N_absent_HPRC_other	exact_allele	absent: exact allele in HPRC	exact	AFR+AMR+EAS	3	7	ACB,GWD,MSL,YRI,CLM,PUR,CHS	14	shared	True	10	4	1	0	41	32	8	2	3	0	0	3	0	3	1	1	0	3	1	0	0	12	2	2	13	2	8	2	8	8	16	6	2	2
16980	chr9	84685365	INDEL	HG008N_absent_HPRC_other	exact_allele	absent: exact allele in HPRC	exact	AMR	1	2	PEL,PUR	4	one superpopulation	False	0	4	0	0	45	32	8	2	0	0	0	0	0	0	0	0	3	1	0	0	0	13	2	2	16	2	8	2	8	8	16	6	2	2
16991	chr9	86715572	INDEL	HG008N_absent_HPRC_other	exact_allele	absent: exact allele in HPRC	exact	AFR+AMR+SAS	3	7	ACB,GWD,MSL,YRI,PEL,PUR,PJL	10	shared	False	6	5	0	1	37	30	8	2	1	0	0	1	0	3	1	0	4	1	0	0	1	9	1	1	14	2	8	2	8	8	14	6	2	2
16996	chr9	88837405	INDEL	other_ambiguous		ambiguous	exact	none	0	0		0	none	False	0	0	0	0	31	28	8	2	0	0	0	0	0	0	0	0	0	0	0	0	0	10	2	2	10	2	5	0	7	8	13	6	2	2
17005	chr9	93875869	INDEL	other_ambiguous		ambiguous	exact	none	0	0		0	none	False	0	0	0	0	10	11	0	0	0	0	0	0	0	0	0	0	0	0	0	0	0	3	1	0	3	0	3	0	2	6	3	0	0	0
17011	chr9	95433802	INDEL	HG008N_absent_HPRC_other	recombinant_pieces	absent: only the nodes in HPRC	nodes	none	0	0		0	none	False	0	0	0	0	17	14	4	1	0	0	0	0	0	0	0	0	0	0	0	0	0	6	1	1	6	1	1	1	3	3	8	2	2	1
17013	chr9	95609922	INDEL	HG008N_absent_HPRC_other	exact_allele	absent: exact allele in HPRC	exact	AFR+AMR+EAS	3	8	ACB,ESN,GWD,MSL,YRI,CLM,PEL,CHS	10	shared	False	9	2	1	0	40	30	6	2	5	0	1	1	0	1	1	1	1	0	1	0	0	14	2	2	13	1	6	2	7	8	15	5	1	2
17016	chr9	97104671	SNV	HG008N_absent_HPRC_other	element_set_other_allele	absent: only the nodes in HPRC	nodes	AFR+AMR+EAS+SAS	4	8	ACB,GWD,MKK,CLM,PEL,PUR,CHS,PJL	17	shared	False	4	15	1	2	15	21	3	2	1	0	0	2	1	0	0	4	4	7	1	0	2	3	0	1	5	1	5	0	5	7	9	3	0	2
17017	chr9	97104673	SNV	HG008N_absent_HPRC_other	element_set_other_allele	absent: only the nodes in HPRC	nodes	AFR+AMR+EAS+SAS	4	7	ACB,GWD,MKK,CLM,PUR,CHS,PJL	9	shared	False	4	4	1	2	15	21	3	2	1	0	0	2	1	0	0	1	0	3	1	0	2	3	0	1	5	1	5	0	5	7	9	3	0	2
17018	chr9	97104691	INDEL	HG008N_absent_HPRC_other	recombinant_pieces	absent: only the nodes in HPRC	nodes	none	0	0		0	none	False	0	0	0	0	15	21	3	2	0	0	0	0	0	0	0	0	0	0	0	0	0	3	0	1	5	1	5	0	5	7	9	3	0	2
17050	chr9	103721336	INDEL	HG008N_absent_HPRC_other	exact_allele	absent: exact allele in HPRC	exact	AFR+AMR+EAS+SAS	4	11	ACB,ESN,GWD,MKK,MSL,CLM,PEL,PUR,CHS,KHV,PJL	22	shared	False	8	12	5	1	45	32	7	2	1	0	1	2	1	3	0	2	4	6	4	1	1	14	2	2	16	2	7	2	8	8	16	5	2	2
17053	chr9	104169681	SNV	other_ambiguous		ambiguous	exact	AFR+EAS	2	4	ACB,GWD,MSL,CHS	4	shared	False	3	0	1	0	36	31	8	2	1	0	0	1	0	1	0	0	0	0	1	0	0	10	2	1	11	2	8	2	8	8	15	6	2	2
17054	chr9	104317502	INDEL	HG008N_absent_HPRC_other	exact_allele	absent: exact allele in HPRC	exact	AFR+AMR+EAS	3	5	ACB,GWD,CLM,PUR,CHS	7	shared	False	7	2	1	0	36	32	7	1	2	0	0	5	0	0	0	1	0	1	1	0	0	10	1	1	13	2	7	2	8	8	16	6	1	1
17060	chr9	106355967	INDEL	HG008N_absent_HPRC_other	exact_allele	absent: exact allele in HPRC	exact	AFR+AMR	2	8	ACB,ESN,GWD,MSL,YRI,CLM,PEL,PUR	23	shared	False	19	6	0	0	41	29	8	2	7	0	1	7	0	3	1	1	1	4	0	0	0	12	2	2	14	1	8	2	8	8	13	6	2	2
17065	chr9	107950513	INDEL	HG008N_absent_HPRC_other	exact_allele	absent: exact allele in HPRC	exact	AFR+AMR	2	6	ACB,ESN,GWD,MKK,MSL,PUR	13	shared	False	16	2	0	0	42	30	8	2	4	0	2	5	2	3	0	0	0	2	0	0	0	12	1	2	16	2	7	2	7	8	15	6	2	2
17066	chr9	110014851	SNV	HG008N_absent_HPRC_other	element_set_other_allele	absent: only the nodes in HPRC	nodes	AFR+AMR	2	5	GWD,MSL,CLM,PEL,PUR	9	shared	False	4	6	0	0	9	17	3	0	0	0	0	3	0	1	0	2	2	2	0	0	0	2	0	0	3	1	3	0	7	4	6	2	1	0
17083	chr9	114949834	INDEL	HG008N_absent_HPRC_other	recombinant_pieces	absent: only the nodes in HPRC	nodes	none	0	0		0	none	False	0	0	0	0	15	8	0	1	0	0	0	0	0	0	0	0	0	0	0	0	0	6	1	0	7	0	1	0	2	2	4	0	0	1
17086	chr9	116108854	INDEL	HG008N_absent_HPRC_other	exact_allele	absent: exact allele in HPRC	exact	AFR+AMR+SAS	3	6	ACB,GWD,CLM,PEL,PUR,PJL	12	shared	False	2	9	0	1	39	30	8	2	1	0	0	1	0	0	0	2	2	5	0	0	1	14	2	2	11	2	6	2	8	8	14	6	2	2
17089	chr9	116600323	INDEL	HG008N_absent_HPRC_other	recombinant_pieces	absent: only the nodes in HPRC	nodes	none	0	0		0	none	False	0	0	0	0	37	29	7	1	0	0	0	0	0	0	0	0	0	0	0	0	0	11	1	2	14	2	5	2	8	8	13	5	2	1
17091	chr9	116707285	INDEL	HG008N_absent_HPRC_other	exact_allele	absent: exact allele in HPRC	exact	AFR+AMR	2	4	ACB,GWD,MSL,CLM	8	shared	False	8	1	0	0	36	30	7	2	4	0	0	3	0	1	0	1	0	0	0	0	0	12	1	2	12	2	6	1	8	8	14	5	2	2
17122	chr9	122684402	INDEL	HG008N_absent_HPRC_other	exact_allele	absent: exact allele in HPRC	exact	AFR+AMR+EAS	3	6	ACB,ESN,GWD,MSL,PUR,CHS	12	shared	False	12	1	1	0	43	30	8	2	4	0	1	3	0	4	0	0	0	1	1	0	0	12	2	2	15	2	8	2	8	8	14	6	2	2
17138	chr9	126577032	INDEL	HG008N_absent_HPRC_other	exact_allele	absent: exact allele in HPRC	exact	AFR+AMR+EAS	3	4	ACB,GWD,PUR,CHS	7	shared	False	2	4	1	0	23	16	3	1	1	0	0	1	0	0	0	0	0	4	1	0	0	9	1	0	11	0	2	0	2	4	10	3	0	1
17140	chr9	126900329	INDEL	HG008N_absent_HPRC_other	exact_allele	absent: exact allele in HPRC	exact	AFR+AMR+EAS+SAS	4	11	ACB,ESN,GWD,MKK,MSL,YRI,CLM,PEL,PUR,CHS,PJL	30	shared	True	24	17	1	2	42	32	5	2	5	0	1	9	2	5	2	3	6	8	1	0	2	12	2	2	14	2	8	2	8	8	16	5	0	2
17147	chr9	129326296	INDEL	HG008N_absent_HPRC_other	exact_allele	absent: exact allele in HPRC	exact	AFR+AMR+EAS+SAS	4	8	ASW,GWD,MSL,PEL,PUR,CHS,KHV,PJL	13	shared	False	5	5	3	1	43	29	7	2	0	1	0	2	0	2	0	0	2	3	2	1	1	12	2	2	16	2	8	1	5	8	16	5	2	2
17154	chr9	130173199	INDEL	HG008N_absent_HPRC_other	exact_allele	absent: exact allele in HPRC	exact	AFR+AMR+EAS	3	7	ACB,GWD,MSL,CLM,PUR,CHS,KHV	19	shared	False	10	9	4	0	31	30	8	2	6	0	0	2	0	2	0	2	0	7	2	2	0	10	2	2	10	2	4	1	8	8	14	6	2	2
17161	chr9	133500553	INDEL	HG008N_absent_HPRC_other	exact_allele	absent: exact allele in HPRC	exact	AFR+AMR	2	6	ACB,ESN,GWD,MSL,PEL,PUR	13	shared	False	7	7	0	0	34	28	8	2	4	0	1	1	0	1	0	0	5	2	0	0	0	11	1	2	10	2	6	2	7	8	13	6	2	2
17174	chr9	135972718	INDEL	HG008N_absent_HPRC_other	exact_allele	absent: exact allele in HPRC	exact	AFR+AMR+EAS	3	8	ACB,GWD,MKK,MSL,CLM,PEL,PUR,CHS	21	shared	False	11	13	3	0	44	32	8	2	3	0	0	4	1	3	0	2	5	6	3	0	0	14	2	2	16	1	7	2	8	8	16	6	2	2
17176	chr9	136633990	INDEL	HG008N_absent_HPRC_other	exact_allele	absent: exact allele in HPRC	exact	AFR+AMR+EAS	3	9	ACB,ASW,GWD,YRI,CLM,PEL,PUR,CHS,KHV	19	shared	False	7	9	5	0	38	29	8	1	1	1	0	4	0	0	1	2	3	4	4	1	0	11	2	1	14	2	6	2	8	6	15	6	2	1
